EmployeeID,EventType,EffectiveDate,PreviousValue,NewValue,Salary_EGP,IsTerminated
EMP-15784,HIRE,2017-01-01,,التجمع,11501,0
EMP-15826,HIRE,2017-01-01,,الدقي,18164,0
EMP-13314,HIRE,2017-01-01,,التجمع,11821,0
EMP-15371,HIRE,2017-01-02,,سموحة,7236,0
EMP-10832,HIRE,2017-01-02,,الاسكندرية سموحة,14029,0
EMP-16787,HIRE,2017-01-03,,سموحة,13920,0
EMP-12333,HIRE,2017-01-03,,الاسكندرية سموحة,13978,0
EMP-13573,HIRE,2017-01-03,,القاهره المعادي,12238,0
EMP-15786,HIRE,2017-01-03,,فرع المعادي,19570,0
EMP-16737,HIRE,2017-01-03,,التجمع,7472,0
EMP-10721,HIRE,2017-01-03,,الجيزة - الدقي,12017,0
EMP-15063,HIRE,2017-01-04,,القاهره المعادي,16215,0
EMP-14506,HIRE,2017-01-04,,بورسعيد - الشرق,14112,0
EMP-11529,HIRE,2017-01-04,,الجيزة - الدقي,16677,0
EMP-10607,HIRE,2017-01-04,,فرع المعادي,18570,0
EMP-13884,HIRE,2017-01-04,,الجيزة - الدقي,12697,0
EMP-13777,HIRE,2017-01-05,,سموحة,9543,0
EMP-13732,HIRE,2017-01-05,,سموحة,12650,0
EMP-13165,HIRE,2017-01-06,,الدقي,17031,0
EMP-15412,HIRE,2017-01-08,,القاهرة - التجمع الخامس,8579,0
EMP-13567,HIRE,2017-01-09,,القاهرة - المعادي,13420,0
EMP-13463,HIRE,2017-01-09,,بورسعيد - الشرق,15191,0
EMP-10362,HIRE,2017-01-09,,الاسكندرية سموحة,8014,0
EMP-11221,HIRE,2017-01-10,,القاهرة - المعادي,16401,0
EMP-12353,HIRE,2017-01-11,,بورسعيد,12239,0
EMP-15530,HIRE,2017-01-13,,التجمع,9763,0
EMP-12247,HIRE,2017-01-14,,الجيزة - الدقي,8733,0
EMP-11442,HIRE,2017-01-14,,الإسكندرية - سموحة,7451,0
EMP-15148,HIRE,2017-01-15,,بورسعيد,14142,0
EMP-16865,HIRE,2017-01-15,,القاهرة - المعادي,11908,0
EMP-15118,HIRE,2017-01-16,,الاسكندرية سموحة,13009,0
EMP-10525,HIRE,2017-01-16,,القاهره المعادي,9601,0
EMP-12324,HIRE,2017-01-17,,التجمع,13791,0
EMP-12670,HIRE,2017-01-17,,بورسعيد,7150,0
EMP-14098,HIRE,2017-01-18,,الإسكندرية - سموحة,7843,0
EMP-12760,HIRE,2017-01-19,,الجيزة - الدقي,12630,0
EMP-13827,HIRE,2017-01-19,,القاهرة - المعادي,9182,0
EMP-10573,HIRE,2017-01-20,,الدقي,14412,0
EMP-11879,HIRE,2017-01-21,,القاهرة - المعادي,12396,0
EMP-11568,HIRE,2017-01-21,,القاهرة - المعادي,14330,0
EMP-12182,HIRE,2017-01-22,,التجمع,19766,0
EMP-10189,HIRE,2017-01-23,,سموحة,10412,0
EMP-11820,HIRE,2017-01-23,,التجمع,14210,0
EMP-13946,HIRE,2017-01-23,,بورسعيد - الشرق,16461,0
EMP-13846,HIRE,2017-01-24,,الجيزة - الدقي,12235,0
EMP-11950,HIRE,2017-01-24,,التجمع,14082,0
EMP-16553,HIRE,2017-01-24,,الجيزة - الدقي,14725,0
EMP-11763,HIRE,2017-01-24,,القاهرة - التجمع الخامس,17293,0
EMP-15729,HIRE,2017-01-24,,بورسعيد,15347,0
EMP-15808,HIRE,2017-01-25,,الإسكندرية - سموحة,14377,0
EMP-13011,HIRE,2017-01-25,,الدقي,18682,0
EMP-15858,HIRE,2017-01-25,,الدقي,9763,0
EMP-11498,HIRE,2017-01-26,,القاهرة - المعادي,9216,0
EMP-16430,HIRE,2017-01-26,,سموحة,9311,0
EMP-11416,HIRE,2017-01-26,,فرع المعادي,13726,0
EMP-13354,HIRE,2017-01-27,,الإسكندرية - سموحة,9126,0
EMP-13577,HIRE,2017-01-27,,بورسعيد,18938,0
EMP-15195,HIRE,2017-01-27,,التجمع,11289,0
EMP-11924,HIRE,2017-01-27,,القاهره المعادي,15165,0
EMP-14544,HIRE,2017-01-29,,القاهرة - التجمع الخامس,10631,0
EMP-10383,HIRE,2017-01-30,,القاهره المعادي,9266,0
EMP-13923,HIRE,2017-01-31,,الإسكندرية - سموحة,14903,0
EMP-12458,HIRE,2017-01-31,,بورسعيد - الشرق,17354,0
EMP-10672,HIRE,2017-02-02,,الإسكندرية - سموحة,13956,0
EMP-13022,HIRE,2017-02-02,,الدقي,14238,0
EMP-12222,HIRE,2017-02-02,,بورسعيد,12038,0
EMP-16519,HIRE,2017-02-02,,التجمع,13032,0
EMP-12392,HIRE,2017-02-02,,القاهره المعادي,14440,0
EMP-16711,HIRE,2017-02-02,,القاهره المعادي,7249,0
EMP-12001,HIRE,2017-02-03,,القاهره المعادي,18822,0
EMP-11399,HIRE,2017-02-04,,الجيزة - الدقي,9884,0
EMP-10476,HIRE,2017-02-04,,القاهرة - التجمع الخامس,10263,0
EMP-11359,HIRE,2017-02-05,,الاسكندرية سموحة,9241,0
EMP-13067,HIRE,2017-02-06,,بورسعيد,16221,0
EMP-10851,HIRE,2017-02-08,,فرع المعادي,10787,0
EMP-14899,HIRE,2017-02-08,,الجيزة - الدقي,15100,0
EMP-12293,HIRE,2017-02-08,,القاهرة - المعادي,7581,0
EMP-16630,HIRE,2017-02-09,,الاسكندرية سموحة,18982,0
EMP-14620,HIRE,2017-02-09,,القاهرة - التجمع الخامس,8773,0
EMP-10178,HIRE,2017-02-09,,الجيزة - الدقي,8542,0
EMP-15500,HIRE,2017-02-09,,الاسكندرية سموحة,15433,0
EMP-15900,HIRE,2017-02-10,,الاسكندرية سموحة,7548,0
EMP-10720,HIRE,2017-02-10,,التجمع,17157,0
EMP-10289,HIRE,2017-02-11,,الجيزة - الدقي,10122,0
EMP-10693,HIRE,2017-02-11,,بورسعيد - الشرق,15570,0
EMP-16323,HIRE,2017-02-12,,الإسكندرية - سموحة,14853,0
EMP-15750,HIRE,2017-02-12,,بورسعيد,9811,0
EMP-11965,HIRE,2017-02-13,,القاهرة - التجمع الخامس,8253,0
EMP-11647,HIRE,2017-02-13,,فرع المعادي,10753,0
EMP-13172,HIRE,2017-02-14,,الاسكندرية سموحة,13309,0
EMP-10766,HIRE,2017-02-14,,القاهرة - المعادي,15263,0
EMP-15264,HIRE,2017-02-14,,الاسكندرية سموحة,13411,0
EMP-12100,HIRE,2017-02-15,,الجيزة - الدقي,13906,0
EMP-12496,HIRE,2017-02-17,,فرع المعادي,10432,0
EMP-15335,HIRE,2017-02-17,,سموحة,17087,0
EMP-11569,HIRE,2017-02-17,,الاسكندرية سموحة,13021,0
EMP-12900,HIRE,2017-02-17,,الدقي,12079,0
EMP-15335,HIRE,2017-02-17,,سموحة,17087,0
EMP-10163,HIRE,2017-02-18,,الدقي,12789,0
EMP-16004,HIRE,2017-02-18,,القاهرة - التجمع الخامس,14330,0
EMP-11089,HIRE,2017-02-19,,فرع المعادي,14227,0
EMP-16539,HIRE,2017-02-19,,القاهرة - المعادي,10122,0
EMP-12062,HIRE,2017-02-19,,التجمع,16905,0
EMP-10807,HIRE,2017-02-20,,بورسعيد,19000,0
EMP-10719,HIRE,2017-02-20,,التجمع,11214,0
EMP-10601,HIRE,2017-02-20,,الاسكندرية سموحة,15921,0
EMP-10219,HIRE,2017-02-21,,الدقي,18305,0
EMP-15386,HIRE,2017-02-22,,فرع المعادي,14904,0
EMP-16531,HIRE,2017-02-23,,فرع المعادي,9939,0
EMP-16392,HIRE,2017-02-23,,بورسعيد - الشرق,9414,0
EMP-14718,HIRE,2017-02-23,,القاهرة - المعادي,15488,0
EMP-13566,HIRE,2017-02-23,,القاهرة - المعادي,15873,0
EMP-11779,HIRE,2017-02-24,,سموحة,10316,0
EMP-11566,HIRE,2017-02-24,,التجمع,11969,0
EMP-12597,HIRE,2017-02-25,,بورسعيد,15324,0
EMP-14083,HIRE,2017-02-25,,التجمع,15233,0
EMP-14150,HIRE,2017-02-26,,القاهره المعادي,17424,0
EMP-16736,HIRE,2017-02-26,,الدقي,16128,0
EMP-14155,HIRE,2017-02-26,,الجيزة - الدقي,8613,0
EMP-11587,HIRE,2017-02-26,,بورسعيد,12193,0
EMP-16605,HIRE,2017-03-01,,الدقي,14502,0
EMP-10743,HIRE,2017-03-03,,الجيزة - الدقي,15778,0
EMP-14965,HIRE,2017-03-03,,التجمع,19416,0
EMP-16281,HIRE,2017-03-04,,بورسعيد - الشرق,16121,0
EMP-16744,HIRE,2017-03-05,,بورسعيد,10701,0
EMP-15588,HIRE,2017-03-05,,الجيزة - الدقي,9189,0
EMP-12998,HIRE,2017-03-06,,القاهره المعادي,13397,0
EMP-13558,HIRE,2017-03-07,,الاسكندرية سموحة,12350,0
EMP-11757,HIRE,2017-03-07,,الدقي,14178,0
EMP-16752,HIRE,2017-03-08,,فرع المعادي,18004,0
EMP-16138,HIRE,2017-03-08,,الجيزة - الدقي,15343,0
EMP-10566,HIRE,2017-03-08,,فرع المعادي,17067,0
EMP-16081,HIRE,2017-03-09,,القاهره المعادي,17145,0
EMP-13277,HIRE,2017-03-09,,الجيزة - الدقي,12175,0
EMP-13136,HIRE,2017-03-10,,القاهرة - التجمع الخامس,9297,0
EMP-12587,HIRE,2017-03-12,,الجيزة - الدقي,12872,0
EMP-13318,HIRE,2017-03-12,,فرع المعادي,18343,0
EMP-16840,HIRE,2017-03-12,,الدقي,18654,0
EMP-11060,HIRE,2017-03-14,,القاهرة - التجمع الخامس,16699,0
EMP-10112,HIRE,2017-03-15,,القاهره المعادي,15596,0
EMP-13636,HIRE,2017-03-15,,فرع المعادي,19675,0
EMP-15406,HIRE,2017-03-15,,الجيزة - الدقي,9983,0
EMP-10973,HIRE,2017-03-15,,بورسعيد,13618,0
EMP-14771,HIRE,2017-03-15,,بورسعيد,11043,0
EMP-14287,HIRE,2017-03-17,,القاهرة - التجمع الخامس,13118,0
EMP-12932,HIRE,2017-03-17,,بورسعيد - الشرق,16034,0
EMP-12010,HIRE,2017-03-18,,التجمع,15524,0
EMP-14043,HIRE,2017-03-19,,بورسعيد,17784,0
EMP-11042,HIRE,2017-03-19,,الاسكندرية سموحة,7064,0
EMP-11625,HIRE,2017-03-19,,بورسعيد,16785,0
EMP-15965,HIRE,2017-03-20,,الإسكندرية - سموحة,9970,0
EMP-16375,HIRE,2017-03-20,,بورسعيد,10016,0
EMP-13039,HIRE,2017-03-20,,الجيزة - الدقي,9607,0
EMP-15866,HIRE,2017-03-21,,الجيزة - الدقي,13601,0
EMP-13052,HIRE,2017-03-22,,فرع المعادي,10087,0
EMP-11240,HIRE,2017-03-22,,القاهره المعادي,13285,0
EMP-13452,HIRE,2017-03-22,,القاهره المعادي,19247,0
EMP-14147,HIRE,2017-03-23,,فرع المعادي,16153,0
EMP-15356,HIRE,2017-03-25,,بورسعيد,14826,0
EMP-10088,HIRE,2017-03-25,,سموحة,10691,0
EMP-11845,HIRE,2017-03-26,,التجمع,17902,0
EMP-13015,HIRE,2017-03-26,,فرع المعادي,8954,0
EMP-11685,HIRE,2017-03-27,,القاهره المعادي,17101,0
EMP-11469,HIRE,2017-03-27,,سموحة,19902,0
EMP-10915,HIRE,2017-03-27,,الدقي,11066,0
EMP-12151,HIRE,2017-03-28,,فرع المعادي,11497,0
EMP-10803,HIRE,2017-03-28,,بورسعيد - الشرق,10443,0
EMP-10528,HIRE,2017-03-30,,فرع المعادي,7542,0
EMP-15462,HIRE,2017-03-31,,الدقي,8338,0
EMP-10516,HIRE,2017-03-31,,بورسعيد - الشرق,15913,0
EMP-11362,HIRE,2017-03-31,,الجيزة - الدقي,18190,0
EMP-12634,HIRE,2017-04-01,,الإسكندرية - سموحة,18946,0
EMP-12070,HIRE,2017-04-02,,الدقي,19250,0
EMP-11016,HIRE,2017-04-02,,الإسكندرية - سموحة,11560,0
EMP-16271,HIRE,2017-04-02,,الجيزة - الدقي,16000,0
EMP-15985,HIRE,2017-04-03,,الجيزة - الدقي,11646,0
EMP-11953,HIRE,2017-04-03,,التجمع,8508,0
EMP-11787,HIRE,2017-04-03,,القاهرة - المعادي,19982,0
EMP-15044,HIRE,2017-04-03,,الإسكندرية - سموحة,11855,0
EMP-15124,HIRE,2017-04-03,,فرع المعادي,18235,0
EMP-11431,HIRE,2017-04-04,,القاهرة - التجمع الخامس,7492,0
EMP-12715,HIRE,2017-04-04,,الجيزة - الدقي,19925,0
EMP-16949,HIRE,2017-04-04,,سموحة,18458,0
EMP-10693,TRANSFER,2017-04-04,بورسعيد - الشرق,الدقي,15570,0
EMP-12606,HIRE,2017-04-07,,الإسكندرية - سموحة,9330,0
EMP-13886,HIRE,2017-04-07,,الجيزة - الدقي,18038,0
EMP-10680,HIRE,2017-04-08,,القاهره المعادي,12455,0
EMP-16845,HIRE,2017-04-10,,بورسعيد - الشرق,17013,0
EMP-12645,HIRE,2017-04-13,,الاسكندرية سموحة,8647,0
EMP-15049,HIRE,2017-04-13,,بورسعيد - الشرق,13704,0
EMP-14366,HIRE,2017-04-14,,بورسعيد,18343,0
EMP-11110,HIRE,2017-04-14,,الاسكندرية سموحة,9181,0
EMP-15155,HIRE,2017-04-15,,الدقي,11064,0
EMP-14039,HIRE,2017-04-15,,القاهره المعادي,10695,0
EMP-11714,HIRE,2017-04-15,,الاسكندرية سموحة,9796,0
EMP-11703,HIRE,2017-04-16,,الدقي,7976,0
EMP-16161,HIRE,2017-04-18,,بورسعيد - الشرق,9199,0
EMP-13218,HIRE,2017-04-18,,بورسعيد - الشرق,19917,0
EMP-13124,HIRE,2017-04-18,,القاهرة - المعادي,14961,0
EMP-14093,HIRE,2017-04-18,,القاهرة - المعادي,15503,0
EMP-10124,HIRE,2017-04-18,,الإسكندرية - سموحة,11505,0
EMP-11147,HIRE,2017-04-18,,سموحة,14744,0
EMP-13673,HIRE,2017-04-19,,بورسعيد,9287,0
EMP-15904,HIRE,2017-04-19,,القاهرة - التجمع الخامس,16698,0
EMP-12138,HIRE,2017-04-19,,سموحة,11322,0
EMP-11025,HIRE,2017-04-19,,الجيزة - الدقي,9548,0
EMP-14702,HIRE,2017-04-20,,سموحة,10528,0
EMP-11388,HIRE,2017-04-20,,الدقي,16682,0
EMP-10561,HIRE,2017-04-20,,الدقي,16565,0
EMP-12791,HIRE,2017-04-22,,بورسعيد - الشرق,12743,0
EMP-10763,HIRE,2017-04-22,,القاهره المعادي,8658,0
EMP-10710,HIRE,2017-04-22,,الدقي,14155,0
EMP-12381,HIRE,2017-04-23,,القاهرة - التجمع الخامس,17025,0
EMP-12756,HIRE,2017-04-23,,الاسكندرية سموحة,7203,0
EMP-10883,HIRE,2017-04-23,,الإسكندرية - سموحة,7076,0
EMP-16744,TRANSFER,2017-04-23,بورسعيد,الدقي,10701,0
EMP-15065,HIRE,2017-04-24,,التجمع,16767,0
EMP-15538,HIRE,2017-04-24,,بورسعيد - الشرق,17268,0
EMP-12618,HIRE,2017-04-24,,التجمع,10678,0
EMP-16373,HIRE,2017-04-24,,الإسكندرية - سموحة,12099,0
EMP-10523,HIRE,2017-04-24,,الجيزة - الدقي,9292,0
EMP-14520,HIRE,2017-04-25,,فرع المعادي,9843,0
EMP-15579,HIRE,2017-04-25,,بورسعيد - الشرق,18816,0
EMP-15875,HIRE,2017-04-26,,القاهره المعادي,10377,0
EMP-12937,HIRE,2017-04-27,,الجيزة - الدقي,10243,0
EMP-13479,HIRE,2017-04-27,,القاهره المعادي,17476,0
EMP-15320,HIRE,2017-04-28,,التجمع,12213,0
EMP-10360,HIRE,2017-04-28,,الاسكندرية سموحة,12034,0
EMP-16647,HIRE,2017-04-29,,فرع المعادي,12074,0
EMP-13057,HIRE,2017-04-30,,الاسكندرية سموحة,17436,0
EMP-10354,HIRE,2017-04-30,,القاهرة - المعادي,10854,0
EMP-12635,HIRE,2017-05-02,,بورسعيد - الشرق,9502,0
EMP-13948,HIRE,2017-05-02,,الدقي,8608,0
EMP-13017,HIRE,2017-05-03,,بورسعيد - الشرق,13687,0
EMP-13683,HIRE,2017-05-03,,فرع المعادي,7366,0
EMP-15103,HIRE,2017-05-04,,التجمع,16259,0
EMP-15656,HIRE,2017-05-04,,بورسعيد - الشرق,9277,0
EMP-11620,HIRE,2017-05-05,,الاسكندرية سموحة,13343,0
EMP-11647,TRANSFER,2017-05-05,فرع المعادي,القاهرة - التجمع الخامس,10753,0
EMP-10702,HIRE,2017-05-05,,بورسعيد,19841,0
EMP-12739,HIRE,2017-05-06,,الدقي,9996,0
EMP-11911,HIRE,2017-05-06,,الجيزة - الدقي,14914,0
EMP-14966,HIRE,2017-05-06,,بورسعيد,18942,0
EMP-16580,HIRE,2017-05-06,,فرع المعادي,7708,0
EMP-12447,HIRE,2017-05-07,,الجيزة - الدقي,19540,0
EMP-16736,TERMINATION,2017-05-07,ACTIVE,NULL,16128,1
EMP-12072,HIRE,2017-05-08,,القاهرة - المعادي,9963,0
EMP-11950,PROMOTION,2017-05-09,14082,20539,20539,0
EMP-14337,HIRE,2017-05-09,,بورسعيد - الشرق,11922,0
EMP-15597,HIRE,2017-05-09,,القاهره المعادي,14751,0
EMP-14257,HIRE,2017-05-09,,القاهره المعادي,19381,0
EMP-14214,HIRE,2017-05-10,,القاهرة - التجمع الخامس,7620,0
EMP-14850,HIRE,2017-05-10,,القاهرة - التجمع الخامس,11469,0
EMP-14462,HIRE,2017-05-11,,القاهره المعادي,16367,0
EMP-15313,HIRE,2017-05-12,,القاهره المعادي,13473,0
EMP-13661,HIRE,2017-05-12,,التجمع,15510,0
EMP-11149,HIRE,2017-05-12,,الاسكندرية سموحة,10660,0
EMP-11353,HIRE,2017-05-13,,التجمع,9057,0
EMP-10298,HIRE,2017-05-13,,الاسكندرية سموحة,17829,0
EMP-11469,TRANSFER,2017-05-14,سموحة,الدقي,19902,0
EMP-14728,HIRE,2017-05-14,,بورسعيد,13306,0
EMP-11789,HIRE,2017-05-14,,القاهرة - المعادي,19738,0
EMP-12387,HIRE,2017-05-14,,التجمع,7433,0
EMP-12776,HIRE,2017-05-15,,بورسعيد,10952,0
EMP-16462,HIRE,2017-05-15,,الجيزة - الدقي,11131,0
EMP-16493,HIRE,2017-05-16,,سموحة,13111,0
EMP-15825,HIRE,2017-05-16,,القاهرة - المعادي,18422,0
EMP-10457,HIRE,2017-05-16,,بورسعيد,7046,0
EMP-12324,PROMOTION,2017-05-17,13791,16937,16937,0
EMP-12969,HIRE,2017-05-18,,الاسكندرية سموحة,8246,0
EMP-10306,HIRE,2017-05-18,,الإسكندرية - سموحة,14720,0
EMP-13255,HIRE,2017-05-18,,سموحة,12007,0
EMP-15789,HIRE,2017-05-18,,سموحة,14960,0
EMP-14055,HIRE,2017-05-19,,بورسعيد - الشرق,9000,0
EMP-10737,HIRE,2017-05-19,,بورسعيد - الشرق,8332,0
EMP-16163,HIRE,2017-05-19,,الدقي,13099,0
EMP-12586,HIRE,2017-05-19,,فرع المعادي,10095,0
EMP-11935,HIRE,2017-05-20,,الإسكندرية - سموحة,14587,0
EMP-15068,HIRE,2017-05-20,,التجمع,9623,0
EMP-15734,HIRE,2017-05-21,,الدقي,14585,0
EMP-13470,HIRE,2017-05-21,,فرع المعادي,16943,0
EMP-10008,HIRE,2017-05-22,,القاهره المعادي,14074,0
EMP-10907,HIRE,2017-05-23,,القاهرة - المعادي,19217,0
EMP-11791,HIRE,2017-05-23,,سموحة,18468,0
EMP-10431,HIRE,2017-05-24,,القاهرة - التجمع الخامس,11071,0
EMP-16367,HIRE,2017-05-24,,سموحة,12763,0
EMP-10469,HIRE,2017-05-25,,القاهرة - التجمع الخامس,14764,0
EMP-12845,HIRE,2017-05-26,,الدقي,9772,0
EMP-10633,HIRE,2017-05-27,,بورسعيد - الشرق,17293,0
EMP-15750,PROMOTION,2017-05-27,9811,12732,12732,0
EMP-15081,HIRE,2017-05-27,,الاسكندرية سموحة,16726,0
EMP-12844,HIRE,2017-05-27,,الاسكندرية سموحة,12859,0
EMP-12933,HIRE,2017-05-28,,القاهرة - التجمع الخامس,19911,0
EMP-10114,HIRE,2017-05-28,,بورسعيد,7325,0
EMP-16094,HIRE,2017-05-29,,سموحة,16779,0
EMP-14996,HIRE,2017-05-29,,بورسعيد - الشرق,7303,0
EMP-15281,HIRE,2017-05-29,,الاسكندرية سموحة,18045,0
EMP-13577,TRANSFER,2017-05-30,بورسعيد,الدقي,18938,0
EMP-16437,HIRE,2017-05-31,,الإسكندرية - سموحة,9815,0
EMP-13298,HIRE,2017-05-31,,القاهرة - التجمع الخامس,7280,0
EMP-14312,HIRE,2017-05-31,,بورسعيد,9550,0
EMP-11763,PROMOTION,2017-06-02,17293,19926,19926,0
EMP-13011,PROMOTION,2017-06-02,18682,26401,26401,0
EMP-11503,HIRE,2017-06-03,,التجمع,12776,0
EMP-12942,HIRE,2017-06-04,,القاهره المعادي,10941,0
EMP-16531,PROMOTION,2017-06-06,9939,17234,17234,0
EMP-13613,HIRE,2017-06-08,,سموحة,18855,0
EMP-10204,HIRE,2017-06-09,,الاسكندرية سموحة,15487,0
EMP-10076,HIRE,2017-06-09,,بورسعيد - الشرق,18399,0
EMP-15149,HIRE,2017-06-10,,فرع المعادي,19038,0
EMP-16113,HIRE,2017-06-10,,الجيزة - الدقي,7969,0
EMP-10743,TRANSFER,2017-06-10,الجيزة - الدقي,الإسكندرية - سموحة,15778,0
EMP-10997,HIRE,2017-06-11,,الإسكندرية - سموحة,7885,0
EMP-12338,HIRE,2017-06-11,,بورسعيد,13160,0
EMP-13276,HIRE,2017-06-11,,بورسعيد - الشرق,16200,0
EMP-15032,HIRE,2017-06-11,,بورسعيد,12769,0
EMP-12352,HIRE,2017-06-11,,الإسكندرية - سموحة,8899,0
EMP-15980,HIRE,2017-06-11,,التجمع,7805,0
EMP-11382,HIRE,2017-06-11,,القاهره المعادي,14612,0
EMP-10939,HIRE,2017-06-12,,الدقي,11896,0
EMP-15722,HIRE,2017-06-12,,فرع المعادي,19632,0
EMP-16615,HIRE,2017-06-14,,سموحة,13678,0
EMP-12146,HIRE,2017-06-14,,التجمع,8141,0
EMP-10656,HIRE,2017-06-14,,القاهرة - المعادي,13687,0
EMP-15899,HIRE,2017-06-15,,الجيزة - الدقي,17057,0
EMP-14362,HIRE,2017-06-15,,القاهرة - المعادي,8132,0
EMP-16248,HIRE,2017-06-16,,الإسكندرية - سموحة,19715,0
EMP-12227,HIRE,2017-06-18,,التجمع,18730,0
EMP-12818,HIRE,2017-06-19,,الجيزة - الدقي,12230,0
EMP-11090,HIRE,2017-06-20,,القاهره المعادي,15011,0
EMP-12909,HIRE,2017-06-20,,فرع المعادي,14959,0
EMP-10349,HIRE,2017-06-20,,القاهره المعادي,8852,0
EMP-14059,HIRE,2017-06-20,,القاهرة - التجمع الخامس,17211,0
EMP-16813,HIRE,2017-06-21,,الجيزة - الدقي,9427,0
EMP-12711,HIRE,2017-06-22,,الدقي,17805,0
EMP-10952,HIRE,2017-06-23,,فرع المعادي,11215,0
EMP-14354,HIRE,2017-06-23,,القاهرة - المعادي,10410,0
EMP-16268,HIRE,2017-06-23,,القاهرة - التجمع الخامس,11442,0
EMP-10277,HIRE,2017-06-24,,فرع المعادي,16724,0
EMP-14210,HIRE,2017-06-25,,بورسعيد - الشرق,17753,0
EMP-14557,HIRE,2017-06-25,,بورسعيد,18221,0
EMP-13215,HIRE,2017-06-26,,الإسكندرية - سموحة,7524,0
EMP-14373,HIRE,2017-06-26,,بورسعيد,9759,0
EMP-11093,HIRE,2017-06-26,,الاسكندرية سموحة,11126,0
EMP-15391,HIRE,2017-06-27,,الدقي,9025,0
EMP-11163,HIRE,2017-06-28,,القاهرة - المعادي,8536,0
EMP-16695,HIRE,2017-06-28,,بورسعيد - الشرق,12923,0
EMP-10494,HIRE,2017-06-28,,الجيزة - الدقي,13481,0
EMP-15520,HIRE,2017-06-29,,الدقي,16951,0
EMP-16015,HIRE,2017-06-29,,التجمع,9158,0
EMP-15845,HIRE,2017-06-29,,الاسكندرية سموحة,10125,0
EMP-11346,HIRE,2017-06-29,,الإسكندرية - سموحة,19383,0
EMP-13057,PROMOTION,2017-06-29,17436,21568,21568,0
EMP-12276,HIRE,2017-06-30,,الجيزة - الدقي,7213,0
EMP-14254,HIRE,2017-06-30,,الإسكندرية - سموحة,7136,0
EMP-11487,HIRE,2017-07-01,,الإسكندرية - سموحة,17795,0
EMP-15316,HIRE,2017-07-01,,الدقي,15764,0
EMP-16981,HIRE,2017-07-02,,القاهرة - التجمع الخامس,16511,0
EMP-13833,HIRE,2017-07-02,,التجمع,8461,0
EMP-10845,HIRE,2017-07-03,,الدقي,16191,0
EMP-10764,HIRE,2017-07-04,,القاهرة - التجمع الخامس,16276,0
EMP-15844,HIRE,2017-07-04,,بورسعيد - الشرق,9484,0
EMP-16691,HIRE,2017-07-05,,سموحة,9909,0
EMP-16333,HIRE,2017-07-05,,الاسكندرية سموحة,16296,0
EMP-10705,HIRE,2017-07-05,,بورسعيد,17897,0
EMP-10148,HIRE,2017-07-05,,الاسكندرية سموحة,15222,0
EMP-10651,HIRE,2017-07-06,,القاهرة - المعادي,13823,0
EMP-13849,HIRE,2017-07-06,,الاسكندرية سموحة,16538,0
EMP-13031,HIRE,2017-07-06,,سموحة,13764,0
EMP-16307,HIRE,2017-07-06,,سموحة,17314,0
EMP-14877,HIRE,2017-07-07,,بورسعيد - الشرق,19862,0
EMP-15475,HIRE,2017-07-07,,الاسكندرية سموحة,9920,0
EMP-10156,HIRE,2017-07-07,,بورسعيد,7491,0
EMP-12040,HIRE,2017-07-08,,سموحة,13215,0
EMP-15763,HIRE,2017-07-08,,بورسعيد - الشرق,12014,0
EMP-11869,HIRE,2017-07-09,,سموحة,10722,0
EMP-10048,HIRE,2017-07-11,,القاهرة - التجمع الخامس,7882,0
EMP-15065,PROMOTION,2017-07-11,16767,20471,20471,0
EMP-12854,HIRE,2017-07-12,,الدقي,12159,0
EMP-10808,HIRE,2017-07-12,,الدقي,10061,0
EMP-15597,PROMOTION,2017-07-12,14751,19722,19722,0
EMP-12485,HIRE,2017-07-12,,القاهره المعادي,13458,0
EMP-15508,HIRE,2017-07-12,,التجمع,19292,0
EMP-13846,TRANSFER,2017-07-12,الجيزة - الدقي,الجيزة - الدقي,12235,0
EMP-13280,HIRE,2017-07-13,,الدقي,17356,0
EMP-12068,HIRE,2017-07-13,,الدقي,19480,0
EMP-14887,HIRE,2017-07-14,,التجمع,16733,0
EMP-13777,TRANSFER,2017-07-15,سموحة,التجمع,9543,0
EMP-10844,HIRE,2017-07-15,,القاهره المعادي,15050,0
EMP-13372,HIRE,2017-07-15,,القاهرة - المعادي,13724,0
EMP-14467,HIRE,2017-07-15,,القاهره المعادي,13649,0
EMP-13473,HIRE,2017-07-16,,الاسكندرية سموحة,15828,0
EMP-16337,HIRE,2017-07-16,,القاهرة - المعادي,8736,0
EMP-11406,HIRE,2017-07-18,,بورسعيد,17200,0
EMP-11206,HIRE,2017-07-18,,سموحة,7888,0
EMP-13948,TERMINATION,2017-07-18,ACTIVE,Fired,8608,1
EMP-11599,HIRE,2017-07-19,,القاهره المعادي,14891,0
EMP-16853,HIRE,2017-07-19,,التجمع,18187,0
EMP-16600,HIRE,2017-07-20,,بورسعيد - الشرق,16020,0
EMP-11734,HIRE,2017-07-21,,القاهره المعادي,9417,0
EMP-11100,HIRE,2017-07-21,,القاهرة - المعادي,15516,0
EMP-10289,TERMINATION,2017-07-21,ACTIVE,Resignation,10122,1
EMP-11734,HIRE,2017-07-21,,القاهره المعادي,9417,0
EMP-16022,HIRE,2017-07-22,,الدقي,19660,0
EMP-14085,HIRE,2017-07-22,,الاسكندرية سموحة,7053,0
EMP-16734,HIRE,2017-07-23,,الاسكندرية سموحة,11409,0
EMP-13970,HIRE,2017-07-24,,القاهره المعادي,18996,0
EMP-12267,HIRE,2017-07-25,,الاسكندرية سموحة,9399,0
EMP-10305,HIRE,2017-07-25,,الدقي,17378,0
EMP-15261,HIRE,2017-07-26,,الجيزة - الدقي,7673,0
EMP-11924,TERMINATION,2017-07-26,ACTIVE,Fired,15165,1
EMP-15579,TRANSFER,2017-07-26,بورسعيد - الشرق,الاسكندرية سموحة,18816,0
EMP-12420,HIRE,2017-07-27,,القاهرة - التجمع الخامس,8572,0
EMP-11090,PROMOTION,2017-07-27,15011,21054,21054,0
EMP-14133,HIRE,2017-07-28,,فرع المعادي,8035,0
EMP-14043,PROMOTION,2017-07-28,17784,24120,24120,0
EMP-13246,HIRE,2017-07-28,,الإسكندرية - سموحة,9807,0
EMP-12389,HIRE,2017-07-29,,القاهرة - المعادي,14592,0
EMP-12411,HIRE,2017-07-29,,القاهرة - المعادي,9255,0
EMP-12173,HIRE,2017-07-29,,بورسعيد,18790,0
EMP-13365,HIRE,2017-07-30,,القاهره المعادي,15777,0
EMP-15057,HIRE,2017-07-30,,القاهره المعادي,16720,0
EMP-13067,PROMOTION,2017-07-31,16221,23726,23726,0
EMP-14055,TERMINATION,2017-07-31,ACTIVE,Relocation,9000,1
EMP-10358,HIRE,2017-07-31,,القاهره المعادي,15247,0
EMP-14800,HIRE,2017-07-31,,القاهره المعادي,15352,0
EMP-13048,HIRE,2017-08-01,,سموحة,14150,0
EMP-13128,HIRE,2017-08-01,,بورسعيد,19668,0
EMP-10656,TERMINATION,2017-08-01,ACTIVE,Fired,13687,1
EMP-14396,HIRE,2017-08-02,,القاهره المعادي,9455,0
EMP-14605,HIRE,2017-08-03,,الاسكندرية سموحة,11327,0
EMP-10904,HIRE,2017-08-03,,بورسعيد - الشرق,10140,0
EMP-12930,HIRE,2017-08-04,,الجيزة - الدقي,9417,0
EMP-10612,HIRE,2017-08-05,,الدقي,19909,0
EMP-16854,HIRE,2017-08-05,,القاهره المعادي,12849,0
EMP-10281,HIRE,2017-08-05,,بورسعيد,18170,0
EMP-14953,HIRE,2017-08-06,,سموحة,18669,0
EMP-11717,HIRE,2017-08-06,,الجيزة - الدقي,10226,0
EMP-14961,HIRE,2017-08-07,,بورسعيد - الشرق,18800,0
EMP-12754,HIRE,2017-08-07,,القاهره المعادي,19611,0
EMP-14691,HIRE,2017-08-08,,القاهرة - المعادي,7141,0
EMP-10272,HIRE,2017-08-09,,بورسعيد - الشرق,18529,0
EMP-12161,HIRE,2017-08-09,,القاهره المعادي,11721,0
EMP-15406,PROMOTION,2017-08-09,9983,17314,17314,0
EMP-10225,HIRE,2017-08-09,,الإسكندرية - سموحة,9487,0
EMP-16779,HIRE,2017-08-09,,الإسكندرية - سموحة,14027,0
EMP-15979,HIRE,2017-08-09,,الاسكندرية سموحة,17041,0
EMP-13615,HIRE,2017-08-09,,الدقي,17670,0
EMP-15116,HIRE,2017-08-09,,التجمع,13470,0
EMP-10163,PROMOTION,2017-08-10,12789,15521,15521,0
EMP-16724,HIRE,2017-08-10,,بورسعيد,19353,0
EMP-12615,HIRE,2017-08-11,,بورسعيد,7021,0
EMP-13843,HIRE,2017-08-11,,سموحة,9482,0
EMP-10582,HIRE,2017-08-12,,القاهرة - المعادي,17000,0
EMP-16836,HIRE,2017-08-13,,القاهره المعادي,16838,0
EMP-14346,HIRE,2017-08-13,,الدقي,7224,0
EMP-13223,HIRE,2017-08-13,,الاسكندرية سموحة,15538,0
EMP-10448,HIRE,2017-08-14,,سموحة,10979,0
EMP-12263,HIRE,2017-08-14,,القاهره المعادي,11728,0
EMP-11883,HIRE,2017-08-14,,بورسعيد - الشرق,18403,0
EMP-15697,HIRE,2017-08-15,,فرع المعادي,9603,0
EMP-10076,TERMINATION,2017-08-15,ACTIVE,Relocation,18399,1
EMP-10351,HIRE,2017-08-15,,القاهره المعادي,16543,0
EMP-12482,HIRE,2017-08-15,,بورسعيد,9648,0
EMP-11218,HIRE,2017-08-15,,التجمع,16600,0
EMP-13051,HIRE,2017-08-16,,التجمع,12946,0
EMP-13272,HIRE,2017-08-16,,بورسعيد - الشرق,8424,0
EMP-13272,HIRE,2017-08-16,,بورسعيد - الشرق,8424,0
EMP-13928,HIRE,2017-08-16,,الاسكندرية سموحة,7633,0
EMP-10439,HIRE,2017-08-16,,القاهرة - التجمع الخامس,14767,0
EMP-13583,HIRE,2017-08-16,,فرع المعادي,10614,0
EMP-12133,HIRE,2017-08-17,,فرع المعادي,10283,0
EMP-14360,HIRE,2017-08-17,,بورسعيد - الشرق,15547,0
EMP-16005,HIRE,2017-08-17,,القاهرة - المعادي,11908,0
EMP-11077,HIRE,2017-08-17,,القاهره المعادي,14454,0
EMP-15348,HIRE,2017-08-17,,فرع المعادي,18888,0
EMP-15900,TRANSFER,2017-08-18,الاسكندرية سموحة,الاسكندرية سموحة,7548,0
EMP-11742,HIRE,2017-08-18,,الإسكندرية - سموحة,13662,0
EMP-15777,HIRE,2017-08-19,,القاهرة - التجمع الخامس,8871,0
EMP-16349,HIRE,2017-08-19,,بورسعيد - الشرق,15570,0
EMP-12266,HIRE,2017-08-19,,الجيزة - الدقي,13804,0
EMP-13250,HIRE,2017-08-19,,القاهرة - التجمع الخامس,17490,0
EMP-11473,HIRE,2017-08-20,,الجيزة - الدقي,19816,0
EMP-13889,HIRE,2017-08-21,,القاهرة - التجمع الخامس,19729,0
EMP-11701,HIRE,2017-08-21,,بورسعيد - الشرق,19729,0
EMP-15807,HIRE,2017-08-21,,بورسعيد,17273,0
EMP-11786,HIRE,2017-08-22,,الاسكندرية سموحة,18840,0
EMP-16617,HIRE,2017-08-23,,فرع المعادي,16825,0
EMP-11670,HIRE,2017-08-23,,الجيزة - الدقي,16142,0
EMP-15630,HIRE,2017-08-23,,القاهرة - المعادي,8898,0
EMP-12606,PROMOTION,2017-08-25,9330,15179,15179,0
EMP-16387,HIRE,2017-08-25,,بورسعيد,8044,0
EMP-16414,HIRE,2017-08-25,,التجمع,13746,0
EMP-10133,HIRE,2017-08-26,,بورسعيد - الشرق,10968,0
EMP-11086,HIRE,2017-08-26,,القاهرة - المعادي,16435,0
EMP-16733,HIRE,2017-08-26,,الدقي,16462,0
EMP-14301,HIRE,2017-08-26,,القاهرة - التجمع الخامس,8975,0
EMP-12904,HIRE,2017-08-29,,بورسعيد - الشرق,13929,0
EMP-15127,HIRE,2017-08-29,,الاسكندرية سموحة,18085,0
EMP-11545,HIRE,2017-08-29,,الدقي,16125,0
EMP-11921,HIRE,2017-08-30,,بورسعيد,19217,0
EMP-13668,HIRE,2017-08-30,,فرع المعادي,15207,0
EMP-16323,TERMINATION,2017-08-30,ACTIVE,Fired,14853,1
EMP-12112,HIRE,2017-09-01,,القاهره المعادي,16178,0
EMP-10608,HIRE,2017-09-01,,الاسكندرية سموحة,8299,0
EMP-16107,HIRE,2017-09-03,,فرع المعادي,13391,0
EMP-13400,HIRE,2017-09-04,,بورسعيد - الشرق,16336,0
EMP-12590,HIRE,2017-09-04,,فرع المعادي,15720,0
EMP-15100,HIRE,2017-09-04,,التجمع,15299,0
EMP-15899,TRANSFER,2017-09-05,الجيزة - الدقي,سموحة,17057,0
EMP-14995,HIRE,2017-09-05,,الجيزة - الدقي,14286,0
EMP-13147,HIRE,2017-09-06,,القاهره المعادي,12400,0
EMP-16777,HIRE,2017-09-06,,الإسكندرية - سموحة,16995,0
EMP-14469,HIRE,2017-09-06,,بورسعيد,7241,0
EMP-13232,HIRE,2017-09-08,,الاسكندرية سموحة,10757,0
EMP-13970,TRANSFER,2017-09-08,القاهره المعادي,الاسكندرية سموحة,18996,0
EMP-15466,HIRE,2017-09-09,,بورسعيد - الشرق,19187,0
EMP-14894,HIRE,2017-09-09,,بورسعيد,7702,0
EMP-11369,HIRE,2017-09-09,,بورسعيد - الشرق,10997,0
EMP-12116,HIRE,2017-09-11,,بورسعيد,17092,0
EMP-15069,HIRE,2017-09-11,,الإسكندرية - سموحة,14125,0
EMP-16384,HIRE,2017-09-11,,القاهرة - المعادي,19165,0
EMP-13566,PROMOTION,2017-09-11,15873,21643,21643,0
EMP-14616,HIRE,2017-09-13,,بورسعيد,8321,0
EMP-11911,PROMOTION,2017-09-14,14914,22914,22914,0
EMP-10992,HIRE,2017-09-14,,الجيزة - الدقي,12438,0
EMP-10448,TERMINATION,2017-09-14,ACTIVE,Relocation,10979,1
EMP-12986,HIRE,2017-09-14,,الجيزة - الدقي,16381,0
EMP-10662,HIRE,2017-09-15,,التجمع,15924,0
EMP-13039,TERMINATION,2017-09-16,ACTIVE,Relocation,9607,1
EMP-12565,HIRE,2017-09-16,,التجمع,15975,0
EMP-12967,HIRE,2017-09-16,,بورسعيد,12566,0
EMP-16509,HIRE,2017-09-17,,بورسعيد - الشرق,15657,0
EMP-11883,TRANSFER,2017-09-17,بورسعيد - الشرق,فرع المعادي,18403,0
EMP-11422,HIRE,2017-09-17,,القاهرة - التجمع الخامس,13134,0
EMP-15386,PROMOTION,2017-09-18,14904,20417,20417,0
EMP-12123,HIRE,2017-09-18,,التجمع,14880,0
EMP-14972,HIRE,2017-09-18,,الجيزة - الدقي,9699,0
EMP-14656,HIRE,2017-09-19,,القاهره المعادي,16556,0
EMP-11829,HIRE,2017-09-19,,القاهره المعادي,8009,0
EMP-13153,HIRE,2017-09-19,,الدقي,11179,0
EMP-16375,TRANSFER,2017-09-20,بورسعيد,القاهره المعادي,10016,0
EMP-16211,HIRE,2017-09-20,,بورسعيد,7847,0
EMP-15588,PROMOTION,2017-09-20,9189,13308,13308,0
EMP-10795,HIRE,2017-09-21,,بورسعيد,7222,0
EMP-15985,PROMOTION,2017-09-22,11646,17076,17076,0
EMP-13504,HIRE,2017-09-23,,الاسكندرية سموحة,13868,0
EMP-15619,HIRE,2017-09-23,,التجمع,18326,0
EMP-16797,HIRE,2017-09-23,,بورسعيد,18904,0
EMP-11284,HIRE,2017-09-23,,الجيزة - الدقي,18712,0
EMP-10987,HIRE,2017-09-23,,بورسعيد - الشرق,8575,0
EMP-15779,HIRE,2017-09-24,,فرع المعادي,12551,0
EMP-16405,HIRE,2017-09-24,,سموحة,16979,0
EMP-11790,HIRE,2017-09-24,,فرع المعادي,7667,0
EMP-13419,HIRE,2017-09-24,,القاهرة - التجمع الخامس,11565,0
EMP-15530,PROMOTION,2017-09-24,9763,15879,15879,0
EMP-15164,HIRE,2017-09-25,,الجيزة - الدقي,8944,0
EMP-16216,HIRE,2017-09-26,,الإسكندرية - سموحة,18512,0
EMP-16571,HIRE,2017-09-27,,بورسعيد - الشرق,12548,0
EMP-14498,HIRE,2017-09-28,,بورسعيد - الشرق,8880,0
EMP-12103,HIRE,2017-09-28,,الإسكندرية - سموحة,19126,0
EMP-10377,HIRE,2017-09-28,,التجمع,17854,0
EMP-16178,HIRE,2017-09-29,,الاسكندرية سموحة,9544,0
EMP-14648,HIRE,2017-09-30,,فرع المعادي,18287,0
EMP-11283,HIRE,2017-10-02,,الجيزة - الدقي,12430,0
EMP-10911,HIRE,2017-10-03,,الاسكندرية سموحة,11441,0
EMP-12125,HIRE,2017-10-05,,سموحة,18378,0
EMP-12367,HIRE,2017-10-05,,بورسعيد,15306,0
EMP-12895,HIRE,2017-10-06,,الاسكندرية سموحة,18087,0
EMP-10464,HIRE,2017-10-06,,القاهرة - التجمع الخامس,18297,0
EMP-10966,HIRE,2017-10-07,,سموحة,19477,0
EMP-15526,HIRE,2017-10-09,,التجمع,17476,0
EMP-10693,PROMOTION,2017-10-09,15570,18515,18515,0
EMP-16431,HIRE,2017-10-10,,القاهرة - التجمع الخامس,11969,0
EMP-14462,TRANSFER,2017-10-10,القاهره المعادي,القاهره المعادي,16367,0
EMP-11963,HIRE,2017-10-10,,القاهره المعادي,8913,0
EMP-10234,HIRE,2017-10-10,,القاهرة - التجمع الخامس,10878,0
EMP-14188,HIRE,2017-10-11,,التجمع,13397,0
EMP-10075,HIRE,2017-10-11,,بورسعيد - الشرق,13885,0
EMP-10561,TERMINATION,2017-10-12,ACTIVE,Resignation,16565,1
EMP-16842,HIRE,2017-10-12,,بورسعيد - الشرق,12183,0
EMP-11608,HIRE,2017-10-13,,الاسكندرية سموحة,12481,0
EMP-15276,HIRE,2017-10-13,,الاسكندرية سموحة,17745,0
EMP-13318,PROMOTION,2017-10-13,18343,22652,22652,0
EMP-15925,HIRE,2017-10-13,,سموحة,15268,0
EMP-16511,HIRE,2017-10-15,,القاهره المعادي,17371,0
EMP-11599,TERMINATION,2017-10-15,ACTIVE,Fired,14891,1
EMP-10604,HIRE,2017-10-15,,بورسعيد - الشرق,15123,0
EMP-14642,HIRE,2017-10-16,,القاهره المعادي,14715,0
EMP-10143,HIRE,2017-10-16,,فرع المعادي,14319,0
EMP-13652,HIRE,2017-10-16,,القاهرة - التجمع الخامس,11186,0
EMP-16971,HIRE,2017-10-17,,الجيزة - الدقي,17120,0
EMP-12194,HIRE,2017-10-17,,القاهرة - المعادي,10506,0
EMP-10941,HIRE,2017-10-17,,الإسكندرية - سموحة,17957,0
EMP-10583,HIRE,2017-10-18,,سموحة,17255,0
EMP-10187,HIRE,2017-10-18,,الدقي,15005,0
EMP-16857,HIRE,2017-10-19,,الإسكندرية - سموحة,18220,0
EMP-12289,HIRE,2017-10-21,,الجيزة - الدقي,7823,0
EMP-11587,PROMOTION,2017-10-21,12193,16882,16882,0
EMP-16628,HIRE,2017-10-21,,بورسعيد,15139,0
EMP-11210,HIRE,2017-10-21,,الإسكندرية - سموحة,14385,0
EMP-15573,HIRE,2017-10-22,,بورسعيد - الشرق,8055,0
EMP-12440,HIRE,2017-10-22,,التجمع,8558,0
EMP-11369,TERMINATION,2017-10-22,ACTIVE,NULL,10997,1
EMP-12400,HIRE,2017-10-22,,التجمع,13142,0
EMP-16967,HIRE,2017-10-22,,القاهرة - التجمع الخامس,16785,0
EMP-16912,HIRE,2017-10-23,,القاهرة - المعادي,8067,0
EMP-16871,HIRE,2017-10-23,,الدقي,14080,0
EMP-11723,HIRE,2017-10-23,,الإسكندرية - سموحة,16084,0
EMP-15967,HIRE,2017-10-23,,القاهرة - التجمع الخامس,11075,0
EMP-12922,HIRE,2017-10-23,,سموحة,10106,0
EMP-16964,HIRE,2017-10-23,,سموحة,17053,0
EMP-12465,HIRE,2017-10-24,,بورسعيد - الشرق,18779,0
EMP-10185,HIRE,2017-10-24,,بورسعيد - الشرق,10234,0
EMP-14444,HIRE,2017-10-24,,بورسعيد - الشرق,9046,0
EMP-13060,HIRE,2017-10-25,,سموحة,12551,0
EMP-10028,HIRE,2017-10-25,,سموحة,9405,0
EMP-16639,HIRE,2017-10-26,,القاهره المعادي,8787,0
EMP-13744,HIRE,2017-10-26,,الاسكندرية سموحة,18695,0
EMP-12799,HIRE,2017-10-26,,القاهرة - التجمع الخامس,16646,0
EMP-10105,HIRE,2017-10-27,,بورسعيد - الشرق,9302,0
EMP-14695,HIRE,2017-10-27,,الجيزة - الدقي,9330,0
EMP-11839,HIRE,2017-10-27,,بورسعيد - الشرق,7513,0
EMP-12155,HIRE,2017-10-27,,الاسكندرية سموحة,17146,0
EMP-15711,HIRE,2017-10-28,,الاسكندرية سموحة,19578,0
EMP-10579,HIRE,2017-10-28,,الاسكندرية سموحة,10667,0
EMP-14359,HIRE,2017-10-29,,القاهرة - المعادي,10777,0
EMP-11359,TERMINATION,2017-10-29,ACTIVE,NULL,9241,1
EMP-12233,HIRE,2017-10-30,,فرع المعادي,17265,0
EMP-16281,TRANSFER,2017-11-02,بورسعيد - الشرق,القاهرة - المعادي,16121,0
EMP-13992,HIRE,2017-11-02,,سموحة,8246,0
EMP-10062,HIRE,2017-11-02,,الدقي,16330,0
EMP-12548,HIRE,2017-11-02,,بورسعيد,8183,0
EMP-13579,HIRE,2017-11-05,,الاسكندرية سموحة,10220,0
EMP-16445,HIRE,2017-11-05,,القاهرة - التجمع الخامس,17264,0
EMP-12502,HIRE,2017-11-05,,الجيزة - الدقي,13840,0
EMP-16216,TRANSFER,2017-11-06,الإسكندرية - سموحة,التجمع,18512,0
EMP-14061,HIRE,2017-11-06,,بورسعيد - الشرق,18166,0
EMP-10634,HIRE,2017-11-07,,القاهره المعادي,16279,0
EMP-12176,HIRE,2017-11-07,,بورسعيد,8230,0
EMP-10290,HIRE,2017-11-08,,القاهره المعادي,16976,0
EMP-14767,HIRE,2017-11-08,,فرع المعادي,14676,0
EMP-11511,HIRE,2017-11-08,,القاهره المعادي,9362,0
EMP-11443,HIRE,2017-11-08,,القاهره المعادي,11994,0
EMP-10954,HIRE,2017-11-08,,بورسعيد - الشرق,11159,0
EMP-15044,TRANSFER,2017-11-09,الإسكندرية - سموحة,القاهرة - التجمع الخامس,11855,0
EMP-14309,HIRE,2017-11-09,,الإسكندرية - سموحة,14287,0
EMP-15334,HIRE,2017-11-09,,القاهره المعادي,15108,0
EMP-11216,HIRE,2017-11-10,,القاهرة - التجمع الخامس,14359,0
EMP-13630,HIRE,2017-11-10,,القاهرة - التجمع الخامس,15633,0
EMP-14059,PROMOTION,2017-11-11,17211,22404,22404,0
EMP-13795,HIRE,2017-11-11,,بورسعيد - الشرق,13630,0
EMP-14374,HIRE,2017-11-11,,بورسعيد - الشرق,14893,0
EMP-10006,HIRE,2017-11-11,,بورسعيد,13628,0
EMP-16053,HIRE,2017-11-11,,الاسكندرية سموحة,15804,0
EMP-12412,HIRE,2017-11-11,,سموحة,12776,0
EMP-16288,HIRE,2017-11-12,,القاهره المعادي,11192,0
EMP-16699,HIRE,2017-11-12,,القاهره المعادي,17208,0
EMP-14265,HIRE,2017-11-13,,القاهرة - المعادي,11751,0
EMP-11914,HIRE,2017-11-13,,القاهرة - المعادي,10292,0
EMP-12443,HIRE,2017-11-13,,القاهرة - المعادي,7711,0
EMP-12930,PROMOTION,2017-11-14,9417,15608,15608,0
EMP-15242,HIRE,2017-11-14,,فرع المعادي,14162,0
EMP-14792,HIRE,2017-11-15,,القاهرة - المعادي,15883,0
EMP-13830,HIRE,2017-11-15,,القاهرة - التجمع الخامس,13693,0
EMP-11577,HIRE,2017-11-15,,سموحة,14230,0
EMP-16750,HIRE,2017-11-16,,القاهره المعادي,17783,0
EMP-14915,HIRE,2017-11-16,,فرع المعادي,8478,0
EMP-15035,HIRE,2017-11-16,,سموحة,10730,0
EMP-11211,HIRE,2017-11-16,,الدقي,16382,0
EMP-10795,PROMOTION,2017-11-16,7222,14538,14538,0
EMP-15035,HIRE,2017-11-16,,سموحة,10730,0
EMP-16630,TRANSFER,2017-11-16,الاسكندرية سموحة,الدقي,18982,0
EMP-10262,HIRE,2017-11-16,,بورسعيد,18989,0
EMP-16321,HIRE,2017-11-16,,الجيزة - الدقي,17328,0
EMP-13435,HIRE,2017-11-17,,سموحة,10609,0
EMP-11451,HIRE,2017-11-17,,بورسعيد - الشرق,8821,0
EMP-15092,HIRE,2017-11-17,,الدقي,19621,0
EMP-12088,HIRE,2017-11-18,,بورسعيد - الشرق,13276,0
EMP-10569,HIRE,2017-11-18,,سموحة,11559,0
EMP-14497,HIRE,2017-11-18,,القاهره المعادي,16721,0
EMP-16183,HIRE,2017-11-18,,التجمع,7703,0
EMP-10575,HIRE,2017-11-18,,الاسكندرية سموحة,10811,0
EMP-13636,TRANSFER,2017-11-18,فرع المعادي,فرع المعادي,19675,0
EMP-10252,HIRE,2017-11-19,,فرع المعادي,19820,0
EMP-14819,HIRE,2017-11-19,,الإسكندرية - سموحة,11248,0
EMP-15162,HIRE,2017-11-19,,سموحة,8268,0
EMP-12148,HIRE,2017-11-20,,الإسكندرية - سموحة,17974,0
EMP-11144,HIRE,2017-11-20,,بورسعيد,13023,0
EMP-11144,HIRE,2017-11-20,,بورسعيد,13023,0
EMP-13038,HIRE,2017-11-20,,الاسكندرية سموحة,15044,0
EMP-10119,HIRE,2017-11-21,,القاهرة - المعادي,11043,0
EMP-14164,HIRE,2017-11-21,,القاهرة - المعادي,11463,0
EMP-12635,PROMOTION,2017-11-21,9502,15457,15457,0
EMP-14445,HIRE,2017-11-22,,التجمع,13608,0
EMP-11499,HIRE,2017-11-22,,سموحة,11498,0
EMP-11951,HIRE,2017-11-22,,الإسكندرية - سموحة,15714,0
EMP-16339,HIRE,2017-11-23,,فرع المعادي,13662,0
EMP-12068,PROMOTION,2017-11-23,19480,27410,27410,0
EMP-14658,HIRE,2017-11-24,,الاسكندرية سموحة,13980,0
EMP-13238,HIRE,2017-11-24,,الإسكندرية - سموحة,10028,0
EMP-11828,HIRE,2017-11-24,,بورسعيد - الشرق,16372,0
EMP-16397,HIRE,2017-11-25,,سموحة,10910,0
EMP-13086,HIRE,2017-11-26,,الجيزة - الدقي,14925,0
EMP-16891,HIRE,2017-11-26,,بورسعيد,15801,0
EMP-14711,HIRE,2017-11-26,,الجيزة - الدقي,19578,0
EMP-13693,HIRE,2017-11-27,,القاهره المعادي,7201,0
EMP-13982,HIRE,2017-11-27,,سموحة,18654,0
EMP-15412,TRANSFER,2017-11-27,القاهرة - التجمع الخامس,الدقي,8579,0
EMP-14713,HIRE,2017-11-27,,فرع المعادي,12477,0
EMP-10689,HIRE,2017-11-27,,الدقي,19314,0
EMP-12194,PROMOTION,2017-11-28,10506,15495,15495,0
EMP-11934,HIRE,2017-11-28,,الدقي,11583,0
EMP-14571,HIRE,2017-11-28,,الجيزة - الدقي,15326,0
EMP-10939,PROMOTION,2017-11-29,11896,17623,17623,0
EMP-10939,PROMOTION,2017-11-29,11896,17623,17623,0
EMP-14739,HIRE,2017-11-29,,بورسعيد - الشرق,16480,0
EMP-11466,HIRE,2017-11-29,,بورسعيد,7276,0
EMP-12939,HIRE,2017-11-30,,التجمع,13738,0
EMP-12127,HIRE,2017-12-01,,القاهرة - التجمع الخامس,19347,0
EMP-16007,HIRE,2017-12-01,,سموحة,12855,0
EMP-11519,HIRE,2017-12-01,,بورسعيد - الشرق,11367,0
EMP-12954,HIRE,2017-12-02,,التجمع,13932,0
EMP-10189,PROMOTION,2017-12-02,10412,14407,14407,0
EMP-15748,HIRE,2017-12-02,,بورسعيد,14123,0
EMP-15588,PROMOTION,2017-12-02,13308,18848,18848,0
EMP-13076,HIRE,2017-12-02,,بورسعيد - الشرق,15645,0
EMP-10934,HIRE,2017-12-02,,القاهرة - التجمع الخامس,11756,0
EMP-16056,HIRE,2017-12-02,,بورسعيد,10627,0
EMP-10070,HIRE,2017-12-02,,القاهره المعادي,18255,0
EMP-16721,HIRE,2017-12-03,,بورسعيد - الشرق,12064,0
EMP-16344,HIRE,2017-12-04,,بورسعيد - الشرق,14385,0
EMP-12844,TRANSFER,2017-12-04,الاسكندرية سموحة,الجيزة - الدقي,12859,0
EMP-13152,HIRE,2017-12-04,,الدقي,17779,0
EMP-14886,HIRE,2017-12-04,,الإسكندرية - سموحة,10183,0
EMP-10852,HIRE,2017-12-04,,التجمع,10965,0
EMP-16159,HIRE,2017-12-05,,التجمع,13176,0
EMP-13410,HIRE,2017-12-05,,القاهرة - التجمع الخامس,13699,0
EMP-11513,HIRE,2017-12-06,,الدقي,10723,0
EMP-15307,HIRE,2017-12-06,,سموحة,13002,0
EMP-11845,TRANSFER,2017-12-07,التجمع,فرع المعادي,17902,0
EMP-13700,HIRE,2017-12-07,,الجيزة - الدقي,9611,0
EMP-10491,HIRE,2017-12-07,,بورسعيد - الشرق,7506,0
EMP-13360,HIRE,2017-12-08,,بورسعيد,16278,0
EMP-15652,HIRE,2017-12-08,,الإسكندرية - سموحة,18864,0
EMP-13202,HIRE,2017-12-08,,الجيزة - الدقي,8221,0
EMP-11362,PROMOTION,2017-12-09,18190,22171,22171,0
EMP-16896,HIRE,2017-12-09,,الاسكندرية سموحة,19980,0
EMP-12773,HIRE,2017-12-09,,القاهرة - المعادي,12583,0
EMP-13106,HIRE,2017-12-09,,الدقي,16799,0
EMP-15296,HIRE,2017-12-10,,فرع المعادي,14057,0
EMP-10743,TERMINATION,2017-12-11,ACTIVE,NULL,15778,1
EMP-16280,HIRE,2017-12-11,,بورسعيد,13381,0
EMP-14422,HIRE,2017-12-12,,القاهرة - المعادي,19899,0
EMP-10573,TRANSFER,2017-12-12,الدقي,الاسكندرية سموحة,14412,0
EMP-11493,HIRE,2017-12-13,,القاهره المعادي,16888,0
EMP-13766,HIRE,2017-12-13,,القاهرة - المعادي,16015,0
EMP-14252,HIRE,2017-12-13,,سموحة,17443,0
EMP-16943,HIRE,2017-12-13,,القاهرة - التجمع الخامس,14937,0
EMP-10095,HIRE,2017-12-14,,الإسكندرية - سموحة,18955,0
EMP-14348,HIRE,2017-12-14,,التجمع,16747,0
EMP-16632,HIRE,2017-12-15,,فرع المعادي,17456,0
EMP-15032,TERMINATION,2017-12-15,ACTIVE,Fired,12769,1
EMP-12359,HIRE,2017-12-16,,بورسعيد - الشرق,16531,0
EMP-14720,HIRE,2017-12-16,,الدقي,13063,0
EMP-14771,PROMOTION,2017-12-16,11043,14358,14358,0
EMP-10006,TRANSFER,2017-12-17,بورسعيد,الجيزة - الدقي,13628,0
EMP-14594,HIRE,2017-12-18,,القاهرة - التجمع الخامس,18970,0
EMP-10975,HIRE,2017-12-18,,فرع المعادي,9021,0
EMP-12367,TERMINATION,2017-12-19,ACTIVE,Fired,15306,1
EMP-10683,HIRE,2017-12-20,,الاسكندرية سموحة,7619,0
EMP-10165,HIRE,2017-12-20,,الاسكندرية سموحة,14726,0
EMP-11680,HIRE,2017-12-20,,بورسعيد,13411,0
EMP-11510,HIRE,2017-12-21,,الدقي,12861,0
EMP-16532,HIRE,2017-12-21,,القاهرة - التجمع الخامس,10385,0
EMP-13078,HIRE,2017-12-23,,فرع المعادي,8184,0
EMP-11847,HIRE,2017-12-24,,الجيزة - الدقي,11225,0
EMP-10171,HIRE,2017-12-24,,فرع المعادي,15691,0
EMP-12017,HIRE,2017-12-25,,القاهرة - المعادي,11753,0
EMP-14196,HIRE,2017-12-26,,الاسكندرية سموحة,13420,0
EMP-13909,HIRE,2017-12-26,,الجيزة - الدقي,13452,0
EMP-12787,HIRE,2017-12-26,,الاسكندرية سموحة,8010,0
EMP-15711,TRANSFER,2017-12-26,الاسكندرية سموحة,فرع المعادي,19578,0
EMP-11291,HIRE,2017-12-26,,الدقي,13646,0
EMP-11373,HIRE,2017-12-26,,الاسكندرية سموحة,10765,0
EMP-15249,HIRE,2017-12-27,,الإسكندرية - سموحة,14836,0
EMP-12130,HIRE,2017-12-27,,القاهره المعادي,9423,0
EMP-13314,TRANSFER,2017-12-27,التجمع,الإسكندرية - سموحة,11821,0
EMP-10530,HIRE,2017-12-27,,الدقي,11723,0
EMP-12662,HIRE,2017-12-28,,القاهرة - المعادي,19577,0
EMP-13922,HIRE,2017-12-28,,الدقي,15484,0
EMP-13206,HIRE,2017-12-28,,الإسكندرية - سموحة,14831,0
EMP-16887,HIRE,2017-12-28,,فرع المعادي,16337,0
EMP-14313,HIRE,2017-12-29,,القاهرة - المعادي,10374,0
EMP-12565,TERMINATION,2017-12-29,ACTIVE,Relocation,15975,1
EMP-16155,HIRE,2017-12-29,,فرع المعادي,13473,0
EMP-16088,HIRE,2017-12-29,,التجمع,19019,0
EMP-15599,HIRE,2017-12-30,,بورسعيد - الشرق,14617,0
EMP-15057,TRANSFER,2017-12-30,القاهره المعادي,الإسكندرية - سموحة,16720,0
EMP-13931,HIRE,2017-12-30,,القاهرة - التجمع الخامس,11206,0
EMP-14640,HIRE,2017-12-31,,فرع المعادي,15811,0
EMP-13470,PROMOTION,2017-12-31,16943,21957,21957,0
EMP-12389,TRANSFER,2017-12-31,القاهرة - المعادي,الجيزة - الدقي,14592,0
EMP-10983,HIRE,2017-12-31,,القاهره المعادي,19098,0
EMP-15740,HIRE,2018-01-01,,الاسكندرية سموحة,15176,0
EMP-16836,TERMINATION,2018-01-01,ACTIVE,Resignation,16838,1
EMP-12293,TERMINATION,2018-01-01,ACTIVE,Relocation,7581,1
EMP-14031,HIRE,2018-01-02,,القاهرة - التجمع الخامس,17215,0
EMP-15521,HIRE,2018-01-02,,سموحة,10090,0
EMP-11388,PROMOTION,2018-01-03,16682,19331,19331,0
EMP-13934,HIRE,2018-01-03,,التجمع,7944,0
EMP-16065,HIRE,2018-01-03,,سموحة,18460,0
EMP-12595,HIRE,2018-01-04,,الإسكندرية - سموحة,11075,0
EMP-15172,HIRE,2018-01-06,,بورسعيد,12251,0
EMP-11133,HIRE,2018-01-06,,بورسعيد,11561,0
EMP-14790,HIRE,2018-01-07,,بورسعيد,12116,0
EMP-12645,TRANSFER,2018-01-07,الاسكندرية سموحة,التجمع,8647,0
EMP-16199,HIRE,2018-01-07,,القاهره المعادي,15191,0
EMP-10014,HIRE,2018-01-07,,القاهره المعادي,11589,0
EMP-10014,HIRE,2018-01-07,,القاهره المعادي,11589,0
EMP-11725,HIRE,2018-01-07,,سموحة,16641,0
EMP-12065,HIRE,2018-01-08,,القاهره المعادي,18400,0
EMP-11621,HIRE,2018-01-08,,فرع المعادي,10711,0
EMP-11529,TERMINATION,2018-01-08,ACTIVE,Relocation,16677,1
EMP-12256,HIRE,2018-01-09,,القاهرة - التجمع الخامس,16334,0
EMP-10464,TRANSFER,2018-01-09,القاهرة - التجمع الخامس,القاهرة - المعادي,18297,0
EMP-13823,HIRE,2018-01-09,,الدقي,11938,0
EMP-14106,HIRE,2018-01-10,,بورسعيد - الشرق,12128,0
EMP-11997,HIRE,2018-01-10,,القاهرة - المعادي,16220,0
EMP-13340,HIRE,2018-01-10,,الإسكندرية - سموحة,15120,0
EMP-15360,HIRE,2018-01-10,,الدقي,18780,0
EMP-13124,PROMOTION,2018-01-10,14961,20914,20914,0
EMP-11038,HIRE,2018-01-11,,القاهرة - المعادي,13406,0
EMP-16689,HIRE,2018-01-11,,القاهرة - المعادي,19920,0
EMP-11151,HIRE,2018-01-11,,القاهرة - المعادي,8053,0
EMP-14655,HIRE,2018-01-12,,التجمع,9233,0
EMP-16220,HIRE,2018-01-12,,سموحة,19561,0
EMP-10850,HIRE,2018-01-12,,التجمع,17097,0
EMP-10191,HIRE,2018-01-12,,فرع المعادي,12800,0
EMP-10315,HIRE,2018-01-13,,التجمع,10478,0
EMP-10846,HIRE,2018-01-13,,القاهره المعادي,16059,0
EMP-13674,HIRE,2018-01-13,,الدقي,11319,0
EMP-10224,HIRE,2018-01-13,,بورسعيد - الشرق,12257,0
EMP-16930,HIRE,2018-01-13,,التجمع,10326,0
EMP-10271,HIRE,2018-01-14,,بورسعيد - الشرق,16244,0
EMP-13950,HIRE,2018-01-15,,القاهرة - المعادي,7816,0
EMP-10477,HIRE,2018-01-16,,القاهرة - التجمع الخامس,8387,0
EMP-13168,HIRE,2018-01-16,,التجمع,17160,0
EMP-12103,TRANSFER,2018-01-17,الإسكندرية - سموحة,فرع المعادي,19126,0
EMP-10290,PROMOTION,2018-01-17,16976,20404,20404,0
EMP-16489,HIRE,2018-01-17,,الاسكندرية سموحة,15671,0
EMP-14280,HIRE,2018-01-17,,سموحة,9113,0
EMP-13780,HIRE,2018-01-17,,القاهره المعادي,9592,0
EMP-10609,HIRE,2018-01-18,,الدقي,19568,0
EMP-15626,HIRE,2018-01-18,,الجيزة - الدقي,16518,0
EMP-14789,HIRE,2018-01-18,,الاسكندرية سموحة,15196,0
EMP-11741,HIRE,2018-01-18,,سموحة,8977,0
EMP-10539,HIRE,2018-01-18,,الدقي,17646,0
EMP-13329,HIRE,2018-01-19,,الاسكندرية سموحة,19039,0
EMP-16808,HIRE,2018-01-19,,بورسعيد,13849,0
EMP-16863,HIRE,2018-01-19,,بورسعيد,8647,0
EMP-13730,HIRE,2018-01-19,,بورسعيد - الشرق,12758,0
EMP-15647,HIRE,2018-01-20,,بورسعيد - الشرق,17002,0
EMP-14827,HIRE,2018-01-20,,القاهرة - التجمع الخامس,12778,0
EMP-14888,HIRE,2018-01-20,,القاهره المعادي,17896,0
EMP-14666,HIRE,2018-01-20,,التجمع,8107,0
EMP-15656,PROMOTION,2018-01-20,9277,13925,13925,0
EMP-12343,HIRE,2018-01-20,,الدقي,15501,0
EMP-16263,HIRE,2018-01-20,,بورسعيد - الشرق,17795,0
EMP-12667,HIRE,2018-01-20,,بورسعيد,12171,0
EMP-16225,HIRE,2018-01-21,,الاسكندرية سموحة,17806,0
EMP-12181,HIRE,2018-01-21,,القاهرة - المعادي,19374,0
EMP-10578,HIRE,2018-01-22,,فرع المعادي,13765,0
EMP-15789,PROMOTION,2018-01-23,14960,22535,22535,0
EMP-14240,HIRE,2018-01-23,,بورسعيد,15212,0
EMP-15643,HIRE,2018-01-24,,فرع المعادي,16580,0
EMP-11147,PROMOTION,2018-01-24,14744,22504,22504,0
EMP-10718,HIRE,2018-01-24,,فرع المعادي,11917,0
EMP-12015,HIRE,2018-01-25,,فرع المعادي,9885,0
EMP-15525,HIRE,2018-01-25,,الدقي,8362,0
EMP-13298,PROMOTION,2018-01-26,7280,9499,9499,0
EMP-13957,HIRE,2018-01-27,,الدقي,7186,0
EMP-16392,TERMINATION,2018-01-27,ACTIVE,Resignation,9414,1
EMP-13577,PROMOTION,2018-01-28,18938,22167,22167,0
EMP-14992,HIRE,2018-01-28,,الجيزة - الدقي,12143,0
EMP-16161,TRANSFER,2018-01-28,بورسعيد - الشرق,القاهره المعادي,9199,0
EMP-15057,TERMINATION,2018-01-29,ACTIVE,NULL,16720,1
EMP-15049,TERMINATION,2018-01-29,ACTIVE,Fired,13704,1
EMP-14405,HIRE,2018-01-29,,القاهره المعادي,7918,0
EMP-10149,HIRE,2018-01-30,,الاسكندرية سموحة,9356,0
EMP-14556,HIRE,2018-01-30,,سموحة,9726,0
EMP-10034,HIRE,2018-01-30,,الدقي,11869,0
EMP-10630,HIRE,2018-01-30,,التجمع,9035,0
EMP-16344,TRANSFER,2018-01-30,بورسعيد - الشرق,الإسكندرية - سموحة,14385,0
EMP-13431,HIRE,2018-01-30,,القاهرة - التجمع الخامس,17448,0
EMP-16040,HIRE,2018-01-31,,الاسكندرية سموحة,8988,0
EMP-11746,HIRE,2018-01-31,,بورسعيد,15246,0
EMP-16209,HIRE,2018-01-31,,الجيزة - الدقي,18558,0
EMP-14493,HIRE,2018-02-01,,بورسعيد,14980,0
EMP-10861,HIRE,2018-02-01,,فرع المعادي,19062,0
EMP-14485,HIRE,2018-02-02,,الجيزة - الدقي,12240,0
EMP-11847,TRANSFER,2018-02-03,الجيزة - الدقي,الدقي,11225,0
EMP-12674,HIRE,2018-02-03,,الإسكندرية - سموحة,8965,0
EMP-13557,HIRE,2018-02-04,,بورسعيد,14387,0
EMP-16571,TRANSFER,2018-02-04,بورسعيد - الشرق,القاهره المعادي,12548,0
EMP-11821,HIRE,2018-02-04,,فرع المعادي,18830,0
EMP-13728,HIRE,2018-02-05,,فرع المعادي,18992,0
EMP-15451,HIRE,2018-02-05,,فرع المعادي,7704,0
EMP-16881,HIRE,2018-02-05,,التجمع,19101,0
EMP-10973,PROMOTION,2018-02-05,13618,19594,19594,0
EMP-11287,HIRE,2018-02-06,,القاهرة - التجمع الخامس,8077,0
EMP-12856,HIRE,2018-02-06,,القاهرة - التجمع الخامس,8994,0
EMP-10929,HIRE,2018-02-06,,الجيزة - الدقي,9398,0
EMP-13207,HIRE,2018-02-08,,بورسعيد - الشرق,7709,0
EMP-14068,HIRE,2018-02-08,,التجمع,17974,0
EMP-11211,TRANSFER,2018-02-08,الدقي,بورسعيد,16382,0
EMP-12214,HIRE,2018-02-08,,سموحة,15331,0
EMP-14628,HIRE,2018-02-09,,بورسعيد,17937,0
EMP-12904,PROMOTION,2018-02-09,13929,19607,19607,0
EMP-15716,HIRE,2018-02-09,,القاهرة - التجمع الخامس,17288,0
EMP-16166,HIRE,2018-02-10,,الإسكندرية - سموحة,16446,0
EMP-11738,HIRE,2018-02-10,,القاهره المعادي,12467,0
EMP-11733,HIRE,2018-02-10,,القاهرة - التجمع الخامس,8150,0
EMP-10925,HIRE,2018-02-10,,التجمع,15394,0
EMP-10930,HIRE,2018-02-10,,القاهرة - المعادي,8445,0
EMP-13439,HIRE,2018-02-11,,القاهره المعادي,9640,0
EMP-15482,HIRE,2018-02-12,,بورسعيد - الشرق,14860,0
EMP-12190,HIRE,2018-02-12,,الجيزة - الدقي,12920,0
EMP-11498,PROMOTION,2018-02-12,9216,12077,12077,0
EMP-14153,HIRE,2018-02-13,,القاهرة - المعادي,13149,0
EMP-12420,PROMOTION,2018-02-13,8572,11255,11255,0
EMP-13246,TRANSFER,2018-02-14,الإسكندرية - سموحة,فرع المعادي,9807,0
EMP-16052,HIRE,2018-02-14,,التجمع,18256,0
EMP-11245,HIRE,2018-02-14,,الجيزة - الدقي,10146,0
EMP-13747,HIRE,2018-02-14,,القاهرة - التجمع الخامس,12375,0
EMP-14661,HIRE,2018-02-14,,الاسكندرية سموحة,13875,0
EMP-14262,HIRE,2018-02-14,,بورسعيد,18739,0
EMP-15426,HIRE,2018-02-15,,الدقي,15389,0
EMP-14059,TRANSFER,2018-02-15,القاهرة - التجمع الخامس,بورسعيد - الشرق,22404,0
EMP-16375,TRANSFER,2018-02-17,القاهره المعادي,بورسعيد - الشرق,10016,0
EMP-11823,HIRE,2018-02-17,,فرع المعادي,9516,0
EMP-11913,HIRE,2018-02-17,,الإسكندرية - سموحة,17098,0
EMP-15198,HIRE,2018-02-18,,بورسعيد - الشرق,10223,0
EMP-13125,HIRE,2018-02-19,,سموحة,16823,0
EMP-10944,HIRE,2018-02-19,,فرع المعادي,14060,0
EMP-10252,TRANSFER,2018-02-20,فرع المعادي,القاهرة - التجمع الخامس,19820,0
EMP-15358,HIRE,2018-02-20,,بورسعيد - الشرق,15685,0
EMP-10252,TRANSFER,2018-02-20,فرع المعادي,القاهرة - التجمع الخامس,19820,0
EMP-10582,TRANSFER,2018-02-20,القاهرة - المعادي,التجمع,17000,0
EMP-14442,HIRE,2018-02-20,,القاهرة - التجمع الخامس,13415,0
EMP-13238,TRANSFER,2018-02-21,الإسكندرية - سموحة,فرع المعادي,10028,0
EMP-15449,HIRE,2018-02-21,,سموحة,9109,0
EMP-15392,HIRE,2018-02-21,,فرع المعادي,17282,0
EMP-12576,HIRE,2018-02-21,,بورسعيد - الشرق,10858,0
EMP-15508,TERMINATION,2018-02-22,ACTIVE,Relocation,19292,1
EMP-12653,HIRE,2018-02-22,,القاهره المعادي,19661,0
EMP-15259,HIRE,2018-02-23,,سموحة,12823,0
EMP-13676,HIRE,2018-02-23,,الجيزة - الدقي,18413,0
EMP-14137,HIRE,2018-02-24,,بورسعيد,16974,0
EMP-13482,HIRE,2018-02-24,,فرع المعادي,17031,0
EMP-10852,PROMOTION,2018-02-24,10965,15819,15819,0
EMP-11799,HIRE,2018-02-24,,القاهرة - التجمع الخامس,16052,0
EMP-14633,HIRE,2018-02-27,,القاهره المعادي,7496,0
EMP-14375,HIRE,2018-02-27,,فرع المعادي,9467,0
EMP-12017,TERMINATION,2018-02-27,ACTIVE,NULL,11753,1
EMP-11580,HIRE,2018-02-28,,فرع المعادي,19494,0
EMP-11580,HIRE,2018-02-28,,فرع المعادي,19494,0
EMP-11200,HIRE,2018-02-28,,بورسعيد - الشرق,9497,0
EMP-12161,TRANSFER,2018-02-28,القاهره المعادي,بورسعيد,11721,0
EMP-10988,HIRE,2018-03-01,,الجيزة - الدقي,13278,0
EMP-11805,HIRE,2018-03-01,,القاهرة - التجمع الخامس,19705,0
EMP-10836,HIRE,2018-03-01,,سموحة,8677,0
EMP-10605,HIRE,2018-03-02,,فرع المعادي,11355,0
EMP-10605,HIRE,2018-03-02,,فرع المعادي,11355,0
EMP-12523,HIRE,2018-03-02,,بورسعيد,17990,0
EMP-16777,TERMINATION,2018-03-03,ACTIVE,NULL,16995,1
EMP-16737,PROMOTION,2018-03-03,7472,13690,13690,0
EMP-16737,PROMOTION,2018-03-03,7472,13690,13690,0
EMP-16711,PROMOTION,2018-03-03,7249,14324,14324,0
EMP-13903,HIRE,2018-03-03,,فرع المعادي,10935,0
EMP-13729,HIRE,2018-03-04,,بورسعيد - الشرق,15049,0
EMP-11045,HIRE,2018-03-04,,الإسكندرية - سموحة,16264,0
EMP-11045,HIRE,2018-03-04,,الإسكندرية - سموحة,16264,0
EMP-16786,HIRE,2018-03-04,,القاهرة - المعادي,15180,0
EMP-11935,TERMINATION,2018-03-04,ACTIVE,NULL,14587,1
EMP-11238,HIRE,2018-03-04,,الإسكندرية - سموحة,12648,0
EMP-15077,HIRE,2018-03-05,,سموحة,19241,0
EMP-14351,HIRE,2018-03-05,,الجيزة - الدقي,19287,0
EMP-14811,HIRE,2018-03-06,,القاهرة - التجمع الخامس,12609,0
EMP-14624,HIRE,2018-03-06,,القاهره المعادي,11377,0
EMP-15631,HIRE,2018-03-06,,فرع المعادي,16693,0
EMP-11386,HIRE,2018-03-07,,الجيزة - الدقي,10107,0
EMP-12939,TRANSFER,2018-03-07,التجمع,الاسكندرية سموحة,13738,0
EMP-11380,HIRE,2018-03-07,,التجمع,13701,0
EMP-10031,HIRE,2018-03-07,,القاهرة - التجمع الخامس,16710,0
EMP-14405,TRANSFER,2018-03-07,القاهره المعادي,القاهره المعادي,7918,0
EMP-14714,HIRE,2018-03-08,,الجيزة - الدقي,10832,0
EMP-13243,HIRE,2018-03-08,,التجمع,10684,0
EMP-12648,HIRE,2018-03-09,,فرع المعادي,12993,0
EMP-10274,HIRE,2018-03-09,,بورسعيد - الشرق,17650,0
EMP-12836,HIRE,2018-03-09,,الدقي,10391,0
EMP-10158,HIRE,2018-03-09,,القاهرة - التجمع الخامس,12482,0
EMP-13904,HIRE,2018-03-10,,الإسكندرية - سموحة,11032,0
EMP-15459,HIRE,2018-03-10,,فرع المعادي,19448,0
EMP-16194,HIRE,2018-03-11,,القاهرة - المعادي,7257,0
EMP-10739,HIRE,2018-03-11,,الدقي,19137,0
EMP-10758,HIRE,2018-03-11,,التجمع,9335,0
EMP-10758,HIRE,2018-03-11,,التجمع,9335,0
EMP-11149,TRANSFER,2018-03-11,الاسكندرية سموحة,القاهره المعادي,10660,0
EMP-10219,PROMOTION,2018-03-11,18305,24446,24446,0
EMP-16627,HIRE,2018-03-12,,التجمع,14100,0
EMP-12899,HIRE,2018-03-12,,القاهره المعادي,19589,0
EMP-10336,HIRE,2018-03-12,,فرع المعادي,16086,0
EMP-10915,PROMOTION,2018-03-13,11066,15148,15148,0
EMP-11078,HIRE,2018-03-14,,الدقي,10198,0
EMP-12304,HIRE,2018-03-14,,بورسعيد - الشرق,10829,0
EMP-14226,HIRE,2018-03-14,,الجيزة - الدقي,18241,0
EMP-15026,HIRE,2018-03-14,,الجيزة - الدقي,11324,0
EMP-13504,PROMOTION,2018-03-15,13868,20932,20932,0
EMP-14011,HIRE,2018-03-15,,التجمع,13369,0
EMP-11861,HIRE,2018-03-15,,القاهرة - التجمع الخامس,11484,0
EMP-11113,HIRE,2018-03-16,,سموحة,15575,0
EMP-12072,PROMOTION,2018-03-16,9963,14149,14149,0
EMP-16967,TRANSFER,2018-03-16,القاهرة - التجمع الخامس,القاهرة - المعادي,16785,0
EMP-13554,HIRE,2018-03-16,,الإسكندرية - سموحة,9233,0
EMP-15512,HIRE,2018-03-16,,الدقي,12178,0
EMP-15697,PROMOTION,2018-03-17,9603,15285,15285,0
EMP-13106,TERMINATION,2018-03-17,ACTIVE,NULL,16799,1
EMP-14359,PROMOTION,2018-03-18,10777,17613,17613,0
EMP-13989,HIRE,2018-03-18,,الجيزة - الدقي,12228,0
EMP-10200,HIRE,2018-03-18,,الإسكندرية - سموحة,19530,0
EMP-14108,HIRE,2018-03-18,,التجمع,8570,0
EMP-11083,HIRE,2018-03-18,,بورسعيد - الشرق,19332,0
EMP-13537,HIRE,2018-03-18,,بورسعيد - الشرق,8813,0
EMP-11989,HIRE,2018-03-18,,الجيزة - الدقي,10665,0
EMP-11972,HIRE,2018-03-18,,سموحة,15580,0
EMP-11960,HIRE,2018-03-19,,الدقي,7713,0
EMP-13031,TRANSFER,2018-03-19,سموحة,فرع المعادي,13764,0
EMP-14363,HIRE,2018-03-19,,الجيزة - الدقي,17445,0
EMP-13861,HIRE,2018-03-20,,بورسعيد - الشرق,16434,0
EMP-13716,HIRE,2018-03-20,,الجيزة - الدقي,8877,0
EMP-15353,HIRE,2018-03-20,,فرع المعادي,11681,0
EMP-15127,TRANSFER,2018-03-20,الاسكندرية سموحة,سموحة,18085,0
EMP-14611,HIRE,2018-03-20,,الاسكندرية سموحة,19792,0
EMP-14552,HIRE,2018-03-20,,القاهرة - المعادي,17378,0
EMP-16783,HIRE,2018-03-21,,فرع المعادي,15101,0
EMP-13377,HIRE,2018-03-21,,بورسعيد,17940,0
EMP-11734,TRANSFER,2018-03-22,القاهره المعادي,الجيزة - الدقي,9417,0
EMP-11300,HIRE,2018-03-22,,الإسكندرية - سموحة,17962,0
EMP-13276,TRANSFER,2018-03-22,بورسعيد - الشرق,الإسكندرية - سموحة,16200,0
EMP-11554,HIRE,2018-03-22,,القاهرة - المعادي,12104,0
EMP-12766,HIRE,2018-03-23,,التجمع,8875,0
EMP-14178,HIRE,2018-03-23,,القاهرة - التجمع الخامس,8074,0
EMP-11763,TERMINATION,2018-03-25,ACTIVE,NULL,19926,1
EMP-12187,HIRE,2018-03-26,,بورسعيد,15177,0
EMP-13353,HIRE,2018-03-26,,الجيزة - الدقي,18645,0
EMP-14959,HIRE,2018-03-26,,القاهرة - المعادي,15298,0
EMP-13749,HIRE,2018-03-27,,بورسعيد,11722,0
EMP-12895,TERMINATION,2018-03-27,ACTIVE,Resignation,18087,1
EMP-16651,HIRE,2018-03-27,,الاسكندرية سموحة,7259,0
EMP-16333,PROMOTION,2018-03-28,16296,18436,18436,0
EMP-16716,HIRE,2018-03-28,,الاسكندرية سموحة,7914,0
EMP-13228,HIRE,2018-03-28,,التجمع,12606,0
EMP-14453,HIRE,2018-03-28,,الدقي,14886,0
EMP-16530,HIRE,2018-03-29,,القاهرة - التجمع الخامس,13743,0
EMP-10487,HIRE,2018-03-29,,الدقي,18295,0
EMP-15849,HIRE,2018-03-29,,فرع المعادي,13699,0
EMP-16186,HIRE,2018-03-29,,الاسكندرية سموحة,7276,0
EMP-12698,HIRE,2018-03-30,,بورسعيد,11027,0
EMP-16755,HIRE,2018-03-30,,الإسكندرية - سموحة,12464,0
EMP-10224,TRANSFER,2018-03-30,بورسعيد - الشرق,التجمع,12257,0
EMP-10891,HIRE,2018-03-30,,بورسعيد - الشرق,12694,0
EMP-16959,HIRE,2018-03-31,,القاهره المعادي,15989,0
EMP-16717,HIRE,2018-03-31,,القاهره المعادي,9948,0
EMP-14655,TRANSFER,2018-03-31,التجمع,بورسعيد,9233,0
EMP-10301,HIRE,2018-04-01,,سموحة,8987,0
EMP-14657,HIRE,2018-04-01,,بورسعيد - الشرق,18818,0
EMP-16033,HIRE,2018-04-01,,فرع المعادي,9281,0
EMP-13365,TRANSFER,2018-04-02,القاهره المعادي,القاهرة - التجمع الخامس,15777,0
EMP-14877,PROMOTION,2018-04-02,19862,25641,25641,0
EMP-16834,HIRE,2018-04-02,,الإسكندرية - سموحة,16425,0
EMP-11456,HIRE,2018-04-02,,الاسكندرية سموحة,9811,0
EMP-15519,HIRE,2018-04-03,,التجمع,19434,0
EMP-13310,HIRE,2018-04-03,,بورسعيد - الشرق,11479,0
EMP-10892,HIRE,2018-04-03,,سموحة,18079,0
EMP-15519,HIRE,2018-04-03,,التجمع,19434,0
EMP-15711,PROMOTION,2018-04-04,19578,22701,22701,0
EMP-11891,HIRE,2018-04-04,,القاهرة - المعادي,17256,0
EMP-14594,TRANSFER,2018-04-04,القاهرة - التجمع الخامس,التجمع,18970,0
EMP-12975,HIRE,2018-04-05,,القاهرة - التجمع الخامس,19282,0
EMP-14897,HIRE,2018-04-05,,الجيزة - الدقي,13015,0
EMP-10015,HIRE,2018-04-05,,الاسكندرية سموحة,15591,0
EMP-15649,HIRE,2018-04-05,,الدقي,13720,0
EMP-13360,PROMOTION,2018-04-05,16278,24134,24134,0
EMP-16719,HIRE,2018-04-06,,القاهرة - التجمع الخامس,19515,0
EMP-14903,HIRE,2018-04-06,,الدقي,11657,0
EMP-14382,HIRE,2018-04-06,,بورسعيد - الشرق,13034,0
EMP-16418,HIRE,2018-04-07,,القاهرة - التجمع الخامس,15596,0
EMP-15367,HIRE,2018-04-07,,التجمع,14039,0
EMP-12739,TRANSFER,2018-04-08,الدقي,القاهره المعادي,9996,0
EMP-13473,PROMOTION,2018-04-08,15828,22801,22801,0
EMP-13249,HIRE,2018-04-08,,التجمع,13875,0
EMP-12496,TRANSFER,2018-04-08,فرع المعادي,الجيزة - الدقي,10432,0
EMP-12103,PROMOTION,2018-04-08,19126,21605,21605,0
EMP-14785,HIRE,2018-04-09,,الإسكندرية - سموحة,18953,0
EMP-16216,TRANSFER,2018-04-10,التجمع,القاهرة - التجمع الخامس,18512,0
EMP-10307,HIRE,2018-04-10,,التجمع,14779,0
EMP-14771,TERMINATION,2018-04-11,ACTIVE,Resignation,14358,1
EMP-12495,HIRE,2018-04-11,,الجيزة - الدقي,9360,0
EMP-16412,HIRE,2018-04-11,,الإسكندرية - سموحة,9331,0
EMP-13306,HIRE,2018-04-11,,الاسكندرية سموحة,15110,0
EMP-12465,TRANSFER,2018-04-12,بورسعيد - الشرق,القاهرة - المعادي,18779,0
EMP-11569,TRANSFER,2018-04-12,الاسكندرية سموحة,القاهرة - المعادي,13021,0
EMP-12249,HIRE,2018-04-12,,بورسعيد - الشرق,19194,0
EMP-13739,HIRE,2018-04-13,,القاهره المعادي,16966,0
EMP-10989,HIRE,2018-04-13,,القاهرة - التجمع الخامس,17604,0
EMP-10970,HIRE,2018-04-13,,الدقي,18133,0
EMP-15763,TERMINATION,2018-04-13,ACTIVE,Resignation,12014,1
EMP-11001,HIRE,2018-04-13,,فرع المعادي,11862,0
EMP-10613,HIRE,2018-04-13,,سموحة,13630,0
EMP-10283,HIRE,2018-04-13,,بورسعيد,9988,0
EMP-14684,HIRE,2018-04-14,,القاهره المعادي,18073,0
EMP-16163,PROMOTION,2018-04-14,13099,20738,20738,0
EMP-10173,HIRE,2018-04-14,,بورسعيد - الشرق,18058,0
EMP-12337,HIRE,2018-04-15,,الجيزة - الدقي,8951,0
EMP-10681,HIRE,2018-04-15,,الإسكندرية - سموحة,17224,0
EMP-13527,HIRE,2018-04-15,,القاهرة - المعادي,11659,0
EMP-16762,HIRE,2018-04-15,,الاسكندرية سموحة,19015,0
EMP-11774,HIRE,2018-04-15,,القاهرة - التجمع الخامس,7145,0
EMP-10854,HIRE,2018-04-16,,سموحة,16791,0
EMP-11997,PROMOTION,2018-04-16,16220,22039,22039,0
EMP-14804,HIRE,2018-04-17,,القاهره المعادي,16340,0
EMP-16568,HIRE,2018-04-17,,فرع المعادي,17342,0
EMP-13842,HIRE,2018-04-18,,الدقي,14138,0
EMP-10923,HIRE,2018-04-19,,القاهرة - التجمع الخامس,16620,0
EMP-10775,HIRE,2018-04-19,,سموحة,15680,0
EMP-12411,PROMOTION,2018-04-19,9255,15824,15824,0
EMP-15131,HIRE,2018-04-20,,فرع المعادي,17513,0
EMP-11174,HIRE,2018-04-20,,بورسعيد - الشرق,9691,0
EMP-12422,HIRE,2018-04-20,,بورسعيد - الشرق,12750,0
EMP-16986,HIRE,2018-04-20,,القاهره المعادي,10201,0
EMP-12125,TRANSFER,2018-04-20,سموحة,فرع المعادي,18378,0
EMP-14412,HIRE,2018-04-21,,القاهرة - التجمع الخامس,16611,0
EMP-14351,PROMOTION,2018-04-21,19287,21305,21305,0
EMP-14827,TERMINATION,2018-04-21,ACTIVE,NULL,12778,1
EMP-10253,HIRE,2018-04-21,,فرع المعادي,9190,0
EMP-14051,HIRE,2018-04-22,,التجمع,12664,0
EMP-13498,HIRE,2018-04-23,,الجيزة - الدقي,15740,0
EMP-11762,HIRE,2018-04-23,,الاسكندرية سموحة,18966,0
EMP-14752,HIRE,2018-04-23,,الدقي,11856,0
EMP-10457,PROMOTION,2018-04-23,7046,10600,10600,0
EMP-10890,HIRE,2018-04-23,,بورسعيد,9696,0
EMP-12648,PROMOTION,2018-04-23,12993,20252,20252,0
EMP-13918,HIRE,2018-04-23,,بورسعيد,7970,0
EMP-11777,HIRE,2018-04-24,,الجيزة - الدقي,16102,0
EMP-15320,PROMOTION,2018-04-24,12213,16259,16259,0
EMP-11009,HIRE,2018-04-24,,بورسعيد - الشرق,8679,0
EMP-10386,HIRE,2018-04-24,,سموحة,15281,0
EMP-13381,HIRE,2018-04-24,,فرع المعادي,17048,0
EMP-15383,HIRE,2018-04-24,,التجمع,12171,0
EMP-10132,HIRE,2018-04-24,,فرع المعادي,7098,0
EMP-11652,HIRE,2018-04-25,,الدقي,14138,0
EMP-13563,HIRE,2018-04-25,,القاهره المعادي,19794,0
EMP-15352,HIRE,2018-04-25,,الاسكندرية سموحة,18324,0
EMP-11975,HIRE,2018-04-25,,الدقي,15702,0
EMP-14816,HIRE,2018-04-26,,بورسعيد,12500,0
EMP-11010,HIRE,2018-04-26,,القاهرة - المعادي,9673,0
EMP-13487,HIRE,2018-04-26,,فرع المعادي,13185,0
EMP-13707,HIRE,2018-04-27,,الجيزة - الدقي,9241,0
EMP-16539,TERMINATION,2018-04-28,ACTIVE,Resignation,10122,1
EMP-15702,HIRE,2018-04-28,,القاهرة - التجمع الخامس,14529,0
EMP-15243,HIRE,2018-04-28,,الإسكندرية - سموحة,19783,0
EMP-14264,HIRE,2018-04-29,,الاسكندرية سموحة,15750,0
EMP-14991,HIRE,2018-04-29,,الإسكندرية - سموحة,7775,0
EMP-10952,TERMINATION,2018-04-29,ACTIVE,Relocation,11215,1
EMP-10157,HIRE,2018-04-29,,الجيزة - الدقي,12720,0
EMP-10954,TRANSFER,2018-04-30,بورسعيد - الشرق,الإسكندرية - سموحة,11159,0
EMP-12722,HIRE,2018-05-01,,بورسعيد - الشرق,11215,0
EMP-14964,HIRE,2018-05-01,,فرع المعادي,14356,0
EMP-15656,TRANSFER,2018-05-02,بورسعيد - الشرق,الجيزة - الدقي,13925,0
EMP-15346,HIRE,2018-05-02,,فرع المعادي,13520,0
EMP-16182,HIRE,2018-05-02,,القاهره المعادي,14536,0
EMP-10305,TERMINATION,2018-05-02,ACTIVE,NULL,17378,1
EMP-15751,HIRE,2018-05-02,,الاسكندرية سموحة,8766,0
EMP-12309,HIRE,2018-05-03,,سموحة,14638,0
EMP-13577,TERMINATION,2018-05-04,ACTIVE,Relocation,22167,1
EMP-10475,HIRE,2018-05-04,,القاهرة - المعادي,7311,0
EMP-11423,HIRE,2018-05-04,,بورسعيد,14049,0
EMP-14050,HIRE,2018-05-04,,القاهرة - المعادي,10915,0
EMP-10112,TERMINATION,2018-05-05,ACTIVE,NULL,15596,1
EMP-10620,HIRE,2018-05-05,,التجمع,17907,0
EMP-12010,PROMOTION,2018-05-05,15524,20162,20162,0
EMP-11110,TRANSFER,2018-05-06,الاسكندرية سموحة,القاهره المعادي,9181,0
EMP-11758,HIRE,2018-05-06,,سموحة,9082,0
EMP-15005,HIRE,2018-05-08,,الجيزة - الدقي,10951,0
EMP-13767,HIRE,2018-05-08,,الاسكندرية سموحة,16633,0
EMP-10500,HIRE,2018-05-09,,الدقي,18462,0
EMP-10489,HIRE,2018-05-09,,التجمع,14739,0
EMP-12196,HIRE,2018-05-09,,سموحة,17946,0
EMP-12359,PROMOTION,2018-05-10,16531,19288,19288,0
EMP-14176,HIRE,2018-05-10,,بورسعيد - الشرق,12404,0
EMP-14378,HIRE,2018-05-11,,الاسكندرية سموحة,10084,0
EMP-10586,HIRE,2018-05-11,,القاهره المعادي,8749,0
EMP-11478,HIRE,2018-05-11,,فرع المعادي,9042,0
EMP-15264,TERMINATION,2018-05-11,ACTIVE,Fired,13411,1
EMP-16003,HIRE,2018-05-11,,بورسعيد,7210,0
EMP-10877,HIRE,2018-05-11,,القاهره المعادي,18611,0
EMP-12711,TRANSFER,2018-05-12,الدقي,الدقي,17805,0
EMP-13500,HIRE,2018-05-12,,بورسعيد,19018,0
EMP-12938,HIRE,2018-05-12,,القاهرة - التجمع الخامس,16760,0
EMP-11133,PROMOTION,2018-05-12,11561,15676,15676,0
EMP-11305,HIRE,2018-05-12,,القاهره المعادي,15523,0
EMP-15195,PROMOTION,2018-05-13,11289,18323,18323,0
EMP-13553,HIRE,2018-05-13,,التجمع,15467,0
EMP-15797,HIRE,2018-05-14,,الاسكندرية سموحة,17899,0
EMP-11545,TERMINATION,2018-05-14,ACTIVE,Resignation,16125,1
EMP-13243,PROMOTION,2018-05-14,10684,13150,13150,0
EMP-11782,HIRE,2018-05-14,,فرع المعادي,8680,0
EMP-13402,HIRE,2018-05-15,,فرع المعادي,19498,0
EMP-15730,HIRE,2018-05-15,,بورسعيد - الشرق,13540,0
EMP-11283,TERMINATION,2018-05-15,ACTIVE,Resignation,12430,1
EMP-10062,TERMINATION,2018-05-15,ACTIVE,Resignation,16330,1
EMP-11790,TRANSFER,2018-05-16,فرع المعادي,فرع المعادي,7667,0
EMP-15815,HIRE,2018-05-17,,الدقي,8218,0
EMP-14681,HIRE,2018-05-17,,الإسكندرية - سموحة,10846,0
EMP-12766,TRANSFER,2018-05-18,التجمع,سموحة,8875,0
EMP-16623,HIRE,2018-05-18,,القاهره المعادي,18068,0
EMP-10576,HIRE,2018-05-18,,الاسكندرية سموحة,19521,0
EMP-10358,PROMOTION,2018-05-19,15247,19496,19496,0
EMP-11061,HIRE,2018-05-19,,القاهرة - التجمع الخامس,7920,0
EMP-15485,HIRE,2018-05-19,,فرع المعادي,9124,0
EMP-13058,HIRE,2018-05-20,,الجيزة - الدقي,16179,0
EMP-11119,HIRE,2018-05-20,,فرع المعادي,8358,0
EMP-14018,HIRE,2018-05-20,,سموحة,9638,0
EMP-13995,HIRE,2018-05-21,,بورسعيد,9735,0
EMP-12354,HIRE,2018-05-21,,التجمع,13209,0
EMP-14376,HIRE,2018-05-22,,القاهرة - التجمع الخامس,17104,0
EMP-16093,HIRE,2018-05-22,,الإسكندرية - سموحة,19847,0
EMP-12713,HIRE,2018-05-22,,بورسعيد,16858,0
EMP-11911,PROMOTION,2018-05-22,22914,30138,30138,0
EMP-15118,PROMOTION,2018-05-23,13009,20840,20840,0
EMP-10326,HIRE,2018-05-23,,الاسكندرية سموحة,8981,0
EMP-12207,HIRE,2018-05-24,,بورسعيد - الشرق,13456,0
EMP-15412,PROMOTION,2018-05-24,8579,11518,11518,0
EMP-16240,HIRE,2018-05-24,,الإسكندرية - سموحة,19877,0
EMP-15398,HIRE,2018-05-24,,التجمع,19081,0
EMP-16337,TERMINATION,2018-05-24,ACTIVE,Resignation,8736,1
EMP-10710,PROMOTION,2018-05-25,14155,19780,19780,0
EMP-14350,HIRE,2018-05-25,,القاهرة - التجمع الخامس,8521,0
EMP-15538,TERMINATION,2018-05-26,ACTIVE,Fired,17268,1
EMP-13610,HIRE,2018-05-26,,بورسعيد,13590,0
EMP-12581,HIRE,2018-05-27,,القاهرة - التجمع الخامس,12826,0
EMP-10582,PROMOTION,2018-05-27,17000,19956,19956,0
EMP-14344,HIRE,2018-05-27,,فرع المعادي,15855,0
EMP-15907,HIRE,2018-05-27,,الجيزة - الدقي,7903,0
EMP-12134,HIRE,2018-05-27,,فرع المعادي,16231,0
EMP-13428,HIRE,2018-05-27,,بورسعيد - الشرق,19609,0
EMP-13249,TERMINATION,2018-05-28,ACTIVE,Relocation,13875,1
EMP-16224,HIRE,2018-05-29,,الدقي,16930,0
EMP-16202,HIRE,2018-05-30,,بورسعيد - الشرق,16224,0
EMP-10345,HIRE,2018-05-30,,القاهرة - المعادي,7999,0
EMP-16619,HIRE,2018-05-30,,الجيزة - الدقي,9689,0
EMP-15040,HIRE,2018-05-31,,الإسكندرية - سموحة,15784,0
EMP-14982,HIRE,2018-05-31,,القاهرة - المعادي,9878,0
EMP-10584,HIRE,2018-05-31,,سموحة,13574,0
EMP-11229,HIRE,2018-06-01,,الاسكندرية سموحة,13858,0
EMP-11018,HIRE,2018-06-01,,بورسعيد,10557,0
EMP-12112,TERMINATION,2018-06-01,ACTIVE,NULL,16178,1
EMP-11879,TRANSFER,2018-06-02,القاهرة - المعادي,فرع المعادي,12396,0
EMP-13832,HIRE,2018-06-02,,الجيزة - الدقي,12045,0
EMP-13511,HIRE,2018-06-02,,الدقي,10543,0
EMP-10088,TERMINATION,2018-06-03,ACTIVE,Fired,10691,1
EMP-13782,HIRE,2018-06-03,,فرع المعادي,14407,0
EMP-13629,HIRE,2018-06-03,,الإسكندرية - سموحة,16250,0
EMP-10334,HIRE,2018-06-04,,بورسعيد,17761,0
EMP-10392,HIRE,2018-06-04,,الدقي,8375,0
EMP-16977,HIRE,2018-06-04,,الدقي,11907,0
EMP-15601,HIRE,2018-06-05,,القاهرة - التجمع الخامس,19151,0
EMP-13293,HIRE,2018-06-06,,القاهرة - المعادي,16578,0
EMP-11807,HIRE,2018-06-06,,الدقي,12041,0
EMP-11655,HIRE,2018-06-06,,التجمع,8278,0
EMP-11238,TRANSFER,2018-06-06,الإسكندرية - سموحة,بورسعيد - الشرق,12648,0
EMP-14282,HIRE,2018-06-07,,الدقي,15026,0
EMP-16876,HIRE,2018-06-07,,الاسكندرية سموحة,12808,0
EMP-11569,PROMOTION,2018-06-08,13021,19186,19186,0
EMP-10482,HIRE,2018-06-08,,الإسكندرية - سموحة,9870,0
EMP-12784,HIRE,2018-06-08,,القاهرة - المعادي,18439,0
EMP-12902,HIRE,2018-06-09,,القاهرة - المعادي,18272,0
EMP-10255,HIRE,2018-06-09,,الدقي,13797,0
EMP-12053,HIRE,2018-06-09,,التجمع,17917,0
EMP-12530,HIRE,2018-06-10,,القاهره المعادي,7614,0
EMP-11959,HIRE,2018-06-10,,التجمع,17397,0
EMP-13662,HIRE,2018-06-10,,بورسعيد - الشرق,8852,0
EMP-15407,HIRE,2018-06-10,,فرع المعادي,17339,0
EMP-11728,HIRE,2018-06-10,,بورسعيد - الشرق,11090,0
EMP-13662,HIRE,2018-06-10,,بورسعيد - الشرق,8852,0
EMP-11685,PROMOTION,2018-06-11,17101,23590,23590,0
EMP-13846,PROMOTION,2018-06-11,12235,16353,16353,0
EMP-14814,HIRE,2018-06-11,,الجيزة - الدقي,12950,0
EMP-16133,HIRE,2018-06-11,,الاسكندرية سموحة,7177,0
EMP-10601,TERMINATION,2018-06-12,ACTIVE,Fired,15921,1
EMP-11154,HIRE,2018-06-12,,الجيزة - الدقي,13963,0
EMP-13429,HIRE,2018-06-12,,الجيزة - الدقي,13863,0
EMP-11415,HIRE,2018-06-13,,سموحة,11975,0
EMP-15846,HIRE,2018-06-13,,القاهرة - التجمع الخامس,15540,0
EMP-16239,HIRE,2018-06-14,,التجمع,14085,0
EMP-11839,TRANSFER,2018-06-14,بورسعيد - الشرق,فرع المعادي,7513,0
EMP-12482,PROMOTION,2018-06-15,9648,14005,14005,0
EMP-12191,HIRE,2018-06-15,,القاهرة - التجمع الخامس,18602,0
EMP-11122,HIRE,2018-06-16,,القاهره المعادي,7908,0
EMP-11201,HIRE,2018-06-16,,القاهرة - التجمع الخامس,10245,0
EMP-12087,HIRE,2018-06-16,,الإسكندرية - سموحة,19946,0
EMP-10880,HIRE,2018-06-17,,القاهره المعادي,9910,0
EMP-10883,TERMINATION,2018-06-17,ACTIVE,Fired,7076,1
EMP-13202,PROMOTION,2018-06-17,8221,12216,12216,0
EMP-11389,HIRE,2018-06-18,,بورسعيد - الشرق,13591,0
EMP-16050,HIRE,2018-06-18,,القاهرة - المعادي,19086,0
EMP-12803,HIRE,2018-06-20,,الدقي,14894,0
EMP-10764,TRANSFER,2018-06-20,القاهرة - التجمع الخامس,سموحة,16276,0
EMP-12316,HIRE,2018-06-20,,بورسعيد,19695,0
EMP-13856,HIRE,2018-06-20,,القاهرة - المعادي,13880,0
EMP-14393,HIRE,2018-06-20,,التجمع,11614,0
EMP-12946,HIRE,2018-06-21,,الإسكندرية - سموحة,15332,0
EMP-15333,HIRE,2018-06-21,,بورسعيد,10472,0
EMP-11240,PROMOTION,2018-06-22,13285,20740,20740,0
EMP-12432,HIRE,2018-06-22,,القاهره المعادي,16180,0
EMP-16867,HIRE,2018-06-22,,الإسكندرية - سموحة,15946,0
EMP-12696,HIRE,2018-06-22,,بورسعيد,10678,0
EMP-12084,HIRE,2018-06-23,,بورسعيد,19836,0
EMP-13732,TRANSFER,2018-06-23,سموحة,الاسكندرية سموحة,12650,0
EMP-15391,PROMOTION,2018-06-23,9025,13129,13129,0
EMP-12681,HIRE,2018-06-23,,الدقي,13551,0
EMP-15219,HIRE,2018-06-23,,الدقي,17250,0
EMP-15044,PROMOTION,2018-06-23,11855,16191,16191,0
EMP-14151,HIRE,2018-06-24,,سموحة,8116,0
EMP-11847,TRANSFER,2018-06-24,الدقي,القاهره المعادي,11225,0
EMP-12522,HIRE,2018-06-24,,الاسكندرية سموحة,19910,0
EMP-10689,TERMINATION,2018-06-24,ACTIVE,Resignation,19314,1
EMP-10464,TERMINATION,2018-06-24,ACTIVE,Resignation,18297,1
EMP-15164,PROMOTION,2018-06-24,8944,11000,11000,0
EMP-15071,HIRE,2018-06-25,,الإسكندرية - سموحة,13579,0
EMP-14451,HIRE,2018-06-25,,القاهره المعادي,13434,0
EMP-11385,HIRE,2018-06-25,,القاهره المعادي,19886,0
EMP-16860,HIRE,2018-06-25,,الجيزة - الدقي,9778,0
EMP-16973,HIRE,2018-06-26,,الدقي,19577,0
EMP-13300,HIRE,2018-06-26,,الاسكندرية سموحة,12383,0
EMP-14717,HIRE,2018-06-26,,الإسكندرية - سموحة,18098,0
EMP-16739,HIRE,2018-06-26,,الاسكندرية سموحة,7916,0
EMP-13909,PROMOTION,2018-06-26,13452,21157,21157,0
EMP-10995,HIRE,2018-06-26,,بورسعيد,19155,0
EMP-10959,HIRE,2018-06-28,,سموحة,7020,0
EMP-15758,HIRE,2018-06-28,,سموحة,8557,0
EMP-14067,HIRE,2018-06-28,,القاهرة - التجمع الخامس,18506,0
EMP-14461,HIRE,2018-06-29,,بورسعيد - الشرق,17238,0
EMP-14822,HIRE,2018-06-29,,بورسعيد - الشرق,18861,0
EMP-16545,HIRE,2018-06-30,,القاهرة - التجمع الخامس,11974,0
EMP-12173,PROMOTION,2018-06-30,18790,25645,25645,0
EMP-10731,HIRE,2018-07-01,,التجمع,19237,0
EMP-14297,HIRE,2018-07-01,,سموحة,14271,0
EMP-12015,TRANSFER,2018-07-01,فرع المعادي,القاهرة - التجمع الخامس,9885,0
EMP-11163,PROMOTION,2018-07-01,8536,12984,12984,0
EMP-10352,HIRE,2018-07-02,,القاهرة - التجمع الخامس,13657,0
EMP-10851,TRANSFER,2018-07-02,فرع المعادي,التجمع,10787,0
EMP-13107,HIRE,2018-07-02,,الدقي,8470,0
EMP-11917,HIRE,2018-07-02,,بورسعيد,11548,0
EMP-16005,TRANSFER,2018-07-02,القاهرة - المعادي,التجمع,11908,0
EMP-14792,PROMOTION,2018-07-02,15883,20231,20231,0
EMP-16291,HIRE,2018-07-02,,القاهرة - التجمع الخامس,18565,0
EMP-13988,HIRE,2018-07-02,,الإسكندرية - سموحة,9312,0
EMP-11456,TRANSFER,2018-07-03,الاسكندرية سموحة,الدقي,9811,0
EMP-14698,HIRE,2018-07-04,,القاهرة - التجمع الخامس,11887,0
EMP-12049,HIRE,2018-07-04,,الدقي,13887,0
EMP-13927,HIRE,2018-07-04,,بورسعيد - الشرق,17426,0
EMP-16605,PROMOTION,2018-07-05,14502,18188,18188,0
EMP-11853,HIRE,2018-07-06,,سموحة,19019,0
EMP-15979,TERMINATION,2018-07-06,ACTIVE,Fired,17041,1
EMP-12016,HIRE,2018-07-07,,القاهرة - التجمع الخامس,14345,0
EMP-16994,HIRE,2018-07-07,,القاهرة - المعادي,18679,0
EMP-14483,HIRE,2018-07-07,,القاهرة - المعادي,19635,0
EMP-12804,HIRE,2018-07-08,,الدقي,12641,0
EMP-11731,HIRE,2018-07-08,,القاهرة - المعادي,19505,0
EMP-10935,HIRE,2018-07-08,,الإسكندرية - سموحة,15160,0
EMP-15368,HIRE,2018-07-09,,القاهرة - التجمع الخامس,12654,0
EMP-10860,HIRE,2018-07-09,,بورسعيد,17669,0
EMP-11448,HIRE,2018-07-10,,الاسكندرية سموحة,15011,0
EMP-10476,TRANSFER,2018-07-10,القاهرة - التجمع الخامس,فرع المعادي,10263,0
EMP-16690,HIRE,2018-07-10,,الدقي,16309,0
EMP-10625,HIRE,2018-07-10,,بورسعيد - الشرق,12161,0
EMP-11892,HIRE,2018-07-10,,بورسعيد,16074,0
EMP-16569,HIRE,2018-07-10,,الجيزة - الدقي,11120,0
EMP-10149,PROMOTION,2018-07-10,9356,15548,15548,0
EMP-13596,HIRE,2018-07-10,,الإسكندرية - سموحة,17962,0
EMP-11305,PROMOTION,2018-07-11,15523,21533,21533,0
EMP-15307,PROMOTION,2018-07-11,13002,19229,19229,0
EMP-12497,HIRE,2018-07-11,,التجمع,10098,0
EMP-15693,HIRE,2018-07-11,,التجمع,9184,0
EMP-11443,PROMOTION,2018-07-12,11994,16153,16153,0
EMP-12052,HIRE,2018-07-12,,بورسعيد - الشرق,8021,0
EMP-16444,HIRE,2018-07-13,,فرع المعادي,14909,0
EMP-10135,HIRE,2018-07-13,,القاهرة - التجمع الخامس,16376,0
EMP-11572,HIRE,2018-07-14,,القاهرة - المعادي,10655,0
EMP-16515,HIRE,2018-07-14,,التجمع,13774,0
EMP-14356,HIRE,2018-07-15,,سموحة,9701,0
EMP-15664,HIRE,2018-07-15,,فرع المعادي,12631,0
EMP-13547,HIRE,2018-07-15,,بورسعيد,14439,0
EMP-13929,HIRE,2018-07-15,,فرع المعادي,18635,0
EMP-13531,HIRE,2018-07-15,,الإسكندرية - سموحة,10785,0
EMP-12304,PROMOTION,2018-07-15,10829,14668,14668,0
EMP-13478,HIRE,2018-07-15,,فرع المعادي,19068,0
EMP-13064,HIRE,2018-07-15,,القاهرة - المعادي,18562,0
EMP-16134,HIRE,2018-07-16,,فرع المعادي,13742,0
EMP-14362,PROMOTION,2018-07-16,8132,14730,14730,0
EMP-14738,HIRE,2018-07-17,,التجمع,18861,0
EMP-11947,HIRE,2018-07-17,,الدقي,8060,0
EMP-16495,HIRE,2018-07-18,,بورسعيد - الشرق,16120,0
EMP-11771,HIRE,2018-07-18,,الاسكندرية سموحة,7501,0
EMP-11328,HIRE,2018-07-19,,الدقي,17051,0
EMP-16980,HIRE,2018-07-19,,فرع المعادي,12017,0
EMP-16193,HIRE,2018-07-20,,الدقي,10649,0
EMP-12100,TRANSFER,2018-07-20,الجيزة - الدقي,الاسكندرية سموحة,13906,0
EMP-13284,HIRE,2018-07-20,,التجمع,16719,0
EMP-14039,TRANSFER,2018-07-20,القاهره المعادي,الاسكندرية سموحة,10695,0
EMP-12295,HIRE,2018-07-21,,الاسكندرية سموحة,12625,0
EMP-11810,HIRE,2018-07-21,,بورسعيد - الشرق,15990,0
EMP-12618,TRANSFER,2018-07-22,التجمع,بورسعيد,10678,0
EMP-15532,HIRE,2018-07-22,,الإسكندرية - سموحة,18237,0
EMP-13979,HIRE,2018-07-22,,الاسكندرية سموحة,13193,0
EMP-16899,HIRE,2018-07-22,,بورسعيد,10717,0
EMP-13821,HIRE,2018-07-23,,التجمع,17181,0
EMP-16851,HIRE,2018-07-24,,الدقي,8061,0
EMP-14802,HIRE,2018-07-24,,القاهره المعادي,17585,0
EMP-13875,HIRE,2018-07-24,,فرع المعادي,10369,0
EMP-11386,TRANSFER,2018-07-26,الجيزة - الدقي,القاهره المعادي,10107,0
EMP-16107,PROMOTION,2018-07-26,13391,17749,17749,0
EMP-11038,PROMOTION,2018-07-27,13406,15807,15807,0
EMP-16095,HIRE,2018-07-27,,سموحة,15856,0
EMP-15728,HIRE,2018-07-27,,القاهرة - المعادي,18486,0
EMP-10204,TERMINATION,2018-07-28,ACTIVE,Fired,15487,1
EMP-15237,HIRE,2018-07-28,,القاهره المعادي,19151,0
EMP-13529,HIRE,2018-07-28,,فرع المعادي,16881,0
EMP-10876,HIRE,2018-07-29,,فرع المعادي,11076,0
EMP-16401,HIRE,2018-07-29,,سموحة,14117,0
EMP-11884,HIRE,2018-07-29,,بورسعيد,18952,0
EMP-14151,TERMINATION,2018-07-29,ACTIVE,NULL,8116,1
EMP-10516,TRANSFER,2018-07-29,بورسعيد - الشرق,فرع المعادي,15913,0
EMP-14409,HIRE,2018-07-30,,فرع المعادي,12529,0
EMP-13779,HIRE,2018-07-31,,الإسكندرية - سموحة,13906,0
EMP-14973,HIRE,2018-07-31,,التجمع,12542,0
EMP-10547,HIRE,2018-07-31,,التجمع,16670,0
EMP-16996,HIRE,2018-07-31,,الاسكندرية سموحة,8770,0
EMP-16418,PROMOTION,2018-08-01,15596,21430,21430,0
EMP-11962,HIRE,2018-08-01,,الاسكندرية سموحة,7328,0
EMP-14552,TRANSFER,2018-08-01,القاهرة - المعادي,بورسعيد,17378,0
EMP-10336,TRANSFER,2018-08-02,فرع المعادي,القاهرة - المعادي,16086,0
EMP-16887,TRANSFER,2018-08-03,فرع المعادي,سموحة,16337,0
EMP-12833,HIRE,2018-08-04,,الاسكندرية سموحة,16863,0
EMP-16912,PROMOTION,2018-08-04,8067,10657,10657,0
EMP-14313,TRANSFER,2018-08-05,القاهرة - المعادي,الاسكندرية سموحة,10374,0
EMP-15579,TRANSFER,2018-08-05,الاسكندرية سموحة,القاهرة - التجمع الخامس,18816,0
EMP-11461,HIRE,2018-08-05,,القاهره المعادي,17779,0
EMP-11461,HIRE,2018-08-05,,القاهره المعادي,17779,0
EMP-11706,HIRE,2018-08-06,,فرع المعادي,15463,0
EMP-15403,HIRE,2018-08-06,,الجيزة - الدقي,12864,0
EMP-11559,HIRE,2018-08-06,,فرع المعادي,9755,0
EMP-12847,HIRE,2018-08-07,,الاسكندرية سموحة,14596,0
EMP-16699,TRANSFER,2018-08-07,القاهره المعادي,التجمع,17208,0
EMP-10466,HIRE,2018-08-07,,سموحة,18937,0
EMP-13133,HIRE,2018-08-07,,فرع المعادي,8083,0
EMP-14915,PROMOTION,2018-08-07,8478,14546,14546,0
EMP-16248,PROMOTION,2018-08-08,19715,25990,25990,0
EMP-14661,TRANSFER,2018-08-08,الاسكندرية سموحة,الجيزة - الدقي,13875,0
EMP-16367,TERMINATION,2018-08-08,ACTIVE,Relocation,12763,1
EMP-10319,HIRE,2018-08-08,,القاهرة - التجمع الخامس,18339,0
EMP-16829,HIRE,2018-08-08,,فرع المعادي,18717,0
EMP-13837,HIRE,2018-08-09,,الاسكندرية سموحة,16965,0
EMP-13904,TRANSFER,2018-08-09,الإسكندرية - سموحة,التجمع,11032,0
EMP-14211,HIRE,2018-08-09,,القاهره المعادي,16611,0
EMP-10863,HIRE,2018-08-10,,التجمع,14347,0
EMP-11114,HIRE,2018-08-11,,الجيزة - الدقي,16752,0
EMP-12494,HIRE,2018-08-11,,بورسعيد - الشرق,13736,0
EMP-16763,HIRE,2018-08-11,,القاهرة - المعادي,8080,0
EMP-13720,HIRE,2018-08-12,,القاهرة - المعادي,17391,0
EMP-13434,HIRE,2018-08-12,,القاهره المعادي,18760,0
EMP-16620,HIRE,2018-08-12,,القاهرة - المعادي,17267,0
EMP-11499,PROMOTION,2018-08-12,11498,16684,16684,0
EMP-15492,HIRE,2018-08-13,,القاهرة - التجمع الخامس,16333,0
EMP-15849,TRANSFER,2018-08-13,فرع المعادي,سموحة,13699,0
EMP-14062,HIRE,2018-08-14,,بورسعيد - الشرق,13508,0
EMP-11495,HIRE,2018-08-14,,بورسعيد - الشرق,17868,0
EMP-14104,HIRE,2018-08-14,,التجمع,18380,0
EMP-14670,HIRE,2018-08-14,,الدقي,12871,0
EMP-15889,HIRE,2018-08-14,,القاهرة - التجمع الخامس,18742,0
EMP-14966,PROMOTION,2018-08-14,18942,24507,24507,0
EMP-11936,HIRE,2018-08-14,,الاسكندرية سموحة,8774,0
EMP-10909,HIRE,2018-08-14,,الإسكندرية - سموحة,16331,0
EMP-10758,PROMOTION,2018-08-15,9335,12567,12567,0
EMP-16489,PROMOTION,2018-08-15,15671,18743,18743,0
EMP-11229,TRANSFER,2018-08-15,الاسكندرية سموحة,بورسعيد,13858,0
EMP-12583,HIRE,2018-08-15,,الاسكندرية سموحة,7553,0
EMP-16061,HIRE,2018-08-15,,القاهرة - التجمع الخامس,18014,0
EMP-10818,HIRE,2018-08-15,,القاهرة - المعادي,18041,0
EMP-10326,PROMOTION,2018-08-16,8981,11127,11127,0
EMP-11206,TERMINATION,2018-08-16,ACTIVE,Relocation,7888,1
EMP-14553,HIRE,2018-08-16,,القاهرة - التجمع الخامس,10814,0
EMP-14428,HIRE,2018-08-16,,الجيزة - الدقي,8534,0
EMP-13617,HIRE,2018-08-17,,سموحة,12500,0
EMP-11389,PROMOTION,2018-08-17,13591,18710,18710,0
EMP-16737,PROMOTION,2018-08-17,13690,19658,19658,0
EMP-13213,HIRE,2018-08-17,,الاسكندرية سموحة,18470,0
EMP-10829,HIRE,2018-08-18,,القاهره المعادي,11669,0
EMP-12172,HIRE,2018-08-18,,بورسعيد - الشرق,9202,0
EMP-11913,TRANSFER,2018-08-18,الإسكندرية - سموحة,القاهرة - التجمع الخامس,17098,0
EMP-12040,TRANSFER,2018-08-18,سموحة,القاهره المعادي,13215,0
EMP-13764,HIRE,2018-08-18,,الدقي,9763,0
EMP-13752,HIRE,2018-08-18,,الإسكندرية - سموحة,13502,0
EMP-13071,HIRE,2018-08-19,,بورسعيد,19382,0
EMP-13766,TRANSFER,2018-08-19,القاهرة - المعادي,الجيزة - الدقي,16015,0
EMP-11277,HIRE,2018-08-20,,القاهرة - التجمع الخامس,15031,0
EMP-10527,HIRE,2018-08-20,,الدقي,16336,0
EMP-14800,PROMOTION,2018-08-20,15352,19528,19528,0
EMP-11218,TERMINATION,2018-08-20,ACTIVE,Relocation,16600,1
EMP-16997,HIRE,2018-08-21,,الجيزة - الدقي,7637,0
EMP-16862,HIRE,2018-08-21,,الإسكندرية - سموحة,11224,0
EMP-12487,HIRE,2018-08-23,,فرع المعادي,12684,0
EMP-11080,HIRE,2018-08-23,,القاهرة - التجمع الخامس,18871,0
EMP-16010,HIRE,2018-08-23,,التجمع,15911,0
EMP-11735,HIRE,2018-08-24,,الجيزة - الدقي,10792,0
EMP-15097,HIRE,2018-08-25,,فرع المعادي,7718,0
EMP-10471,HIRE,2018-08-25,,الإسكندرية - سموحة,19551,0
EMP-12447,TRANSFER,2018-08-26,الجيزة - الدقي,الجيزة - الدقي,19540,0
EMP-15184,HIRE,2018-08-26,,الاسكندرية سموحة,19893,0
EMP-13681,HIRE,2018-08-27,,سموحة,14545,0
EMP-14453,PROMOTION,2018-08-27,14886,20967,20967,0
EMP-13610,TRANSFER,2018-08-27,بورسعيد,التجمع,13590,0
EMP-14752,TERMINATION,2018-08-27,ACTIVE,Fired,11856,1
EMP-13998,HIRE,2018-08-27,,فرع المعادي,9495,0
EMP-12117,HIRE,2018-08-27,,سموحة,8458,0
EMP-13847,HIRE,2018-08-27,,القاهرة - المعادي,7401,0
EMP-15811,HIRE,2018-08-28,,الدقي,10218,0
EMP-12426,HIRE,2018-08-28,,القاهره المعادي,7971,0
EMP-10491,PROMOTION,2018-08-29,7506,11140,11140,0
EMP-10640,HIRE,2018-08-29,,القاهرة - المعادي,17694,0
EMP-10911,TERMINATION,2018-08-29,ACTIVE,Fired,11441,1
EMP-14841,HIRE,2018-08-30,,القاهرة - التجمع الخامس,19726,0
EMP-12514,HIRE,2018-08-30,,الإسكندرية - سموحة,9283,0
EMP-13849,PROMOTION,2018-08-30,16538,22642,22642,0
EMP-13138,HIRE,2018-08-31,,التجمع,16357,0
EMP-14663,HIRE,2018-08-31,,التجمع,14682,0
EMP-14414,HIRE,2018-08-31,,فرع المعادي,10009,0
EMP-12227,PROMOTION,2018-08-31,18730,23826,23826,0
EMP-14517,HIRE,2018-09-01,,الدقي,13192,0
EMP-11284,PROMOTION,2018-09-01,18712,24411,24411,0
EMP-13955,HIRE,2018-09-01,,فرع المعادي,13070,0
EMP-11646,HIRE,2018-09-02,,التجمع,17410,0
EMP-13821,TRANSFER,2018-09-03,التجمع,القاهرة - التجمع الخامس,17181,0
EMP-13471,HIRE,2018-09-03,,التجمع,12301,0
EMP-13783,HIRE,2018-09-03,,سموحة,15899,0
EMP-12558,HIRE,2018-09-03,,القاهرة - التجمع الخامس,8949,0
EMP-11876,HIRE,2018-09-03,,القاهرة - التجمع الخامس,11099,0
EMP-14917,HIRE,2018-09-04,,بورسعيد - الشرق,18754,0
EMP-15534,HIRE,2018-09-04,,الجيزة - الدقي,18356,0
EMP-13176,HIRE,2018-09-04,,الاسكندرية سموحة,9261,0
EMP-14677,HIRE,2018-09-05,,فرع المعادي,18518,0
EMP-11869,TRANSFER,2018-09-05,سموحة,الإسكندرية - سموحة,10722,0
EMP-16257,HIRE,2018-09-05,,التجمع,14461,0
EMP-14956,HIRE,2018-09-05,,التجمع,8286,0
EMP-13478,TRANSFER,2018-09-06,فرع المعادي,القاهرة - التجمع الخامس,19068,0
EMP-14585,HIRE,2018-09-06,,الإسكندرية - سموحة,16526,0
EMP-12267,TRANSFER,2018-09-06,الاسكندرية سموحة,الاسكندرية سموحة,9399,0
EMP-12676,HIRE,2018-09-07,,الإسكندرية - سموحة,17002,0
EMP-15737,HIRE,2018-09-07,,الإسكندرية - سموحة,12706,0
EMP-14798,HIRE,2018-09-07,,الإسكندرية - سموحة,10990,0
EMP-12006,HIRE,2018-09-07,,بورسعيد,18939,0
EMP-15844,TRANSFER,2018-09-08,بورسعيد - الشرق,الإسكندرية - سموحة,9484,0
EMP-15858,PROMOTION,2018-09-08,9763,15165,15165,0
EMP-13470,PROMOTION,2018-09-08,21957,25541,25541,0
EMP-14444,TRANSFER,2018-09-08,بورسعيد - الشرق,الاسكندرية سموحة,9046,0
EMP-11805,TRANSFER,2018-09-09,القاهرة - التجمع الخامس,الاسكندرية سموحة,19705,0
EMP-14253,HIRE,2018-09-09,,بورسعيد,10510,0
EMP-10721,TRANSFER,2018-09-09,الجيزة - الدقي,الجيزة - الدقي,12017,0
EMP-15009,HIRE,2018-09-09,,بورسعيد - الشرق,19162,0
EMP-15034,HIRE,2018-09-10,,فرع المعادي,18146,0
EMP-14377,HIRE,2018-09-10,,القاهره المعادي,10777,0
EMP-16373,PROMOTION,2018-09-10,12099,17215,17215,0
EMP-15807,PROMOTION,2018-09-10,17273,19441,19441,0
EMP-10528,PROMOTION,2018-09-11,7542,15449,15449,0
EMP-11210,TERMINATION,2018-09-12,ACTIVE,Relocation,14385,1
EMP-14630,HIRE,2018-09-13,,الاسكندرية سموحة,15409,0
EMP-14319,HIRE,2018-09-13,,الدقي,7688,0
EMP-14508,HIRE,2018-09-13,,التجمع,14381,0
EMP-11246,HIRE,2018-09-13,,سموحة,19721,0
EMP-11082,HIRE,2018-09-14,,الاسكندرية سموحة,19145,0
EMP-11782,TRANSFER,2018-09-14,فرع المعادي,الاسكندرية سموحة,8680,0
EMP-16443,HIRE,2018-09-15,,فرع المعادي,14999,0
EMP-15637,HIRE,2018-09-15,,الجيزة - الدقي,19663,0
EMP-12748,HIRE,2018-09-15,,الدقي,9519,0
EMP-12748,HIRE,2018-09-15,,الدقي,9519,0
EMP-12916,HIRE,2018-09-15,,فرع المعادي,12978,0
EMP-12381,PROMOTION,2018-09-15,17025,19876,19876,0
EMP-12199,HIRE,2018-09-17,,الجيزة - الدقي,12805,0
EMP-13884,PROMOTION,2018-09-17,12697,18347,18347,0
EMP-11358,HIRE,2018-09-17,,القاهره المعادي,19963,0
EMP-15131,TRANSFER,2018-09-17,فرع المعادي,بورسعيد - الشرق,17513,0
EMP-12346,HIRE,2018-09-18,,فرع المعادي,14347,0
EMP-13306,TRANSFER,2018-09-18,الاسكندرية سموحة,الدقي,15110,0
EMP-14509,HIRE,2018-09-18,,سموحة,12705,0
EMP-14355,HIRE,2018-09-19,,الاسكندرية سموحة,18571,0
EMP-14840,HIRE,2018-09-19,,بورسعيد - الشرق,17667,0
EMP-15168,HIRE,2018-09-19,,بورسعيد - الشرق,8408,0
EMP-11850,HIRE,2018-09-19,,سموحة,12066,0
EMP-16041,HIRE,2018-09-19,,الدقي,18674,0
EMP-16737,TRANSFER,2018-09-20,التجمع,القاهرة - التجمع الخامس,19658,0
EMP-14595,HIRE,2018-09-20,,القاهرة - المعادي,7244,0
EMP-11446,HIRE,2018-09-22,,فرع المعادي,13320,0
EMP-16072,HIRE,2018-09-22,,سموحة,19172,0
EMP-14709,HIRE,2018-09-23,,الدقي,19514,0
EMP-12033,HIRE,2018-09-24,,سموحة,8617,0
EMP-10063,HIRE,2018-09-25,,الجيزة - الدقي,11373,0
EMP-15734,TRANSFER,2018-09-25,الدقي,الاسكندرية سموحة,14585,0
EMP-13548,HIRE,2018-09-25,,الاسكندرية سموحة,19823,0
EMP-12982,HIRE,2018-09-25,,فرع المعادي,18884,0
EMP-11604,HIRE,2018-09-26,,الاسكندرية سموحة,9291,0
EMP-15350,HIRE,2018-09-26,,التجمع,15148,0
EMP-14216,HIRE,2018-09-26,,بورسعيد,8698,0
EMP-11666,HIRE,2018-09-27,,فرع المعادي,11613,0
EMP-11981,HIRE,2018-09-27,,بورسعيد,11175,0
EMP-12900,PROMOTION,2018-09-27,12079,15550,15550,0
EMP-12449,HIRE,2018-09-27,,الاسكندرية سموحة,17032,0
EMP-15404,HIRE,2018-09-28,,التجمع,13803,0
EMP-13135,HIRE,2018-09-28,,الدقي,18733,0
EMP-12279,HIRE,2018-09-28,,بورسعيد - الشرق,10758,0
EMP-14222,HIRE,2018-09-28,,التجمع,15664,0
EMP-13941,HIRE,2018-09-28,,الجيزة - الدقي,8618,0
EMP-12354,TRANSFER,2018-09-28,التجمع,بورسعيد,13209,0
EMP-16535,HIRE,2018-09-28,,فرع المعادي,18569,0
EMP-14765,HIRE,2018-09-29,,الجيزة - الدقي,18392,0
EMP-16117,HIRE,2018-09-29,,الدقي,9105,0
EMP-11323,HIRE,2018-09-30,,القاهره المعادي,10396,0
EMP-12667,PROMOTION,2018-09-30,12171,17010,17010,0
EMP-10608,TRANSFER,2018-09-30,الاسكندرية سموحة,بورسعيد - الشرق,8299,0
EMP-14751,HIRE,2018-09-30,,سموحة,7974,0
EMP-10519,HIRE,2018-09-30,,الإسكندرية - سموحة,11549,0
EMP-14259,HIRE,2018-09-30,,الاسكندرية سموحة,18455,0
EMP-14153,PROMOTION,2018-10-01,13149,18518,18518,0
EMP-11762,TERMINATION,2018-10-01,ACTIVE,Resignation,18966,1
EMP-11966,HIRE,2018-10-02,,الدقي,17525,0
EMP-12137,HIRE,2018-10-02,,بورسعيد - الشرق,15601,0
EMP-16164,HIRE,2018-10-02,,بورسعيد - الشرق,15112,0
EMP-10248,HIRE,2018-10-02,,بورسعيد - الشرق,18379,0
EMP-14252,TERMINATION,2018-10-03,ACTIVE,Relocation,17443,1
EMP-14505,HIRE,2018-10-03,,بورسعيد - الشرق,12688,0
EMP-10401,HIRE,2018-10-03,,الاسكندرية سموحة,13701,0
EMP-14401,HIRE,2018-10-03,,الجيزة - الدقي,7637,0
EMP-14505,HIRE,2018-10-03,,بورسعيد - الشرق,12688,0
EMP-14241,HIRE,2018-10-03,,القاهرة - التجمع الخامس,10937,0
EMP-12689,HIRE,2018-10-04,,بورسعيد,13091,0
EMP-15324,HIRE,2018-10-04,,القاهرة - المعادي,11176,0
EMP-13850,HIRE,2018-10-05,,فرع المعادي,10299,0
EMP-15750,TERMINATION,2018-10-05,ACTIVE,Fired,12732,1
EMP-14297,PROMOTION,2018-10-06,14271,17437,17437,0
EMP-14638,HIRE,2018-10-06,,القاهرة - المعادي,13197,0
EMP-11773,HIRE,2018-10-07,,الدقي,7984,0
EMP-11209,HIRE,2018-10-07,,بورسعيد - الشرق,9582,0
EMP-14678,HIRE,2018-10-08,,القاهرة - المعادي,16588,0
EMP-11050,HIRE,2018-10-08,,بورسعيد - الشرق,15791,0
EMP-16067,HIRE,2018-10-08,,سموحة,7779,0
EMP-10892,TERMINATION,2018-10-09,ACTIVE,NULL,18079,1
EMP-13019,HIRE,2018-10-09,,القاهره المعادي,13939,0
EMP-16813,TERMINATION,2018-10-09,ACTIVE,Relocation,9427,1
EMP-15737,TRANSFER,2018-10-09,الإسكندرية - سموحة,التجمع,12706,0
EMP-10256,HIRE,2018-10-10,,الإسكندرية - سموحة,14172,0
EMP-12928,HIRE,2018-10-10,,القاهره المعادي,14625,0
EMP-10256,HIRE,2018-10-10,,الإسكندرية - سموحة,14172,0
EMP-13936,HIRE,2018-10-11,,الاسكندرية سموحة,8137,0
EMP-10057,HIRE,2018-10-11,,القاهره المعادي,15668,0
EMP-10821,HIRE,2018-10-11,,الاسكندرية سموحة,10425,0
EMP-13716,TRANSFER,2018-10-11,الجيزة - الدقي,القاهره المعادي,8877,0
EMP-14253,TERMINATION,2018-10-11,ACTIVE,Resignation,10510,1
EMP-12500,HIRE,2018-10-12,,القاهرة - المعادي,14439,0
EMP-11513,PROMOTION,2018-10-13,10723,13013,13013,0
EMP-16434,HIRE,2018-10-13,,بورسعيد - الشرق,19317,0
EMP-10957,HIRE,2018-10-14,,القاهره المعادي,13005,0
EMP-15303,HIRE,2018-10-14,,بورسعيد,19109,0
EMP-13833,TRANSFER,2018-10-14,التجمع,سموحة,8461,0
EMP-14658,TRANSFER,2018-10-15,الاسكندرية سموحة,سموحة,13980,0
EMP-10471,TRANSFER,2018-10-15,الإسكندرية - سموحة,بورسعيد,19551,0
EMP-14844,HIRE,2018-10-15,,الاسكندرية سموحة,16368,0
EMP-12065,PROMOTION,2018-10-16,18400,24030,24030,0
EMP-12348,HIRE,2018-10-16,,بورسعيد,11741,0
EMP-13434,TRANSFER,2018-10-16,القاهره المعادي,بورسعيد - الشرق,18760,0
EMP-10262,TERMINATION,2018-10-17,ACTIVE,Resignation,18989,1
EMP-11325,HIRE,2018-10-17,,القاهرة - التجمع الخامس,18763,0
EMP-13478,TRANSFER,2018-10-17,القاهرة - التجمع الخامس,بورسعيد - الشرق,19068,0
EMP-10810,HIRE,2018-10-17,,القاهرة - التجمع الخامس,18524,0
EMP-11423,TRANSFER,2018-10-17,بورسعيد,سموحة,14049,0
EMP-14163,HIRE,2018-10-18,,القاهرة - التجمع الخامس,15405,0
EMP-11018,TERMINATION,2018-10-18,ACTIVE,Fired,10557,1
EMP-12847,TRANSFER,2018-10-20,الاسكندرية سموحة,بورسعيد - الشرق,14596,0
EMP-13767,PROMOTION,2018-10-20,16633,22487,22487,0
EMP-16979,HIRE,2018-10-21,,القاهره المعادي,18049,0
EMP-14966,TERMINATION,2018-10-21,ACTIVE,Relocation,24507,1
EMP-13291,HIRE,2018-10-21,,بورسعيد,17796,0
EMP-16500,HIRE,2018-10-21,,القاهره المعادي,13704,0
EMP-10003,HIRE,2018-10-22,,سموحة,8455,0
EMP-12978,HIRE,2018-10-22,,بورسعيد,12582,0
EMP-14319,PROMOTION,2018-10-22,7688,10200,10200,0
EMP-10474,HIRE,2018-10-23,,الدقي,18421,0
EMP-15330,HIRE,2018-10-24,,القاهرة - المعادي,14219,0
EMP-14694,HIRE,2018-10-24,,القاهره المعادي,15584,0
EMP-16425,HIRE,2018-10-24,,القاهره المعادي,16254,0
EMP-16704,HIRE,2018-10-24,,القاهره المعادي,18127,0
EMP-10923,TERMINATION,2018-10-25,ACTIVE,Fired,16620,1
EMP-10381,HIRE,2018-10-26,,القاهره المعادي,19136,0
EMP-14887,TRANSFER,2018-10-27,التجمع,بورسعيد - الشرق,16733,0
EMP-16109,HIRE,2018-10-27,,فرع المعادي,11428,0
EMP-15099,HIRE,2018-10-27,,القاهره المعادي,10256,0
EMP-16767,HIRE,2018-10-28,,القاهرة - المعادي,8017,0
EMP-16344,TRANSFER,2018-10-28,الإسكندرية - سموحة,التجمع,14385,0
EMP-10798,HIRE,2018-10-28,,الإسكندرية - سموحة,17311,0
EMP-16767,HIRE,2018-10-28,,القاهرة - المعادي,8017,0
EMP-15407,TRANSFER,2018-10-28,فرع المعادي,التجمع,17339,0
EMP-10620,TRANSFER,2018-10-29,التجمع,القاهرة - التجمع الخامس,17907,0
EMP-16633,HIRE,2018-10-29,,القاهره المعادي,19028,0
EMP-13290,HIRE,2018-10-29,,القاهرة - التجمع الخامس,16790,0
EMP-15921,HIRE,2018-10-30,,الاسكندرية سموحة,9726,0
EMP-16647,TRANSFER,2018-10-30,فرع المعادي,الإسكندرية - سموحة,12074,0
EMP-13020,HIRE,2018-10-30,,الجيزة - الدقي,13933,0
EMP-11978,HIRE,2018-10-30,,الإسكندرية - سموحة,18121,0
EMP-11178,HIRE,2018-10-31,,فرع المعادي,13011,0
EMP-16240,TRANSFER,2018-10-31,الإسكندرية - سموحة,بورسعيد,19877,0
EMP-13835,HIRE,2018-10-31,,الاسكندرية سموحة,10630,0
EMP-12759,HIRE,2018-10-31,,الدقي,17286,0
EMP-12748,TRANSFER,2018-11-01,الدقي,التجمع,9519,0
EMP-13526,HIRE,2018-11-02,,القاهرة - التجمع الخامس,13304,0
EMP-13743,HIRE,2018-11-02,,سموحة,17155,0
EMP-15243,PROMOTION,2018-11-03,19783,25441,25441,0
EMP-16158,HIRE,2018-11-03,,الاسكندرية سموحة,13455,0
EMP-10947,HIRE,2018-11-04,,بورسعيد,18984,0
EMP-10038,HIRE,2018-11-04,,سموحة,15118,0
EMP-13052,PROMOTION,2018-11-04,10087,14282,14282,0
EMP-16580,TRANSFER,2018-11-04,فرع المعادي,الدقي,7708,0
EMP-14753,HIRE,2018-11-05,,سموحة,9681,0
EMP-10416,HIRE,2018-11-05,,بورسعيد - الشرق,10765,0
EMP-16890,HIRE,2018-11-05,,بورسعيد,15860,0
EMP-12901,HIRE,2018-11-05,,فرع المعادي,12894,0
EMP-11854,HIRE,2018-11-06,,بورسعيد - الشرق,15769,0
EMP-15059,HIRE,2018-11-07,,القاهره المعادي,15655,0
EMP-10415,HIRE,2018-11-07,,بورسعيد - الشرق,14173,0
EMP-15625,HIRE,2018-11-07,,بورسعيد - الشرق,16357,0
EMP-13473,TRANSFER,2018-11-08,الاسكندرية سموحة,القاهره المعادي,22801,0
EMP-11790,TERMINATION,2018-11-08,ACTIVE,Resignation,7667,1
EMP-12645,PROMOTION,2018-11-08,8647,13629,13629,0
EMP-14254,TRANSFER,2018-11-08,الإسكندرية - سموحة,سموحة,7136,0
EMP-11284,TERMINATION,2018-11-09,ACTIVE,Resignation,24411,1
EMP-11295,HIRE,2018-11-09,,الجيزة - الدقي,14271,0
EMP-13820,HIRE,2018-11-09,,الدقي,15733,0
EMP-10198,HIRE,2018-11-09,,فرع المعادي,11742,0
EMP-13545,HIRE,2018-11-09,,الجيزة - الدقي,11254,0
EMP-10187,PROMOTION,2018-11-09,15005,18501,18501,0
EMP-12937,PROMOTION,2018-11-09,10243,16004,16004,0
EMP-10680,PROMOTION,2018-11-10,12455,19180,19180,0
EMP-12106,HIRE,2018-11-10,,بورسعيد - الشرق,8587,0
EMP-14031,TERMINATION,2018-11-10,ACTIVE,Fired,17215,1
EMP-15311,HIRE,2018-11-10,,الجيزة - الدقي,14841,0
EMP-12587,TRANSFER,2018-11-11,الجيزة - الدقي,الإسكندرية - سموحة,12872,0
EMP-15335,TRANSFER,2018-11-11,سموحة,الإسكندرية - سموحة,17087,0
EMP-13192,HIRE,2018-11-12,,بورسعيد - الشرق,9039,0
EMP-11379,HIRE,2018-11-12,,القاهرة - التجمع الخامس,18367,0
EMP-16871,TERMINATION,2018-11-12,ACTIVE,Relocation,14080,1
EMP-12854,TRANSFER,2018-11-13,الدقي,الاسكندرية سموحة,12159,0
EMP-12899,PROMOTION,2018-11-13,19589,25847,25847,0
EMP-15554,HIRE,2018-11-13,,بورسعيد,7629,0
EMP-11166,HIRE,2018-11-13,,القاهرة - التجمع الخامس,12158,0
EMP-15445,HIRE,2018-11-13,,بورسعيد - الشرق,9294,0
EMP-13233,HIRE,2018-11-13,,الجيزة - الدقي,13059,0
EMP-11829,TRANSFER,2018-11-14,القاهره المعادي,القاهرة - المعادي,8009,0
EMP-12196,TRANSFER,2018-11-14,سموحة,القاهره المعادي,17946,0
EMP-11244,HIRE,2018-11-15,,فرع المعادي,18525,0
EMP-13928,PROMOTION,2018-11-15,7633,11555,11555,0
EMP-15592,HIRE,2018-11-15,,التجمع,9410,0
EMP-10519,PROMOTION,2018-11-15,11549,18609,18609,0
EMP-15123,HIRE,2018-11-16,,القاهرة - المعادي,8047,0
EMP-10717,HIRE,2018-11-17,,الدقي,18176,0
EMP-10640,PROMOTION,2018-11-17,17694,20911,20911,0
EMP-12327,HIRE,2018-11-17,,القاهرة - المعادي,16416,0
EMP-15544,HIRE,2018-11-17,,الإسكندرية - سموحة,16593,0
EMP-15544,HIRE,2018-11-17,,الإسكندرية - سموحة,16593,0
EMP-14925,HIRE,2018-11-18,,بورسعيد - الشرق,9452,0
EMP-11083,TRANSFER,2018-11-18,بورسعيد - الشرق,القاهرة - التجمع الخامس,19332,0
EMP-15035,PROMOTION,2018-11-18,10730,13666,13666,0
EMP-15678,HIRE,2018-11-19,,الدقي,7829,0
EMP-14891,HIRE,2018-11-19,,بورسعيد - الشرق,17087,0
EMP-16412,TRANSFER,2018-11-19,الإسكندرية - سموحة,الدقي,9331,0
EMP-12466,HIRE,2018-11-20,,بورسعيد - الشرق,15963,0
EMP-12913,HIRE,2018-11-20,,القاهرة - التجمع الخامس,19418,0
EMP-14643,HIRE,2018-11-20,,سموحة,8268,0
EMP-15888,HIRE,2018-11-20,,سموحة,18873,0
EMP-11328,PROMOTION,2018-11-20,17051,20597,20597,0
EMP-14417,HIRE,2018-11-21,,القاهرة - التجمع الخامس,7124,0
EMP-15926,HIRE,2018-11-22,,الجيزة - الدقي,19747,0
EMP-15165,HIRE,2018-11-23,,القاهرة - التجمع الخامس,19869,0
EMP-16655,HIRE,2018-11-23,,بورسعيد,11865,0
EMP-11527,HIRE,2018-11-23,,سموحة,15460,0
EMP-11478,TERMINATION,2018-11-24,ACTIVE,Resignation,9042,1
EMP-12803,TRANSFER,2018-11-24,الدقي,الجيزة - الدقي,14894,0
EMP-11549,HIRE,2018-11-24,,فرع المعادي,11744,0
EMP-14099,HIRE,2018-11-24,,القاهرة - التجمع الخامس,16150,0
EMP-10376,HIRE,2018-11-24,,الدقي,18981,0
EMP-11787,TRANSFER,2018-11-25,القاهرة - المعادي,القاهرة - التجمع الخامس,19982,0
EMP-10941,TERMINATION,2018-11-25,ACTIVE,Relocation,17957,1
EMP-15886,HIRE,2018-11-26,,القاهرة - المعادي,8893,0
EMP-16476,HIRE,2018-11-26,,الدقي,14194,0
EMP-12252,HIRE,2018-11-26,,القاهرة - التجمع الخامس,17633,0
EMP-16807,HIRE,2018-11-26,,القاهره المعادي,12525,0
EMP-13029,HIRE,2018-11-26,,بورسعيد - الشرق,7752,0
EMP-12717,HIRE,2018-11-26,,بورسعيد,10251,0
EMP-13918,TERMINATION,2018-11-27,ACTIVE,Resignation,7970,1
EMP-12319,HIRE,2018-11-27,,بورسعيد - الشرق,10785,0
EMP-11115,HIRE,2018-11-27,,التجمع,19433,0
EMP-14317,HIRE,2018-11-27,,سموحة,13240,0
EMP-14905,HIRE,2018-11-27,,فرع المعادي,9300,0
EMP-16614,HIRE,2018-11-27,,الاسكندرية سموحة,18223,0
EMP-10671,HIRE,2018-11-28,,سموحة,15542,0
EMP-16170,HIRE,2018-11-28,,الاسكندرية سموحة,14579,0
EMP-13410,PROMOTION,2018-11-28,13699,17152,17152,0
EMP-10137,HIRE,2018-11-28,,بورسعيد,8891,0
EMP-15155,PROMOTION,2018-11-28,11064,18872,18872,0
EMP-16480,HIRE,2018-11-29,,الإسكندرية - سموحة,12416,0
EMP-11331,HIRE,2018-11-29,,التجمع,16495,0
EMP-14258,HIRE,2018-11-29,,الجيزة - الدقي,8408,0
EMP-10258,HIRE,2018-11-29,,الجيزة - الدقي,8537,0
EMP-12583,TRANSFER,2018-11-30,الاسكندرية سموحة,القاهرة - التجمع الخامس,7553,0
EMP-13407,HIRE,2018-11-30,,فرع المعادي,7320,0
EMP-14661,TERMINATION,2018-11-30,ACTIVE,NULL,13875,1
EMP-13591,HIRE,2018-12-01,,الجيزة - الدقي,7147,0
EMP-14350,PROMOTION,2018-12-01,8521,14234,14234,0
EMP-13171,HIRE,2018-12-01,,القاهرة - المعادي,14698,0
EMP-16332,HIRE,2018-12-01,,الاسكندرية سموحة,12009,0
EMP-10385,HIRE,2018-12-01,,الدقي,8805,0
EMP-13666,HIRE,2018-12-02,,الدقي,9841,0
EMP-14482,HIRE,2018-12-02,,بورسعيد,13491,0
EMP-14564,HIRE,2018-12-03,,القاهرة - التجمع الخامس,7937,0
EMP-13293,TERMINATION,2018-12-03,ACTIVE,Fired,16578,1
EMP-12461,HIRE,2018-12-03,,بورسعيد,7048,0
EMP-15504,HIRE,2018-12-03,,الجيزة - الدقي,19316,0
EMP-11925,HIRE,2018-12-04,,الدقي,12448,0
EMP-15904,PROMOTION,2018-12-05,16698,21576,21576,0
EMP-11205,HIRE,2018-12-05,,بورسعيد,15205,0
EMP-11077,PROMOTION,2018-12-05,14454,22426,22426,0
EMP-15647,TRANSFER,2018-12-05,بورسعيد - الشرق,القاهرة - التجمع الخامس,17002,0
EMP-16851,TRANSFER,2018-12-05,الدقي,فرع المعادي,8061,0
EMP-16515,TRANSFER,2018-12-06,التجمع,الدقي,13774,0
EMP-12172,TERMINATION,2018-12-06,ACTIVE,Relocation,9202,1
EMP-12504,HIRE,2018-12-07,,الاسكندرية سموحة,10738,0
EMP-12504,HIRE,2018-12-07,,الاسكندرية سموحة,10738,0
EMP-11054,HIRE,2018-12-07,,الإسكندرية - سموحة,10289,0
EMP-14790,TERMINATION,2018-12-08,ACTIVE,Resignation,12116,1
EMP-16278,HIRE,2018-12-08,,القاهرة - التجمع الخامس,18381,0
EMP-13536,HIRE,2018-12-08,,القاهرة - التجمع الخامس,19013,0
EMP-11425,HIRE,2018-12-08,,سموحة,13821,0
EMP-11498,PROMOTION,2018-12-08,12077,16569,16569,0
EMP-14375,PROMOTION,2018-12-09,9467,14156,14156,0
EMP-15631,TRANSFER,2018-12-09,فرع المعادي,القاهره المعادي,16693,0
EMP-15348,TERMINATION,2018-12-11,ACTIVE,Fired,18888,1
EMP-13923,TRANSFER,2018-12-11,الإسكندرية - سموحة,فرع المعادي,14903,0
EMP-11192,HIRE,2018-12-13,,التجمع,13819,0
EMP-12974,HIRE,2018-12-13,,بورسعيد - الشرق,14400,0
EMP-15036,HIRE,2018-12-13,,سموحة,16582,0
EMP-10750,HIRE,2018-12-14,,فرع المعادي,9280,0
EMP-12502,PROMOTION,2018-12-15,13840,17999,17999,0
EMP-15635,HIRE,2018-12-15,,التجمع,9658,0
EMP-15154,HIRE,2018-12-15,,القاهره المعادي,11616,0
EMP-14841,TRANSFER,2018-12-16,القاهرة - التجمع الخامس,الاسكندرية سموحة,19726,0
EMP-12116,PROMOTION,2018-12-17,17092,23157,23157,0
EMP-15627,HIRE,2018-12-18,,بورسعيد,10715,0
EMP-10937,HIRE,2018-12-18,,الاسكندرية سموحة,16968,0
EMP-15610,HIRE,2018-12-18,,القاهرة - المعادي,14729,0
EMP-11729,HIRE,2018-12-19,,الجيزة - الدقي,9319,0
EMP-13565,HIRE,2018-12-19,,الجيزة - الدقي,11078,0
EMP-11799,TERMINATION,2018-12-19,ACTIVE,Resignation,16052,1
EMP-11813,HIRE,2018-12-20,,سموحة,10954,0
EMP-16015,PROMOTION,2018-12-20,9158,12418,12418,0
EMP-14155,TRANSFER,2018-12-20,الجيزة - الدقي,القاهرة - المعادي,8613,0
EMP-13574,HIRE,2018-12-21,,التجمع,13270,0
EMP-15984,HIRE,2018-12-21,,الإسكندرية - سموحة,9626,0
EMP-12997,HIRE,2018-12-21,,القاهرة - التجمع الخامس,10743,0
EMP-14710,HIRE,2018-12-21,,التجمع,19979,0
EMP-13866,HIRE,2018-12-22,,بورسعيد - الشرق,7741,0
EMP-11884,PROMOTION,2018-12-22,18952,25277,25277,0
EMP-13015,PROMOTION,2018-12-22,8954,11386,11386,0
EMP-14630,PROMOTION,2018-12-23,15409,19684,19684,0
EMP-10016,HIRE,2018-12-23,,القاهرة - المعادي,7198,0
EMP-16908,HIRE,2018-12-24,,بورسعيد,15947,0
EMP-14901,HIRE,2018-12-24,,الإسكندرية - سموحة,7123,0
EMP-16884,HIRE,2018-12-24,,بورسعيد,9238,0
EMP-13369,HIRE,2018-12-24,,التجمع,19268,0
EMP-15466,PROMOTION,2018-12-25,19187,25465,25465,0
EMP-10182,HIRE,2018-12-25,,القاهرة - التجمع الخامس,12309,0
EMP-13059,HIRE,2018-12-25,,فرع المعادي,19062,0
EMP-12340,HIRE,2018-12-26,,الاسكندرية سموحة,8320,0
EMP-14518,HIRE,2018-12-26,,القاهره المعادي,11058,0
EMP-11804,HIRE,2018-12-26,,بورسعيد - الشرق,19184,0
EMP-10659,HIRE,2018-12-26,,القاهرة - التجمع الخامس,18838,0
EMP-14531,HIRE,2018-12-26,,الإسكندرية - سموحة,9932,0
EMP-12981,HIRE,2018-12-26,,الاسكندرية سموحة,18858,0
EMP-12263,TRANSFER,2018-12-26,القاهره المعادي,بورسعيد - الشرق,11728,0
EMP-16194,TERMINATION,2018-12-27,ACTIVE,Fired,7257,1
EMP-14698,TRANSFER,2018-12-27,القاهرة - التجمع الخامس,الدقي,11887,0
EMP-16270,HIRE,2018-12-27,,بورسعيد - الشرق,7772,0
EMP-12221,HIRE,2018-12-28,,سموحة,15066,0
EMP-13146,HIRE,2018-12-28,,القاهره المعادي,12880,0
EMP-12856,PROMOTION,2018-12-29,8994,16209,16209,0
EMP-15242,TERMINATION,2018-12-29,ACTIVE,Fired,14162,1
EMP-16808,TRANSFER,2018-12-30,بورسعيد,القاهرة - التجمع الخامس,13849,0
EMP-10113,HIRE,2018-12-30,,الاسكندرية سموحة,17616,0
EMP-10481,HIRE,2018-12-30,,القاهرة - المعادي,7253,0
EMP-14210,PROMOTION,2018-12-30,17753,21843,21843,0
EMP-13795,PROMOTION,2018-12-30,13630,20658,20658,0
EMP-16826,HIRE,2018-12-31,,سموحة,17147,0
EMP-10334,TRANSFER,2018-12-31,بورسعيد,التجمع,17761,0
EMP-14403,HIRE,2018-12-31,,سموحة,9093,0
EMP-12428,HIRE,2019-01-01,,الاسكندرية سموحة,13637,0
EMP-16727,HIRE,2019-01-01,,الإسكندرية - سموحة,16605,0
EMP-15087,HIRE,2019-01-01,,سموحة,15050,0
EMP-11493,TRANSFER,2019-01-02,القاهره المعادي,الإسكندرية - سموحة,16888,0
EMP-10116,HIRE,2019-01-02,,القاهرة - المعادي,14568,0
EMP-15664,PROMOTION,2019-01-02,12631,20601,20601,0
EMP-11467,HIRE,2019-01-02,,القاهرة - التجمع الخامس,9024,0
EMP-15746,HIRE,2019-01-02,,بورسعيد,12031,0
EMP-12782,HIRE,2019-01-02,,الدقي,16248,0
EMP-10672,TRANSFER,2019-01-02,الإسكندرية - سموحة,سموحة,13956,0
EMP-14160,HIRE,2019-01-03,,القاهرة - التجمع الخامس,11842,0
EMP-11133,TRANSFER,2019-01-03,بورسعيد,الاسكندرية سموحة,15676,0
EMP-13678,HIRE,2019-01-03,,سموحة,15506,0
EMP-14641,HIRE,2019-01-03,,الجيزة - الدقي,13531,0
EMP-16404,HIRE,2019-01-03,,الجيزة - الدقي,17239,0
EMP-16119,HIRE,2019-01-03,,الجيزة - الدقي,9904,0
EMP-15097,TERMINATION,2019-01-04,ACTIVE,Fired,7718,1
EMP-12769,HIRE,2019-01-04,,القاهرة - المعادي,11104,0
EMP-14879,HIRE,2019-01-04,,سموحة,12019,0
EMP-15013,HIRE,2019-01-04,,الدقي,15119,0
EMP-16512,HIRE,2019-01-04,,التجمع,15566,0
EMP-16182,TRANSFER,2019-01-04,القاهره المعادي,سموحة,14536,0
EMP-12084,TRANSFER,2019-01-05,بورسعيد,القاهره المعادي,19836,0
EMP-11360,HIRE,2019-01-05,,القاهرة - التجمع الخامس,8504,0
EMP-15063,PROMOTION,2019-01-05,16215,22290,22290,0
EMP-16495,TERMINATION,2019-01-05,ACTIVE,NULL,16120,1
EMP-15489,HIRE,2019-01-05,,القاهرة - التجمع الخامس,16910,0
EMP-10486,HIRE,2019-01-05,,الاسكندرية سموحة,7324,0
EMP-11638,HIRE,2019-01-05,,الدقي,10490,0
EMP-15077,PROMOTION,2019-01-06,19241,24008,24008,0
EMP-13590,HIRE,2019-01-06,,الدقي,15958,0
EMP-10497,HIRE,2019-01-07,,التجمع,12788,0
EMP-10132,TRANSFER,2019-01-08,فرع المعادي,الجيزة - الدقي,7098,0
EMP-15388,HIRE,2019-01-08,,الاسكندرية سموحة,17732,0
EMP-13889,TRANSFER,2019-01-08,القاهرة - التجمع الخامس,الدقي,19729,0
EMP-15435,HIRE,2019-01-09,,القاهره المعادي,10199,0
EMP-11357,HIRE,2019-01-09,,فرع المعادي,9330,0
EMP-13886,PROMOTION,2019-01-10,18038,25068,25068,0
EMP-12958,HIRE,2019-01-10,,الدقي,17588,0
EMP-15740,TRANSFER,2019-01-11,الاسكندرية سموحة,الجيزة - الدقي,15176,0
EMP-14149,HIRE,2019-01-11,,الإسكندرية - سموحة,7333,0
EMP-16431,PROMOTION,2019-01-11,11969,18117,18117,0
EMP-14211,TRANSFER,2019-01-11,القاهره المعادي,القاهره المعادي,16611,0
EMP-12273,HIRE,2019-01-11,,الاسكندرية سموحة,7174,0
EMP-14285,HIRE,2019-01-11,,القاهرة - المعادي,17715,0
EMP-13832,TRANSFER,2019-01-12,الجيزة - الدقي,الإسكندرية - سموحة,12045,0
EMP-13179,HIRE,2019-01-12,,بورسعيد - الشرق,11836,0
EMP-12817,HIRE,2019-01-12,,الجيزة - الدقي,18314,0
EMP-11624,HIRE,2019-01-13,,القاهره المعادي,16998,0
EMP-11624,HIRE,2019-01-13,,القاهره المعادي,16998,0
EMP-13927,PROMOTION,2019-01-13,17426,22552,22552,0
EMP-16141,HIRE,2019-01-14,,الإسكندرية - سموحة,14838,0
EMP-11558,HIRE,2019-01-14,,الجيزة - الدقي,13230,0
EMP-10209,HIRE,2019-01-14,,الإسكندرية - سموحة,19198,0
EMP-15796,HIRE,2019-01-15,,بورسعيد,12345,0
EMP-14570,HIRE,2019-01-15,,الإسكندرية - سموحة,14997,0
EMP-16943,PROMOTION,2019-01-15,14937,21288,21288,0
EMP-13429,TRANSFER,2019-01-15,الجيزة - الدقي,التجمع,13863,0
EMP-10281,PROMOTION,2019-01-15,18170,25632,25632,0
EMP-14545,HIRE,2019-01-16,,بورسعيد - الشرق,8329,0
EMP-16280,TRANSFER,2019-01-16,بورسعيد,الاسكندرية سموحة,13381,0
EMP-11042,TRANSFER,2019-01-16,الاسكندرية سموحة,القاهرة - المعادي,7064,0
EMP-11626,HIRE,2019-01-16,,الاسكندرية سموحة,12866,0
EMP-13797,HIRE,2019-01-17,,الاسكندرية سموحة,7466,0
EMP-10108,HIRE,2019-01-17,,سموحة,17259,0
EMP-13367,HIRE,2019-01-17,,بورسعيد,14679,0
EMP-16052,PROMOTION,2019-01-17,18256,25089,25089,0
EMP-15306,HIRE,2019-01-17,,بورسعيد - الشرق,12046,0
EMP-14130,HIRE,2019-01-17,,الجيزة - الدقي,8181,0
EMP-16434,PROMOTION,2019-01-18,19317,23072,23072,0
EMP-13398,HIRE,2019-01-18,,فرع المعادي,10709,0
EMP-13142,HIRE,2019-01-18,,الجيزة - الدقي,11851,0
EMP-12276,TRANSFER,2019-01-18,الجيزة - الدقي,الدقي,7213,0
EMP-13200,HIRE,2019-01-18,,بورسعيد,19348,0
EMP-13640,HIRE,2019-01-18,,القاهرة - التجمع الخامس,16898,0
EMP-16602,HIRE,2019-01-19,,بورسعيد - الشرق,11644,0
EMP-13629,TRANSFER,2019-01-19,الإسكندرية - سموحة,الإسكندرية - سموحة,16250,0
EMP-15250,HIRE,2019-01-20,,بورسعيد - الشرق,7875,0
EMP-11576,HIRE,2019-01-20,,القاهرة - المعادي,17524,0
EMP-10099,HIRE,2019-01-20,,بورسعيد,10271,0
EMP-12305,HIRE,2019-01-20,,القاهرة - المعادي,18353,0
EMP-10530,TERMINATION,2019-01-20,ACTIVE,Relocation,11723,1
EMP-16499,HIRE,2019-01-20,,الإسكندرية - سموحة,7194,0
EMP-15526,TERMINATION,2019-01-21,ACTIVE,Relocation,17476,1
EMP-15678,TERMINATION,2019-01-21,ACTIVE,Resignation,7829,1
EMP-16519,PROMOTION,2019-01-21,13032,15175,15175,0
EMP-10079,HIRE,2019-01-22,,الإسكندرية - سموحة,17009,0
EMP-14190,HIRE,2019-01-22,,الإسكندرية - سموحة,10650,0
EMP-16079,HIRE,2019-01-22,,الدقي,18885,0
EMP-10742,HIRE,2019-01-22,,الجيزة - الدقي,11518,0
EMP-16786,TERMINATION,2019-01-22,ACTIVE,Resignation,15180,1
EMP-11897,HIRE,2019-01-22,,بورسعيد,16788,0
EMP-16331,HIRE,2019-01-23,,القاهرة - التجمع الخامس,11214,0
EMP-16036,HIRE,2019-01-23,,بورسعيد - الشرق,11568,0
EMP-12443,TRANSFER,2019-01-23,القاهرة - المعادي,القاهره المعادي,7711,0
EMP-13407,TRANSFER,2019-01-23,فرع المعادي,القاهره المعادي,7320,0
EMP-11960,TRANSFER,2019-01-23,الدقي,القاهرة - التجمع الخامس,7713,0
EMP-14856,HIRE,2019-01-23,,الدقي,19652,0
EMP-14197,HIRE,2019-01-23,,الإسكندرية - سموحة,18279,0
EMP-10363,HIRE,2019-01-24,,القاهره المعادي,16225,0
EMP-10527,TRANSFER,2019-01-24,الدقي,التجمع,16336,0
EMP-16401,TRANSFER,2019-01-24,سموحة,بورسعيد,14117,0
EMP-15258,HIRE,2019-01-24,,الاسكندرية سموحة,9737,0
EMP-15899,TRANSFER,2019-01-24,سموحة,سموحة,17057,0
EMP-14361,HIRE,2019-01-24,,الجيزة - الدقي,12292,0
EMP-13913,HIRE,2019-01-24,,الاسكندرية سموحة,14344,0
EMP-13284,PROMOTION,2019-01-24,16719,19074,19074,0
EMP-12216,HIRE,2019-01-25,,التجمع,11840,0
EMP-10594,HIRE,2019-01-25,,القاهرة - التجمع الخامس,8008,0
EMP-15088,HIRE,2019-01-25,,القاهرة - المعادي,13884,0
EMP-10028,PROMOTION,2019-01-25,9405,13577,13577,0
EMP-15159,HIRE,2019-01-26,,سموحة,11655,0
EMP-12768,HIRE,2019-01-26,,فرع المعادي,15049,0
EMP-16299,HIRE,2019-01-26,,الاسكندرية سموحة,19747,0
EMP-11416,TRANSFER,2019-01-27,فرع المعادي,القاهرة - المعادي,13726,0
EMP-14956,TRANSFER,2019-01-27,التجمع,التجمع,8286,0
EMP-13946,PROMOTION,2019-01-27,16461,23247,23247,0
EMP-15034,TRANSFER,2019-01-27,فرع المعادي,سموحة,18146,0
EMP-10217,HIRE,2019-01-27,,بورسعيد - الشرق,17234,0
EMP-11442,PROMOTION,2019-01-28,7451,11630,11630,0
EMP-10720,PROMOTION,2019-01-28,17157,19269,19269,0
EMP-13998,TRANSFER,2019-01-28,فرع المعادي,القاهره المعادي,9495,0
EMP-16541,HIRE,2019-01-28,,الدقي,12363,0
EMP-10562,HIRE,2019-01-28,,القاهرة - التجمع الخامس,9324,0
EMP-16113,PROMOTION,2019-01-29,7969,12977,12977,0
EMP-15598,HIRE,2019-01-29,,الإسكندرية - سموحة,16417,0
EMP-16023,HIRE,2019-01-30,,القاهرة - التجمع الخامس,7611,0
EMP-12812,HIRE,2019-01-30,,الإسكندرية - سموحة,10240,0
EMP-10348,HIRE,2019-01-31,,فرع المعادي,7608,0
EMP-15789,PROMOTION,2019-01-31,22535,25721,25721,0
EMP-13067,PROMOTION,2019-01-31,23726,31683,31683,0
EMP-13655,HIRE,2019-01-31,,بورسعيد - الشرق,10805,0
EMP-12836,PROMOTION,2019-01-31,10391,14346,14346,0
EMP-16923,HIRE,2019-01-31,,القاهرة - المعادي,14841,0
EMP-15621,HIRE,2019-02-01,,سموحة,15592,0
EMP-16309,HIRE,2019-02-01,,الإسكندرية - سموحة,9004,0
EMP-13512,HIRE,2019-02-01,,فرع المعادي,18650,0
EMP-10896,HIRE,2019-02-01,,بورسعيد,9106,0
EMP-10813,HIRE,2019-02-02,,القاهرة - المعادي,17094,0
EMP-15060,HIRE,2019-02-02,,فرع المعادي,7139,0
EMP-12899,TERMINATION,2019-02-02,ACTIVE,Fired,25847,1
EMP-14417,TRANSFER,2019-02-03,القاهرة - التجمع الخامس,القاهره المعادي,7124,0
EMP-13736,HIRE,2019-02-03,,القاهرة - التجمع الخامس,9458,0
EMP-14312,PROMOTION,2019-02-03,9550,13666,13666,0
EMP-12713,PROMOTION,2019-02-04,16858,21777,21777,0
EMP-13584,HIRE,2019-02-04,,الدقي,19398,0
EMP-15790,HIRE,2019-02-04,,الجيزة - الدقي,14692,0
EMP-14985,HIRE,2019-02-04,,القاهرة - التجمع الخامس,11901,0
EMP-14798,TRANSFER,2019-02-05,الإسكندرية - سموحة,القاهرة - المعادي,10990,0
EMP-16472,HIRE,2019-02-05,,الجيزة - الدقي,7653,0
EMP-14915,PROMOTION,2019-02-05,14546,21231,21231,0
EMP-13770,HIRE,2019-02-05,,الإسكندرية - سموحة,13989,0
EMP-13298,PROMOTION,2019-02-05,9499,17306,17306,0
EMP-12741,HIRE,2019-02-05,,سموحة,13160,0
EMP-12302,HIRE,2019-02-05,,القاهره المعادي,19809,0
EMP-15784,TRANSFER,2019-02-05,التجمع,بورسعيد - الشرق,11501,0
EMP-10962,HIRE,2019-02-07,,بورسعيد,7384,0
EMP-15942,HIRE,2019-02-07,,بورسعيد - الشرق,8553,0
EMP-14816,TRANSFER,2019-02-07,بورسعيد,التجمع,12500,0
EMP-14819,TERMINATION,2019-02-07,ACTIVE,Relocation,11248,1
EMP-10772,HIRE,2019-02-07,,بورسعيد,17800,0
EMP-13459,HIRE,2019-02-07,,بورسعيد - الشرق,17076,0
EMP-10764,TERMINATION,2019-02-08,ACTIVE,Resignation,16276,1
EMP-14330,HIRE,2019-02-08,,القاهره المعادي,18798,0
EMP-11547,HIRE,2019-02-08,,فرع المعادي,13122,0
EMP-13939,HIRE,2019-02-08,,القاهره المعادي,14663,0
EMP-15353,PROMOTION,2019-02-08,11681,14893,14893,0
EMP-13048,TRANSFER,2019-02-09,سموحة,القاهره المعادي,14150,0
EMP-12967,TRANSFER,2019-02-09,بورسعيد,القاهرة - المعادي,12566,0
EMP-12285,HIRE,2019-02-09,,الاسكندرية سموحة,13750,0
EMP-10402,HIRE,2019-02-10,,الاسكندرية سموحة,18610,0
EMP-16130,HIRE,2019-02-10,,القاهرة - التجمع الخامس,7783,0
EMP-12068,TERMINATION,2019-02-10,ACTIVE,NULL,27410,1
EMP-11837,HIRE,2019-02-10,,الاسكندرية سموحة,8926,0
EMP-10753,HIRE,2019-02-11,,فرع المعادي,7122,0
EMP-10608,TERMINATION,2019-02-11,ACTIVE,Resignation,8299,1
EMP-15520,PROMOTION,2019-02-11,16951,22863,22863,0
EMP-14489,HIRE,2019-02-11,,القاهرة - التجمع الخامس,19377,0
EMP-15161,HIRE,2019-02-11,,بورسعيد,19871,0
EMP-16291,PROMOTION,2019-02-11,18565,25007,25007,0
EMP-14099,TRANSFER,2019-02-11,القاهرة - التجمع الخامس,الجيزة - الدقي,16150,0
EMP-15696,HIRE,2019-02-11,,فرع المعادي,18023,0
EMP-12029,HIRE,2019-02-12,,القاهره المعادي,11164,0
EMP-12082,HIRE,2019-02-13,,الجيزة - الدقي,14418,0
EMP-15630,PROMOTION,2019-02-13,8898,15771,15771,0
EMP-12267,TRANSFER,2019-02-13,الاسكندرية سموحة,فرع المعادي,9399,0
EMP-11671,HIRE,2019-02-13,,بورسعيد - الشرق,15062,0
EMP-10360,PROMOTION,2019-02-14,12034,19415,19415,0
EMP-14648,PROMOTION,2019-02-14,18287,24600,24600,0
EMP-12784,PROMOTION,2019-02-14,18439,21282,21282,0
EMP-16425,TRANSFER,2019-02-15,القاهره المعادي,القاهره المعادي,16254,0
EMP-15261,TRANSFER,2019-02-15,الجيزة - الدقي,الاسكندرية سموحة,7673,0
EMP-15882,HIRE,2019-02-15,,الدقي,9390,0
EMP-14389,HIRE,2019-02-15,,بورسعيد,11690,0
EMP-10533,HIRE,2019-02-15,,سموحة,10175,0
EMP-14982,TRANSFER,2019-02-15,القاهرة - المعادي,القاهره المعادي,9878,0
EMP-16936,HIRE,2019-02-16,,الجيزة - الدقي,11910,0
EMP-14156,HIRE,2019-02-16,,الإسكندرية - سموحة,14754,0
EMP-11725,TRANSFER,2019-02-17,سموحة,سموحة,16641,0
EMP-11868,HIRE,2019-02-17,,الإسكندرية - سموحة,7207,0
EMP-11894,HIRE,2019-02-17,,سموحة,19406,0
EMP-14663,PROMOTION,2019-02-17,14682,19718,19718,0
EMP-15816,HIRE,2019-02-18,,الدقي,13014,0
EMP-14866,HIRE,2019-02-19,,سموحة,8060,0
EMP-16156,HIRE,2019-02-19,,الدقي,15416,0
EMP-14577,HIRE,2019-02-19,,سموحة,18479,0
EMP-11461,TRANSFER,2019-02-19,القاهره المعادي,القاهرة - التجمع الخامس,17779,0
EMP-12053,PROMOTION,2019-02-19,17917,21615,21615,0
EMP-14409,PROMOTION,2019-02-19,12529,16941,16941,0
EMP-12454,HIRE,2019-02-19,,القاهرة - التجمع الخامس,16158,0
EMP-10662,TRANSFER,2019-02-20,التجمع,القاهرة - المعادي,15924,0
EMP-14694,TERMINATION,2019-02-20,ACTIVE,Resignation,15584,1
EMP-12523,TRANSFER,2019-02-20,بورسعيد,الدقي,17990,0
EMP-14296,HIRE,2019-02-20,,الجيزة - الدقي,15858,0
EMP-14351,TRANSFER,2019-02-21,الجيزة - الدقي,القاهرة - التجمع الخامس,21305,0
EMP-13005,HIRE,2019-02-21,,القاهره المعادي,12907,0
EMP-14508,TRANSFER,2019-02-22,التجمع,القاهره المعادي,14381,0
EMP-14249,HIRE,2019-02-22,,الجيزة - الدقي,8228,0
EMP-16514,HIRE,2019-02-22,,الاسكندرية سموحة,14479,0
EMP-14323,HIRE,2019-02-22,,الإسكندرية - سموحة,18327,0
EMP-14045,HIRE,2019-02-23,,فرع المعادي,8165,0
EMP-16478,HIRE,2019-02-23,,بورسعيد - الشرق,8124,0
EMP-16984,HIRE,2019-02-23,,الدقي,17119,0
EMP-14711,TRANSFER,2019-02-23,الجيزة - الدقي,بورسعيد,19578,0
EMP-15599,TRANSFER,2019-02-23,بورسعيد - الشرق,الجيزة - الدقي,14617,0
EMP-11969,HIRE,2019-02-24,,فرع المعادي,8360,0
EMP-14709,PROMOTION,2019-02-24,19514,23412,23412,0
EMP-13096,HIRE,2019-02-24,,بورسعيد,15042,0
EMP-15936,HIRE,2019-02-24,,الاسكندرية سموحة,12782,0
EMP-14037,HIRE,2019-02-26,,بورسعيد - الشرق,12881,0
EMP-15519,TERMINATION,2019-02-26,ACTIVE,NULL,19434,1
EMP-11103,HIRE,2019-02-26,,القاهره المعادي,18375,0
EMP-16740,HIRE,2019-02-26,,بورسعيد - الشرق,14441,0
EMP-11442,TRANSFER,2019-02-27,الإسكندرية - سموحة,الاسكندرية سموحة,11630,0
EMP-16573,HIRE,2019-02-27,,القاهرة - التجمع الخامس,9192,0
EMP-10795,TERMINATION,2019-02-27,ACTIVE,Relocation,14538,1
EMP-12613,HIRE,2019-02-27,,بورسعيد,18761,0
EMP-11131,HIRE,2019-02-27,,بورسعيد - الشرق,14667,0
EMP-13426,HIRE,2019-02-27,,الجيزة - الدقي,17155,0
EMP-13635,HIRE,2019-02-28,,بورسعيد - الشرق,14576,0
EMP-14087,HIRE,2019-02-28,,القاهره المعادي,11889,0
EMP-12705,HIRE,2019-02-28,,القاهره المعادي,12515,0
EMP-16755,PROMOTION,2019-02-28,12464,16985,16985,0
EMP-11097,HIRE,2019-02-28,,الاسكندرية سموحة,9975,0
EMP-16857,PROMOTION,2019-03-01,18220,25450,25450,0
EMP-16602,PROMOTION,2019-03-01,11644,16801,16801,0
EMP-13092,HIRE,2019-03-01,,القاهرة - التجمع الخامس,7648,0
EMP-12456,HIRE,2019-03-02,,الاسكندرية سموحة,17382,0
EMP-10182,TERMINATION,2019-03-02,ACTIVE,Resignation,12309,1
EMP-15663,HIRE,2019-03-02,,بورسعيد - الشرق,8712,0
EMP-16336,HIRE,2019-03-02,,التجمع,7934,0
EMP-11256,HIRE,2019-03-02,,القاهره المعادي,13453,0
EMP-13766,PROMOTION,2019-03-03,16015,18392,18392,0
EMP-14285,PROMOTION,2019-03-03,17715,20512,20512,0
EMP-13606,HIRE,2019-03-03,,الاسكندرية سموحة,17240,0
EMP-15149,TRANSFER,2019-03-04,فرع المعادي,سموحة,19038,0
EMP-13796,HIRE,2019-03-04,,الاسكندرية سموحة,14220,0
EMP-16744,PROMOTION,2019-03-04,10701,15504,15504,0
EMP-11546,HIRE,2019-03-05,,بورسعيد - الشرق,10163,0
EMP-12920,HIRE,2019-03-05,,القاهره المعادي,19504,0
EMP-15668,HIRE,2019-03-05,,بورسعيد,15508,0
EMP-10599,HIRE,2019-03-06,,القاهرة - التجمع الخامس,16868,0
EMP-11253,HIRE,2019-03-06,,فرع المعادي,16651,0
EMP-15609,HIRE,2019-03-07,,القاهرة - المعادي,7117,0
EMP-11597,HIRE,2019-03-07,,بورسعيد,8729,0
EMP-16863,PROMOTION,2019-03-07,8647,15012,15012,0
EMP-15556,HIRE,2019-03-07,,التجمع,17330,0
EMP-12799,TRANSFER,2019-03-07,القاهرة - التجمع الخامس,سموحة,16646,0
EMP-15879,HIRE,2019-03-07,,التجمع,15648,0
EMP-10909,PROMOTION,2019-03-08,16331,20466,20466,0
EMP-13856,TRANSFER,2019-03-08,القاهرة - المعادي,القاهره المعادي,13880,0
EMP-11338,HIRE,2019-03-08,,الاسكندرية سموحة,8016,0
EMP-16347,HIRE,2019-03-09,,القاهره المعادي,16305,0
EMP-11209,PROMOTION,2019-03-09,9582,11791,11791,0
EMP-13929,TERMINATION,2019-03-10,ACTIVE,Fired,18635,1
EMP-12629,HIRE,2019-03-10,,القاهرة - المعادي,8763,0
EMP-10839,HIRE,2019-03-10,,الدقي,13205,0
EMP-15451,TRANSFER,2019-03-10,فرع المعادي,التجمع,7704,0
EMP-14590,HIRE,2019-03-10,,الإسكندرية - سموحة,12730,0
EMP-14983,HIRE,2019-03-10,,القاهرة - المعادي,12781,0
EMP-10514,HIRE,2019-03-11,,الدقي,19020,0
EMP-10414,HIRE,2019-03-11,,الاسكندرية سموحة,8075,0
EMP-12718,HIRE,2019-03-11,,القاهرة - التجمع الخامس,17583,0
EMP-14746,HIRE,2019-03-12,,بورسعيد - الشرق,10952,0
EMP-10031,PROMOTION,2019-03-12,16710,23435,23435,0
EMP-13276,TERMINATION,2019-03-12,ACTIVE,Resignation,16200,1
EMP-14699,HIRE,2019-03-12,,القاهرة - التجمع الخامس,11003,0
EMP-16455,HIRE,2019-03-12,,الاسكندرية سموحة,17720,0
EMP-10082,HIRE,2019-03-13,,الاسكندرية سموحة,10853,0
EMP-11384,HIRE,2019-03-13,,الجيزة - الدقي,17933,0
EMP-16506,HIRE,2019-03-13,,القاهره المعادي,17552,0
EMP-15188,HIRE,2019-03-14,,القاهرة - التجمع الخامس,18804,0
EMP-15076,HIRE,2019-03-14,,الجيزة - الدقي,18797,0
EMP-11298,HIRE,2019-03-14,,سموحة,11482,0
EMP-11008,HIRE,2019-03-15,,سموحة,19044,0
EMP-11791,PROMOTION,2019-03-15,18468,25477,25477,0
EMP-12864,HIRE,2019-03-15,,فرع المعادي,7587,0
EMP-10848,HIRE,2019-03-15,,سموحة,12591,0
EMP-12061,HIRE,2019-03-16,,التجمع,11742,0
EMP-12198,HIRE,2019-03-16,,القاهرة - المعادي,8763,0
EMP-14359,TERMINATION,2019-03-17,ACTIVE,Resignation,17613,1
EMP-12485,TRANSFER,2019-03-17,القاهره المعادي,بورسعيد - الشرق,13458,0
EMP-14684,PROMOTION,2019-03-17,18073,25547,25547,0
EMP-10311,HIRE,2019-03-17,,القاهرة - المعادي,18075,0
EMP-13479,PROMOTION,2019-03-18,17476,20001,20001,0
EMP-13404,HIRE,2019-03-18,,بورسعيد - الشرق,16900,0
EMP-10657,HIRE,2019-03-18,,التجمع,16553,0
EMP-13381,TERMINATION,2019-03-18,ACTIVE,Relocation,17048,1
EMP-16113,PROMOTION,2019-03-18,12977,20729,20729,0
EMP-15412,TRANSFER,2019-03-18,الدقي,القاهرة - التجمع الخامس,11518,0
EMP-16015,TRANSFER,2019-03-19,التجمع,الجيزة - الدقي,12418,0
EMP-14676,HIRE,2019-03-19,,بورسعيد,12200,0
EMP-16350,HIRE,2019-03-19,,سموحة,8145,0
EMP-15724,HIRE,2019-03-20,,القاهرة - المعادي,9383,0
EMP-11917,TRANSFER,2019-03-20,بورسعيد,القاهرة - التجمع الخامس,11548,0
EMP-11431,PROMOTION,2019-03-20,7492,15091,15091,0
EMP-11741,TRANSFER,2019-03-21,سموحة,فرع المعادي,8977,0
EMP-16157,HIRE,2019-03-21,,الجيزة - الدقي,15605,0
EMP-16661,HIRE,2019-03-21,,التجمع,14272,0
EMP-16213,HIRE,2019-03-22,,الاسكندرية سموحة,9947,0
EMP-10163,TRANSFER,2019-03-23,الدقي,القاهرة - المعادي,15521,0
EMP-12581,PROMOTION,2019-03-23,12826,19488,19488,0
EMP-13223,PROMOTION,2019-03-23,15538,19436,19436,0
EMP-15450,HIRE,2019-03-23,,بورسعيد - الشرق,12527,0
EMP-13105,HIRE,2019-03-24,,الدقي,17664,0
EMP-15381,HIRE,2019-03-24,,القاهرة - التجمع الخامس,16100,0
EMP-10852,TRANSFER,2019-03-24,التجمع,القاهرة - المعادي,15819,0
EMP-12396,HIRE,2019-03-24,,بورسعيد,7345,0
EMP-15500,TRANSFER,2019-03-25,الاسكندرية سموحة,بورسعيد,15433,0
EMP-10158,TRANSFER,2019-03-25,القاهرة - التجمع الخامس,القاهره المعادي,12482,0
EMP-16594,HIRE,2019-03-26,,بورسعيد,16810,0
EMP-10992,PROMOTION,2019-03-27,12438,15287,15287,0
EMP-14961,PROMOTION,2019-03-27,18800,22384,22384,0
EMP-14154,HIRE,2019-03-27,,القاهرة - التجمع الخامس,17259,0
EMP-13662,TRANSFER,2019-03-27,بورسعيد - الشرق,القاهرة - المعادي,8852,0
EMP-11197,HIRE,2019-03-27,,سموحة,10561,0
EMP-15189,HIRE,2019-03-27,,الجيزة - الدقي,11544,0
EMP-16325,HIRE,2019-03-27,,سموحة,17439,0
EMP-15586,HIRE,2019-03-27,,الجيزة - الدقي,13927,0
EMP-16141,TRANSFER,2019-03-27,الإسكندرية - سموحة,الإسكندرية - سموحة,14838,0
EMP-15189,HIRE,2019-03-27,,الجيزة - الدقي,11544,0
EMP-13779,TRANSFER,2019-03-28,الإسكندرية - سموحة,سموحة,13906,0
EMP-14278,HIRE,2019-03-28,,بورسعيد - الشرق,9247,0
EMP-16489,TRANSFER,2019-03-28,الاسكندرية سموحة,القاهرة - المعادي,18743,0
EMP-12811,HIRE,2019-03-28,,التجمع,7607,0
EMP-12811,HIRE,2019-03-28,,التجمع,7607,0
EMP-12641,HIRE,2019-03-29,,الجيزة - الدقي,9943,0
EMP-12533,HIRE,2019-03-29,,الإسكندرية - سموحة,7502,0
EMP-15443,HIRE,2019-03-29,,القاهرة - التجمع الخامس,14718,0
EMP-16695,TRANSFER,2019-03-30,بورسعيد - الشرق,فرع المعادي,12923,0
EMP-14703,HIRE,2019-03-30,,الجيزة - الدقي,17540,0
EMP-13248,HIRE,2019-03-30,,الدقي,16981,0
EMP-15649,PROMOTION,2019-03-31,13720,21602,21602,0
EMP-13451,HIRE,2019-03-31,,الدقي,15308,0
EMP-12810,HIRE,2019-03-31,,الإسكندرية - سموحة,11390,0
EMP-10306,TRANSFER,2019-03-31,الإسكندرية - سموحة,بورسعيد - الشرق,14720,0
EMP-13340,PROMOTION,2019-03-31,15120,17702,17702,0
EMP-11022,HIRE,2019-03-31,,الإسكندرية - سموحة,12563,0
EMP-12124,HIRE,2019-03-31,,الإسكندرية - سموحة,7206,0
EMP-12576,PROMOTION,2019-03-31,10858,16440,16440,0
EMP-10851,PROMOTION,2019-04-01,10787,15565,15565,0
EMP-14695,PROMOTION,2019-04-01,9330,11965,11965,0
EMP-15174,HIRE,2019-04-01,,فرع المعادي,12563,0
EMP-11287,TERMINATION,2019-04-02,ACTIVE,NULL,8077,1
EMP-16030,HIRE,2019-04-02,,القاهره المعادي,9345,0
EMP-10869,HIRE,2019-04-02,,بورسعيد,17735,0
EMP-14637,HIRE,2019-04-02,,القاهرة - المعادي,18505,0
EMP-14887,PROMOTION,2019-04-02,16733,21239,21239,0
EMP-10578,TRANSFER,2019-04-03,فرع المعادي,القاهرة - المعادي,13765,0
EMP-12167,HIRE,2019-04-03,,الاسكندرية سموحة,18107,0
EMP-11730,HIRE,2019-04-04,,سموحة,19279,0
EMP-13491,HIRE,2019-04-04,,الجيزة - الدقي,12897,0
EMP-16647,PROMOTION,2019-04-05,12074,18730,18730,0
EMP-11080,TRANSFER,2019-04-05,القاهرة - التجمع الخامس,القاهرة - التجمع الخامس,18871,0
EMP-15200,HIRE,2019-04-05,,بورسعيد,7660,0
EMP-11456,TERMINATION,2019-04-05,ACTIVE,Relocation,9811,1
EMP-14342,HIRE,2019-04-05,,الاسكندرية سموحة,17084,0
EMP-14019,HIRE,2019-04-06,,الدقي,8285,0
EMP-14226,TERMINATION,2019-04-06,ACTIVE,Fired,18241,1
EMP-12134,TRANSFER,2019-04-06,فرع المعادي,سموحة,16231,0
EMP-16174,HIRE,2019-04-06,,الدقي,12703,0
EMP-11627,HIRE,2019-04-06,,التجمع,14545,0
EMP-10966,PROMOTION,2019-04-07,19477,27031,27031,0
EMP-15819,HIRE,2019-04-07,,الاسكندرية سموحة,11936,0
EMP-11093,TRANSFER,2019-04-07,الاسكندرية سموحة,الدقي,11126,0
EMP-13588,HIRE,2019-04-08,,الدقي,8900,0
EMP-11226,HIRE,2019-04-08,,القاهره المعادي,17731,0
EMP-14624,TRANSFER,2019-04-08,القاهره المعادي,الاسكندرية سموحة,11377,0
EMP-10549,HIRE,2019-04-08,,الإسكندرية - سموحة,18750,0
EMP-12289,TRANSFER,2019-04-08,الجيزة - الدقي,بورسعيد,7823,0
EMP-14496,HIRE,2019-04-09,,الاسكندرية سموحة,17928,0
EMP-16912,PROMOTION,2019-04-09,10657,17995,17995,0
EMP-16026,HIRE,2019-04-09,,فرع المعادي,15933,0
EMP-11157,HIRE,2019-04-09,,القاهرة - المعادي,10744,0
EMP-10078,HIRE,2019-04-10,,القاهرة - التجمع الخامس,9215,0
EMP-11521,HIRE,2019-04-10,,سموحة,16719,0
EMP-10631,HIRE,2019-04-10,,بورسعيد - الشرق,15922,0
EMP-11842,HIRE,2019-04-10,,الدقي,16738,0
EMP-10021,HIRE,2019-04-10,,بورسعيد - الشرق,18087,0
EMP-11016,PROMOTION,2019-04-10,11560,14600,14600,0
EMP-14540,HIRE,2019-04-10,,الجيزة - الدقي,11218,0
EMP-16721,PROMOTION,2019-04-11,12064,18732,18732,0
EMP-12148,TRANSFER,2019-04-11,الإسكندرية - سموحة,الاسكندرية سموحة,17974,0
EMP-16146,HIRE,2019-04-11,,القاهرة - المعادي,7218,0
EMP-14343,HIRE,2019-04-11,,سموحة,9238,0
EMP-15481,HIRE,2019-04-11,,التجمع,15984,0
EMP-16930,TRANSFER,2019-04-12,التجمع,التجمع,10326,0
EMP-14655,TRANSFER,2019-04-12,بورسعيد,القاهرة - التجمع الخامس,9233,0
EMP-11927,HIRE,2019-04-12,,بورسعيد,16913,0
EMP-12103,TERMINATION,2019-04-12,ACTIVE,Resignation,21605,1
EMP-14655,TRANSFER,2019-04-12,بورسعيد,القاهرة - التجمع الخامس,9233,0
EMP-12681,PROMOTION,2019-04-12,13551,17961,17961,0
EMP-15717,HIRE,2019-04-12,,سموحة,12122,0
EMP-10185,PROMOTION,2019-04-13,10234,14972,14972,0
EMP-10174,HIRE,2019-04-13,,فرع المعادي,19586,0
EMP-11965,TRANSFER,2019-04-13,القاهرة - التجمع الخامس,الجيزة - الدقي,8253,0
EMP-16347,TRANSFER,2019-04-13,القاهره المعادي,بورسعيد - الشرق,16305,0
EMP-13403,HIRE,2019-04-13,,الاسكندرية سموحة,7998,0
EMP-10023,HIRE,2019-04-14,,الدقي,14453,0
EMP-16271,PROMOTION,2019-04-14,16000,21489,21489,0
EMP-14832,HIRE,2019-04-14,,سموحة,15880,0
EMP-15601,PROMOTION,2019-04-14,19151,24410,24410,0
EMP-13909,TRANSFER,2019-04-15,الجيزة - الدقي,الجيزة - الدقي,21157,0
EMP-12021,HIRE,2019-04-15,,بورسعيد - الشرق,8142,0
EMP-12495,PROMOTION,2019-04-15,9360,16330,16330,0
EMP-14795,HIRE,2019-04-15,,الدقي,14569,0
EMP-13483,HIRE,2019-04-15,,الاسكندرية سموحة,12319,0
EMP-11635,HIRE,2019-04-15,,بورسعيد,15464,0
EMP-11453,HIRE,2019-04-16,,القاهرة - التجمع الخامس,16331,0
EMP-13661,TRANSFER,2019-04-16,التجمع,الجيزة - الدقي,15510,0
EMP-13036,HIRE,2019-04-16,,القاهره المعادي,10023,0
EMP-12696,TRANSFER,2019-04-17,بورسعيد,بورسعيد,10678,0
EMP-10940,HIRE,2019-04-17,,الجيزة - الدقي,15002,0
EMP-13441,HIRE,2019-04-17,,الجيزة - الدقي,12978,0
EMP-10874,HIRE,2019-04-18,,الجيزة - الدقي,14640,0
EMP-16307,TRANSFER,2019-04-19,سموحة,الإسكندرية - سموحة,17314,0
EMP-16638,HIRE,2019-04-19,,القاهره المعادي,9783,0
EMP-13400,TRANSFER,2019-04-20,بورسعيد - الشرق,الاسكندرية سموحة,16336,0
EMP-13202,TRANSFER,2019-04-21,الجيزة - الدقي,الاسكندرية سموحة,12216,0
EMP-10351,PROMOTION,2019-04-21,16543,21557,21557,0
EMP-11644,HIRE,2019-04-21,,الإسكندرية - سموحة,14221,0
EMP-11261,HIRE,2019-04-22,,بورسعيد,18541,0
EMP-11047,HIRE,2019-04-23,,بورسعيد,16113,0
EMP-12164,HIRE,2019-04-23,,بورسعيد,9128,0
EMP-15970,HIRE,2019-04-23,,القاهرة - التجمع الخامس,18598,0
EMP-11952,HIRE,2019-04-23,,الاسكندرية سموحة,13975,0
EMP-12411,TRANSFER,2019-04-24,القاهرة - المعادي,الدقي,15824,0
EMP-12555,HIRE,2019-04-24,,سموحة,16714,0
EMP-15815,PROMOTION,2019-04-25,8218,14693,14693,0
EMP-16452,HIRE,2019-04-25,,الجيزة - الدقي,7180,0
EMP-11267,HIRE,2019-04-25,,بورسعيد,10602,0
EMP-14844,TRANSFER,2019-04-25,الاسكندرية سموحة,القاهرة - المعادي,16368,0
EMP-10165,TRANSFER,2019-04-25,الاسكندرية سموحة,التجمع,14726,0
EMP-11406,TRANSFER,2019-04-26,بورسعيد,الجيزة - الدقي,17200,0
EMP-10381,PROMOTION,2019-04-26,19136,22014,22014,0
EMP-12271,HIRE,2019-04-26,,فرع المعادي,7666,0
EMP-12995,HIRE,2019-04-26,,التجمع,18825,0
EMP-16639,PROMOTION,2019-04-26,8787,12929,12929,0
EMP-10790,HIRE,2019-04-26,,التجمع,13636,0
EMP-10944,TRANSFER,2019-04-26,فرع المعادي,سموحة,14060,0
EMP-14758,HIRE,2019-04-26,,الاسكندرية سموحة,14571,0
EMP-11499,TERMINATION,2019-04-26,ACTIVE,Relocation,16684,1
EMP-12559,HIRE,2019-04-27,,الاسكندرية سموحة,13378,0
EMP-16841,HIRE,2019-04-27,,القاهرة - التجمع الخامس,11123,0
EMP-16963,HIRE,2019-04-27,,الإسكندرية - سموحة,12132,0
EMP-13798,HIRE,2019-04-27,,التجمع,14795,0
EMP-16270,PROMOTION,2019-04-28,7772,15426,15426,0
EMP-11679,HIRE,2019-04-28,,سموحة,9989,0
EMP-14628,PROMOTION,2019-04-28,17937,25396,25396,0
EMP-15697,PROMOTION,2019-04-29,15285,21695,21695,0
EMP-14664,HIRE,2019-04-29,,القاهرة - المعادي,11545,0
EMP-14085,TRANSFER,2019-04-29,الاسكندرية سموحة,الإسكندرية - سموحة,7053,0
EMP-16752,PROMOTION,2019-04-29,18004,22921,22921,0
EMP-12835,HIRE,2019-04-30,,الاسكندرية سموحة,13801,0
EMP-11113,PROMOTION,2019-04-30,15575,19242,19242,0
EMP-13348,HIRE,2019-05-01,,القاهرة - المعادي,13311,0
EMP-11122,TERMINATION,2019-05-01,ACTIVE,Resignation,7908,1
EMP-15342,HIRE,2019-05-01,,الإسكندرية - سموحة,19685,0
EMP-10280,HIRE,2019-05-01,,الجيزة - الدقي,11765,0
EMP-11281,HIRE,2019-05-01,,القاهره المعادي,16218,0
EMP-12818,TRANSFER,2019-05-01,الجيزة - الدقي,القاهرة - المعادي,12230,0
EMP-12212,HIRE,2019-05-02,,القاهرة - المعادي,14641,0
EMP-15162,PROMOTION,2019-05-02,8268,15187,15187,0
EMP-11777,PROMOTION,2019-05-03,16102,18632,18632,0
EMP-10609,PROMOTION,2019-05-03,19568,22021,22021,0
EMP-16327,HIRE,2019-05-03,,الإسكندرية - سموحة,13694,0
EMP-11298,PROMOTION,2019-05-03,11482,14115,14115,0
EMP-15756,HIRE,2019-05-04,,القاهره المعادي,13967,0
EMP-15597,PROMOTION,2019-05-04,19722,21755,21755,0
EMP-11586,HIRE,2019-05-05,,الاسكندرية سموحة,14051,0
EMP-13561,HIRE,2019-05-05,,الإسكندرية - سموحة,11477,0
EMP-11764,HIRE,2019-05-05,,الجيزة - الدقي,7983,0
EMP-13674,TERMINATION,2019-05-05,ACTIVE,Relocation,11319,1
EMP-14576,HIRE,2019-05-05,,القاهرة - التجمع الخامس,10053,0
EMP-12049,TERMINATION,2019-05-05,ACTIVE,Relocation,13887,1
EMP-14982,TRANSFER,2019-05-05,القاهره المعادي,الجيزة - الدقي,9878,0
EMP-15317,HIRE,2019-05-05,,القاهرة - المعادي,9762,0
EMP-16388,HIRE,2019-05-05,,القاهرة - التجمع الخامس,18846,0
EMP-15104,HIRE,2019-05-05,,بورسعيد,17919,0
EMP-16264,HIRE,2019-05-05,,الإسكندرية - سموحة,9712,0
EMP-15202,HIRE,2019-05-07,,فرع المعادي,7859,0
EMP-15875,PROMOTION,2019-05-07,10377,13879,13879,0
EMP-13273,HIRE,2019-05-07,,بورسعيد - الشرق,8384,0
EMP-10372,HIRE,2019-05-08,,الإسكندرية - سموحة,11906,0
EMP-11183,HIRE,2019-05-08,,القاهره المعادي,14582,0
EMP-15964,HIRE,2019-05-08,,القاهرة - المعادي,9297,0
EMP-12464,HIRE,2019-05-08,,بورسعيد - الشرق,17899,0
EMP-16003,TERMINATION,2019-05-09,ACTIVE,NULL,7210,1
EMP-13169,HIRE,2019-05-10,,الدقي,19611,0
EMP-11209,TRANSFER,2019-05-10,بورسعيد - الشرق,القاهرة - المعادي,11791,0
EMP-13535,HIRE,2019-05-11,,التجمع,12200,0
EMP-15654,HIRE,2019-05-11,,فرع المعادي,10562,0
EMP-16518,HIRE,2019-05-11,,بورسعيد - الشرق,18077,0
EMP-12956,HIRE,2019-05-12,,القاهرة - المعادي,12260,0
EMP-13451,PROMOTION,2019-05-12,15308,20608,20608,0
EMP-14980,HIRE,2019-05-12,,الإسكندرية - سموحة,17462,0
EMP-16332,TRANSFER,2019-05-13,الاسكندرية سموحة,القاهرة - التجمع الخامس,12009,0
EMP-12070,PROMOTION,2019-05-14,19250,24264,24264,0
EMP-15845,PROMOTION,2019-05-14,10125,15079,15079,0
EMP-13619,HIRE,2019-05-14,,الإسكندرية - سموحة,7240,0
EMP-10881,HIRE,2019-05-14,,بورسعيد,11429,0
EMP-14594,PROMOTION,2019-05-14,18970,26703,26703,0
EMP-11524,HIRE,2019-05-14,,بورسعيد - الشرق,16652,0
EMP-12752,HIRE,2019-05-15,,الجيزة - الدقي,13494,0
EMP-15081,PROMOTION,2019-05-15,16726,22743,22743,0
EMP-12390,HIRE,2019-05-15,,القاهرة - التجمع الخامس,8748,0
EMP-15276,PROMOTION,2019-05-15,17745,23627,23627,0
EMP-16913,HIRE,2019-05-15,,القاهرة - المعادي,17566,0
EMP-11164,HIRE,2019-05-16,,بورسعيد - الشرق,19479,0
EMP-10846,TERMINATION,2019-05-16,ACTIVE,Fired,16059,1
EMP-16474,HIRE,2019-05-16,,فرع المعادي,19698,0
EMP-16284,HIRE,2019-05-16,,القاهرة - التجمع الخامس,17510,0
EMP-14156,TRANSFER,2019-05-16,الإسكندرية - سموحة,القاهرة - التجمع الخامس,14754,0
EMP-10907,PROMOTION,2019-05-18,19217,21250,21250,0
EMP-16020,HIRE,2019-05-18,,بورسعيد,10684,0
EMP-10295,HIRE,2019-05-18,,الجيزة - الدقي,7931,0
EMP-13525,HIRE,2019-05-18,,القاهرة - المعادي,12358,0
EMP-10005,HIRE,2019-05-18,,بورسعيد - الشرق,8815,0
EMP-11351,HIRE,2019-05-18,,الدقي,15248,0
EMP-12337,TRANSFER,2019-05-18,الجيزة - الدقي,فرع المعادي,8951,0
EMP-16112,HIRE,2019-05-18,,الدقي,8437,0
EMP-10860,TRANSFER,2019-05-18,بورسعيد,بورسعيد - الشرق,17669,0
EMP-12086,HIRE,2019-05-18,,القاهرة - التجمع الخامس,18877,0
EMP-14074,HIRE,2019-05-19,,الإسكندرية - سموحة,18255,0
EMP-10826,HIRE,2019-05-19,,التجمع,9218,0
EMP-10965,HIRE,2019-05-19,,الإسكندرية - سموحة,17957,0
EMP-15113,HIRE,2019-05-19,,القاهره المعادي,9740,0
EMP-10544,HIRE,2019-05-20,,بورسعيد - الشرق,15608,0
EMP-14376,PROMOTION,2019-05-20,17104,20587,20587,0
EMP-10890,TRANSFER,2019-05-20,بورسعيد,سموحة,9696,0
EMP-12564,HIRE,2019-05-20,,الإسكندرية - سموحة,9538,0
EMP-14378,PROMOTION,2019-05-20,10084,16350,16350,0
EMP-12207,PROMOTION,2019-05-21,13456,17393,17393,0
EMP-14311,HIRE,2019-05-21,,فرع المعادي,18408,0
EMP-15219,PROMOTION,2019-05-21,17250,19274,19274,0
EMP-11549,PROMOTION,2019-05-21,11744,14574,14574,0
EMP-10146,HIRE,2019-05-21,,التجمع,15069,0
EMP-10753,TRANSFER,2019-05-22,فرع المعادي,سموحة,7122,0
EMP-11446,PROMOTION,2019-05-22,13320,20306,20306,0
EMP-15086,HIRE,2019-05-23,,الدقي,8844,0
EMP-14638,TERMINATION,2019-05-23,ACTIVE,Resignation,13197,1
EMP-11043,HIRE,2019-05-24,,القاهره المعادي,8370,0
EMP-13408,HIRE,2019-05-24,,القاهرة - التجمع الخامس,17930,0
EMP-11701,TRANSFER,2019-05-24,بورسعيد - الشرق,الجيزة - الدقي,19729,0
EMP-11036,HIRE,2019-05-24,,الإسكندرية - سموحة,16136,0
EMP-16757,HIRE,2019-05-24,,فرع المعادي,10620,0
EMP-15584,HIRE,2019-05-24,,الجيزة - الدقي,8385,0
EMP-12048,HIRE,2019-05-26,,الاسكندرية سموحة,7919,0
EMP-11965,PROMOTION,2019-05-27,8253,10805,10805,0
EMP-15430,HIRE,2019-05-27,,الاسكندرية سموحة,18251,0
EMP-15285,HIRE,2019-05-27,,الإسكندرية - سموحة,13980,0
EMP-11408,HIRE,2019-05-27,,الجيزة - الدقي,8815,0
EMP-10596,HIRE,2019-05-27,,الاسكندرية سموحة,12023,0
EMP-11128,HIRE,2019-05-27,,التجمع,13533,0
EMP-16755,PROMOTION,2019-05-28,16985,22855,22855,0
EMP-16862,PROMOTION,2019-05-28,11224,14424,14424,0
EMP-14450,HIRE,2019-05-28,,بورسعيد - الشرق,18982,0
EMP-13574,TRANSFER,2019-05-28,التجمع,الاسكندرية سموحة,13270,0
EMP-11721,HIRE,2019-05-29,,القاهره المعادي,11508,0
EMP-13984,HIRE,2019-05-29,,القاهره المعادي,7755,0
EMP-16644,HIRE,2019-05-29,,سموحة,15077,0
EMP-11963,PROMOTION,2019-05-30,8913,13781,13781,0
EMP-10840,HIRE,2019-05-30,,بورسعيد,14285,0
EMP-13030,HIRE,2019-05-30,,الإسكندرية - سموحة,19140,0
EMP-14002,HIRE,2019-05-30,,الإسكندرية - سموحة,10230,0
EMP-16970,HIRE,2019-05-31,,سموحة,19151,0
EMP-11978,PROMOTION,2019-05-31,18121,23347,23347,0
EMP-14526,HIRE,2019-06-01,,بورسعيد - الشرق,8035,0
EMP-13767,TERMINATION,2019-06-01,ACTIVE,Resignation,22487,1
EMP-10738,HIRE,2019-06-02,,فرع المعادي,16927,0
EMP-14853,HIRE,2019-06-02,,القاهرة - المعادي,13569,0
EMP-13940,HIRE,2019-06-02,,القاهرة - التجمع الخامس,13162,0
EMP-11519,TRANSFER,2019-06-03,بورسعيد - الشرق,فرع المعادي,11367,0
EMP-12707,HIRE,2019-06-03,,القاهرة - المعادي,17687,0
EMP-16784,HIRE,2019-06-03,,القاهره المعادي,14817,0
EMP-14070,HIRE,2019-06-03,,بورسعيد,18268,0
EMP-15923,HIRE,2019-06-04,,التجمع,15418,0
EMP-12214,TRANSFER,2019-06-04,سموحة,بورسعيد - الشرق,15331,0
EMP-10776,HIRE,2019-06-04,,الدقي,18514,0
EMP-15130,HIRE,2019-06-04,,سموحة,15298,0
EMP-16046,HIRE,2019-06-05,,الدقي,12185,0
EMP-15594,HIRE,2019-06-05,,الإسكندرية - سموحة,10242,0
EMP-15921,PROMOTION,2019-06-05,9726,15101,15101,0
EMP-16605,TERMINATION,2019-06-05,ACTIVE,Relocation,18188,1
EMP-15823,HIRE,2019-06-06,,الاسكندرية سموحة,14877,0
EMP-15392,TRANSFER,2019-06-06,فرع المعادي,التجمع,17282,0
EMP-11538,HIRE,2019-06-06,,القاهرة - التجمع الخامس,17936,0
EMP-12785,HIRE,2019-06-07,,القاهرة - التجمع الخامس,8505,0
EMP-14214,PROMOTION,2019-06-07,7620,12119,12119,0
EMP-13157,HIRE,2019-06-07,,سموحة,8212,0
EMP-14943,HIRE,2019-06-07,,الجيزة - الدقي,19351,0
EMP-14807,HIRE,2019-06-07,,سموحة,17398,0
EMP-14214,PROMOTION,2019-06-07,7620,12119,12119,0
EMP-12783,HIRE,2019-06-08,,الإسكندرية - سموحة,14180,0
EMP-13955,TRANSFER,2019-06-08,فرع المعادي,سموحة,13070,0
EMP-16026,TRANSFER,2019-06-08,فرع المعادي,الإسكندرية - سموحة,15933,0
EMP-12845,TRANSFER,2019-06-08,الدقي,الاسكندرية سموحة,9772,0
EMP-16827,HIRE,2019-06-08,,القاهرة - المعادي,7279,0
EMP-15108,HIRE,2019-06-08,,الدقي,17624,0
EMP-16133,TRANSFER,2019-06-08,الاسكندرية سموحة,الاسكندرية سموحة,7177,0
EMP-14060,HIRE,2019-06-08,,الإسكندرية - سموحة,14213,0
EMP-16348,HIRE,2019-06-09,,الجيزة - الدقي,13466,0
EMP-12119,HIRE,2019-06-09,,الاسكندرية سموحة,18640,0
EMP-12768,PROMOTION,2019-06-09,15049,21463,21463,0
EMP-12338,TRANSFER,2019-06-10,بورسعيد,بورسعيد,13160,0
EMP-10209,TRANSFER,2019-06-10,الإسكندرية - سموحة,الاسكندرية سموحة,19198,0
EMP-14162,HIRE,2019-06-10,,الإسكندرية - سموحة,8596,0
EMP-15985,TRANSFER,2019-06-10,الجيزة - الدقي,القاهرة - التجمع الخامس,17076,0
EMP-13018,HIRE,2019-06-10,,الجيزة - الدقي,16217,0
EMP-14940,HIRE,2019-06-10,,القاهره المعادي,19648,0
EMP-12130,PROMOTION,2019-06-11,9423,14376,14376,0
EMP-14698,TRANSFER,2019-06-11,الدقي,فرع المعادي,11887,0
EMP-11810,TRANSFER,2019-06-11,بورسعيد - الشرق,بورسعيد,15990,0
EMP-14529,HIRE,2019-06-11,,الاسكندرية سموحة,17849,0
EMP-14228,HIRE,2019-06-11,,القاهرة - التجمع الخامس,16922,0
EMP-11828,TRANSFER,2019-06-12,بورسعيد - الشرق,التجمع,16372,0
EMP-10591,HIRE,2019-06-12,,الإسكندرية - سموحة,11685,0
EMP-13288,HIRE,2019-06-13,,بورسعيد - الشرق,17993,0
EMP-11044,HIRE,2019-06-13,,القاهره المعادي,12604,0
EMP-15966,HIRE,2019-06-13,,القاهرة - المعادي,11184,0
EMP-14337,PROMOTION,2019-06-14,11922,15477,15477,0
EMP-10442,HIRE,2019-06-14,,القاهرة - المعادي,19297,0
EMP-14634,HIRE,2019-06-14,,القاهرة - المعادي,18074,0
EMP-10909,TERMINATION,2019-06-14,ACTIVE,Relocation,20466,1
EMP-12138,TRANSFER,2019-06-14,سموحة,الجيزة - الدقي,11322,0
EMP-15697,TERMINATION,2019-06-15,ACTIVE,NULL,21695,1
EMP-11975,PROMOTION,2019-06-15,15702,20479,20479,0
EMP-15170,HIRE,2019-06-16,,بورسعيد - الشرق,12283,0
EMP-12954,TRANSFER,2019-06-16,التجمع,فرع المعادي,13932,0
EMP-15063,PROMOTION,2019-06-16,22290,26807,26807,0
EMP-15875,TRANSFER,2019-06-17,القاهره المعادي,القاهرة - التجمع الخامس,13879,0
EMP-15734,TRANSFER,2019-06-17,الاسكندرية سموحة,الإسكندرية - سموحة,14585,0
EMP-13640,TRANSFER,2019-06-18,القاهرة - التجمع الخامس,الاسكندرية سموحة,16898,0
EMP-15639,HIRE,2019-06-18,,التجمع,11738,0
EMP-13278,HIRE,2019-06-18,,بورسعيد,19539,0
EMP-15372,HIRE,2019-06-18,,الاسكندرية سموحة,15111,0
EMP-11888,HIRE,2019-06-19,,القاهرة - المعادي,14839,0
EMP-15212,HIRE,2019-06-20,,القاهره المعادي,18535,0
EMP-15564,HIRE,2019-06-20,,بورسعيد,12579,0
EMP-10440,HIRE,2019-06-20,,التجمع,17480,0
EMP-16568,TRANSFER,2019-06-21,فرع المعادي,فرع المعادي,17342,0
EMP-13749,PROMOTION,2019-06-21,11722,18676,18676,0
EMP-16299,PROMOTION,2019-06-21,19747,26587,26587,0
EMP-16248,TRANSFER,2019-06-21,الإسكندرية - سموحة,التجمع,25990,0
EMP-11631,HIRE,2019-06-21,,الاسكندرية سموحة,12113,0
EMP-16519,TRANSFER,2019-06-22,التجمع,الجيزة - الدقي,15175,0
EMP-16147,HIRE,2019-06-22,,القاهرة - التجمع الخامس,10080,0
EMP-12390,TERMINATION,2019-06-23,ACTIVE,Resignation,8748,1
EMP-10116,TRANSFER,2019-06-23,القاهرة - المعادي,التجمع,14568,0
EMP-16971,TRANSFER,2019-06-23,الجيزة - الدقي,بورسعيد,17120,0
EMP-10651,TRANSFER,2019-06-24,القاهرة - المعادي,الاسكندرية سموحة,13823,0
EMP-14739,TRANSFER,2019-06-24,بورسعيد - الشرق,سموحة,16480,0
EMP-10955,HIRE,2019-06-24,,الجيزة - الدقي,19709,0
EMP-12209,HIRE,2019-06-24,,بورسعيد,9791,0
EMP-16368,HIRE,2019-06-24,,القاهرة - المعادي,14016,0
EMP-12447,TRANSFER,2019-06-24,الجيزة - الدقي,سموحة,19540,0
EMP-16531,PROMOTION,2019-06-24,17234,24462,24462,0
EMP-10908,HIRE,2019-06-25,,سموحة,18013,0
EMP-13372,TRANSFER,2019-06-25,القاهرة - المعادي,القاهره المعادي,13724,0
EMP-11297,HIRE,2019-06-26,,الدقي,12902,0
EMP-16128,HIRE,2019-06-26,,القاهرة - المعادي,14628,0
EMP-11150,HIRE,2019-06-26,,القاهرة - التجمع الخامس,11573,0
EMP-11150,HIRE,2019-06-26,,القاهرة - التجمع الخامس,11573,0
EMP-11930,HIRE,2019-06-26,,التجمع,10618,0
EMP-15919,HIRE,2019-06-26,,القاهره المعادي,18354,0
EMP-15096,HIRE,2019-06-27,,الجيزة - الدقي,16516,0
EMP-11516,HIRE,2019-06-27,,بورسعيد,11898,0
EMP-11680,PROMOTION,2019-06-27,13411,17448,17448,0
EMP-15069,PROMOTION,2019-06-27,14125,20164,20164,0
EMP-10082,TRANSFER,2019-06-27,الاسكندرية سموحة,فرع المعادي,10853,0
EMP-15598,TERMINATION,2019-06-27,ACTIVE,NULL,16417,1
EMP-16209,PROMOTION,2019-06-27,18558,24190,24190,0
EMP-12960,HIRE,2019-06-27,,بورسعيد - الشرق,11734,0
EMP-13245,HIRE,2019-06-28,,فرع المعادي,17186,0
EMP-15542,HIRE,2019-06-28,,القاهرة - المعادي,17581,0
EMP-13489,HIRE,2019-06-28,,القاهرة - التجمع الخامس,15337,0
EMP-11706,TERMINATION,2019-06-28,ACTIVE,NULL,15463,1
EMP-10998,HIRE,2019-06-28,,الاسكندرية سموحة,17073,0
EMP-15131,TRANSFER,2019-06-28,بورسعيد - الشرق,القاهرة - التجمع الخامس,17513,0
EMP-12559,TRANSFER,2019-06-29,الاسكندرية سموحة,التجمع,13378,0
EMP-11123,HIRE,2019-06-30,,سموحة,15084,0
EMP-16977,TRANSFER,2019-06-30,الدقي,بورسعيد - الشرق,11907,0
EMP-12279,TRANSFER,2019-06-30,بورسعيد - الشرق,القاهره المعادي,10758,0
EMP-11847,TERMINATION,2019-06-30,ACTIVE,Relocation,11225,1
EMP-13401,HIRE,2019-06-30,,فرع المعادي,8925,0
EMP-15819,TERMINATION,2019-07-01,ACTIVE,Fired,11936,1
EMP-11974,HIRE,2019-07-01,,الإسكندرية - سموحة,10943,0
EMP-14721,HIRE,2019-07-02,,سموحة,9025,0
EMP-11574,HIRE,2019-07-02,,الاسكندرية سموحة,11367,0
EMP-10710,PROMOTION,2019-07-02,19780,23433,23433,0
EMP-14973,TRANSFER,2019-07-02,التجمع,بورسعيد,12542,0
EMP-12595,TRANSFER,2019-07-03,الإسكندرية - سموحة,سموحة,11075,0
EMP-16758,HIRE,2019-07-04,,الجيزة - الدقي,19658,0
EMP-10145,HIRE,2019-07-05,,القاهرة - المعادي,11598,0
EMP-15679,HIRE,2019-07-05,,الاسكندرية سموحة,10293,0
EMP-11928,HIRE,2019-07-05,,سموحة,18709,0
EMP-13914,HIRE,2019-07-06,,القاهره المعادي,17142,0
EMP-12351,HIRE,2019-07-06,,فرع المعادي,10834,0
EMP-10891,PROMOTION,2019-07-06,12694,15935,15935,0
EMP-12099,HIRE,2019-07-06,,التجمع,10767,0
EMP-15864,HIRE,2019-07-07,,سموحة,8696,0
EMP-11729,TERMINATION,2019-07-07,ACTIVE,Resignation,9319,1
EMP-14240,TRANSFER,2019-07-07,بورسعيد,بورسعيد - الشرق,15212,0
EMP-11164,TRANSFER,2019-07-07,بورسعيد - الشرق,الجيزة - الدقي,19479,0
EMP-11362,PROMOTION,2019-07-08,22171,27831,27831,0
EMP-15669,HIRE,2019-07-08,,القاهرة - المعادي,18740,0
EMP-13642,HIRE,2019-07-08,,بورسعيد - الشرق,17271,0
EMP-15489,TRANSFER,2019-07-08,القاهرة - التجمع الخامس,الإسكندرية - سموحة,16910,0
EMP-10325,HIRE,2019-07-08,,فرع المعادي,15078,0
EMP-12789,HIRE,2019-07-09,,فرع المعادي,11911,0
EMP-10208,HIRE,2019-07-09,,الجيزة - الدقي,11609,0
EMP-12036,HIRE,2019-07-09,,بورسعيد,15110,0
EMP-14869,HIRE,2019-07-09,,سموحة,8733,0
EMP-13429,TRANSFER,2019-07-09,التجمع,الإسكندرية - سموحة,13863,0
EMP-16224,TRANSFER,2019-07-09,الدقي,القاهرة - التجمع الخامس,16930,0
EMP-15082,HIRE,2019-07-10,,الدقي,15110,0
EMP-14996,TRANSFER,2019-07-10,بورسعيد - الشرق,سموحة,7303,0
EMP-10235,HIRE,2019-07-10,,القاهرة - المعادي,17252,0
EMP-10822,HIRE,2019-07-11,,الجيزة - الدقي,16599,0
EMP-15026,TRANSFER,2019-07-11,الجيزة - الدقي,القاهرة - المعادي,11324,0
EMP-16441,HIRE,2019-07-11,,بورسعيد - الشرق,11703,0
EMP-12739,PROMOTION,2019-07-11,9996,17706,17706,0
EMP-12107,HIRE,2019-07-11,,فرع المعادي,9471,0
EMP-12289,TRANSFER,2019-07-12,بورسعيد,الاسكندرية سموحة,7823,0
EMP-14270,HIRE,2019-07-13,,الدقي,15288,0
EMP-11184,HIRE,2019-07-13,,الإسكندرية - سموحة,17661,0
EMP-13966,HIRE,2019-07-13,,القاهرة - المعادي,17197,0
EMP-11156,HIRE,2019-07-13,,سموحة,19055,0
EMP-16846,HIRE,2019-07-14,,التجمع,14865,0
EMP-12057,HIRE,2019-07-14,,الدقي,12258,0
EMP-14925,PROMOTION,2019-07-15,9452,15374,15374,0
EMP-16369,HIRE,2019-07-15,,القاهرة - التجمع الخامس,15051,0
EMP-14061,PROMOTION,2019-07-15,18166,25485,25485,0
EMP-12043,HIRE,2019-07-15,,التجمع,9977,0
EMP-10081,HIRE,2019-07-16,,القاهرة - المعادي,14117,0
EMP-13744,PROMOTION,2019-07-16,18695,25805,25805,0
EMP-13180,HIRE,2019-07-16,,فرع المعادي,9805,0
EMP-16306,HIRE,2019-07-16,,بورسعيد,7324,0
EMP-13881,HIRE,2019-07-16,,بورسعيد,15925,0
EMP-13724,HIRE,2019-07-16,,سموحة,11483,0
EMP-11377,HIRE,2019-07-17,,القاهرة - التجمع الخامس,9623,0
EMP-10303,HIRE,2019-07-17,,القاهرة - المعادي,12695,0
EMP-16689,TRANSFER,2019-07-18,القاهرة - المعادي,القاهره المعادي,19920,0
EMP-12246,HIRE,2019-07-18,,فرع المعادي,7022,0
EMP-10431,PROMOTION,2019-07-18,11071,15816,15816,0
EMP-12942,PROMOTION,2019-07-18,10941,14690,14690,0
EMP-10347,HIRE,2019-07-19,,الدقي,11038,0
EMP-14169,HIRE,2019-07-19,,سموحة,8487,0
EMP-14002,TRANSFER,2019-07-19,الإسكندرية - سموحة,الاسكندرية سموحة,10230,0
EMP-12966,HIRE,2019-07-20,,فرع المعادي,10968,0
EMP-13728,TRANSFER,2019-07-20,فرع المعادي,الجيزة - الدقي,18992,0
EMP-10526,HIRE,2019-07-20,,القاهرة - التجمع الخامس,14979,0
EMP-15491,HIRE,2019-07-21,,القاهره المعادي,12535,0
EMP-11943,HIRE,2019-07-21,,الإسكندرية - سموحة,15784,0
EMP-15407,PROMOTION,2019-07-21,17339,21524,21524,0
EMP-15019,HIRE,2019-07-22,,الإسكندرية - سموحة,13135,0
EMP-12734,HIRE,2019-07-22,,فرع المعادي,17870,0
EMP-12237,HIRE,2019-07-22,,سموحة,15876,0
EMP-10454,HIRE,2019-07-23,,بورسعيد,9917,0
EMP-13535,PROMOTION,2019-07-23,12200,18835,18835,0
EMP-13318,PROMOTION,2019-07-24,22652,25255,25255,0
EMP-14118,HIRE,2019-07-24,,القاهرة - المعادي,10391,0
EMP-10202,HIRE,2019-07-24,,الدقي,15115,0
EMP-16150,HIRE,2019-07-24,,سموحة,14123,0
EMP-10491,TRANSFER,2019-07-24,بورسعيد - الشرق,الجيزة - الدقي,11140,0
EMP-15100,PROMOTION,2019-07-24,15299,21554,21554,0
EMP-16180,HIRE,2019-07-25,,الجيزة - الدقي,17177,0
EMP-13005,PROMOTION,2019-07-25,12907,15102,15102,0
EMP-12456,PROMOTION,2019-07-25,17382,19455,19455,0
EMP-13717,HIRE,2019-07-25,,بورسعيد,15586,0
EMP-12175,HIRE,2019-07-26,,الاسكندرية سموحة,13221,0
EMP-16096,HIRE,2019-07-26,,القاهرة - التجمع الخامس,7886,0
EMP-11786,PROMOTION,2019-07-26,18840,25364,25364,0
EMP-12175,HIRE,2019-07-26,,الاسكندرية سموحة,13221,0
EMP-13364,HIRE,2019-07-27,,بورسعيد - الشرق,18232,0
EMP-14633,TRANSFER,2019-07-27,القاهره المعادي,الدقي,7496,0
EMP-14361,PROMOTION,2019-07-27,12292,17609,17609,0
EMP-11042,TERMINATION,2019-07-27,ACTIVE,Fired,7064,1
EMP-10947,TRANSFER,2019-07-27,بورسعيد,بورسعيد - الشرق,18984,0
EMP-16197,HIRE,2019-07-27,,القاهره المعادي,12409,0
EMP-11211,TRANSFER,2019-07-27,بورسعيد,الإسكندرية - سموحة,16382,0
EMP-16757,TRANSFER,2019-07-27,فرع المعادي,سموحة,10620,0
EMP-15636,HIRE,2019-07-28,,الجيزة - الدقي,16255,0
EMP-10327,HIRE,2019-07-28,,بورسعيد,18835,0
EMP-11570,HIRE,2019-07-28,,القاهرة - المعادي,9093,0
EMP-13563,PROMOTION,2019-07-28,19794,24047,24047,0
EMP-14976,HIRE,2019-07-28,,سموحة,16054,0
EMP-13286,HIRE,2019-07-28,,الإسكندرية - سموحة,15222,0
EMP-16943,TRANSFER,2019-07-29,القاهرة - التجمع الخامس,فرع المعادي,21288,0
EMP-14428,PROMOTION,2019-07-29,8534,12297,12297,0
EMP-12897,HIRE,2019-07-29,,الدقي,7763,0
EMP-15275,HIRE,2019-07-29,,سموحة,16049,0
EMP-15089,HIRE,2019-07-29,,فرع المعادي,16411,0
EMP-10317,HIRE,2019-07-30,,فرع المعادي,18881,0
EMP-14014,HIRE,2019-07-30,,الإسكندرية - سموحة,14138,0
EMP-12554,HIRE,2019-07-30,,الدقي,12664,0
EMP-14881,HIRE,2019-07-31,,فرع المعادي,7139,0
EMP-10527,TERMINATION,2019-07-31,ACTIVE,Relocation,16336,1
EMP-12048,TRANSFER,2019-07-31,الاسكندرية سموحة,الإسكندرية - سموحة,7919,0
EMP-13650,HIRE,2019-07-31,,الجيزة - الدقي,12696,0
EMP-14881,HIRE,2019-07-31,,فرع المعادي,7139,0
EMP-16646,HIRE,2019-08-01,,الإسكندرية - سموحة,16291,0
EMP-16571,PROMOTION,2019-08-01,12548,14800,14800,0
EMP-10670,HIRE,2019-08-01,,فرع المعادي,13458,0
EMP-10738,TERMINATION,2019-08-01,ACTIVE,Relocation,16927,1
EMP-13037,HIRE,2019-08-01,,القاهرة - التجمع الخامس,17934,0
EMP-15511,HIRE,2019-08-01,,فرع المعادي,14527,0
EMP-13536,PROMOTION,2019-08-01,19013,23946,23946,0
EMP-10484,HIRE,2019-08-01,,القاهره المعادي,19816,0
EMP-14980,TRANSFER,2019-08-02,الإسكندرية - سموحة,الدقي,17462,0
EMP-12210,HIRE,2019-08-02,,القاهرة - المعادي,12152,0
EMP-13369,PROMOTION,2019-08-03,19268,21759,21759,0
EMP-16201,HIRE,2019-08-03,,سموحة,10364,0
EMP-13259,HIRE,2019-08-03,,القاهره المعادي,15020,0
EMP-14636,HIRE,2019-08-03,,الاسكندرية سموحة,16562,0
EMP-13718,HIRE,2019-08-03,,بورسعيد,12520,0
EMP-10247,HIRE,2019-08-03,,الإسكندرية - سموحة,14780,0
EMP-14007,HIRE,2019-08-03,,فرع المعادي,16531,0
EMP-11771,TERMINATION,2019-08-03,ACTIVE,Fired,7501,1
EMP-11459,HIRE,2019-08-04,,القاهره المعادي,18659,0
EMP-14592,HIRE,2019-08-04,,التجمع,17226,0
EMP-16464,HIRE,2019-08-04,,القاهره المعادي,19804,0
EMP-10495,HIRE,2019-08-04,,الإسكندرية - سموحة,12403,0
EMP-15098,HIRE,2019-08-04,,بورسعيد,18126,0
EMP-16263,TRANSFER,2019-08-05,بورسعيد - الشرق,الدقي,17795,0
EMP-16917,HIRE,2019-08-05,,القاهرة - المعادي,12019,0
EMP-11646,PROMOTION,2019-08-05,17410,21614,21614,0
EMP-15593,HIRE,2019-08-05,,فرع المعادي,10451,0
EMP-10547,TRANSFER,2019-08-05,التجمع,التجمع,16670,0
EMP-12082,TRANSFER,2019-08-05,الجيزة - الدقي,بورسعيد - الشرق,14418,0
EMP-13099,HIRE,2019-08-05,,القاهرة - التجمع الخامس,19863,0
EMP-15751,TERMINATION,2019-08-06,ACTIVE,NULL,8766,1
EMP-10252,TRANSFER,2019-08-06,القاهرة - التجمع الخامس,التجمع,19820,0
EMP-13837,TERMINATION,2019-08-06,ACTIVE,Resignation,16965,1
EMP-13749,TRANSFER,2019-08-06,بورسعيد,فرع المعادي,18676,0
EMP-11188,HIRE,2019-08-06,,بورسعيد - الشرق,17824,0
EMP-15053,HIRE,2019-08-06,,القاهرة - التجمع الخامس,12736,0
EMP-16893,HIRE,2019-08-07,,سموحة,13046,0
EMP-12563,HIRE,2019-08-07,,القاهرة - التجمع الخامس,9269,0
EMP-10285,HIRE,2019-08-07,,بورسعيد,9482,0
EMP-13613,TRANSFER,2019-08-07,سموحة,بورسعيد,18855,0
EMP-12773,PROMOTION,2019-08-07,12583,16377,16377,0
EMP-11297,PROMOTION,2019-08-07,12902,19441,19441,0
EMP-15245,HIRE,2019-08-08,,بورسعيد - الشرق,8684,0
EMP-15521,TRANSFER,2019-08-08,سموحة,الجيزة - الدقي,10090,0
EMP-17000,HIRE,2019-08-08,,الدقي,12173,0
EMP-12588,HIRE,2019-08-09,,الإسكندرية - سموحة,13051,0
EMP-12072,TRANSFER,2019-08-09,القاهرة - المعادي,فرع المعادي,14149,0
EMP-16734,TRANSFER,2019-08-10,الاسكندرية سموحة,الاسكندرية سموحة,11409,0
EMP-16348,PROMOTION,2019-08-11,13466,16878,16878,0
EMP-13668,TRANSFER,2019-08-11,فرع المعادي,سموحة,15207,0
EMP-10682,HIRE,2019-08-12,,التجمع,19378,0
EMP-16133,TERMINATION,2019-08-12,ACTIVE,NULL,7177,1
EMP-13747,PROMOTION,2019-08-13,12375,19157,19157,0
EMP-14419,HIRE,2019-08-13,,الاسكندرية سموحة,17087,0
EMP-14942,HIRE,2019-08-13,,الإسكندرية - سموحة,13725,0
EMP-15505,HIRE,2019-08-13,,بورسعيد - الشرق,10072,0
EMP-11679,TRANSFER,2019-08-13,سموحة,الجيزة - الدقي,9989,0
EMP-14490,HIRE,2019-08-13,,بورسعيد - الشرق,9090,0
EMP-11985,HIRE,2019-08-14,,القاهره المعادي,16078,0
EMP-16489,TERMINATION,2019-08-14,ACTIVE,NULL,18743,1
EMP-13157,TRANSFER,2019-08-14,سموحة,الجيزة - الدقي,8212,0
EMP-10925,TRANSFER,2019-08-15,التجمع,الإسكندرية - سموحة,15394,0
EMP-10655,HIRE,2019-08-15,,بورسعيد - الشرق,7574,0
EMP-16908,TERMINATION,2019-08-15,ACTIVE,Resignation,15947,1
EMP-13951,HIRE,2019-08-15,,التجمع,18074,0
EMP-10528,PROMOTION,2019-08-15,15449,22225,22225,0
EMP-12207,TRANSFER,2019-08-15,بورسعيد - الشرق,القاهرة - التجمع الخامس,17393,0
EMP-15620,HIRE,2019-08-15,,القاهره المعادي,13374,0
EMP-13794,HIRE,2019-08-15,,القاهرة - التجمع الخامس,19036,0
EMP-16379,HIRE,2019-08-15,,الاسكندرية سموحة,19466,0
EMP-15741,HIRE,2019-08-16,,القاهرة - المعادي,14981,0
EMP-14972,PROMOTION,2019-08-17,9699,12505,12505,0
EMP-14972,PROMOTION,2019-08-17,9699,12505,12505,0
EMP-12025,HIRE,2019-08-17,,القاهرة - المعادي,11302,0
EMP-10415,PROMOTION,2019-08-17,14173,20085,20085,0
EMP-16412,TRANSFER,2019-08-17,الدقي,القاهرة - المعادي,9331,0
EMP-15888,TRANSFER,2019-08-17,سموحة,الاسكندرية سموحة,18873,0
EMP-10582,TERMINATION,2019-08-17,ACTIVE,NULL,19956,1
EMP-15161,PROMOTION,2019-08-18,19871,22283,22283,0
EMP-15946,HIRE,2019-08-18,,بورسعيد - الشرق,19228,0
EMP-11654,HIRE,2019-08-18,,الاسكندرية سموحة,12152,0
EMP-10494,TRANSFER,2019-08-18,الجيزة - الدقي,الدقي,13481,0
EMP-14041,HIRE,2019-08-18,,القاهرة - المعادي,7742,0
EMP-16722,HIRE,2019-08-19,,الإسكندرية - سموحة,18466,0
EMP-13096,TRANSFER,2019-08-19,بورسعيد,التجمع,15042,0
EMP-10407,HIRE,2019-08-19,,الإسكندرية - سموحة,8046,0
EMP-12774,HIRE,2019-08-19,,الاسكندرية سموحة,19860,0
EMP-13762,HIRE,2019-08-19,,الإسكندرية - سموحة,19336,0
EMP-11856,HIRE,2019-08-20,,القاهرة - المعادي,10719,0
EMP-13438,HIRE,2019-08-20,,بورسعيد,10211,0
EMP-16741,HIRE,2019-08-20,,القاهره المعادي,12909,0
EMP-13438,HIRE,2019-08-20,,بورسعيد,10211,0
EMP-13036,TERMINATION,2019-08-21,ACTIVE,Resignation,10023,1
EMP-14109,HIRE,2019-08-21,,فرع المعادي,13639,0
EMP-16661,TERMINATION,2019-08-21,ACTIVE,Fired,14272,1
EMP-15485,PROMOTION,2019-08-21,9124,15799,15799,0
EMP-12618,TERMINATION,2019-08-22,ACTIVE,Resignation,10678,1
EMP-10481,TERMINATION,2019-08-22,ACTIVE,Relocation,7253,1
EMP-13817,HIRE,2019-08-22,,بورسعيد - الشرق,7085,0
EMP-10105,TRANSFER,2019-08-22,بورسعيد - الشرق,الدقي,9302,0
EMP-10620,TRANSFER,2019-08-22,القاهرة - التجمع الخامس,فرع المعادي,17907,0
EMP-16078,HIRE,2019-08-22,,التجمع,17374,0
EMP-13666,TERMINATION,2019-08-22,ACTIVE,Resignation,9841,1
EMP-16005,TERMINATION,2019-08-22,ACTIVE,Fired,11908,1
EMP-13861,TRANSFER,2019-08-23,بورسعيد - الشرق,القاهرة - التجمع الخامس,16434,0
EMP-14558,HIRE,2019-08-23,,بورسعيد,19276,0
EMP-14939,HIRE,2019-08-23,,الدقي,16727,0
EMP-13830,PROMOTION,2019-08-23,13693,20697,20697,0
EMP-13514,HIRE,2019-08-23,,التجمع,7821,0
EMP-10619,HIRE,2019-08-23,,الإسكندرية - سموحة,9700,0
EMP-15802,HIRE,2019-08-24,,بورسعيد,15911,0
EMP-14526,TRANSFER,2019-08-24,بورسعيد - الشرق,الجيزة - الدقي,8035,0
EMP-10028,TERMINATION,2019-08-25,ACTIVE,Fired,13577,1
EMP-14451,TERMINATION,2019-08-25,ACTIVE,Fired,13434,1
EMP-14703,PROMOTION,2019-08-25,17540,24510,24510,0
EMP-11651,HIRE,2019-08-25,,الجيزة - الدقي,19075,0
EMP-13631,HIRE,2019-08-25,,بورسعيد,12877,0
EMP-11360,PROMOTION,2019-08-25,8504,12551,12551,0
EMP-10584,TRANSFER,2019-08-25,سموحة,القاهرة - التجمع الخامس,13574,0
EMP-15368,PROMOTION,2019-08-26,12654,16814,16814,0
EMP-11576,TRANSFER,2019-08-26,القاهرة - المعادي,القاهره المعادي,17524,0
EMP-16718,HIRE,2019-08-27,,القاهره المعادي,17019,0
EMP-10625,PROMOTION,2019-08-27,12161,17446,17446,0
EMP-15714,HIRE,2019-08-27,,التجمع,18091,0
EMP-11837,TRANSFER,2019-08-27,الاسكندرية سموحة,القاهرة - التجمع الخامس,8926,0
EMP-14238,HIRE,2019-08-27,,سموحة,14114,0
EMP-14390,HIRE,2019-08-27,,القاهره المعادي,11673,0
EMP-12651,HIRE,2019-08-27,,فرع المعادي,10494,0
EMP-16041,TRANSFER,2019-08-27,الدقي,الاسكندرية سموحة,18674,0
EMP-12603,HIRE,2019-08-28,,الاسكندرية سموحة,15046,0
EMP-10442,TRANSFER,2019-08-28,القاهرة - المعادي,بورسعيد - الشرق,19297,0
EMP-15767,HIRE,2019-08-28,,القاهرة - المعادي,14236,0
EMP-10704,HIRE,2019-08-28,,فرع المعادي,9465,0
EMP-12398,HIRE,2019-08-29,,القاهره المعادي,7231,0
EMP-13619,PROMOTION,2019-08-30,7240,10003,10003,0
EMP-11416,TRANSFER,2019-08-30,القاهرة - المعادي,الإسكندرية - سموحة,13726,0
EMP-13190,HIRE,2019-08-30,,الدقي,18641,0
EMP-14750,HIRE,2019-08-31,,القاهرة - التجمع الخامس,16945,0
EMP-10057,PROMOTION,2019-08-31,15668,22192,22192,0
EMP-11365,HIRE,2019-08-31,,الدقي,13689,0
EMP-11361,HIRE,2019-08-31,,القاهرة - التجمع الخامس,19094,0
EMP-10101,HIRE,2019-08-31,,فرع المعادي,14906,0
EMP-12374,HIRE,2019-09-01,,بورسعيد,13558,0
EMP-13570,HIRE,2019-09-01,,سموحة,19060,0
EMP-14651,HIRE,2019-09-01,,بورسعيد - الشرق,15853,0
EMP-12558,PROMOTION,2019-09-02,8949,11620,11620,0
EMP-14282,TRANSFER,2019-09-02,الدقي,الاسكندرية سموحة,15026,0
EMP-15244,HIRE,2019-09-02,,الجيزة - الدقي,7413,0
EMP-10861,TRANSFER,2019-09-02,فرع المعادي,القاهره المعادي,19062,0
EMP-14133,TRANSFER,2019-09-03,فرع المعادي,القاهره المعادي,8035,0
EMP-12355,HIRE,2019-09-04,,الاسكندرية سموحة,12412,0
EMP-16290,HIRE,2019-09-04,,بورسعيد,16818,0
EMP-13531,TRANSFER,2019-09-04,الإسكندرية - سموحة,القاهرة - المعادي,10785,0
EMP-12896,HIRE,2019-09-04,,سموحة,10452,0
EMP-16290,HIRE,2019-09-04,,بورسعيد,16818,0
EMP-16544,HIRE,2019-09-04,,التجمع,13008,0
EMP-15001,HIRE,2019-09-05,,الإسكندرية - سموحة,12621,0
EMP-12106,TERMINATION,2019-09-05,ACTIVE,NULL,8587,1
EMP-14167,HIRE,2019-09-05,,فرع المعادي,12303,0
EMP-14867,HIRE,2019-09-05,,القاهرة - التجمع الخامس,7654,0
EMP-10156,PROMOTION,2019-09-06,7491,12819,12819,0
EMP-12555,PROMOTION,2019-09-06,16714,24532,24532,0
EMP-14380,HIRE,2019-09-06,,الدقي,10077,0
EMP-10436,HIRE,2019-09-06,,الدقي,15311,0
EMP-15824,HIRE,2019-09-06,,فرع المعادي,8503,0
EMP-10004,HIRE,2019-09-06,,الإسكندرية - سموحة,17443,0
EMP-10255,TRANSFER,2019-09-06,الدقي,الدقي,13797,0
EMP-14380,HIRE,2019-09-06,,الدقي,10077,0
EMP-12158,HIRE,2019-09-06,,القاهرة - المعادي,15492,0
EMP-11346,TRANSFER,2019-09-07,الإسكندرية - سموحة,بورسعيد,19383,0
EMP-14686,HIRE,2019-09-07,,الإسكندرية - سموحة,8211,0
EMP-11408,TRANSFER,2019-09-07,الجيزة - الدقي,الجيزة - الدقي,8815,0
EMP-16602,TRANSFER,2019-09-07,بورسعيد - الشرق,فرع المعادي,16801,0
EMP-11097,PROMOTION,2019-09-07,9975,13517,13517,0
EMP-16351,HIRE,2019-09-07,,القاهرة - التجمع الخامس,8228,0
EMP-14218,HIRE,2019-09-07,,القاهرة - المعادي,14935,0
EMP-15879,TRANSFER,2019-09-08,التجمع,فرع المعادي,15648,0
EMP-14918,HIRE,2019-09-08,,القاهره المعادي,13340,0
EMP-16065,TRANSFER,2019-09-08,سموحة,فرع المعادي,18460,0
EMP-12147,HIRE,2019-09-08,,الإسكندرية - سموحة,10253,0
EMP-11633,HIRE,2019-09-09,,التجمع,16450,0
EMP-15055,HIRE,2019-09-09,,بورسعيد,14843,0
EMP-12104,HIRE,2019-09-09,,الجيزة - الدقي,13090,0
EMP-10384,HIRE,2019-09-10,,الدقي,19783,0
EMP-12203,HIRE,2019-09-10,,القاهره المعادي,7682,0
EMP-11078,TRANSFER,2019-09-11,الدقي,بورسعيد - الشرق,10198,0
EMP-13065,HIRE,2019-09-11,,القاهرة - المعادي,18290,0
EMP-12583,TERMINATION,2019-09-11,ACTIVE,Resignation,7553,1
EMP-12472,HIRE,2019-09-12,,بورسعيد - الشرق,13613,0
EMP-14051,PROMOTION,2019-09-12,12664,18313,18313,0
EMP-10984,HIRE,2019-09-12,,سموحة,11001,0
EMP-10414,TRANSFER,2019-09-12,الاسكندرية سموحة,سموحة,8075,0
EMP-16568,TERMINATION,2019-09-12,ACTIVE,Resignation,17342,1
EMP-16664,HIRE,2019-09-12,,الإسكندرية - سموحة,12108,0
EMP-16359,HIRE,2019-09-13,,الدقي,14911,0
EMP-10310,HIRE,2019-09-14,,الدقي,18320,0
EMP-10604,TRANSFER,2019-09-14,بورسعيد - الشرق,التجمع,15123,0
EMP-13162,HIRE,2019-09-15,,الإسكندرية - سموحة,18574,0
EMP-12420,TRANSFER,2019-09-15,القاهرة - التجمع الخامس,الدقي,11255,0
EMP-12397,HIRE,2019-09-15,,الدقي,16747,0
EMP-13160,HIRE,2019-09-16,,القاهرة - المعادي,11234,0
EMP-10818,PROMOTION,2019-09-16,18041,22801,22801,0
EMP-10037,HIRE,2019-09-17,,الجيزة - الدقي,14691,0
EMP-10486,PROMOTION,2019-09-17,7324,12175,12175,0
EMP-16418,PROMOTION,2019-09-17,21430,25798,25798,0
EMP-14188,PROMOTION,2019-09-17,13397,16061,16061,0
EMP-10790,PROMOTION,2019-09-18,13636,17019,17019,0
EMP-15741,PROMOTION,2019-09-18,14981,22254,22254,0
EMP-13045,HIRE,2019-09-18,,بورسعيد - الشرق,16452,0
EMP-11303,HIRE,2019-09-18,,القاهرة - التجمع الخامس,7934,0
EMP-12906,HIRE,2019-09-18,,بورسعيد - الشرق,15209,0
EMP-10786,HIRE,2019-09-18,,بورسعيد - الشرق,17351,0
EMP-13132,HIRE,2019-09-18,,فرع المعادي,15925,0
EMP-10578,PROMOTION,2019-09-19,13765,15868,15868,0
EMP-13877,HIRE,2019-09-19,,القاهرة - التجمع الخامس,15662,0
EMP-15207,HIRE,2019-09-19,,سموحة,9836,0
EMP-15426,PROMOTION,2019-09-22,15389,17993,17993,0
EMP-13290,PROMOTION,2019-09-22,16790,20019,20019,0
EMP-10916,HIRE,2019-09-22,,بورسعيد,14640,0
EMP-12811,PROMOTION,2019-09-23,7607,12845,12845,0
EMP-14579,HIRE,2019-09-23,,الإسكندرية - سموحة,8797,0
EMP-15573,TRANSFER,2019-09-23,بورسعيد - الشرق,التجمع,8055,0
EMP-14545,TRANSFER,2019-09-23,بورسعيد - الشرق,بورسعيد - الشرق,8329,0
EMP-16835,HIRE,2019-09-24,,القاهره المعادي,11525,0
EMP-13500,TERMINATION,2019-09-24,ACTIVE,Relocation,19018,1
EMP-16927,HIRE,2019-09-24,,القاهره المعادي,13002,0
EMP-11072,HIRE,2019-09-25,,الدقي,7565,0
EMP-13849,TERMINATION,2019-09-25,ACTIVE,Relocation,22642,1
EMP-12295,TRANSFER,2019-09-25,الاسكندرية سموحة,بورسعيد - الشرق,12625,0
EMP-13059,TERMINATION,2019-09-26,ACTIVE,NULL,19062,1
EMP-16259,HIRE,2019-09-26,,القاهره المعادي,12738,0
EMP-16683,HIRE,2019-09-26,,التجمع,8666,0
EMP-16128,PROMOTION,2019-09-27,14628,21927,21927,0
EMP-16291,PROMOTION,2019-09-27,25007,32727,32727,0
EMP-10629,HIRE,2019-09-27,,الإسكندرية - سموحة,11213,0
EMP-12638,HIRE,2019-09-27,,القاهره المعادي,19644,0
EMP-10333,HIRE,2019-09-28,,بورسعيد - الشرق,18256,0
EMP-11476,HIRE,2019-09-28,,القاهرة - التجمع الخامس,10160,0
EMP-12008,HIRE,2019-09-28,,الإسكندرية - سموحة,17924,0
EMP-13759,HIRE,2019-09-29,,الدقي,18052,0
EMP-13714,HIRE,2019-09-29,,بورسعيد - الشرق,11826,0
EMP-13553,TRANSFER,2019-09-29,التجمع,التجمع,15467,0
EMP-13603,HIRE,2019-09-29,,الدقي,16089,0
EMP-12559,TRANSFER,2019-09-30,التجمع,القاهرة - التجمع الخامس,13378,0
EMP-14250,HIRE,2019-09-30,,الدقي,19968,0
EMP-10929,PROMOTION,2019-09-30,9398,12664,12664,0
EMP-14362,PROMOTION,2019-09-30,14730,21716,21716,0
EMP-16098,HIRE,2019-09-30,,الدقي,10971,0
EMP-12155,PROMOTION,2019-09-30,17146,24160,24160,0
EMP-11725,TERMINATION,2019-09-30,ACTIVE,NULL,16641,1
EMP-13664,HIRE,2019-09-30,,سموحة,17392,0
EMP-10111,HIRE,2019-09-30,,الاسكندرية سموحة,13777,0
EMP-16635,HIRE,2019-10-01,,بورسعيد,7987,0
EMP-11138,HIRE,2019-10-01,,بورسعيد,12850,0
EMP-13561,PROMOTION,2019-10-01,11477,16558,16558,0
EMP-13726,HIRE,2019-10-01,,القاهره المعادي,8794,0
EMP-14952,HIRE,2019-10-02,,التجمع,12700,0
EMP-15145,HIRE,2019-10-02,,سموحة,12288,0
EMP-11052,HIRE,2019-10-02,,الإسكندرية - سموحة,11491,0
EMP-15327,HIRE,2019-10-02,,بورسعيد - الشرق,18710,0
EMP-15507,HIRE,2019-10-02,,القاهرة - التجمع الخامس,10149,0
EMP-16381,HIRE,2019-10-03,,القاهرة - التجمع الخامس,16223,0
EMP-13610,TERMINATION,2019-10-03,ACTIVE,NULL,13590,1
EMP-14738,TRANSFER,2019-10-04,التجمع,بورسعيد,18861,0
EMP-11520,HIRE,2019-10-04,,الاسكندرية سموحة,16563,0
EMP-16512,PROMOTION,2019-10-04,15566,22217,22217,0
EMP-14036,HIRE,2019-10-05,,سموحة,7535,0
EMP-13240,HIRE,2019-10-06,,الدقي,14912,0
EMP-13544,HIRE,2019-10-07,,سموحة,18727,0
EMP-14634,TRANSFER,2019-10-07,القاهرة - المعادي,التجمع,18074,0
EMP-11261,TERMINATION,2019-10-07,ACTIVE,Resignation,18541,1
EMP-16857,PROMOTION,2019-10-07,25450,29185,29185,0
EMP-15777,TRANSFER,2019-10-07,القاهرة - التجمع الخامس,الجيزة - الدقي,8871,0
EMP-11107,HIRE,2019-10-07,,التجمع,17137,0
EMP-14170,HIRE,2019-10-07,,بورسعيد,17150,0
EMP-15120,HIRE,2019-10-08,,القاهره المعادي,15083,0
EMP-12886,HIRE,2019-10-08,,القاهرة - المعادي,10210,0
EMP-16464,PROMOTION,2019-10-09,19804,21978,21978,0
EMP-10475,TRANSFER,2019-10-09,القاهرة - المعادي,الدقي,7311,0
EMP-11058,HIRE,2019-10-10,,القاهرة - المعادي,18092,0
EMP-16578,HIRE,2019-10-10,,سموحة,12044,0
EMP-16056,PROMOTION,2019-10-11,10627,14565,14565,0
EMP-10756,HIRE,2019-10-11,,القاهره المعادي,12329,0
EMP-13207,PROMOTION,2019-10-11,7709,11453,11453,0
EMP-15343,HIRE,2019-10-12,,القاهره المعادي,9010,0
EMP-13305,HIRE,2019-10-12,,الإسكندرية - سموحة,7592,0
EMP-13602,HIRE,2019-10-12,,سموحة,18682,0
EMP-16752,TRANSFER,2019-10-12,فرع المعادي,بورسعيد - الشرق,22921,0
EMP-13602,HIRE,2019-10-12,,سموحة,18682,0
EMP-10573,TRANSFER,2019-10-12,الاسكندرية سموحة,الاسكندرية سموحة,14412,0
EMP-14564,TRANSFER,2019-10-13,القاهرة - التجمع الخامس,الإسكندرية - سموحة,7937,0
EMP-15030,HIRE,2019-10-13,,الدقي,13378,0
EMP-10520,HIRE,2019-10-13,,القاهرة - التجمع الخامس,7675,0
EMP-12364,HIRE,2019-10-13,,القاهره المعادي,12654,0
EMP-16988,HIRE,2019-10-13,,الدقي,9316,0
EMP-11547,TRANSFER,2019-10-14,فرع المعادي,الإسكندرية - سموحة,13122,0
EMP-12991,HIRE,2019-10-14,,القاهره المعادي,7926,0
EMP-14783,HIRE,2019-10-14,,فرع المعادي,18590,0
EMP-13428,PROMOTION,2019-10-15,19609,26208,26208,0
EMP-11978,PROMOTION,2019-10-15,23347,25824,25824,0
EMP-11123,TERMINATION,2019-10-15,ACTIVE,NULL,15084,1
EMP-14425,HIRE,2019-10-15,,فرع المعادي,11621,0
EMP-10974,HIRE,2019-10-15,,بورسعيد,17766,0
EMP-13274,HIRE,2019-10-16,,فرع المعادي,15560,0
EMP-16687,HIRE,2019-10-16,,الإسكندرية - سموحة,11800,0
EMP-15066,HIRE,2019-10-17,,القاهرة - التجمع الخامس,19167,0
EMP-15132,HIRE,2019-10-17,,الإسكندرية - سموحة,13668,0
EMP-11114,TRANSFER,2019-10-17,الجيزة - الدقي,الجيزة - الدقي,16752,0
EMP-16633,TRANSFER,2019-10-17,القاهره المعادي,فرع المعادي,19028,0
EMP-10172,HIRE,2019-10-17,,القاهرة - المعادي,13069,0
EMP-16170,TRANSFER,2019-10-18,الاسكندرية سموحة,الدقي,14579,0
EMP-11701,PROMOTION,2019-10-18,19729,27325,27325,0
EMP-11247,HIRE,2019-10-18,,الاسكندرية سموحة,8786,0
EMP-16248,TRANSFER,2019-10-18,التجمع,القاهره المعادي,25990,0
EMP-11842,PROMOTION,2019-10-18,16738,23204,23204,0
EMP-11723,PROMOTION,2019-10-18,16084,22663,22663,0
EMP-16209,PROMOTION,2019-10-19,24190,26248,26248,0
EMP-10281,TRANSFER,2019-10-19,بورسعيد,سموحة,25632,0
EMP-11034,HIRE,2019-10-19,,فرع المعادي,14846,0
EMP-15564,TERMINATION,2019-10-19,ACTIVE,NULL,12579,1
EMP-14343,PROMOTION,2019-10-20,9238,12353,12353,0
EMP-13617,TRANSFER,2019-10-21,سموحة,القاهرة - التجمع الخامس,12500,0
EMP-10265,HIRE,2019-10-21,,الجيزة - الدقي,8374,0
EMP-12132,HIRE,2019-10-21,,بورسعيد - الشرق,9009,0
EMP-11958,HIRE,2019-10-21,,الدقي,18638,0
EMP-15754,HIRE,2019-10-22,,القاهرة - التجمع الخامس,13284,0
EMP-10718,PROMOTION,2019-10-22,11917,15595,15595,0
EMP-14616,TRANSFER,2019-10-22,بورسعيد,القاهره المعادي,8321,0
EMP-10377,TRANSFER,2019-10-23,التجمع,الدقي,17854,0
EMP-16217,HIRE,2019-10-24,,التجمع,12477,0
EMP-11741,PROMOTION,2019-10-24,8977,15495,15495,0
EMP-11376,HIRE,2019-10-24,,سموحة,10214,0
EMP-13171,TRANSFER,2019-10-24,القاهرة - المعادي,بورسعيد - الشرق,14698,0
EMP-14256,HIRE,2019-10-24,,القاهرة - التجمع الخامس,17728,0
EMP-15059,TERMINATION,2019-10-24,ACTIVE,NULL,15655,1
EMP-13301,HIRE,2019-10-25,,سموحة,17550,0
EMP-14832,TRANSFER,2019-10-25,سموحة,الجيزة - الدقي,15880,0
EMP-11065,HIRE,2019-10-25,,التجمع,19440,0
EMP-16586,HIRE,2019-10-25,,القاهره المعادي,12758,0
EMP-15669,TRANSFER,2019-10-25,القاهرة - المعادي,فرع المعادي,18740,0
EMP-16550,HIRE,2019-10-26,,الإسكندرية - سموحة,14383,0
EMP-13560,HIRE,2019-10-26,,فرع المعادي,19261,0
EMP-12528,HIRE,2019-10-26,,الاسكندرية سموحة,16685,0
EMP-16541,PROMOTION,2019-10-26,12363,19811,19811,0
EMP-13241,HIRE,2019-10-27,,الجيزة - الدقي,9488,0
EMP-13138,PROMOTION,2019-10-27,16357,24349,24349,0
EMP-13369,PROMOTION,2019-10-27,21759,29146,29146,0
EMP-15027,HIRE,2019-10-27,,الجيزة - الدقي,18975,0
EMP-16699,PROMOTION,2019-10-28,17208,19783,19783,0
EMP-11259,HIRE,2019-10-28,,بورسعيد - الشرق,16314,0
EMP-11638,TRANSFER,2019-10-28,الدقي,بورسعيد,10490,0
EMP-15693,TERMINATION,2019-10-28,ACTIVE,Fired,9184,1
EMP-13091,HIRE,2019-10-29,,الدقي,7357,0
EMP-11413,HIRE,2019-10-29,,الدقي,16393,0
EMP-14705,HIRE,2019-10-30,,فرع المعادي,11060,0
EMP-11559,PROMOTION,2019-10-30,9755,16755,16755,0
EMP-11282,HIRE,2019-10-30,,التجمع,8734,0
EMP-11009,PROMOTION,2019-10-31,8679,12384,12384,0
EMP-16394,HIRE,2019-10-31,,الجيزة - الدقي,15652,0
EMP-10127,HIRE,2019-11-01,,القاهرة - التجمع الخامس,12023,0
EMP-16528,HIRE,2019-11-02,,الاسكندرية سموحة,13033,0
EMP-12297,HIRE,2019-11-02,,بورسعيد,12921,0
EMP-15363,HIRE,2019-11-03,,الدقي,14743,0
EMP-12590,PROMOTION,2019-11-03,15720,22635,22635,0
EMP-12317,HIRE,2019-11-03,,القاهره المعادي,19214,0
EMP-12985,HIRE,2019-11-03,,الدقي,18117,0
EMP-14919,HIRE,2019-11-04,,الدقي,7664,0
EMP-13065,TERMINATION,2019-11-04,ACTIVE,Resignation,18290,1
EMP-15237,TERMINATION,2019-11-04,ACTIVE,Resignation,19151,1
EMP-10850,TRANSFER,2019-11-05,التجمع,الجيزة - الدقي,17097,0
EMP-13434,TRANSFER,2019-11-05,بورسعيد - الشرق,فرع المعادي,18760,0
EMP-16642,HIRE,2019-11-05,,سموحة,17705,0
EMP-15961,HIRE,2019-11-05,,الدقي,7680,0
EMP-10751,HIRE,2019-11-05,,الدقي,18707,0
EMP-16405,PROMOTION,2019-11-05,16979,21669,21669,0
EMP-11163,PROMOTION,2019-11-06,12984,18641,18641,0
EMP-11674,HIRE,2019-11-07,,القاهره المعادي,18882,0
EMP-15864,TRANSFER,2019-11-07,سموحة,الجيزة - الدقي,8696,0
EMP-12397,TERMINATION,2019-11-07,ACTIVE,Fired,16747,1
EMP-14807,TRANSFER,2019-11-07,سموحة,القاهرة - التجمع الخامس,17398,0
EMP-11782,TERMINATION,2019-11-08,ACTIVE,NULL,8680,1
EMP-16757,TRANSFER,2019-11-08,سموحة,الإسكندرية - سموحة,10620,0
EMP-16883,HIRE,2019-11-08,,القاهره المعادي,16796,0
EMP-16054,HIRE,2019-11-08,,القاهرة - التجمع الخامس,17763,0
EMP-10654,HIRE,2019-11-09,,سموحة,7891,0
EMP-14759,HIRE,2019-11-09,,سموحة,9906,0
EMP-15404,PROMOTION,2019-11-09,13803,20608,20608,0
EMP-12285,PROMOTION,2019-11-09,13750,18996,18996,0
EMP-16958,HIRE,2019-11-10,,سموحة,11221,0
EMP-11389,PROMOTION,2019-11-10,18710,21184,21184,0
EMP-15277,HIRE,2019-11-11,,سموحة,14333,0
EMP-13404,TRANSFER,2019-11-11,بورسعيد - الشرق,سموحة,16900,0
EMP-13451,TERMINATION,2019-11-11,ACTIVE,Resignation,20608,1
EMP-15476,HIRE,2019-11-11,,الاسكندرية سموحة,9109,0
EMP-15076,TRANSFER,2019-11-11,الجيزة - الدقي,بورسعيد,18797,0
EMP-13902,HIRE,2019-11-12,,الجيزة - الدقي,19834,0
EMP-11728,TRANSFER,2019-11-12,بورسعيد - الشرق,فرع المعادي,11090,0
EMP-14640,PROMOTION,2019-11-12,15811,22227,22227,0
EMP-16113,PROMOTION,2019-11-13,20729,23722,23722,0
EMP-15820,HIRE,2019-11-13,,القاهره المعادي,8620,0
EMP-16113,PROMOTION,2019-11-13,20729,23722,23722,0
EMP-12432,PROMOTION,2019-11-13,16180,18631,18631,0
EMP-14190,PROMOTION,2019-11-14,10650,17125,17125,0
EMP-11192,TRANSFER,2019-11-14,التجمع,بورسعيد - الشرق,13819,0
EMP-14195,HIRE,2019-11-14,,القاهره المعادي,15538,0
EMP-14910,HIRE,2019-11-14,,سموحة,13247,0
EMP-11684,HIRE,2019-11-14,,فرع المعادي,11417,0
EMP-13030,TRANSFER,2019-11-14,الإسكندرية - سموحة,بورسعيد - الشرق,19140,0
EMP-14674,HIRE,2019-11-15,,بورسعيد - الشرق,17876,0
EMP-12843,HIRE,2019-11-15,,القاهره المعادي,8848,0
EMP-10640,PROMOTION,2019-11-15,20911,25859,25859,0
EMP-15036,TRANSFER,2019-11-15,سموحة,القاهرة - التجمع الخامس,16582,0
EMP-14100,HIRE,2019-11-15,,الإسكندرية - سموحة,15431,0
EMP-10649,HIRE,2019-11-15,,بورسعيد,15227,0
EMP-15807,TRANSFER,2019-11-16,بورسعيد,الاسكندرية سموحة,19441,0
EMP-16224,PROMOTION,2019-11-16,16930,23269,23269,0
EMP-14027,HIRE,2019-11-16,,الجيزة - الدقي,7977,0
EMP-12386,HIRE,2019-11-16,,الجيزة - الدقي,14329,0
EMP-12668,HIRE,2019-11-16,,القاهرة - التجمع الخامس,19107,0
EMP-14779,HIRE,2019-11-17,,الاسكندرية سموحة,18434,0
EMP-16063,HIRE,2019-11-17,,الدقي,11435,0
EMP-16220,TRANSFER,2019-11-17,سموحة,بورسعيد - الشرق,19561,0
EMP-12514,PROMOTION,2019-11-17,9283,17045,17045,0
EMP-16941,HIRE,2019-11-17,,بورسعيد - الشرق,11326,0
EMP-12893,HIRE,2019-11-18,,القاهرة - التجمع الخامس,16131,0
EMP-14238,TERMINATION,2019-11-18,ACTIVE,Fired,14114,1
EMP-14480,HIRE,2019-11-18,,القاهرة - التجمع الخامس,14967,0
EMP-12442,HIRE,2019-11-19,,الإسكندرية - سموحة,14464,0
EMP-13056,HIRE,2019-11-19,,القاهرة - المعادي,19262,0
EMP-11572,TRANSFER,2019-11-19,القاهرة - المعادي,الاسكندرية سموحة,10655,0
EMP-16325,PROMOTION,2019-11-19,17439,23173,23173,0
EMP-11323,PROMOTION,2019-11-19,10396,13881,13881,0
EMP-16994,PROMOTION,2019-11-20,18679,25639,25639,0
EMP-15663,TRANSFER,2019-11-20,بورسعيد - الشرق,القاهرة - المعادي,8712,0
EMP-13290,TRANSFER,2019-11-20,القاهرة - التجمع الخامس,القاهرة - المعادي,20019,0
EMP-11798,HIRE,2019-11-20,,القاهره المعادي,19623,0
EMP-16358,HIRE,2019-11-20,,الجيزة - الدقي,16650,0
EMP-10953,HIRE,2019-11-21,,القاهرة - التجمع الخامس,15634,0
EMP-14407,HIRE,2019-11-21,,الاسكندرية سموحة,7231,0
EMP-13358,HIRE,2019-11-21,,بورسعيد,8068,0
EMP-13162,TERMINATION,2019-11-21,ACTIVE,Relocation,18574,1
EMP-11269,HIRE,2019-11-21,,القاهرة - المعادي,17820,0
EMP-13677,HIRE,2019-11-21,,سموحة,13108,0
EMP-14330,PROMOTION,2019-11-21,18798,21951,21951,0
EMP-14789,PROMOTION,2019-11-22,15196,20066,20066,0
EMP-13086,PROMOTION,2019-11-22,14925,20990,20990,0
EMP-14877,PROMOTION,2019-11-22,25641,29914,29914,0
EMP-16085,HIRE,2019-11-22,,الإسكندرية - سموحة,12279,0
EMP-15470,HIRE,2019-11-23,,بورسعيد,13490,0
EMP-16205,HIRE,2019-11-23,,الإسكندرية - سموحة,16099,0
EMP-12667,TRANSFER,2019-11-23,بورسعيد,بورسعيد - الشرق,17010,0
EMP-12759,PROMOTION,2019-11-23,17286,21207,21207,0
EMP-14002,TRANSFER,2019-11-23,الاسكندرية سموحة,بورسعيد,10230,0
EMP-13144,HIRE,2019-11-24,,القاهرة - المعادي,13951,0
EMP-14944,HIRE,2019-11-24,,القاهره المعادي,7713,0
EMP-10908,TERMINATION,2019-11-25,ACTIVE,Fired,18013,1
EMP-12444,HIRE,2019-11-25,,بورسعيد - الشرق,9407,0
EMP-11534,HIRE,2019-11-25,,القاهره المعادي,10669,0
EMP-13871,HIRE,2019-11-25,,بورسعيد,18991,0
EMP-14688,HIRE,2019-11-25,,بورسعيد - الشرق,8182,0
EMP-12345,HIRE,2019-11-25,,القاهره المعادي,11867,0
EMP-11911,TRANSFER,2019-11-25,الجيزة - الدقي,القاهره المعادي,30138,0
EMP-12198,PROMOTION,2019-11-25,8763,11280,11280,0
EMP-11853,TRANSFER,2019-11-25,سموحة,الإسكندرية - سموحة,19019,0
EMP-11185,HIRE,2019-11-26,,بورسعيد,19134,0
EMP-10547,PROMOTION,2019-11-27,16670,23142,23142,0
EMP-11423,PROMOTION,2019-11-27,14049,20773,20773,0
EMP-13730,PROMOTION,2019-11-27,12758,19290,19290,0
EMP-12244,HIRE,2019-11-27,,التجمع,10849,0
EMP-15381,PROMOTION,2019-11-27,16100,22614,22614,0
EMP-13589,HIRE,2019-11-27,,الجيزة - الدقي,17755,0
EMP-13529,TRANSFER,2019-11-28,فرع المعادي,القاهره المعادي,16881,0
EMP-11188,TRANSFER,2019-11-28,بورسعيد - الشرق,فرع المعادي,17824,0
EMP-11881,HIRE,2019-11-28,,القاهرة - المعادي,9064,0
EMP-11451,TRANSFER,2019-11-28,بورسعيد - الشرق,فرع المعادي,8821,0
EMP-14349,HIRE,2019-11-28,,التجمع,13242,0
EMP-12680,HIRE,2019-11-29,,الاسكندرية سموحة,14957,0
EMP-16107,TERMINATION,2019-11-29,ACTIVE,Resignation,17749,1
EMP-12825,HIRE,2019-11-29,,الجيزة - الدقي,10303,0
EMP-12818,TRANSFER,2019-11-29,القاهرة - المعادي,سموحة,12230,0
EMP-10473,HIRE,2019-11-30,,بورسعيد,19624,0
EMP-14313,TRANSFER,2019-11-30,الاسكندرية سموحة,سموحة,10374,0
EMP-15942,PROMOTION,2019-11-30,8553,15436,15436,0
EMP-16125,HIRE,2019-11-30,,القاهرة - المعادي,7020,0
EMP-13584,PROMOTION,2019-11-30,19398,26155,26155,0
EMP-12228,HIRE,2019-11-30,,الدقي,8540,0
EMP-12339,HIRE,2019-11-30,,بورسعيد,15553,0
EMP-15215,HIRE,2019-12-01,,الدقي,8029,0
EMP-10003,PROMOTION,2019-12-01,8455,14319,14319,0
EMP-13288,TRANSFER,2019-12-02,بورسعيد - الشرق,القاهرة - التجمع الخامس,17993,0
EMP-17000,TRANSFER,2019-12-02,الدقي,الاسكندرية سموحة,12173,0
EMP-15626,PROMOTION,2019-12-02,16518,22168,22168,0
EMP-15265,HIRE,2019-12-02,,القاهرة - المعادي,15410,0
EMP-16096,TRANSFER,2019-12-02,القاهرة - التجمع الخامس,الجيزة - الدقي,7886,0
EMP-12007,HIRE,2019-12-03,,الاسكندرية سموحة,15452,0
EMP-10885,HIRE,2019-12-03,,الإسكندرية - سموحة,12921,0
EMP-13168,PROMOTION,2019-12-03,17160,25126,25126,0
EMP-14356,PROMOTION,2019-12-04,9701,11922,11922,0
EMP-13266,HIRE,2019-12-05,,الاسكندرية سموحة,7761,0
EMP-12566,HIRE,2019-12-05,,الجيزة - الدقي,15042,0
EMP-16443,TERMINATION,2019-12-05,ACTIVE,Fired,14999,1
EMP-11174,PROMOTION,2019-12-05,9691,14479,14479,0
EMP-13630,TRANSFER,2019-12-06,القاهرة - التجمع الخامس,التجمع,15633,0
EMP-12737,HIRE,2019-12-07,,الاسكندرية سموحة,9902,0
EMP-11802,HIRE,2019-12-07,,الاسكندرية سموحة,15142,0
EMP-16239,PROMOTION,2019-12-08,14085,17071,17071,0
EMP-13783,TERMINATION,2019-12-08,ACTIVE,Resignation,15899,1
EMP-10583,TRANSFER,2019-12-09,سموحة,القاهرة - المعادي,17255,0
EMP-13865,HIRE,2019-12-09,,الدقي,14642,0
EMP-10664,HIRE,2019-12-09,,بورسعيد,12096,0
EMP-10426,HIRE,2019-12-10,,الدقي,16590,0
EMP-11305,TRANSFER,2019-12-10,القاهره المعادي,الاسكندرية سموحة,21533,0
EMP-15272,HIRE,2019-12-10,,القاهرة - التجمع الخامس,15870,0
EMP-15445,TERMINATION,2019-12-10,ACTIVE,NULL,9294,1
EMP-14657,TRANSFER,2019-12-11,بورسعيد - الشرق,بورسعيد - الشرق,18818,0
EMP-10438,HIRE,2019-12-11,,بورسعيد,18177,0
EMP-14719,HIRE,2019-12-11,,القاهرة - المعادي,18988,0
EMP-15027,TRANSFER,2019-12-11,الجيزة - الدقي,الجيزة - الدقي,18975,0
EMP-16095,PROMOTION,2019-12-11,15856,20090,20090,0
EMP-12766,PROMOTION,2019-12-11,8875,14404,14404,0
EMP-12836,PROMOTION,2019-12-11,14346,16701,16701,0
EMP-14680,HIRE,2019-12-11,,الجيزة - الدقي,13883,0
EMP-15198,PROMOTION,2019-12-12,10223,16674,16674,0
EMP-12686,HIRE,2019-12-13,,الاسكندرية سموحة,7109,0
EMP-13402,TRANSFER,2019-12-13,فرع المعادي,القاهرة - المعادي,19498,0
EMP-10967,HIRE,2019-12-13,,فرع المعادي,11117,0
EMP-16776,HIRE,2019-12-13,,الدقي,7494,0
EMP-16401,PROMOTION,2019-12-13,14117,20296,20296,0
EMP-14483,TRANSFER,2019-12-14,القاهرة - المعادي,بورسعيد,19635,0
EMP-14120,HIRE,2019-12-14,,القاهرة - التجمع الخامس,7469,0
EMP-16558,HIRE,2019-12-14,,التجمع,19639,0
EMP-16762,TRANSFER,2019-12-15,الاسكندرية سموحة,بورسعيد,19015,0
EMP-14343,PROMOTION,2019-12-15,12353,19286,19286,0
EMP-16197,PROMOTION,2019-12-16,12409,18192,18192,0
EMP-13259,PROMOTION,2019-12-16,15020,22582,22582,0
EMP-10042,HIRE,2019-12-17,,سموحة,7909,0
EMP-14664,TERMINATION,2019-12-17,ACTIVE,Relocation,11545,1
EMP-16088,PROMOTION,2019-12-18,19019,22001,22001,0
EMP-10901,HIRE,2019-12-18,,سموحة,17961,0
EMP-15975,HIRE,2019-12-18,,الاسكندرية سموحة,8500,0
EMP-14591,HIRE,2019-12-18,,سموحة,9060,0
EMP-10474,TRANSFER,2019-12-18,الدقي,بورسعيد,18421,0
EMP-13695,HIRE,2019-12-19,,الاسكندرية سموحة,10348,0
EMP-13949,HIRE,2019-12-19,,سموحة,8069,0
EMP-13429,TERMINATION,2019-12-20,ACTIVE,Resignation,13863,1
EMP-15605,HIRE,2019-12-20,,الاسكندرية سموحة,16657,0
EMP-14632,HIRE,2019-12-20,,بورسعيد - الشرق,16748,0
EMP-15251,HIRE,2019-12-20,,القاهرة - التجمع الخامس,11177,0
EMP-14815,HIRE,2019-12-21,,بورسعيد,17197,0
EMP-10482,TRANSFER,2019-12-21,الإسكندرية - سموحة,بورسعيد,9870,0
EMP-13912,HIRE,2019-12-21,,القاهره المعادي,11053,0
EMP-16383,HIRE,2019-12-21,,بورسعيد - الشرق,13179,0
EMP-15089,TRANSFER,2019-12-22,فرع المعادي,الاسكندرية سموحة,16411,0
EMP-15888,TRANSFER,2019-12-22,الاسكندرية سموحة,التجمع,18873,0
EMP-15656,TRANSFER,2019-12-23,الجيزة - الدقي,القاهرة - التجمع الخامس,13925,0
EMP-13184,HIRE,2019-12-23,,التجمع,14386,0
EMP-11044,TRANSFER,2019-12-23,القاهره المعادي,سموحة,12604,0
EMP-13296,HIRE,2019-12-23,,بورسعيد - الشرق,16453,0
EMP-13423,HIRE,2019-12-23,,الاسكندرية سموحة,8907,0
EMP-13104,HIRE,2019-12-23,,سموحة,7034,0
EMP-16199,TRANSFER,2019-12-24,القاهره المعادي,القاهرة - التجمع الخامس,15191,0
EMP-16174,TRANSFER,2019-12-24,الدقي,بورسعيد,12703,0
EMP-10571,HIRE,2019-12-24,,سموحة,10634,0
EMP-16997,TERMINATION,2019-12-24,ACTIVE,Relocation,7637,1
EMP-15207,TRANSFER,2019-12-24,سموحة,سموحة,9836,0
EMP-13564,HIRE,2019-12-25,,التجمع,10603,0
EMP-15375,HIRE,2019-12-25,,القاهرة - التجمع الخامس,8597,0
EMP-13769,HIRE,2019-12-25,,الإسكندرية - سموحة,18186,0
EMP-11192,TRANSFER,2019-12-25,بورسعيد - الشرق,سموحة,13819,0
EMP-10314,HIRE,2019-12-26,,التجمع,12520,0
EMP-15661,HIRE,2019-12-26,,بورسعيد - الشرق,9769,0
EMP-13664,PROMOTION,2019-12-26,17392,21659,21659,0
EMP-10185,TERMINATION,2019-12-26,ACTIVE,NULL,14972,1
EMP-16033,PROMOTION,2019-12-26,9281,11704,11704,0
EMP-14621,HIRE,2019-12-27,,الدقي,13408,0
EMP-12480,HIRE,2019-12-27,,الاسكندرية سموحة,17965,0
EMP-10703,HIRE,2019-12-28,,الجيزة - الدقي,19050,0
EMP-12291,HIRE,2019-12-28,,بورسعيد,9390,0
EMP-12328,HIRE,2019-12-28,,الجيزة - الدقي,10614,0
EMP-15307,PROMOTION,2019-12-29,19229,25362,25362,0
EMP-12359,PROMOTION,2019-12-29,19288,26014,26014,0
EMP-10287,HIRE,2019-12-29,,سموحة,19685,0
EMP-14417,PROMOTION,2019-12-30,7124,12053,12053,0
EMP-16831,HIRE,2019-12-30,,سموحة,18323,0
EMP-10135,PROMOTION,2019-12-30,16376,23593,23593,0
EMP-15868,HIRE,2019-12-30,,الإسكندرية - سموحة,14388,0
EMP-13431,PROMOTION,2019-12-30,17448,22037,22037,0
EMP-11150,TRANSFER,2019-12-30,القاهرة - التجمع الخامس,القاهرة - المعادي,11573,0
EMP-12097,HIRE,2019-12-30,,الإسكندرية - سموحة,15460,0
EMP-11577,PROMOTION,2019-12-31,14230,19625,19625,0
EMP-14197,PROMOTION,2019-12-31,18279,20808,20808,0
EMP-14197,PROMOTION,2019-12-31,18279,20808,20808,0
EMP-11434,HIRE,2020-01-01,,بورسعيد,16501,0
EMP-14048,HIRE,2020-01-01,,الإسكندرية - سموحة,15568,0
EMP-13486,HIRE,2020-01-01,,الجيزة - الدقي,11490,0
EMP-13305,TRANSFER,2020-01-02,الإسكندرية - سموحة,التجمع,7592,0
EMP-10922,HIRE,2020-01-02,,القاهره المعادي,16513,0
EMP-15147,HIRE,2020-01-02,,القاهره المعادي,18722,0
EMP-15381,TRANSFER,2020-01-02,القاهرة - التجمع الخامس,الاسكندرية سموحة,22614,0
EMP-14008,HIRE,2020-01-03,,الدقي,15582,0
EMP-12448,HIRE,2020-01-03,,التجمع,18800,0
EMP-11554,PROMOTION,2020-01-03,12104,14984,14984,0
EMP-11684,TERMINATION,2020-01-03,ACTIVE,NULL,11417,1
EMP-14201,HIRE,2020-01-03,,التجمع,10525,0
EMP-14628,PROMOTION,2020-01-03,25396,30455,30455,0
EMP-11151,TRANSFER,2020-01-04,القاهرة - المعادي,بورسعيد - الشرق,8053,0
EMP-11626,PROMOTION,2020-01-04,12866,16527,16527,0
EMP-13914,TERMINATION,2020-01-05,ACTIVE,Fired,17142,1
EMP-16050,TRANSFER,2020-01-05,القاهرة - المعادي,القاهرة - المعادي,19086,0
EMP-10132,PROMOTION,2020-01-05,7098,9579,9579,0
EMP-11925,TERMINATION,2020-01-05,ACTIVE,NULL,12448,1
EMP-16653,HIRE,2020-01-05,,الدقي,12319,0
EMP-13922,PROMOTION,2020-01-05,15484,22193,22193,0
EMP-12306,HIRE,2020-01-06,,بورسعيد,16182,0
EMP-12486,HIRE,2020-01-06,,سموحة,17825,0
EMP-11718,HIRE,2020-01-06,,الاسكندرية سموحة,12679,0
EMP-10413,HIRE,2020-01-06,,التجمع,13874,0
EMP-15164,PROMOTION,2020-01-06,11000,13654,13654,0
EMP-15465,HIRE,2020-01-07,,بورسعيد - الشرق,16239,0
EMP-12855,HIRE,2020-01-07,,الدقي,7093,0
EMP-12632,HIRE,2020-01-07,,القاهرة - المعادي,13551,0
EMP-16158,PROMOTION,2020-01-07,13455,19565,19565,0
EMP-15858,TRANSFER,2020-01-08,الدقي,الاسكندرية سموحة,15165,0
EMP-11355,HIRE,2020-01-08,,الدقي,11149,0
EMP-15454,HIRE,2020-01-08,,الإسكندرية - سموحة,16617,0
EMP-14224,HIRE,2020-01-08,,فرع المعادي,8234,0
EMP-14843,HIRE,2020-01-08,,الإسكندرية - سموحة,7022,0
EMP-15458,HIRE,2020-01-08,,فرع المعادي,11664,0
EMP-15869,HIRE,2020-01-09,,بورسعيد,7569,0
EMP-16544,PROMOTION,2020-01-09,13008,19844,19844,0
EMP-13746,HIRE,2020-01-09,,الاسكندرية سموحة,12398,0
EMP-15087,TERMINATION,2020-01-09,ACTIVE,Fired,15050,1
EMP-14740,HIRE,2020-01-09,,الجيزة - الدقي,19852,0
EMP-13746,HIRE,2020-01-09,,الاسكندرية سموحة,12398,0
EMP-10684,HIRE,2020-01-09,,بورسعيد,14851,0
EMP-15185,HIRE,2020-01-10,,الإسكندرية - سموحة,19486,0
EMP-16045,HIRE,2020-01-10,,سموحة,18336,0
EMP-10542,HIRE,2020-01-10,,الإسكندرية - سموحة,12427,0
EMP-14556,TRANSFER,2020-01-10,سموحة,القاهرة - التجمع الخامس,9726,0
EMP-13662,TRANSFER,2020-01-11,القاهرة - المعادي,القاهرة - المعادي,8852,0
EMP-13554,TRANSFER,2020-01-11,الإسكندرية - سموحة,القاهرة - المعادي,9233,0
EMP-16755,TERMINATION,2020-01-11,ACTIVE,NULL,22855,1
EMP-12928,PROMOTION,2020-01-11,14625,22552,22552,0
EMP-11008,PROMOTION,2020-01-11,19044,22233,22233,0
EMP-10733,HIRE,2020-01-11,,الدقي,10809,0
EMP-10866,HIRE,2020-01-11,,الإسكندرية - سموحة,18348,0
EMP-13763,HIRE,2020-01-12,,الإسكندرية - سموحة,14855,0
EMP-13263,HIRE,2020-01-12,,بورسعيد,8703,0
EMP-14832,TERMINATION,2020-01-12,ACTIVE,Fired,15880,1
EMP-16898,HIRE,2020-01-12,,الجيزة - الدقي,19954,0
EMP-15282,HIRE,2020-01-13,,الإسكندرية - سموحة,8520,0
EMP-12451,HIRE,2020-01-13,,الإسكندرية - سموحة,11332,0
EMP-12657,HIRE,2020-01-13,,فرع المعادي,17980,0
EMP-15152,HIRE,2020-01-13,,الجيزة - الدقي,16405,0
EMP-14785,PROMOTION,2020-01-13,18953,25926,25926,0
EMP-10829,TRANSFER,2020-01-13,القاهره المعادي,القاهرة - التجمع الخامس,11669,0
EMP-15259,PROMOTION,2020-01-14,12823,15336,15336,0
EMP-15971,HIRE,2020-01-14,,الجيزة - الدقي,9360,0
EMP-12336,HIRE,2020-01-15,,القاهرة - التجمع الخامس,19270,0
EMP-14285,PROMOTION,2020-01-15,20512,23740,23740,0
EMP-16708,HIRE,2020-01-15,,فرع المعادي,7871,0
EMP-15130,PROMOTION,2020-01-15,15298,21328,21328,0
EMP-14095,HIRE,2020-01-15,,بورسعيد - الشرق,17492,0
EMP-12378,HIRE,2020-01-17,,الجيزة - الدقي,19942,0
EMP-16130,PROMOTION,2020-01-17,7783,14498,14498,0
EMP-11870,HIRE,2020-01-17,,الجيزة - الدقي,16745,0
EMP-10376,TRANSFER,2020-01-18,الدقي,القاهره المعادي,18981,0
EMP-15189,PROMOTION,2020-01-19,11544,18100,18100,0
EMP-15955,HIRE,2020-01-19,,الإسكندرية - سموحة,13360,0
EMP-16517,HIRE,2020-01-19,,الدقي,12705,0
EMP-13145,HIRE,2020-01-19,,القاهرة - التجمع الخامس,10020,0
EMP-13365,PROMOTION,2020-01-19,15777,20511,20511,0
EMP-10213,HIRE,2020-01-20,,القاهره المعادي,12295,0
EMP-10213,HIRE,2020-01-20,,القاهره المعادي,12295,0
EMP-16714,HIRE,2020-01-20,,القاهره المعادي,11890,0
EMP-13047,HIRE,2020-01-20,,بورسعيد,7088,0
EMP-16839,HIRE,2020-01-20,,الجيزة - الدقي,19546,0
EMP-10023,PROMOTION,2020-01-20,14453,21189,21189,0
EMP-10053,HIRE,2020-01-20,,الإسكندرية - سموحة,12664,0
EMP-14108,PROMOTION,2020-01-21,8570,15215,15215,0
EMP-16425,TERMINATION,2020-01-21,ACTIVE,Fired,16254,1
EMP-13482,TRANSFER,2020-01-21,فرع المعادي,فرع المعادي,17031,0
EMP-11209,TERMINATION,2020-01-21,ACTIVE,Relocation,11791,1
EMP-14513,HIRE,2020-01-21,,فرع المعادي,13407,0
EMP-12826,HIRE,2020-01-21,,القاهره المعادي,15938,0
EMP-10397,HIRE,2020-01-21,,الدقي,15213,0
EMP-13574,TERMINATION,2020-01-21,ACTIVE,Fired,13270,1
EMP-14513,HIRE,2020-01-21,,فرع المعادي,13407,0
EMP-12821,HIRE,2020-01-21,,فرع المعادي,13839,0
EMP-13140,HIRE,2020-01-22,,القاهرة - التجمع الخامس,10859,0
EMP-12487,TRANSFER,2020-01-22,فرع المعادي,سموحة,12684,0
EMP-11595,HIRE,2020-01-23,,بورسعيد - الشرق,7264,0
EMP-15161,TERMINATION,2020-01-23,ACTIVE,Relocation,22283,1
EMP-12410,HIRE,2020-01-23,,فرع المعادي,17473,0
EMP-10256,TRANSFER,2020-01-23,الإسكندرية - سموحة,بورسعيد - الشرق,14172,0
EMP-15054,HIRE,2020-01-23,,التجمع,9332,0
EMP-14478,HIRE,2020-01-24,,فرع المعادي,17737,0
EMP-11297,TRANSFER,2020-01-24,الدقي,القاهره المعادي,19441,0
EMP-12799,TRANSFER,2020-01-24,سموحة,القاهرة - التجمع الخامس,16646,0
EMP-12010,TRANSFER,2020-01-24,التجمع,القاهرة - المعادي,20162,0
EMP-12564,PROMOTION,2020-01-25,9538,12766,12766,0
EMP-10083,HIRE,2020-01-25,,الاسكندرية سموحة,9492,0
EMP-10145,TERMINATION,2020-01-25,ACTIVE,Fired,11598,1
EMP-14633,PROMOTION,2020-01-26,7496,15136,15136,0
EMP-14094,HIRE,2020-01-27,,القاهره المعادي,15168,0
EMP-14798,TERMINATION,2020-01-27,ACTIVE,Relocation,10990,1
EMP-10039,HIRE,2020-01-27,,القاهرة - المعادي,19414,0
EMP-11047,TERMINATION,2020-01-28,ACTIVE,Fired,16113,1
EMP-13167,HIRE,2020-01-28,,بورسعيد,9253,0
EMP-11243,HIRE,2020-01-28,,الجيزة - الدقي,15952,0
EMP-10968,HIRE,2020-01-28,,الاسكندرية سموحة,19020,0
EMP-12803,TERMINATION,2020-01-29,ACTIVE,Relocation,14894,1
EMP-10174,TRANSFER,2020-01-30,فرع المعادي,الجيزة - الدقي,19586,0
EMP-11229,TRANSFER,2020-01-30,بورسعيد,الإسكندرية - سموحة,13858,0
EMP-13589,TRANSFER,2020-01-31,الجيزة - الدقي,التجمع,17755,0
EMP-15535,HIRE,2020-01-31,,الدقي,15347,0
EMP-13589,TRANSFER,2020-01-31,الجيزة - الدقي,التجمع,17755,0
EMP-14651,TRANSFER,2020-02-01,بورسعيد - الشرق,الجيزة - الدقي,15853,0
EMP-13492,HIRE,2020-02-01,,بورسعيد,10006,0
EMP-16828,HIRE,2020-02-02,,سموحة,13286,0
EMP-13753,HIRE,2020-02-02,,القاهرة - التجمع الخامس,15232,0
EMP-13474,HIRE,2020-02-02,,بورسعيد,18452,0
EMP-12551,HIRE,2020-02-02,,القاهرة - المعادي,11635,0
EMP-10122,HIRE,2020-02-03,,التجمع,15934,0
EMP-13046,HIRE,2020-02-03,,الجيزة - الدقي,19710,0
EMP-12104,TRANSFER,2020-02-03,الجيزة - الدقي,الإسكندرية - سموحة,13090,0
EMP-15199,HIRE,2020-02-04,,بورسعيد - الشرق,14457,0
EMP-11809,HIRE,2020-02-04,,الاسكندرية سموحة,9173,0
EMP-14828,HIRE,2020-02-04,,القاهرة - المعادي,7991,0
EMP-13310,TRANSFER,2020-02-06,بورسعيد - الشرق,الاسكندرية سموحة,11479,0
EMP-15296,PROMOTION,2020-02-07,14057,16250,16250,0
EMP-13780,TRANSFER,2020-02-07,القاهره المعادي,بورسعيد,9592,0
EMP-15162,PROMOTION,2020-02-07,15187,19207,19207,0
EMP-11295,TERMINATION,2020-02-07,ACTIVE,Relocation,14271,1
EMP-14178,PROMOTION,2020-02-07,8074,12921,12921,0
EMP-13122,HIRE,2020-02-07,,التجمع,9155,0
EMP-16655,PROMOTION,2020-02-07,11865,18539,18539,0
EMP-14214,TRANSFER,2020-02-08,القاهرة - التجمع الخامس,الدقي,12119,0
EMP-15591,HIRE,2020-02-08,,بورسعيد,7043,0
EMP-13198,HIRE,2020-02-08,,سموحة,12127,0
EMP-13198,HIRE,2020-02-08,,سموحة,12127,0
EMP-10078,PROMOTION,2020-02-08,9215,17035,17035,0
EMP-11704,HIRE,2020-02-08,,القاهرة - التجمع الخامس,14312,0
EMP-11247,TRANSFER,2020-02-08,الاسكندرية سموحة,سموحة,8786,0
EMP-14733,HIRE,2020-02-09,,القاهره المعادي,19852,0
EMP-10549,TRANSFER,2020-02-09,الإسكندرية - سموحة,الجيزة - الدقي,18750,0
EMP-12716,HIRE,2020-02-09,,سموحة,15738,0
EMP-11128,TRANSFER,2020-02-09,التجمع,التجمع,13533,0
EMP-12954,PROMOTION,2020-02-09,13932,20365,20365,0
EMP-13599,HIRE,2020-02-09,,سموحة,15727,0
EMP-13491,PROMOTION,2020-02-10,12897,20204,20204,0
EMP-13164,HIRE,2020-02-10,,القاهره المعادي,14109,0
EMP-12885,HIRE,2020-02-10,,بورسعيد,16582,0
EMP-11662,HIRE,2020-02-10,,الدقي,10542,0
EMP-11249,HIRE,2020-02-10,,الإسكندرية - سموحة,13900,0
EMP-10837,HIRE,2020-02-11,,الدقي,15923,0
EMP-14231,HIRE,2020-02-11,,فرع المعادي,7067,0
EMP-11683,HIRE,2020-02-11,,سموحة,10925,0
EMP-16727,TRANSFER,2020-02-11,الإسكندرية - سموحة,سموحة,16605,0
EMP-13664,TERMINATION,2020-02-12,ACTIVE,Relocation,21659,1
EMP-11080,TERMINATION,2020-02-12,ACTIVE,Relocation,18871,1
EMP-15521,TERMINATION,2020-02-12,ACTIVE,Relocation,10090,1
EMP-12327,PROMOTION,2020-02-12,16416,18685,18685,0
EMP-11032,HIRE,2020-02-12,,سموحة,10619,0
EMP-10465,HIRE,2020-02-12,,الإسكندرية - سموحة,10738,0
EMP-14527,HIRE,2020-02-12,,بورسعيد - الشرق,19477,0
EMP-13119,HIRE,2020-02-13,,القاهرة - التجمع الخامس,7896,0
EMP-16625,HIRE,2020-02-13,,التجمع,12208,0
EMP-12340,TRANSFER,2020-02-13,الاسكندرية سموحة,القاهرة - المعادي,8320,0
EMP-13171,PROMOTION,2020-02-14,14698,17297,17297,0
EMP-14075,HIRE,2020-02-14,,بورسعيد,17821,0
EMP-12781,HIRE,2020-02-14,,سموحة,13012,0
EMP-14545,TRANSFER,2020-02-14,بورسعيد - الشرق,الإسكندرية - سموحة,8329,0
EMP-11415,TRANSFER,2020-02-15,سموحة,القاهره المعادي,11975,0
EMP-13835,PROMOTION,2020-02-15,10630,16390,16390,0
EMP-14666,TRANSFER,2020-02-16,التجمع,بورسعيد,8107,0
EMP-11565,HIRE,2020-02-16,,القاهرة - المعادي,8703,0
EMP-14146,HIRE,2020-02-16,,التجمع,11473,0
EMP-16966,HIRE,2020-02-16,,الاسكندرية سموحة,19699,0
EMP-11433,HIRE,2020-02-16,,القاهره المعادي,17225,0
EMP-11193,HIRE,2020-02-16,,الاسكندرية سموحة,8629,0
EMP-13068,HIRE,2020-02-16,,القاهرة - المعادي,18671,0
EMP-13285,HIRE,2020-02-16,,الجيزة - الدقي,12289,0
EMP-14712,HIRE,2020-02-17,,الاسكندرية سموحة,13477,0
EMP-10644,HIRE,2020-02-17,,سموحة,18891,0
EMP-16804,HIRE,2020-02-18,,القاهرة - المعادي,10425,0
EMP-13233,TERMINATION,2020-02-18,ACTIVE,Resignation,13059,1
EMP-11455,HIRE,2020-02-19,,سموحة,15363,0
EMP-16085,PROMOTION,2020-02-19,12279,16260,16260,0
EMP-10141,HIRE,2020-02-19,,الدقي,12656,0
EMP-15563,HIRE,2020-02-19,,الاسكندرية سموحة,7839,0
EMP-11553,HIRE,2020-02-19,,الاسكندرية سموحة,8296,0
EMP-10253,TRANSFER,2020-02-20,فرع المعادي,بورسعيد,9190,0
EMP-13061,HIRE,2020-02-20,,التجمع,9043,0
EMP-13986,HIRE,2020-02-20,,بورسعيد,13100,0
EMP-12040,TRANSFER,2020-02-20,القاهره المعادي,سموحة,13215,0
EMP-14919,PROMOTION,2020-02-21,7664,12548,12548,0
EMP-13817,TRANSFER,2020-02-21,بورسعيد - الشرق,الإسكندرية - سموحة,7085,0
EMP-10343,HIRE,2020-02-22,,القاهرة - التجمع الخامس,9681,0
EMP-16784,TERMINATION,2020-02-22,ACTIVE,NULL,14817,1
EMP-10310,TRANSFER,2020-02-22,الدقي,الإسكندرية - سموحة,18320,0
EMP-16096,TRANSFER,2020-02-24,الجيزة - الدقي,القاهرة - التجمع الخامس,7886,0
EMP-13453,HIRE,2020-02-24,,الجيزة - الدقي,19953,0
EMP-10367,HIRE,2020-02-24,,بورسعيد,19678,0
EMP-14280,PROMOTION,2020-02-24,9113,13456,13456,0
EMP-13544,PROMOTION,2020-02-26,18727,23354,23354,0
EMP-12629,TRANSFER,2020-02-26,القاهرة - المعادي,الدقي,8763,0
EMP-16249,HIRE,2020-02-26,,القاهره المعادي,18388,0
EMP-16442,HIRE,2020-02-26,,الجيزة - الدقي,19170,0
EMP-10905,HIRE,2020-02-27,,القاهره المعادي,15777,0
EMP-12158,TRANSFER,2020-02-27,القاهرة - المعادي,الجيزة - الدقي,15492,0
EMP-15608,HIRE,2020-02-27,,القاهرة - التجمع الخامس,7695,0
EMP-10897,HIRE,2020-02-28,,القاهرة - المعادي,15788,0
EMP-16718,PROMOTION,2020-02-28,17019,24141,24141,0
EMP-12223,HIRE,2020-02-28,,بورسعيد - الشرق,7587,0
EMP-16394,TRANSFER,2020-02-29,الجيزة - الدقي,الدقي,15652,0
EMP-11225,HIRE,2020-02-29,,القاهرة - التجمع الخامس,7145,0
EMP-12035,HIRE,2020-02-29,,القاهره المعادي,9503,0
EMP-13496,HIRE,2020-02-29,,فرع المعادي,18301,0
EMP-12337,PROMOTION,2020-02-29,8951,11971,11971,0
EMP-15410,HIRE,2020-02-29,,الاسكندرية سموحة,10817,0
EMP-15845,PROMOTION,2020-02-29,15079,17964,17964,0
EMP-12326,HIRE,2020-02-29,,الإسكندرية - سموحة,8432,0
EMP-10740,HIRE,2020-02-29,,سموحة,14676,0
EMP-14454,HIRE,2020-03-01,,فرع المعادي,7471,0
EMP-10350,HIRE,2020-03-01,,الإسكندرية - سموحة,15670,0
EMP-12924,HIRE,2020-03-02,,الإسكندرية - سموحة,7847,0
EMP-15544,TRANSFER,2020-03-02,الإسكندرية - سموحة,القاهره المعادي,16593,0
EMP-14033,HIRE,2020-03-02,,القاهرة - التجمع الخامس,10911,0
EMP-15758,PROMOTION,2020-03-02,8557,14553,14553,0
EMP-14756,HIRE,2020-03-03,,فرع المعادي,13276,0
EMP-10436,TERMINATION,2020-03-03,ACTIVE,Relocation,15311,1
EMP-11583,HIRE,2020-03-03,,بورسعيد - الشرق,8268,0
EMP-10681,TRANSFER,2020-03-03,الإسكندرية - سموحة,القاهرة - التجمع الخامس,17224,0
EMP-15889,PROMOTION,2020-03-03,18742,25919,25919,0
EMP-15373,HIRE,2020-03-03,,الاسكندرية سموحة,8074,0
EMP-10998,TERMINATION,2020-03-04,ACTIVE,NULL,17073,1
EMP-12179,HIRE,2020-03-04,,بورسعيد,17577,0
EMP-12746,HIRE,2020-03-04,,فرع المعادي,10194,0
EMP-15996,HIRE,2020-03-04,,سموحة,16734,0
EMP-12212,TRANSFER,2020-03-04,القاهرة - المعادي,فرع المعادي,14641,0
EMP-10401,PROMOTION,2020-03-05,13701,18312,18312,0
EMP-11107,PROMOTION,2020-03-05,17137,19980,19980,0
EMP-16527,HIRE,2020-03-05,,القاهره المعادي,7439,0
EMP-16527,HIRE,2020-03-05,,القاهره المعادي,7439,0
EMP-12971,HIRE,2020-03-05,,القاهره المعادي,18982,0
EMP-12626,HIRE,2020-03-05,,القاهرة - المعادي,17262,0
EMP-12187,PROMOTION,2020-03-05,15177,19504,19504,0
EMP-11217,HIRE,2020-03-06,,بورسعيد - الشرق,10638,0
EMP-11017,HIRE,2020-03-06,,الدقي,8574,0
EMP-10151,HIRE,2020-03-06,,بورسعيد,12790,0
EMP-10930,PROMOTION,2020-03-06,8445,12631,12631,0
EMP-16695,TERMINATION,2020-03-07,ACTIVE,NULL,12923,1
EMP-12098,HIRE,2020-03-07,,الاسكندرية سموحة,18743,0
EMP-14684,PROMOTION,2020-03-07,25547,30576,30576,0
EMP-12203,PROMOTION,2020-03-08,7682,14997,14997,0
EMP-12564,PROMOTION,2020-03-08,12766,14800,14800,0
EMP-14677,TRANSFER,2020-03-08,فرع المعادي,فرع المعادي,18518,0
EMP-15140,HIRE,2020-03-09,,القاهرة - المعادي,17367,0
EMP-10278,HIRE,2020-03-09,,بورسعيد - الشرق,13784,0
EMP-14621,PROMOTION,2020-03-09,13408,20611,20611,0
EMP-14156,TRANSFER,2020-03-09,القاهرة - التجمع الخامس,بورسعيد,14754,0
EMP-12425,HIRE,2020-03-09,,الاسكندرية سموحة,18723,0
EMP-16978,HIRE,2020-03-10,,بورسعيد - الشرق,19667,0
EMP-11356,HIRE,2020-03-10,,القاهرة - المعادي,17174,0
EMP-14018,TRANSFER,2020-03-10,سموحة,القاهره المعادي,9638,0
EMP-13860,HIRE,2020-03-10,,الإسكندرية - سموحة,14717,0
EMP-16776,TERMINATION,2020-03-11,ACTIVE,Fired,7494,1
EMP-12612,HIRE,2020-03-11,,التجمع,19756,0
EMP-15863,HIRE,2020-03-11,,القاهرة - المعادي,10886,0
EMP-12500,PROMOTION,2020-03-11,14439,21597,21597,0
EMP-15253,HIRE,2020-03-12,,التجمع,7482,0
EMP-11119,PROMOTION,2020-03-12,8358,11245,11245,0
EMP-11561,HIRE,2020-03-12,,القاهرة - التجمع الخامس,14754,0
EMP-12252,TRANSFER,2020-03-12,القاهرة - التجمع الخامس,القاهره المعادي,17633,0
EMP-16680,HIRE,2020-03-12,,الإسكندرية - سموحة,16736,0
EMP-16680,HIRE,2020-03-12,,الإسكندرية - سموحة,16736,0
EMP-10504,HIRE,2020-03-13,,سموحة,18288,0
EMP-13339,HIRE,2020-03-13,,القاهره المعادي,18058,0
EMP-15841,HIRE,2020-03-13,,الإسكندرية - سموحة,19351,0
EMP-10613,PROMOTION,2020-03-13,13630,16970,16970,0
EMP-13564,PROMOTION,2020-03-13,10603,17264,17264,0
EMP-10219,TRANSFER,2020-03-13,الدقي,القاهرة - المعادي,24446,0
EMP-16783,TRANSFER,2020-03-14,فرع المعادي,بورسعيد,15101,0
EMP-16646,TERMINATION,2020-03-14,ACTIVE,Relocation,16291,1
EMP-16110,HIRE,2020-03-15,,القاهرة - التجمع الخامس,7381,0
EMP-16182,TRANSFER,2020-03-15,سموحة,الإسكندرية - سموحة,14536,0
EMP-15031,HIRE,2020-03-16,,الاسكندرية سموحة,16975,0
EMP-10066,HIRE,2020-03-16,,الإسكندرية - سموحة,15459,0
EMP-16393,HIRE,2020-03-16,,القاهرة - التجمع الخامس,14735,0
EMP-16195,HIRE,2020-03-16,,الجيزة - الدقي,10946,0
EMP-16541,TRANSFER,2020-03-16,الدقي,التجمع,19811,0
EMP-13755,HIRE,2020-03-16,,سموحة,13441,0
EMP-10384,PROMOTION,2020-03-17,19783,25426,25426,0
EMP-11114,PROMOTION,2020-03-17,16752,21662,21662,0
EMP-16912,TERMINATION,2020-03-17,ACTIVE,NULL,17995,1
EMP-15290,HIRE,2020-03-18,,التجمع,18328,0
EMP-13538,HIRE,2020-03-18,,الدقي,12034,0
EMP-16202,PROMOTION,2020-03-18,16224,21006,21006,0
EMP-15929,HIRE,2020-03-18,,فرع المعادي,13312,0
EMP-15809,HIRE,2020-03-18,,الدقي,11615,0
EMP-15278,HIRE,2020-03-18,,الاسكندرية سموحة,12843,0
EMP-15946,TERMINATION,2020-03-18,ACTIVE,Relocation,19228,1
EMP-10891,TERMINATION,2020-03-18,ACTIVE,Resignation,15935,1
EMP-11303,PROMOTION,2020-03-18,7934,12908,12908,0
EMP-13103,HIRE,2020-03-18,,القاهرة - التجمع الخامس,17106,0
EMP-15071,TRANSFER,2020-03-19,الإسكندرية - سموحة,القاهره المعادي,13579,0
EMP-16560,HIRE,2020-03-20,,بورسعيد,18410,0
EMP-14848,HIRE,2020-03-20,,الاسكندرية سموحة,10428,0
EMP-16623,PROMOTION,2020-03-20,18068,21669,21669,0
EMP-14247,HIRE,2020-03-20,,القاهرة - المعادي,9620,0
EMP-10365,HIRE,2020-03-21,,القاهرة - المعادي,10898,0
EMP-11334,HIRE,2020-03-21,,القاهرة - التجمع الخامس,13365,0
EMP-13208,HIRE,2020-03-21,,القاهرة - التجمع الخامس,19709,0
EMP-10477,PROMOTION,2020-03-22,8387,11953,11953,0
EMP-10943,HIRE,2020-03-22,,القاهره المعادي,11982,0
EMP-12869,HIRE,2020-03-22,,الجيزة - الدقي,19726,0
EMP-15123,TRANSFER,2020-03-22,القاهرة - المعادي,الجيزة - الدقي,8047,0
EMP-12512,HIRE,2020-03-23,,الجيزة - الدقي,9194,0
EMP-13511,PROMOTION,2020-03-24,10543,16711,16711,0
EMP-13012,HIRE,2020-03-24,,القاهرة - المعادي,15592,0
EMP-12833,PROMOTION,2020-03-24,16863,22834,22834,0
EMP-13702,HIRE,2020-03-25,,بورسعيد - الشرق,16354,0
EMP-11003,HIRE,2020-03-25,,الجيزة - الدقي,18287,0
EMP-12069,HIRE,2020-03-25,,الاسكندرية سموحة,19868,0
EMP-14478,TRANSFER,2020-03-25,فرع المعادي,القاهرة - التجمع الخامس,17737,0
EMP-11892,TRANSFER,2020-03-26,بورسعيد,سموحة,16074,0
EMP-13312,HIRE,2020-03-26,,الجيزة - الدقي,7043,0
EMP-15449,PROMOTION,2020-03-26,9109,11421,11421,0
EMP-14036,TRANSFER,2020-03-26,سموحة,القاهرة - التجمع الخامس,7535,0
EMP-11095,HIRE,2020-03-27,,القاهرة - المعادي,10422,0
EMP-10002,HIRE,2020-03-27,,بورسعيد,14953,0
EMP-11095,HIRE,2020-03-27,,القاهرة - المعادي,10422,0
EMP-14403,PROMOTION,2020-03-27,9093,14706,14706,0
EMP-16401,TERMINATION,2020-03-27,ACTIVE,Relocation,20296,1
EMP-13671,HIRE,2020-03-28,,القاهره المعادي,9282,0
EMP-11738,TRANSFER,2020-03-28,القاهره المعادي,القاهرة - المعادي,12467,0
EMP-10625,TRANSFER,2020-03-28,بورسعيد - الشرق,التجمع,17446,0
EMP-14958,HIRE,2020-03-29,,سموحة,7947,0
EMP-16067,TRANSFER,2020-03-29,سموحة,بورسعيد - الشرق,7779,0
EMP-12052,TRANSFER,2020-03-30,بورسعيد - الشرق,التجمع,8021,0
EMP-16478,PROMOTION,2020-03-31,8124,10892,10892,0
EMP-16514,TRANSFER,2020-03-31,الاسكندرية سموحة,بورسعيد - الشرق,14479,0
EMP-14197,TRANSFER,2020-03-31,الإسكندرية - سموحة,التجمع,20808,0
EMP-16054,TRANSFER,2020-03-31,القاهرة - التجمع الخامس,القاهرة - المعادي,17763,0
EMP-13667,HIRE,2020-04-02,,التجمع,13179,0
EMP-12750,HIRE,2020-04-02,,فرع المعادي,15687,0
EMP-16476,TRANSFER,2020-04-02,الدقي,القاهرة - المعادي,14194,0
EMP-10345,TRANSFER,2020-04-02,القاهرة - المعادي,الجيزة - الدقي,7999,0
EMP-10732,HIRE,2020-04-02,,الإسكندرية - سموحة,15107,0
EMP-16132,HIRE,2020-04-03,,الدقي,14904,0
EMP-10389,HIRE,2020-04-03,,الاسكندرية سموحة,19132,0
EMP-14193,HIRE,2020-04-04,,الاسكندرية سموحة,14463,0
EMP-13453,PROMOTION,2020-04-05,19953,26520,26520,0
EMP-15118,TRANSFER,2020-04-06,الاسكندرية سموحة,القاهرة - التجمع الخامس,20840,0
EMP-13653,HIRE,2020-04-06,,الإسكندرية - سموحة,15599,0
EMP-11650,HIRE,2020-04-06,,القاهره المعادي,14429,0
EMP-10224,PROMOTION,2020-04-06,12257,15060,15060,0
EMP-10836,TRANSFER,2020-04-06,سموحة,الجيزة - الدقي,8677,0
EMP-16909,HIRE,2020-04-07,,بورسعيد,9037,0
EMP-12288,HIRE,2020-04-07,,التجمع,19055,0
EMP-11903,HIRE,2020-04-07,,القاهرة - التجمع الخامس,16616,0
EMP-16666,HIRE,2020-04-08,,بورسعيد,9305,0
EMP-16156,TRANSFER,2020-04-08,الدقي,القاهرة - المعادي,15416,0
EMP-11105,HIRE,2020-04-08,,القاهره المعادي,11488,0
EMP-12332,HIRE,2020-04-09,,القاهره المعادي,13638,0
EMP-11367,HIRE,2020-04-09,,الدقي,13276,0
EMP-10403,HIRE,2020-04-09,,بورسعيد,17935,0
EMP-10885,TRANSFER,2020-04-10,الإسكندرية - سموحة,فرع المعادي,12921,0
EMP-16517,PROMOTION,2020-04-10,12705,14928,14928,0
EMP-14823,HIRE,2020-04-11,,فرع المعادي,8334,0
EMP-13176,TRANSFER,2020-04-11,الاسكندرية سموحة,الجيزة - الدقي,9261,0
EMP-10741,HIRE,2020-04-11,,القاهرة - المعادي,10579,0
EMP-12585,HIRE,2020-04-11,,الاسكندرية سموحة,8255,0
EMP-12540,HIRE,2020-04-11,,بورسعيد,10377,0
EMP-14883,HIRE,2020-04-12,,القاهرة - التجمع الخامس,15486,0
EMP-15045,HIRE,2020-04-12,,الدقي,14660,0
EMP-16176,HIRE,2020-04-13,,الاسكندرية سموحة,10581,0
EMP-14028,HIRE,2020-04-13,,التجمع,15122,0
EMP-14705,PROMOTION,2020-04-13,11060,16010,16010,0
EMP-14705,PROMOTION,2020-04-13,11060,16010,16010,0
EMP-15649,TRANSFER,2020-04-14,الدقي,القاهرة - المعادي,21602,0
EMP-10713,HIRE,2020-04-14,,الاسكندرية سموحة,17907,0
EMP-13682,HIRE,2020-04-14,,القاهرة - التجمع الخامس,16371,0
EMP-13520,HIRE,2020-04-14,,القاهره المعادي,19754,0
EMP-16024,HIRE,2020-04-14,,الإسكندرية - سموحة,15940,0
EMP-12823,HIRE,2020-04-15,,الاسكندرية سموحة,17550,0
EMP-11425,TERMINATION,2020-04-15,ACTIVE,Fired,13821,1
EMP-14404,HIRE,2020-04-15,,القاهرة - المعادي,11701,0
EMP-15822,HIRE,2020-04-15,,القاهره المعادي,16851,0
EMP-16669,HIRE,2020-04-15,,القاهرة - المعادي,9743,0
EMP-15931,HIRE,2020-04-16,,بورسعيد - الشرق,18113,0
EMP-12111,HIRE,2020-04-16,,الإسكندرية - سموحة,18378,0
EMP-13363,HIRE,2020-04-16,,سموحة,16896,0
EMP-10692,HIRE,2020-04-17,,الدقي,14421,0
EMP-14452,HIRE,2020-04-17,,بورسعيد - الشرق,8469,0
EMP-11626,TERMINATION,2020-04-17,ACTIVE,Relocation,16527,1
EMP-14052,HIRE,2020-04-18,,الاسكندرية سموحة,7567,0
EMP-15920,HIRE,2020-04-18,,بورسعيد - الشرق,10477,0
EMP-12443,PROMOTION,2020-04-18,7711,15105,15105,0
EMP-15482,TRANSFER,2020-04-18,بورسعيد - الشرق,القاهرة - المعادي,14860,0
EMP-11362,TERMINATION,2020-04-18,ACTIVE,Relocation,27831,1
EMP-14632,TRANSFER,2020-04-18,بورسعيد - الشرق,التجمع,16748,0
EMP-10918,HIRE,2020-04-18,,الإسكندرية - سموحة,12753,0
EMP-16294,HIRE,2020-04-18,,بورسعيد,17714,0
EMP-10042,PROMOTION,2020-04-18,7909,15326,15326,0
EMP-10617,HIRE,2020-04-18,,الاسكندرية سموحة,9503,0
EMP-16936,PROMOTION,2020-04-18,11910,15039,15039,0
EMP-12419,HIRE,2020-04-19,,القاهرة - التجمع الخامس,16336,0
EMP-11721,TRANSFER,2020-04-19,القاهره المعادي,الجيزة - الدقي,11508,0
EMP-11932,HIRE,2020-04-19,,الإسكندرية - سموحة,13701,0
EMP-10874,TRANSFER,2020-04-20,الجيزة - الدقي,فرع المعادي,14640,0
EMP-14934,HIRE,2020-04-20,,القاهرة - المعادي,14961,0
EMP-14014,TRANSFER,2020-04-21,الإسكندرية - سموحة,القاهرة - التجمع الخامس,14138,0
EMP-11520,TRANSFER,2020-04-21,الاسكندرية سموحة,الدقي,16563,0
EMP-14618,HIRE,2020-04-21,,فرع المعادي,13849,0
EMP-15764,HIRE,2020-04-21,,القاهره المعادي,10287,0
EMP-16911,HIRE,2020-04-21,,القاهره المعادي,7015,0
EMP-16074,HIRE,2020-04-21,,القاهرة - المعادي,15303,0
EMP-15631,TERMINATION,2020-04-22,ACTIVE,Resignation,16693,1
EMP-15466,TRANSFER,2020-04-22,بورسعيد - الشرق,القاهرة - التجمع الخامس,25465,0
EMP-11092,HIRE,2020-04-22,,التجمع,18755,0
EMP-15489,PROMOTION,2020-04-22,16910,19063,19063,0
EMP-12147,PROMOTION,2020-04-22,10253,17805,17805,0
EMP-13013,HIRE,2020-04-23,,القاهره المعادي,8366,0
EMP-10541,HIRE,2020-04-23,,الاسكندرية سموحة,13235,0
EMP-15000,HIRE,2020-04-23,,بورسعيد - الشرق,17762,0
EMP-12086,TRANSFER,2020-04-24,القاهرة - التجمع الخامس,القاهره المعادي,18877,0
EMP-12263,TRANSFER,2020-04-24,بورسعيد - الشرق,الدقي,11728,0
EMP-16546,HIRE,2020-04-25,,الاسكندرية سموحة,13859,0
EMP-11773,PROMOTION,2020-04-25,7984,15918,15918,0
EMP-12069,TRANSFER,2020-04-25,الاسكندرية سموحة,بورسعيد - الشرق,19868,0
EMP-14712,TRANSFER,2020-04-25,الاسكندرية سموحة,التجمع,13477,0
EMP-14733,TRANSFER,2020-04-25,القاهره المعادي,فرع المعادي,19852,0
EMP-14701,HIRE,2020-04-26,,الجيزة - الدقي,7158,0
EMP-13296,TRANSFER,2020-04-26,بورسعيد - الشرق,الدقي,16453,0
EMP-10371,HIRE,2020-04-26,,الدقي,14082,0
EMP-13126,HIRE,2020-04-26,,القاهره المعادي,7459,0
EMP-10680,PROMOTION,2020-04-26,19180,21562,21562,0
EMP-14078,HIRE,2020-04-26,,سموحة,13422,0
EMP-16841,PROMOTION,2020-04-27,11123,15457,15457,0
EMP-10310,PROMOTION,2020-04-27,18320,20926,20926,0
EMP-10880,PROMOTION,2020-04-27,9910,13543,13543,0
EMP-14922,HIRE,2020-04-28,,بورسعيد,15635,0
EMP-14881,TERMINATION,2020-04-28,ACTIVE,Resignation,7139,1
EMP-14680,PROMOTION,2020-04-28,13883,16095,16095,0
EMP-12764,HIRE,2020-04-28,,بورسعيد - الشرق,13368,0
EMP-10816,HIRE,2020-04-29,,الجيزة - الدقي,12026,0
EMP-10739,PROMOTION,2020-04-30,19137,26228,26228,0
EMP-11616,HIRE,2020-04-30,,التجمع,18400,0
EMP-16761,HIRE,2020-04-30,,الإسكندرية - سموحة,7972,0
EMP-13000,HIRE,2020-04-30,,الإسكندرية - سموحة,7878,0
EMP-11243,PROMOTION,2020-04-30,15952,20160,20160,0
EMP-15984,TRANSFER,2020-04-30,الإسكندرية - سموحة,فرع المعادي,9626,0
EMP-15256,HIRE,2020-05-01,,الدقي,17765,0
EMP-16552,HIRE,2020-05-01,,الاسكندرية سموحة,17364,0
EMP-10863,TRANSFER,2020-05-02,التجمع,القاهرة - التجمع الخامس,14347,0
EMP-14149,PROMOTION,2020-05-02,7333,13027,13027,0
EMP-12450,HIRE,2020-05-02,,فرع المعادي,8361,0
EMP-12781,PROMOTION,2020-05-02,13012,17855,17855,0
EMP-14979,HIRE,2020-05-02,,بورسعيد - الشرق,10582,0
EMP-11802,PROMOTION,2020-05-03,15142,22903,22903,0
EMP-16163,TRANSFER,2020-05-03,الدقي,الإسكندرية - سموحة,20738,0
EMP-13555,HIRE,2020-05-03,,الدقي,11876,0
EMP-11710,HIRE,2020-05-04,,القاهرة - التجمع الخامس,16050,0
EMP-13726,PROMOTION,2020-05-04,8794,12415,12415,0
EMP-11747,HIRE,2020-05-04,,الجيزة - الدقي,18653,0
EMP-14510,HIRE,2020-05-05,,التجمع,11919,0
EMP-11716,HIRE,2020-05-06,,التجمع,16982,0
EMP-15818,HIRE,2020-05-06,,سموحة,9654,0
EMP-12472,PROMOTION,2020-05-06,13613,19626,19626,0
EMP-11028,HIRE,2020-05-06,,القاهرة - التجمع الخامس,15203,0
EMP-16620,PROMOTION,2020-05-06,17267,19866,19866,0
EMP-11197,TERMINATION,2020-05-06,ACTIVE,Resignation,10561,1
EMP-14959,PROMOTION,2020-05-07,15298,21064,21064,0
EMP-12407,HIRE,2020-05-07,,التجمع,12556,0
EMP-13242,HIRE,2020-05-07,,القاهرة - المعادي,16571,0
EMP-16758,PROMOTION,2020-05-08,19658,26295,26295,0
EMP-12613,TRANSFER,2020-05-08,بورسعيد,بورسعيد,18761,0
EMP-11666,TRANSFER,2020-05-08,فرع المعادي,الاسكندرية سموحة,11613,0
EMP-11397,HIRE,2020-05-08,,الدقي,10400,0
EMP-16641,HIRE,2020-05-09,,الجيزة - الدقي,7329,0
EMP-10651,TERMINATION,2020-05-09,ACTIVE,Resignation,13823,1
EMP-11892,TERMINATION,2020-05-09,ACTIVE,NULL,16074,1
EMP-10577,HIRE,2020-05-09,,الجيزة - الدقي,16444,0
EMP-11058,TRANSFER,2020-05-09,القاهرة - المعادي,الدقي,18092,0
EMP-15855,HIRE,2020-05-10,,القاهره المعادي,13305,0
EMP-16371,HIRE,2020-05-11,,التجمع,18930,0
EMP-14815,PROMOTION,2020-05-12,17197,21122,21122,0
EMP-14815,PROMOTION,2020-05-12,17197,21122,21122,0
EMP-11969,PROMOTION,2020-05-12,8360,13890,13890,0
EMP-15038,HIRE,2020-05-12,,القاهره المعادي,19585,0
EMP-16010,TRANSFER,2020-05-13,التجمع,فرع المعادي,15911,0
EMP-11589,HIRE,2020-05-13,,سموحة,14432,0
EMP-15221,HIRE,2020-05-13,,بورسعيد,11040,0
EMP-15621,PROMOTION,2020-05-13,15592,18686,18686,0
EMP-13593,HIRE,2020-05-13,,الإسكندرية - سموحة,11027,0
EMP-16885,HIRE,2020-05-13,,الجيزة - الدقي,19408,0
EMP-16717,TRANSFER,2020-05-14,القاهره المعادي,سموحة,9948,0
EMP-13406,HIRE,2020-05-15,,بورسعيد,13740,0
EMP-10847,HIRE,2020-05-15,,بورسعيد,11651,0
EMP-10591,TERMINATION,2020-05-15,ACTIVE,NULL,11685,1
EMP-13784,HIRE,2020-05-15,,القاهره المعادي,18628,0
EMP-12483,HIRE,2020-05-15,,فرع المعادي,7894,0
EMP-10369,HIRE,2020-05-15,,بورسعيد - الشرق,9284,0
EMP-11852,HIRE,2020-05-16,,القاهرة - المعادي,10424,0
EMP-16061,PROMOTION,2020-05-16,18014,25903,25903,0
EMP-14669,HIRE,2020-05-16,,القاهرة - المعادي,11558,0
EMP-12476,HIRE,2020-05-16,,الدقي,17933,0
EMP-16831,TRANSFER,2020-05-16,سموحة,الاسكندرية سموحة,18323,0
EMP-16952,HIRE,2020-05-17,,بورسعيد,9019,0
EMP-10021,PROMOTION,2020-05-17,18087,21131,21131,0
EMP-10613,TRANSFER,2020-05-17,سموحة,القاهرة - التجمع الخامس,16970,0
EMP-15363,TRANSFER,2020-05-18,الدقي,الاسكندرية سموحة,14743,0
EMP-15753,HIRE,2020-05-18,,سموحة,7226,0
EMP-14382,PROMOTION,2020-05-18,13034,18980,18980,0
EMP-16664,TRANSFER,2020-05-18,الإسكندرية - سموحة,القاهره المعادي,12108,0
EMP-16783,TERMINATION,2020-05-18,ACTIVE,NULL,15101,1
EMP-14167,TERMINATION,2020-05-18,ACTIVE,Relocation,12303,1
EMP-16826,TRANSFER,2020-05-19,سموحة,القاهرة - التجمع الخامس,17147,0
EMP-11785,HIRE,2020-05-19,,التجمع,14609,0
EMP-14985,TRANSFER,2020-05-19,القاهرة - التجمع الخامس,بورسعيد - الشرق,11901,0
EMP-14624,TERMINATION,2020-05-19,ACTIVE,Resignation,11377,1
EMP-16644,TRANSFER,2020-05-19,سموحة,الاسكندرية سموحة,15077,0
EMP-13635,TERMINATION,2020-05-19,ACTIVE,Resignation,14576,1
EMP-11205,TRANSFER,2020-05-19,بورسعيد,بورسعيد - الشرق,15205,0
EMP-12134,TRANSFER,2020-05-19,سموحة,الاسكندرية سموحة,16231,0
EMP-14085,PROMOTION,2020-05-20,7053,9575,9575,0
EMP-10158,TERMINATION,2020-05-20,ACTIVE,Resignation,12482,1
EMP-13980,HIRE,2020-05-20,,سموحة,10251,0
EMP-14939,TERMINATION,2020-05-20,ACTIVE,Relocation,16727,1
EMP-10563,HIRE,2020-05-20,,سموحة,7892,0
EMP-15908,HIRE,2020-05-20,,سموحة,19852,0
EMP-15483,HIRE,2020-05-21,,الدقي,9573,0
EMP-10794,HIRE,2020-05-21,,الدقي,7830,0
EMP-16202,TRANSFER,2020-05-21,بورسعيد - الشرق,فرع المعادي,21006,0
EMP-14861,HIRE,2020-05-21,,بورسعيد,13987,0
EMP-15991,HIRE,2020-05-21,,التجمع,15717,0
EMP-14342,TRANSFER,2020-05-22,الاسكندرية سموحة,فرع المعادي,17084,0
EMP-16199,TERMINATION,2020-05-22,ACTIVE,Relocation,15191,1
EMP-14249,PROMOTION,2020-05-23,8228,11659,11659,0
EMP-15254,HIRE,2020-05-23,,القاهرة - التجمع الخامس,14500,0
EMP-15222,HIRE,2020-05-23,,التجمع,10045,0
EMP-12399,HIRE,2020-05-24,,القاهرة - التجمع الخامس,18021,0
EMP-13584,TERMINATION,2020-05-24,ACTIVE,NULL,26155,1
EMP-11640,HIRE,2020-05-25,,سموحة,7491,0
EMP-15001,PROMOTION,2020-05-25,12621,15703,15703,0
EMP-15098,TERMINATION,2020-05-25,ACTIVE,Fired,18126,1
EMP-10800,HIRE,2020-05-26,,الإسكندرية - سموحة,7657,0
EMP-12736,HIRE,2020-05-27,,الإسكندرية - سموحة,15873,0
EMP-12055,HIRE,2020-05-27,,القاهره المعادي,9717,0
EMP-13891,HIRE,2020-05-27,,الدقي,13292,0
EMP-10959,PROMOTION,2020-05-28,7020,13550,13550,0
EMP-14593,HIRE,2020-05-28,,التجمع,11428,0
EMP-17000,PROMOTION,2020-05-28,12173,19372,19372,0
EMP-15003,HIRE,2020-05-28,,بورسعيد,9161,0
EMP-14397,HIRE,2020-05-28,,القاهرة - المعادي,10240,0
EMP-14839,HIRE,2020-05-29,,التجمع,18994,0
EMP-11281,TERMINATION,2020-05-30,ACTIVE,Resignation,16218,1
EMP-13879,HIRE,2020-05-30,,فرع المعادي,14298,0
EMP-15195,TRANSFER,2020-05-30,التجمع,التجمع,18323,0
EMP-10425,HIRE,2020-05-31,,بورسعيد,17994,0
EMP-13792,HIRE,2020-05-31,,الدقي,19938,0
EMP-16097,HIRE,2020-05-31,,الدقي,19556,0
EMP-10004,TERMINATION,2020-06-01,ACTIVE,Relocation,17443,1
EMP-13409,HIRE,2020-06-02,,الإسكندرية - سموحة,19750,0
EMP-13243,TRANSFER,2020-06-02,التجمع,الاسكندرية سموحة,13150,0
EMP-13650,TERMINATION,2020-06-02,ACTIVE,Fired,12696,1
EMP-10060,HIRE,2020-06-03,,القاهره المعادي,10013,0
EMP-12223,TERMINATION,2020-06-03,ACTIVE,Fired,7587,1
EMP-15244,TRANSFER,2020-06-04,الجيزة - الدقي,التجمع,7413,0
EMP-16549,HIRE,2020-06-04,,القاهرة - المعادي,18210,0
EMP-11453,TRANSFER,2020-06-04,القاهرة - التجمع الخامس,القاهرة - المعادي,16331,0
EMP-12119,TRANSFER,2020-06-04,الاسكندرية سموحة,القاهرة - المعادي,18640,0
EMP-12430,HIRE,2020-06-04,,بورسعيد,7554,0
EMP-14171,HIRE,2020-06-04,,الاسكندرية سموحة,8516,0
EMP-16586,PROMOTION,2020-06-05,12758,16867,16867,0
EMP-10664,TRANSFER,2020-06-05,بورسعيد,فرع المعادي,12096,0
EMP-13178,HIRE,2020-06-05,,الإسكندرية - سموحة,7354,0
EMP-10991,HIRE,2020-06-06,,بورسعيد,18112,0
EMP-14568,HIRE,2020-06-06,,سموحة,8253,0
EMP-11791,PROMOTION,2020-06-06,25477,32051,32051,0
EMP-14683,HIRE,2020-06-06,,فرع المعادي,12196,0
EMP-16289,HIRE,2020-06-06,,الإسكندرية - سموحة,8400,0
EMP-10968,PROMOTION,2020-06-06,19020,22023,22023,0
EMP-15491,PROMOTION,2020-06-07,12535,16733,16733,0
EMP-10799,HIRE,2020-06-07,,القاهره المعادي,10818,0
EMP-13213,PROMOTION,2020-06-08,18470,21151,21151,0
EMP-11512,HIRE,2020-06-08,,بورسعيد - الشرق,13870,0
EMP-14065,HIRE,2020-06-09,,الاسكندرية سموحة,8623,0
EMP-12512,TERMINATION,2020-06-09,ACTIVE,Fired,9194,1
EMP-13425,HIRE,2020-06-09,,الدقي,12248,0
EMP-15790,TERMINATION,2020-06-09,ACTIVE,Relocation,14692,1
EMP-11968,HIRE,2020-06-09,,الإسكندرية - سموحة,15658,0
EMP-14206,HIRE,2020-06-10,,الاسكندرية سموحة,15411,0
EMP-10126,HIRE,2020-06-10,,التجمع,9475,0
EMP-14014,TERMINATION,2020-06-10,ACTIVE,Relocation,14138,1
EMP-10720,TRANSFER,2020-06-10,التجمع,بورسعيد - الشرق,19269,0
EMP-15040,TRANSFER,2020-06-11,الإسكندرية - سموحة,التجمع,15784,0
EMP-15152,PROMOTION,2020-06-11,16405,22237,22237,0
EMP-14773,HIRE,2020-06-12,,فرع المعادي,9190,0
EMP-12036,PROMOTION,2020-06-12,15110,21113,21113,0
EMP-11385,PROMOTION,2020-06-12,19886,25089,25089,0
EMP-10840,PROMOTION,2020-06-12,14285,20464,20464,0
EMP-15251,PROMOTION,2020-06-13,11177,17351,17351,0
EMP-13411,HIRE,2020-06-13,,بورسعيد - الشرق,19241,0
EMP-13481,HIRE,2020-06-14,,بورسعيد - الشرق,18071,0
EMP-16389,HIRE,2020-06-14,,بورسعيد,16240,0
EMP-16538,HIRE,2020-06-14,,فرع المعادي,15973,0
EMP-10922,TRANSFER,2020-06-14,القاهره المعادي,فرع المعادي,16513,0
EMP-14414,TRANSFER,2020-06-15,فرع المعادي,سموحة,10009,0
EMP-16614,TRANSFER,2020-06-15,الاسكندرية سموحة,التجمع,18223,0
EMP-13445,HIRE,2020-06-15,,الدقي,18229,0
EMP-16080,HIRE,2020-06-15,,القاهرة - المعادي,19811,0
EMP-14699,PROMOTION,2020-06-17,11003,14266,14266,0
EMP-13884,TRANSFER,2020-06-17,الجيزة - الدقي,بورسعيد - الشرق,18347,0
EMP-10280,PROMOTION,2020-06-18,11765,18704,18704,0
EMP-12813,HIRE,2020-06-18,,سموحة,8275,0
EMP-13629,PROMOTION,2020-06-18,16250,23125,23125,0
EMP-11258,HIRE,2020-06-19,,الدقي,12801,0
EMP-14902,HIRE,2020-06-19,,بورسعيد,15001,0
EMP-14648,PROMOTION,2020-06-19,24600,30124,30124,0
EMP-14470,HIRE,2020-06-19,,الجيزة - الدقي,18537,0
EMP-16697,HIRE,2020-06-20,,فرع المعادي,12576,0
EMP-15304,HIRE,2020-06-20,,الإسكندرية - سموحة,9391,0
EMP-10826,TRANSFER,2020-06-20,التجمع,بورسعيد - الشرق,9218,0
EMP-14792,PROMOTION,2020-06-20,20231,25663,25663,0
EMP-12155,TERMINATION,2020-06-20,ACTIVE,Relocation,24160,1
EMP-12486,TRANSFER,2020-06-20,سموحة,بورسعيد - الشرق,17825,0
EMP-13138,TRANSFER,2020-06-21,التجمع,الجيزة - الدقي,24349,0
EMP-12414,HIRE,2020-06-21,,بورسعيد - الشرق,17993,0
EMP-13139,HIRE,2020-06-21,,بورسعيد - الشرق,11304,0
EMP-13102,HIRE,2020-06-21,,الإسكندرية - سموحة,12833,0
EMP-14073,HIRE,2020-06-22,,القاهره المعادي,13817,0
EMP-16732,HIRE,2020-06-22,,فرع المعادي,9144,0
EMP-14946,HIRE,2020-06-22,,القاهرة - التجمع الخامس,14515,0
EMP-14984,HIRE,2020-06-23,,بورسعيد,11161,0
EMP-16417,HIRE,2020-06-23,,بورسعيد,8152,0
EMP-11226,PROMOTION,2020-06-23,17731,23576,23576,0
EMP-15638,HIRE,2020-06-23,,القاهرة - التجمع الخامس,7683,0
EMP-15009,PROMOTION,2020-06-24,19162,24604,24604,0
EMP-12997,PROMOTION,2020-06-24,10743,14925,14925,0
EMP-15535,PROMOTION,2020-06-24,15347,20393,20393,0
EMP-13075,HIRE,2020-06-24,,سموحة,10506,0
EMP-12592,HIRE,2020-06-25,,الاسكندرية سموحة,18979,0
EMP-10550,HIRE,2020-06-25,,بورسعيد - الشرق,16088,0
EMP-12858,HIRE,2020-06-26,,الجيزة - الدقي,11850,0
EMP-16985,HIRE,2020-06-26,,التجمع,16079,0
EMP-13600,HIRE,2020-06-26,,بورسعيد - الشرق,15831,0
EMP-12637,HIRE,2020-06-26,,بورسعيد,8276,0
EMP-11022,PROMOTION,2020-06-26,12563,15517,15517,0
EMP-16290,PROMOTION,2020-06-27,16818,22002,22002,0
EMP-11882,HIRE,2020-06-27,,الجيزة - الدقي,13591,0
EMP-14524,HIRE,2020-06-27,,التجمع,9759,0
EMP-10350,PROMOTION,2020-06-27,15670,19279,19279,0
EMP-11039,HIRE,2020-06-27,,الدقي,19197,0
EMP-16551,HIRE,2020-06-28,,التجمع,17645,0
EMP-12689,PROMOTION,2020-06-28,13091,16448,16448,0
EMP-15016,HIRE,2020-06-28,,فرع المعادي,11317,0
EMP-11051,HIRE,2020-06-29,,الإسكندرية - سموحة,19862,0
EMP-11038,TRANSFER,2020-06-29,القاهرة - المعادي,القاهره المعادي,15807,0
EMP-15072,HIRE,2020-06-29,,الدقي,18897,0
EMP-14212,HIRE,2020-06-29,,القاهره المعادي,17771,0
EMP-10174,TERMINATION,2020-06-30,ACTIVE,Fired,19586,1
EMP-10195,HIRE,2020-06-30,,الجيزة - الدقي,9358,0
EMP-14668,HIRE,2020-06-30,,فرع المعادي,7664,0
EMP-10529,HIRE,2020-07-01,,الإسكندرية - سموحة,8860,0
EMP-13606,TRANSFER,2020-07-01,الاسكندرية سموحة,بورسعيد,17240,0
EMP-11607,HIRE,2020-07-01,,القاهرة - التجمع الخامس,16730,0
EMP-10954,TRANSFER,2020-07-02,الإسكندرية - سموحة,الدقي,11159,0
EMP-16588,HIRE,2020-07-02,,القاهره المعادي,12452,0
EMP-16424,HIRE,2020-07-02,,بورسعيد - الشرق,19208,0
EMP-16889,HIRE,2020-07-03,,بورسعيد,18163,0
EMP-11104,HIRE,2020-07-03,,الإسكندرية - سموحة,16080,0
EMP-11502,HIRE,2020-07-03,,الإسكندرية - سموحة,10426,0
EMP-11098,HIRE,2020-07-03,,الإسكندرية - سموحة,13894,0
EMP-15384,HIRE,2020-07-03,,بورسعيد,9597,0
EMP-12338,TERMINATION,2020-07-04,ACTIVE,Relocation,13160,1
EMP-12338,TERMINATION,2020-07-04,ACTIVE,Relocation,13160,1
EMP-15081,TERMINATION,2020-07-04,ACTIVE,Relocation,22743,1
EMP-10165,TRANSFER,2020-07-04,التجمع,الاسكندرية سموحة,14726,0
EMP-13176,TERMINATION,2020-07-04,ACTIVE,NULL,9261,1
EMP-14545,TERMINATION,2020-07-04,ACTIVE,Fired,8329,1
EMP-15469,HIRE,2020-07-05,,الجيزة - الدقي,11015,0
EMP-16182,TRANSFER,2020-07-05,الإسكندرية - سموحة,سموحة,14536,0
EMP-13416,HIRE,2020-07-06,,فرع المعادي,10861,0
EMP-12469,HIRE,2020-07-06,,القاهره المعادي,10152,0
EMP-14936,HIRE,2020-07-06,,الجيزة - الدقي,10770,0
EMP-13721,HIRE,2020-07-06,,بورسعيد - الشرق,7201,0
EMP-11162,HIRE,2020-07-06,,بورسعيد - الشرق,12524,0
EMP-10382,HIRE,2020-07-07,,الدقي,9136,0
EMP-13020,PROMOTION,2020-07-07,13933,20381,20381,0
EMP-11173,HIRE,2020-07-07,,الإسكندرية - سموحة,8847,0
EMP-13633,HIRE,2020-07-08,,سموحة,17348,0
EMP-15737,PROMOTION,2020-07-08,12706,15827,15827,0
EMP-11052,TRANSFER,2020-07-08,الإسكندرية - سموحة,سموحة,11491,0
EMP-10217,TRANSFER,2020-07-09,بورسعيد - الشرق,الجيزة - الدقي,17234,0
EMP-16656,HIRE,2020-07-09,,القاهره المعادي,16502,0
EMP-11302,HIRE,2020-07-10,,بورسعيد,18435,0
EMP-12307,HIRE,2020-07-10,,الإسكندرية - سموحة,14584,0
EMP-16444,TRANSFER,2020-07-11,فرع المعادي,القاهرة - التجمع الخامس,14909,0
EMP-12360,HIRE,2020-07-11,,الاسكندرية سموحة,7942,0
EMP-14933,HIRE,2020-07-11,,التجمع,17991,0
EMP-10965,PROMOTION,2020-07-11,17957,24182,24182,0
EMP-12481,HIRE,2020-07-11,,فرع المعادي,17952,0
EMP-14017,HIRE,2020-07-12,,سموحة,10101,0
EMP-12684,HIRE,2020-07-12,,فرع المعادي,15665,0
EMP-15563,PROMOTION,2020-07-12,7839,15787,15787,0
EMP-16332,PROMOTION,2020-07-13,12009,19761,19761,0
EMP-16147,TERMINATION,2020-07-13,ACTIVE,Resignation,10080,1
EMP-16907,HIRE,2020-07-14,,الإسكندرية - سموحة,15270,0
EMP-14145,HIRE,2020-07-14,,التجمع,16111,0
EMP-10666,HIRE,2020-07-15,,الإسكندرية - سموحة,15536,0
EMP-11876,TRANSFER,2020-07-15,القاهرة - التجمع الخامس,القاهرة - المعادي,11099,0
EMP-13348,TRANSFER,2020-07-15,القاهرة - المعادي,الدقي,13311,0
EMP-10417,HIRE,2020-07-16,,القاهرة - المعادي,13845,0
EMP-10907,TRANSFER,2020-07-16,القاهرة - المعادي,الجيزة - الدقي,21250,0
EMP-13507,HIRE,2020-07-16,,سموحة,12340,0
EMP-15155,PROMOTION,2020-07-16,18872,24913,24913,0
EMP-16098,PROMOTION,2020-07-16,10971,14931,14931,0
EMP-12824,HIRE,2020-07-18,,القاهرة - المعادي,18169,0
EMP-16870,HIRE,2020-07-18,,الجيزة - الدقي,10506,0
EMP-10168,HIRE,2020-07-18,,القاهرة - التجمع الخامس,12351,0
EMP-11690,HIRE,2020-07-19,,التجمع,10639,0
EMP-13289,HIRE,2020-07-19,,بورسعيد - الشرق,14249,0
EMP-16611,HIRE,2020-07-20,,الإسكندرية - سموحة,7902,0
EMP-10793,HIRE,2020-07-20,,فرع المعادي,9800,0
EMP-12350,HIRE,2020-07-20,,بورسعيد - الشرق,13487,0
EMP-12712,HIRE,2020-07-20,,فرع المعادي,7572,0
EMP-14390,TRANSFER,2020-07-20,القاهره المعادي,القاهره المعادي,11673,0
EMP-12271,PROMOTION,2020-07-20,7666,12922,12922,0
EMP-12811,TERMINATION,2020-07-21,ACTIVE,Relocation,12845,1
EMP-14777,HIRE,2020-07-21,,فرع المعادي,17235,0
EMP-12260,HIRE,2020-07-21,,بورسعيد,17406,0
EMP-14057,HIRE,2020-07-21,,سموحة,19190,0
EMP-16283,HIRE,2020-07-21,,القاهره المعادي,17730,0
EMP-14770,HIRE,2020-07-21,,الدقي,8415,0
EMP-13554,PROMOTION,2020-07-21,9233,13509,13509,0
EMP-13286,TRANSFER,2020-07-22,الإسكندرية - سموحة,بورسعيد - الشرق,15222,0
EMP-12132,PROMOTION,2020-07-22,9009,11250,11250,0
EMP-13924,HIRE,2020-07-22,,القاهرة - المعادي,12292,0
EMP-13774,HIRE,2020-07-23,,بورسعيد,10413,0
EMP-15765,HIRE,2020-07-23,,بورسعيد,11022,0
EMP-14222,TRANSFER,2020-07-23,التجمع,الدقي,15664,0
EMP-16463,HIRE,2020-07-23,,الدقي,12002,0
EMP-15725,HIRE,2020-07-23,,الإسكندرية - سموحة,7475,0
EMP-13889,PROMOTION,2020-07-23,19729,22333,22333,0
EMP-13489,TRANSFER,2020-07-23,القاهرة - التجمع الخامس,بورسعيد,15337,0
EMP-14700,HIRE,2020-07-24,,بورسعيد,13958,0
EMP-14013,HIRE,2020-07-24,,الاسكندرية سموحة,15549,0
EMP-16667,HIRE,2020-07-25,,الجيزة - الدقي,15834,0
EMP-14198,HIRE,2020-07-25,,التجمع,13624,0
EMP-11786,TERMINATION,2020-07-25,ACTIVE,NULL,25364,1
EMP-14951,HIRE,2020-07-26,,بورسعيد - الشرق,9130,0
EMP-14484,HIRE,2020-07-26,,فرع المعادي,8003,0
EMP-13743,PROMOTION,2020-07-26,17155,21557,21557,0
EMP-15260,HIRE,2020-07-26,,فرع المعادي,18505,0
EMP-16924,HIRE,2020-07-26,,القاهرة - المعادي,12041,0
EMP-16501,HIRE,2020-07-26,,الإسكندرية - سموحة,15804,0
EMP-15436,HIRE,2020-07-26,,الجيزة - الدقي,17749,0
EMP-16829,PROMOTION,2020-07-27,18717,25635,25635,0
EMP-14797,HIRE,2020-07-27,,الدقي,12563,0
EMP-11181,HIRE,2020-07-27,,الدقي,10559,0
EMP-16788,HIRE,2020-07-27,,بورسعيد,16844,0
EMP-14797,HIRE,2020-07-27,,الدقي,12563,0
EMP-16205,TERMINATION,2020-07-27,ACTIVE,NULL,16099,1
EMP-14618,TRANSFER,2020-07-27,فرع المعادي,بورسعيد,13849,0
EMP-15438,HIRE,2020-07-27,,بورسعيد - الشرق,15372,0
EMP-16851,TRANSFER,2020-07-27,فرع المعادي,الاسكندرية سموحة,8061,0
EMP-16966,PROMOTION,2020-07-28,19699,21963,21963,0
EMP-11726,HIRE,2020-07-28,,بورسعيد,13239,0
EMP-12581,TRANSFER,2020-07-28,القاهرة - التجمع الخامس,بورسعيد - الشرق,19488,0
EMP-11685,PROMOTION,2020-07-28,23590,29443,29443,0
EMP-11985,PROMOTION,2020-07-28,16078,20024,20024,0
EMP-15945,HIRE,2020-07-29,,بورسعيد,13757,0
EMP-11524,PROMOTION,2020-07-29,16652,23760,23760,0
EMP-14169,TERMINATION,2020-07-29,ACTIVE,Fired,8487,1
EMP-16146,PROMOTION,2020-07-30,7218,10485,10485,0
EMP-16928,HIRE,2020-07-30,,التجمع,7928,0
EMP-13717,PROMOTION,2020-07-30,15586,23221,23221,0
EMP-16973,TRANSFER,2020-07-31,الدقي,بورسعيد - الشرق,19577,0
EMP-15592,TRANSFER,2020-07-31,التجمع,الاسكندرية سموحة,9410,0
EMP-16973,TRANSFER,2020-07-31,الدقي,بورسعيد - الشرق,19577,0
EMP-10430,HIRE,2020-07-31,,سموحة,13545,0
EMP-14569,HIRE,2020-07-31,,بورسعيد,9496,0
EMP-13190,TRANSFER,2020-07-31,الدقي,القاهرة - المعادي,18641,0
EMP-12953,HIRE,2020-07-31,,فرع المعادي,7457,0
EMP-13871,TRANSFER,2020-08-01,بورسعيد,الاسكندرية سموحة,18991,0
EMP-12507,HIRE,2020-08-01,,القاهره المعادي,7637,0
EMP-12923,HIRE,2020-08-01,,الإسكندرية - سموحة,14365,0
EMP-13404,TRANSFER,2020-08-01,سموحة,بورسعيد - الشرق,16900,0
EMP-14480,TERMINATION,2020-08-01,ACTIVE,NULL,14967,1
EMP-15142,HIRE,2020-08-01,,التجمع,16560,0
EMP-14379,HIRE,2020-08-01,,الجيزة - الدقي,12097,0
EMP-16322,HIRE,2020-08-01,,بورسعيد,16639,0
EMP-10409,HIRE,2020-08-01,,الاسكندرية سموحة,10433,0
EMP-14184,HIRE,2020-08-02,,التجمع,17711,0
EMP-14848,PROMOTION,2020-08-03,10428,12814,12814,0
EMP-13034,HIRE,2020-08-03,,الجيزة - الدقي,11722,0
EMP-10063,PROMOTION,2020-08-03,11373,19271,19271,0
EMP-11616,TERMINATION,2020-08-03,ACTIVE,Relocation,18400,1
EMP-16486,HIRE,2020-08-04,,بورسعيد - الشرق,17020,0
EMP-15139,HIRE,2020-08-04,,القاهرة - التجمع الخامس,10880,0
EMP-15554,PROMOTION,2020-08-04,7629,14575,14575,0
EMP-11872,HIRE,2020-08-04,,القاهرة - التجمع الخامس,7135,0
EMP-10064,HIRE,2020-08-05,,التجمع,9405,0
EMP-11546,TRANSFER,2020-08-05,بورسعيد - الشرق,بورسعيد,10163,0
EMP-16226,HIRE,2020-08-05,,الإسكندرية - سموحة,15073,0
EMP-13850,TRANSFER,2020-08-05,فرع المعادي,القاهرة - المعادي,10299,0
EMP-14080,HIRE,2020-08-06,,القاهره المعادي,18130,0
EMP-10129,HIRE,2020-08-06,,الاسكندرية سموحة,14411,0
EMP-15639,TRANSFER,2020-08-07,التجمع,القاهره المعادي,11738,0
EMP-10887,HIRE,2020-08-07,,سموحة,13133,0
EMP-14084,HIRE,2020-08-07,,الاسكندرية سموحة,9105,0
EMP-15154,PROMOTION,2020-08-07,11616,14173,14173,0
EMP-15121,HIRE,2020-08-08,,سموحة,16534,0
EMP-14760,HIRE,2020-08-09,,التجمع,17966,0
EMP-10609,PROMOTION,2020-08-09,22021,29491,29491,0
EMP-16043,HIRE,2020-08-09,,القاهرة - التجمع الخامس,9192,0
EMP-13661,TRANSFER,2020-08-10,الجيزة - الدقي,الجيزة - الدقي,15510,0
EMP-14587,HIRE,2020-08-10,,الاسكندرية سموحة,10220,0
EMP-14924,HIRE,2020-08-10,,القاهره المعادي,11079,0
EMP-15589,HIRE,2020-08-10,,التجمع,13406,0
EMP-13029,TRANSFER,2020-08-11,بورسعيد - الشرق,سموحة,7752,0
EMP-14529,PROMOTION,2020-08-11,17849,25651,25651,0
EMP-14657,PROMOTION,2020-08-13,18818,23238,23238,0
EMP-16122,HIRE,2020-08-13,,الاسكندرية سموحة,12385,0
EMP-12055,TERMINATION,2020-08-14,ACTIVE,Fired,9717,1
EMP-15003,TERMINATION,2020-08-14,ACTIVE,NULL,9161,1
EMP-15546,HIRE,2020-08-14,,الإسكندرية - سموحة,15612,0
EMP-12010,TRANSFER,2020-08-14,القاهرة - المعادي,الجيزة - الدقي,20162,0
EMP-14917,PROMOTION,2020-08-14,18754,25994,25994,0
EMP-16363,HIRE,2020-08-14,,الإسكندرية - سموحة,7255,0
EMP-13418,HIRE,2020-08-15,,بورسعيد - الشرق,16169,0
EMP-11334,TRANSFER,2020-08-15,القاهرة - التجمع الخامس,الدقي,13365,0
EMP-11334,TRANSFER,2020-08-15,القاهرة - التجمع الخامس,الدقي,13365,0
EMP-16312,HIRE,2020-08-15,,القاهره المعادي,9661,0
EMP-11124,HIRE,2020-08-15,,بورسعيد - الشرق,15835,0
EMP-12339,PROMOTION,2020-08-16,15553,22880,22880,0
EMP-15252,HIRE,2020-08-16,,بورسعيد - الشرق,9497,0
EMP-15838,HIRE,2020-08-16,,القاهره المعادي,9522,0
EMP-15250,PROMOTION,2020-08-16,7875,12788,12788,0
EMP-12296,HIRE,2020-08-16,,الجيزة - الدقي,14388,0
EMP-12877,HIRE,2020-08-16,,القاهره المعادي,12515,0
EMP-14041,TERMINATION,2020-08-16,ACTIVE,NULL,7742,1
EMP-15845,TERMINATION,2020-08-16,ACTIVE,Relocation,17964,1
EMP-10907,TRANSFER,2020-08-17,الجيزة - الدقي,الجيزة - الدقي,21250,0
EMP-13433,HIRE,2020-08-18,,بورسعيد,8956,0
EMP-15984,TRANSFER,2020-08-18,فرع المعادي,القاهرة - التجمع الخامس,9626,0
EMP-15746,PROMOTION,2020-08-19,12031,18354,18354,0
EMP-11078,TERMINATION,2020-08-19,ACTIVE,Resignation,10198,1
EMP-13616,HIRE,2020-08-19,,الجيزة - الدقي,19548,0
EMP-11036,TRANSFER,2020-08-19,الإسكندرية - سموحة,الجيزة - الدقي,16136,0
EMP-11178,TRANSFER,2020-08-19,فرع المعادي,سموحة,13011,0
EMP-13935,HIRE,2020-08-19,,القاهرة - التجمع الخامس,8302,0
EMP-10454,PROMOTION,2020-08-20,9917,15784,15784,0
EMP-14127,HIRE,2020-08-20,,الجيزة - الدقي,12353,0
EMP-11607,PROMOTION,2020-08-20,16730,21207,21207,0
EMP-15245,TRANSFER,2020-08-20,بورسعيد - الشرق,التجمع,8684,0
EMP-12954,TERMINATION,2020-08-21,ACTIVE,Relocation,20365,1
EMP-16305,HIRE,2020-08-21,,القاهره المعادي,12091,0
EMP-11811,HIRE,2020-08-21,,الجيزة - الدقي,19409,0
EMP-12954,TERMINATION,2020-08-21,ACTIVE,Relocation,20365,1
EMP-13021,HIRE,2020-08-22,,القاهرة - التجمع الخامس,11756,0
EMP-14622,HIRE,2020-08-22,,فرع المعادي,17580,0
EMP-13462,HIRE,2020-08-22,,سموحة,17107,0
EMP-11831,HIRE,2020-08-23,,فرع المعادي,12275,0
EMP-10168,TRANSFER,2020-08-23,القاهرة - التجمع الخامس,بورسعيد - الشرق,12351,0
EMP-14695,TRANSFER,2020-08-23,الجيزة - الدقي,الدقي,11965,0
EMP-16213,TRANSFER,2020-08-23,الاسكندرية سموحة,الاسكندرية سموحة,9947,0
EMP-13241,TRANSFER,2020-08-23,الجيزة - الدقي,الإسكندرية - سموحة,9488,0
EMP-14425,PROMOTION,2020-08-24,11621,15536,15536,0
EMP-15307,PROMOTION,2020-08-24,25362,30860,30860,0
EMP-15823,PROMOTION,2020-08-24,14877,18771,18771,0
EMP-15618,HIRE,2020-08-25,,الإسكندرية - سموحة,19289,0
EMP-12868,HIRE,2020-08-25,,القاهرة - المعادي,16506,0
EMP-13484,HIRE,2020-08-25,,الدقي,11987,0
EMP-13436,HIRE,2020-08-25,,فرع المعادي,16703,0
EMP-13542,HIRE,2020-08-25,,بورسعيد - الشرق,7019,0
EMP-10235,TRANSFER,2020-08-26,القاهرة - المعادي,سموحة,17252,0
EMP-11669,HIRE,2020-08-26,,بورسعيد,14592,0
EMP-13619,TERMINATION,2020-08-27,ACTIVE,Relocation,10003,1
EMP-14837,HIRE,2020-08-27,,التجمع,16216,0
EMP-14458,HIRE,2020-08-27,,الإسكندرية - سموحة,15303,0
EMP-13625,HIRE,2020-08-27,,الإسكندرية - سموحة,14739,0
EMP-11344,HIRE,2020-08-27,,التجمع,8165,0
EMP-11449,HIRE,2020-08-27,,التجمع,14886,0
EMP-10929,TRANSFER,2020-08-28,الجيزة - الدقي,القاهره المعادي,12664,0
EMP-10353,HIRE,2020-08-28,,الدقي,10043,0
EMP-12763,HIRE,2020-08-28,,الاسكندرية سموحة,10263,0
EMP-15612,HIRE,2020-08-28,,القاهره المعادي,10635,0
EMP-15066,TRANSFER,2020-08-28,القاهرة - التجمع الخامس,فرع المعادي,19167,0
EMP-14027,PROMOTION,2020-08-28,7977,12802,12802,0
EMP-15423,HIRE,2020-08-28,,بورسعيد - الشرق,17035,0
EMP-10644,TRANSFER,2020-08-28,سموحة,الدقي,18891,0
EMP-16535,PROMOTION,2020-08-28,18569,21204,21204,0
EMP-16283,TRANSFER,2020-08-28,القاهره المعادي,القاهرة - التجمع الخامس,17730,0
EMP-16867,TRANSFER,2020-08-28,الإسكندرية - سموحة,فرع المعادي,15946,0
EMP-15841,TRANSFER,2020-08-29,الإسكندرية - سموحة,التجمع,19351,0
EMP-16704,TRANSFER,2020-08-29,القاهره المعادي,الجيزة - الدقي,18127,0
EMP-14224,TERMINATION,2020-08-29,ACTIVE,Fired,8234,1
EMP-14376,PROMOTION,2020-08-29,20587,25150,25150,0
EMP-12866,HIRE,2020-08-30,,بورسعيد - الشرق,12559,0
EMP-13671,TRANSFER,2020-08-31,القاهره المعادي,فرع المعادي,9282,0
EMP-13281,HIRE,2020-08-31,,القاهرة - المعادي,17496,0
EMP-11364,HIRE,2020-08-31,,بورسعيد - الشرق,8470,0
EMP-14409,PROMOTION,2020-08-31,16941,20537,20537,0
EMP-15996,TRANSFER,2020-08-31,سموحة,الدقي,16734,0
EMP-16480,TRANSFER,2020-09-01,الإسكندرية - سموحة,التجمع,12416,0
EMP-10519,PROMOTION,2020-09-01,18609,25190,25190,0
EMP-15556,TRANSFER,2020-09-01,التجمع,التجمع,17330,0
EMP-14770,PROMOTION,2020-09-01,8415,10918,10918,0
EMP-12425,TRANSFER,2020-09-01,الاسكندرية سموحة,الدقي,18723,0
EMP-11788,HIRE,2020-09-01,,سموحة,16374,0
EMP-10402,TRANSFER,2020-09-01,الاسكندرية سموحة,الإسكندرية - سموحة,18610,0
EMP-14524,TRANSFER,2020-09-02,التجمع,فرع المعادي,9759,0
EMP-11387,HIRE,2020-09-02,,القاهرة - التجمع الخامس,18431,0
EMP-11777,TERMINATION,2020-09-02,ACTIVE,Relocation,18632,1
EMP-14284,HIRE,2020-09-02,,الجيزة - الدقي,7691,0
EMP-14108,TRANSFER,2020-09-02,التجمع,بورسعيد - الشرق,15215,0
EMP-14441,HIRE,2020-09-03,,الإسكندرية - سموحة,16760,0
EMP-12936,HIRE,2020-09-03,,التجمع,7557,0
EMP-10169,HIRE,2020-09-04,,القاهرة - المعادي,12259,0
EMP-14696,HIRE,2020-09-04,,الدقي,16195,0
EMP-12246,PROMOTION,2020-09-04,7022,11737,11737,0
EMP-15035,PROMOTION,2020-09-04,13666,20152,20152,0
EMP-15670,HIRE,2020-09-04,,التجمع,17695,0
EMP-12624,HIRE,2020-09-05,,القاهرة - التجمع الخامس,7061,0
EMP-12898,HIRE,2020-09-05,,القاهره المعادي,15055,0
EMP-12603,TRANSFER,2020-09-05,الاسكندرية سموحة,القاهرة - المعادي,15046,0
EMP-14408,HIRE,2020-09-05,,فرع المعادي,11423,0
EMP-16016,HIRE,2020-09-05,,سموحة,8448,0
EMP-13643,HIRE,2020-09-05,,الجيزة - الدقي,7212,0
EMP-12898,HIRE,2020-09-05,,القاهره المعادي,15055,0
EMP-12569,HIRE,2020-09-06,,الجيزة - الدقي,17072,0
EMP-12499,HIRE,2020-09-06,,بورسعيد - الشرق,9508,0
EMP-12552,HIRE,2020-09-06,,الجيزة - الدقي,12962,0
EMP-15486,HIRE,2020-09-07,,القاهرة - التجمع الخامس,18642,0
EMP-14667,HIRE,2020-09-07,,فرع المعادي,7181,0
EMP-14830,HIRE,2020-09-08,,الإسكندرية - سموحة,15690,0
EMP-10039,TRANSFER,2020-09-08,القاهرة - المعادي,القاهرة - المعادي,19414,0
EMP-15923,TRANSFER,2020-09-09,التجمع,بورسعيد,15418,0
EMP-15141,HIRE,2020-09-09,,سموحة,9492,0
EMP-14954,HIRE,2020-09-09,,القاهرة - التجمع الخامس,15140,0
EMP-14512,HIRE,2020-09-09,,الجيزة - الدقي,12838,0
EMP-10372,PROMOTION,2020-09-09,11906,19757,19757,0
EMP-11474,HIRE,2020-09-09,,القاهرة - التجمع الخامس,9154,0
EMP-15892,HIRE,2020-09-09,,الإسكندرية - سموحة,18531,0
EMP-16501,PROMOTION,2020-09-09,15804,20853,20853,0
EMP-12610,HIRE,2020-09-09,,الاسكندرية سموحة,19444,0
EMP-12587,PROMOTION,2020-09-09,12872,16404,16404,0
EMP-12147,TERMINATION,2020-09-09,ACTIVE,Relocation,17805,1
EMP-11930,TRANSFER,2020-09-10,التجمع,القاهره المعادي,10618,0
EMP-13259,PROMOTION,2020-09-10,22582,27886,27886,0
EMP-14074,PROMOTION,2020-09-10,18255,26227,26227,0
EMP-10107,HIRE,2020-09-10,,القاهره المعادي,19462,0
EMP-11082,PROMOTION,2020-09-11,19145,25451,25451,0
EMP-10413,TERMINATION,2020-09-11,ACTIVE,Resignation,13874,1
EMP-16173,HIRE,2020-09-11,,الاسكندرية سموحة,12467,0
EMP-14802,TRANSFER,2020-09-11,القاهره المعادي,سموحة,17585,0
EMP-15784,PROMOTION,2020-09-12,11501,17355,17355,0
EMP-14140,HIRE,2020-09-12,,الجيزة - الدقي,17701,0
EMP-15869,TRANSFER,2020-09-12,بورسعيد,فرع المعادي,7569,0
EMP-13288,PROMOTION,2020-09-12,17993,23176,23176,0
EMP-13278,PROMOTION,2020-09-13,19539,24724,24724,0
EMP-12684,PROMOTION,2020-09-13,15665,18636,18636,0
EMP-14280,PROMOTION,2020-09-13,13456,16253,16253,0
EMP-13442,HIRE,2020-09-15,,بورسعيد,10231,0
EMP-12940,HIRE,2020-09-15,,سموحة,16944,0
EMP-14777,TRANSFER,2020-09-15,فرع المعادي,سموحة,17235,0
EMP-12252,PROMOTION,2020-09-15,17633,23697,23697,0
EMP-15561,HIRE,2020-09-16,,الدقي,19316,0
EMP-16009,HIRE,2020-09-16,,سموحة,17876,0
EMP-13035,HIRE,2020-09-16,,القاهرة - المعادي,10357,0
EMP-12374,PROMOTION,2020-09-16,13558,16403,16403,0
EMP-12253,HIRE,2020-09-17,,التجمع,7538,0
EMP-16893,TERMINATION,2020-09-18,ACTIVE,Relocation,13046,1
EMP-14178,TERMINATION,2020-09-18,ACTIVE,Fired,12921,1
EMP-12337,TERMINATION,2020-09-18,ACTIVE,Resignation,11971,1
EMP-16019,HIRE,2020-09-18,,التجمع,7126,0
EMP-14927,HIRE,2020-09-19,,الاسكندرية سموحة,14208,0
EMP-10375,HIRE,2020-09-19,,الدقي,19521,0
EMP-12934,HIRE,2020-09-19,,بورسعيد - الشرق,9872,0
EMP-12864,TRANSFER,2020-09-19,فرع المعادي,بورسعيد,7587,0
EMP-12104,PROMOTION,2020-09-19,13090,18009,18009,0
EMP-12864,TRANSFER,2020-09-19,فرع المعادي,بورسعيد,7587,0
EMP-14525,HIRE,2020-09-20,,الجيزة - الدقي,16281,0
EMP-15644,HIRE,2020-09-20,,القاهرة - التجمع الخامس,8271,0
EMP-11544,HIRE,2020-09-20,,القاهرة - التجمع الخامس,7080,0
EMP-10502,HIRE,2020-09-20,,القاهرة - المعادي,17428,0
EMP-13949,PROMOTION,2020-09-20,8069,14074,14074,0
EMP-12386,TERMINATION,2020-09-21,ACTIVE,Relocation,14329,1
EMP-13997,HIRE,2020-09-21,,سموحة,18494,0
EMP-16751,HIRE,2020-09-21,,بورسعيد - الشرق,18985,0
EMP-10066,PROMOTION,2020-09-23,15459,23306,23306,0
EMP-10658,HIRE,2020-09-23,,فرع المعادي,17845,0
EMP-11871,HIRE,2020-09-23,,بورسعيد - الشرق,17727,0
EMP-12451,TRANSFER,2020-09-24,الإسكندرية - سموحة,الاسكندرية سموحة,11332,0
EMP-15545,HIRE,2020-09-24,,الجيزة - الدقي,14115,0
EMP-10335,HIRE,2020-09-24,,التجمع,17789,0
EMP-13322,HIRE,2020-09-25,,الإسكندرية - سموحة,11346,0
EMP-12231,HIRE,2020-09-25,,سموحة,14698,0
EMP-15168,PROMOTION,2020-09-25,8408,13692,13692,0
EMP-13424,HIRE,2020-09-25,,سموحة,17005,0
EMP-10723,HIRE,2020-09-25,,الإسكندرية - سموحة,17027,0
EMP-16585,HIRE,2020-09-26,,القاهره المعادي,7879,0
EMP-11361,PROMOTION,2020-09-26,19094,25200,25200,0
EMP-11813,PROMOTION,2020-09-26,10954,13706,13706,0
EMP-10340,HIRE,2020-09-26,,سموحة,17747,0
EMP-14919,PROMOTION,2020-09-26,12548,15485,15485,0
EMP-13742,HIRE,2020-09-27,,القاهره المعادي,19048,0
EMP-13270,HIRE,2020-09-28,,فرع المعادي,14964,0
EMP-16684,HIRE,2020-09-29,,بورسعيد - الشرق,8426,0
EMP-15558,HIRE,2020-09-29,,القاهره المعادي,15510,0
EMP-12271,TRANSFER,2020-09-29,فرع المعادي,الاسكندرية سموحة,12922,0
EMP-14994,HIRE,2020-09-30,,بورسعيد - الشرق,8959,0
EMP-10470,HIRE,2020-10-01,,التجمع,18121,0
EMP-10397,TRANSFER,2020-10-01,الدقي,التجمع,15213,0
EMP-11032,TRANSFER,2020-10-01,سموحة,التجمع,10619,0
EMP-16593,HIRE,2020-10-02,,الدقي,14200,0
EMP-13927,TRANSFER,2020-10-02,بورسعيد - الشرق,الاسكندرية سموحة,22552,0
EMP-13033,HIRE,2020-10-03,,الاسكندرية سموحة,13483,0
EMP-13305,PROMOTION,2020-10-03,7592,12719,12719,0
EMP-14853,TRANSFER,2020-10-03,القاهرة - المعادي,الدقي,13569,0
EMP-11059,HIRE,2020-10-04,,القاهرة - المعادي,19634,0
EMP-13068,TRANSFER,2020-10-04,القاهرة - المعادي,القاهرة - المعادي,18671,0
EMP-12204,HIRE,2020-10-04,,القاهرة - التجمع الخامس,7502,0
EMP-12056,HIRE,2020-10-04,,الاسكندرية سموحة,11164,0
EMP-11490,HIRE,2020-10-04,,الاسكندرية سموحة,10035,0
EMP-13733,HIRE,2020-10-04,,بورسعيد - الشرق,12148,0
EMP-15987,HIRE,2020-10-04,,بورسعيد - الشرق,11468,0
EMP-13083,HIRE,2020-10-04,,فرع المعادي,18492,0
EMP-16121,HIRE,2020-10-05,,القاهرة - التجمع الخامس,18397,0
EMP-15971,TERMINATION,2020-10-05,ACTIVE,Relocation,9360,1
EMP-13086,TRANSFER,2020-10-05,الجيزة - الدقي,فرع المعادي,20990,0
EMP-14278,TRANSFER,2020-10-06,بورسعيد - الشرق,الدقي,9247,0
EMP-10928,HIRE,2020-10-06,,الدقي,17643,0
EMP-12476,PROMOTION,2020-10-07,17933,24743,24743,0
EMP-15184,PROMOTION,2020-10-07,19893,22764,22764,0
EMP-14036,TERMINATION,2020-10-07,ACTIVE,Relocation,7535,1
EMP-13092,TRANSFER,2020-10-07,القاهرة - التجمع الخامس,بورسعيد,7648,0
EMP-12866,TRANSFER,2020-10-07,بورسعيد - الشرق,بورسعيد - الشرق,12559,0
EMP-12999,HIRE,2020-10-07,,القاهرة - المعادي,17398,0
EMP-12355,TRANSFER,2020-10-07,الاسكندرية سموحة,سموحة,12412,0
EMP-10438,TRANSFER,2020-10-08,بورسعيد,الجيزة - الدقي,18177,0
EMP-15991,PROMOTION,2020-10-08,15717,23708,23708,0
EMP-11635,TRANSFER,2020-10-08,بورسعيد,الجيزة - الدقي,15464,0
EMP-14361,TERMINATION,2020-10-08,ACTIVE,Fired,17609,1
EMP-14431,HIRE,2020-10-08,,سموحة,18199,0
EMP-15247,HIRE,2020-10-09,,فرع المعادي,17706,0
EMP-16025,HIRE,2020-10-09,,القاهرة - المعادي,7655,0
EMP-14676,PROMOTION,2020-10-09,12200,14280,14280,0
EMP-10869,PROMOTION,2020-10-09,17735,24426,24426,0
EMP-10193,HIRE,2020-10-09,,بورسعيد - الشرق,14797,0
EMP-10270,HIRE,2020-10-10,,الاسكندرية سموحة,9501,0
EMP-12822,HIRE,2020-10-10,,الجيزة - الدقي,12148,0
EMP-10811,HIRE,2020-10-10,,الإسكندرية - سموحة,18045,0
EMP-10016,TRANSFER,2020-10-10,القاهرة - المعادي,بورسعيد - الشرق,7198,0
EMP-11554,TERMINATION,2020-10-10,ACTIVE,NULL,14984,1
EMP-14459,HIRE,2020-10-11,,التجمع,13464,0
EMP-10520,PROMOTION,2020-10-12,7675,13185,13185,0
EMP-13251,HIRE,2020-10-12,,التجمع,11091,0
EMP-14791,HIRE,2020-10-12,,الإسكندرية - سموحة,18027,0
EMP-10494,PROMOTION,2020-10-12,13481,18114,18114,0
EMP-15671,HIRE,2020-10-12,,القاهرة - التجمع الخامس,17149,0
EMP-10222,HIRE,2020-10-13,,فرع المعادي,11768,0
EMP-11501,HIRE,2020-10-13,,الإسكندرية - سموحة,17746,0
EMP-13145,TRANSFER,2020-10-14,القاهرة - التجمع الخامس,بورسعيد - الشرق,10020,0
EMP-16324,HIRE,2020-10-14,,سموحة,10479,0
EMP-12472,PROMOTION,2020-10-15,19626,26803,26803,0
EMP-11077,TRANSFER,2020-10-15,القاهره المعادي,القاهرة - التجمع الخامس,22426,0
EMP-16422,HIRE,2020-10-16,,الإسكندرية - سموحة,12840,0
EMP-11917,TRANSFER,2020-10-16,القاهرة - التجمع الخامس,بورسعيد - الشرق,11548,0
EMP-14976,PROMOTION,2020-10-16,16054,23476,23476,0
EMP-16606,HIRE,2020-10-17,,القاهرة - التجمع الخامس,11503,0
EMP-12751,HIRE,2020-10-17,,الإسكندرية - سموحة,18623,0
EMP-12856,PROMOTION,2020-10-17,16209,19524,19524,0
EMP-13878,HIRE,2020-10-17,,الجيزة - الدقي,10721,0
EMP-13891,PROMOTION,2020-10-18,13292,18569,18569,0
EMP-11313,HIRE,2020-10-18,,فرع المعادي,17728,0
EMP-12132,PROMOTION,2020-10-18,11250,17159,17159,0
EMP-13368,HIRE,2020-10-18,,الدقي,9414,0
EMP-15411,HIRE,2020-10-18,,بورسعيد - الشرق,17640,0
EMP-13521,HIRE,2020-10-18,,بورسعيد - الشرق,15819,0
EMP-16173,PROMOTION,2020-10-18,12467,17782,17782,0
EMP-14213,HIRE,2020-10-18,,الجيزة - الدقي,10452,0
EMP-15586,TRANSFER,2020-10-19,الجيزة - الدقي,بورسعيد,13927,0
EMP-14070,TRANSFER,2020-10-19,بورسعيد,القاهره المعادي,18268,0
EMP-11397,TRANSFER,2020-10-19,الدقي,الإسكندرية - سموحة,10400,0
EMP-12744,HIRE,2020-10-19,,القاهرة - المعادي,12080,0
EMP-16034,HIRE,2020-10-19,,القاهرة - المعادي,13472,0
EMP-15202,TRANSFER,2020-10-20,فرع المعادي,سموحة,7859,0
EMP-14384,HIRE,2020-10-20,,بورسعيد,17118,0
EMP-13440,HIRE,2020-10-20,,بورسعيد - الشرق,13488,0
EMP-13925,HIRE,2020-10-21,,القاهرة - المعادي,19213,0
EMP-14104,TRANSFER,2020-10-21,التجمع,الدقي,18380,0
EMP-16487,HIRE,2020-10-21,,الاسكندرية سموحة,14126,0
EMP-14533,HIRE,2020-10-22,,القاهرة - المعادي,15978,0
EMP-13599,TERMINATION,2020-10-22,ACTIVE,Relocation,15727,1
EMP-14761,HIRE,2020-10-22,,فرع المعادي,13209,0
EMP-12660,HIRE,2020-10-22,,القاهرة - التجمع الخامس,12691,0
EMP-10079,TRANSFER,2020-10-22,الإسكندرية - سموحة,الاسكندرية سموحة,17009,0
EMP-15232,HIRE,2020-10-22,,الجيزة - الدقي,19414,0
EMP-15999,HIRE,2020-10-23,,بورسعيد - الشرق,17061,0
EMP-15343,PROMOTION,2020-10-23,9010,16969,16969,0
EMP-15740,TRANSFER,2020-10-23,الجيزة - الدقي,الدقي,15176,0
EMP-15747,HIRE,2020-10-23,,الاسكندرية سموحة,14208,0
EMP-12189,HIRE,2020-10-24,,بورسعيد,12924,0
EMP-12464,TRANSFER,2020-10-24,بورسعيد - الشرق,الاسكندرية سموحة,17899,0
EMP-13868,HIRE,2020-10-24,,الإسكندرية - سموحة,16966,0
EMP-15833,HIRE,2020-10-24,,بورسعيد - الشرق,16478,0
EMP-11259,PROMOTION,2020-10-24,16314,23385,23385,0
EMP-13364,PROMOTION,2020-10-24,18232,23939,23939,0
EMP-10843,HIRE,2020-10-24,,الدقي,12844,0
EMP-11229,TERMINATION,2020-10-24,ACTIVE,Fired,13858,1
EMP-13984,PROMOTION,2020-10-25,7755,14313,14313,0
EMP-16601,HIRE,2020-10-25,,الجيزة - الدقي,8868,0
EMP-14947,HIRE,2020-10-25,,بورسعيد - الشرق,7900,0
EMP-14854,HIRE,2020-10-25,,بورسعيد,15704,0
EMP-10609,TERMINATION,2020-10-26,ACTIVE,Fired,29491,1
EMP-11338,TRANSFER,2020-10-27,الاسكندرية سموحة,بورسعيد,8016,0
EMP-10924,HIRE,2020-10-27,,فرع المعادي,13519,0
EMP-11129,HIRE,2020-10-28,,التجمع,16537,0
EMP-12544,HIRE,2020-10-28,,التجمع,10812,0
EMP-14353,HIRE,2020-10-28,,الاسكندرية سموحة,15276,0
EMP-11958,TRANSFER,2020-10-28,الدقي,الدقي,18638,0
EMP-12652,HIRE,2020-10-28,,بورسعيد - الشرق,7468,0
EMP-11150,TERMINATION,2020-10-28,ACTIVE,Relocation,11573,1
EMP-13483,PROMOTION,2020-10-29,12319,17320,17320,0
EMP-12410,PROMOTION,2020-10-29,17473,22045,22045,0
EMP-11325,PROMOTION,2020-10-29,18763,25293,25293,0
EMP-16306,TRANSFER,2020-10-29,بورسعيد,الدقي,7324,0
EMP-15372,PROMOTION,2020-10-29,15111,17881,17881,0
EMP-10639,HIRE,2020-10-30,,سموحة,16235,0
EMP-10224,PROMOTION,2020-10-30,15060,19563,19563,0
EMP-14297,TRANSFER,2020-10-30,سموحة,الدقي,17437,0
EMP-16255,HIRE,2020-10-30,,بورسعيد,17823,0
EMP-10333,PROMOTION,2020-10-30,18256,22862,22862,0
EMP-10660,HIRE,2020-10-31,,سموحة,11591,0
EMP-16902,HIRE,2020-10-31,,التجمع,16554,0
EMP-14179,HIRE,2020-10-31,,القاهره المعادي,12532,0
EMP-15384,PROMOTION,2020-10-31,9597,11747,11747,0
EMP-15072,TRANSFER,2020-10-31,الدقي,الاسكندرية سموحة,18897,0
EMP-12158,TRANSFER,2020-11-01,الجيزة - الدقي,سموحة,15492,0
EMP-10538,HIRE,2020-11-01,,بورسعيد,18146,0
EMP-14173,HIRE,2020-11-01,,القاهرة - التجمع الخامس,16316,0
EMP-14914,HIRE,2020-11-01,,فرع المعادي,12782,0
EMP-13362,HIRE,2020-11-02,,الجيزة - الدقي,12566,0
EMP-11170,HIRE,2020-11-02,,سموحة,17190,0
EMP-13512,PROMOTION,2020-11-02,18650,26150,26150,0
EMP-14616,TERMINATION,2020-11-02,ACTIVE,Fired,8321,1
EMP-10066,TRANSFER,2020-11-03,الإسكندرية - سموحة,فرع المعادي,23306,0
EMP-11977,HIRE,2020-11-03,,الاسكندرية سموحة,9712,0
EMP-12170,HIRE,2020-11-03,,التجمع,19816,0
EMP-10020,HIRE,2020-11-03,,الاسكندرية سموحة,8989,0
EMP-12454,PROMOTION,2020-11-04,16158,20009,20009,0
EMP-15789,TRANSFER,2020-11-04,سموحة,الدقي,25721,0
EMP-14940,TRANSFER,2020-11-04,القاهره المعادي,سموحة,19648,0
EMP-16730,HIRE,2020-11-04,,القاهرة - المعادي,15786,0
EMP-13210,HIRE,2020-11-04,,التجمع,19538,0
EMP-15768,HIRE,2020-11-04,,التجمع,10840,0
EMP-15471,HIRE,2020-11-04,,بورسعيد - الشرق,16079,0
EMP-14940,TRANSFER,2020-11-04,القاهره المعادي,سموحة,19648,0
EMP-14710,TRANSFER,2020-11-05,التجمع,القاهرة - المعادي,19979,0
EMP-10739,PROMOTION,2020-11-05,26228,31163,31163,0
EMP-12430,PROMOTION,2020-11-05,7554,13994,13994,0
EMP-13682,TRANSFER,2020-11-05,القاهرة - التجمع الخامس,القاهرة - التجمع الخامس,16371,0
EMP-14778,HIRE,2020-11-05,,فرع المعادي,13011,0
EMP-12052,TRANSFER,2020-11-05,التجمع,سموحة,8021,0
EMP-10306,TRANSFER,2020-11-06,بورسعيد - الشرق,بورسعيد,14720,0
EMP-12263,PROMOTION,2020-11-06,11728,14176,14176,0
EMP-12561,HIRE,2020-11-06,,سموحة,18311,0
EMP-13902,PROMOTION,2020-11-07,19834,24634,24634,0
EMP-16575,HIRE,2020-11-07,,فرع المعادي,7740,0
EMP-14934,TERMINATION,2020-11-08,ACTIVE,Fired,14961,1
EMP-10317,TERMINATION,2020-11-08,ACTIVE,Relocation,18881,1
EMP-12637,PROMOTION,2020-11-08,8276,15450,15450,0
EMP-16751,TRANSFER,2020-11-08,بورسعيد - الشرق,الدقي,18985,0
EMP-10299,HIRE,2020-11-09,,القاهره المعادي,16446,0
EMP-10901,TRANSFER,2020-11-09,سموحة,بورسعيد,17961,0
EMP-15936,PROMOTION,2020-11-09,12782,19344,19344,0
EMP-11471,HIRE,2020-11-09,,القاهرة - المعادي,8579,0
EMP-11708,HIRE,2020-11-10,,الاسكندرية سموحة,19751,0
EMP-15481,PROMOTION,2020-11-10,15984,19987,19987,0
EMP-11901,HIRE,2020-11-10,,بورسعيد - الشرق,15767,0
EMP-11920,HIRE,2020-11-10,,الاسكندرية سموحة,19487,0
EMP-14618,TERMINATION,2020-11-10,ACTIVE,Resignation,13849,1
EMP-13122,TRANSFER,2020-11-11,التجمع,سموحة,9155,0
EMP-14599,HIRE,2020-11-11,,بورسعيد,17327,0
EMP-10335,TRANSFER,2020-11-11,التجمع,بورسعيد - الشرق,17789,0
EMP-16954,HIRE,2020-11-11,,الجيزة - الدقي,15736,0
EMP-11815,HIRE,2020-11-12,,القاهره المعادي,11349,0
EMP-10313,HIRE,2020-11-12,,القاهرة - التجمع الخامس,7227,0
EMP-12624,TRANSFER,2020-11-12,القاهرة - التجمع الخامس,سموحة,7061,0
EMP-11903,TRANSFER,2020-11-12,القاهرة - التجمع الخامس,بورسعيد - الشرق,16616,0
EMP-12974,TRANSFER,2020-11-12,بورسعيد - الشرق,سموحة,14400,0
EMP-14184,TRANSFER,2020-11-12,التجمع,التجمع,17711,0
EMP-10208,TRANSFER,2020-11-12,الجيزة - الدقي,سموحة,11609,0
EMP-15100,TRANSFER,2020-11-12,التجمع,بورسعيد - الشرق,21554,0
EMP-15178,HIRE,2020-11-13,,الإسكندرية - سموحة,14294,0
EMP-14446,HIRE,2020-11-13,,القاهرة - التجمع الخامس,16085,0
EMP-14092,HIRE,2020-11-14,,القاهرة - التجمع الخامس,7378,0
EMP-11008,PROMOTION,2020-11-14,22233,24650,24650,0
EMP-15664,TRANSFER,2020-11-14,فرع المعادي,سموحة,20601,0
EMP-13145,TERMINATION,2020-11-14,ACTIVE,Fired,10020,1
EMP-11720,HIRE,2020-11-14,,القاهره المعادي,18764,0
EMP-13367,PROMOTION,2020-11-15,14679,18769,18769,0
EMP-16018,HIRE,2020-11-15,,الاسكندرية سموحة,15227,0
EMP-16234,HIRE,2020-11-16,,الجيزة - الدقي,15436,0
EMP-15815,PROMOTION,2020-11-16,14693,21173,21173,0
EMP-15210,HIRE,2020-11-16,,بورسعيد - الشرق,12491,0
EMP-10007,HIRE,2020-11-16,,الاسكندرية سموحة,7358,0
EMP-10019,HIRE,2020-11-16,,الاسكندرية سموحة,18122,0
EMP-12884,HIRE,2020-11-16,,الجيزة - الدقي,7437,0
EMP-14060,TRANSFER,2020-11-16,الإسكندرية - سموحة,القاهرة - المعادي,14213,0
EMP-15234,HIRE,2020-11-16,,التجمع,10335,0
EMP-13880,HIRE,2020-11-17,,الجيزة - الدقي,14699,0
EMP-16741,TRANSFER,2020-11-17,القاهره المعادي,الدقي,12909,0
EMP-14133,TERMINATION,2020-11-17,ACTIVE,Fired,8035,1
EMP-16299,TRANSFER,2020-11-17,الاسكندرية سموحة,بورسعيد,26587,0
EMP-12342,HIRE,2020-11-18,,بورسعيد - الشرق,13601,0
EMP-16635,PROMOTION,2020-11-18,7987,10219,10219,0
EMP-13580,HIRE,2020-11-18,,التجمع,16874,0
EMP-15048,HIRE,2020-11-19,,سموحة,9224,0
EMP-16586,TRANSFER,2020-11-19,القاهره المعادي,بورسعيد,16867,0
EMP-12476,TRANSFER,2020-11-19,الدقي,سموحة,24743,0
EMP-13345,HIRE,2020-11-19,,القاهره المعادي,12867,0
EMP-11337,HIRE,2020-11-19,,بورسعيد,9642,0
EMP-13484,TERMINATION,2020-11-20,ACTIVE,Relocation,11987,1
EMP-16759,HIRE,2020-11-20,,القاهره المعادي,13992,0
EMP-15112,HIRE,2020-11-20,,الاسكندرية سموحة,18364,0
EMP-15707,HIRE,2020-11-20,,فرع المعادي,8321,0
EMP-12657,TRANSFER,2020-11-20,فرع المعادي,الدقي,17980,0
EMP-11960,TRANSFER,2020-11-20,القاهرة - التجمع الخامس,التجمع,7713,0
EMP-13631,PROMOTION,2020-11-20,12877,16894,16894,0
EMP-10514,PROMOTION,2020-11-20,19020,26114,26114,0
EMP-12724,HIRE,2020-11-21,,بورسعيد - الشرق,18177,0
EMP-16932,HIRE,2020-11-21,,الدقي,13055,0
EMP-12937,TRANSFER,2020-11-21,الجيزة - الدقي,الإسكندرية - سموحة,16004,0
EMP-12184,HIRE,2020-11-21,,الإسكندرية - سموحة,13961,0
EMP-12659,HIRE,2020-11-21,,الدقي,13500,0
EMP-16982,HIRE,2020-11-23,,القاهرة - التجمع الخامس,17654,0
EMP-13680,HIRE,2020-11-23,,الإسكندرية - سموحة,15841,0
EMP-14761,TRANSFER,2020-11-23,فرع المعادي,القاهرة - المعادي,13209,0
EMP-13550,HIRE,2020-11-23,,التجمع,8247,0
EMP-10077,HIRE,2020-11-24,,الاسكندرية سموحة,16360,0
EMP-13831,HIRE,2020-11-24,,الإسكندرية - سموحة,8943,0
EMP-16196,HIRE,2020-11-24,,التجمع,16561,0
EMP-11173,TRANSFER,2020-11-25,الإسكندرية - سموحة,القاهرة - المعادي,8847,0
EMP-15197,HIRE,2020-11-25,,الجيزة - الدقي,13246,0
EMP-12769,PROMOTION,2020-11-25,11104,18669,18669,0
EMP-16829,TERMINATION,2020-11-25,ACTIVE,Relocation,25635,1
EMP-12610,TERMINATION,2020-11-25,ACTIVE,NULL,19444,1
EMP-12424,HIRE,2020-11-25,,القاهرة - التجمع الخامس,17613,0
EMP-12255,HIRE,2020-11-26,,بورسعيد,13321,0
EMP-15426,PROMOTION,2020-11-26,17993,24095,24095,0
EMP-10420,HIRE,2020-11-26,,القاهره المعادي,16064,0
EMP-16697,TRANSFER,2020-11-26,فرع المعادي,القاهره المعادي,12576,0
EMP-15031,TERMINATION,2020-11-28,ACTIVE,Relocation,16975,1
EMP-16792,HIRE,2020-11-28,,القاهرة - التجمع الخامس,7928,0
EMP-15026,PROMOTION,2020-11-28,11324,17720,17720,0
EMP-14745,HIRE,2020-11-28,,سموحة,14081,0
EMP-12061,PROMOTION,2020-11-29,11742,17015,17015,0
EMP-11926,HIRE,2020-11-29,,الدقي,14497,0
EMP-10953,PROMOTION,2020-11-29,15634,22659,22659,0
EMP-10916,PROMOTION,2020-11-29,14640,17026,17026,0
EMP-15792,HIRE,2020-11-30,,الدقي,15403,0
EMP-15618,PROMOTION,2020-11-30,19289,22184,22184,0
EMP-13356,HIRE,2020-11-30,,الجيزة - الدقي,16512,0
EMP-11648,HIRE,2020-12-01,,الجيزة - الدقي,16103,0
EMP-12035,PROMOTION,2020-12-01,9503,12521,12521,0
EMP-12596,HIRE,2020-12-01,,القاهره المعادي,11646,0
EMP-14437,HIRE,2020-12-02,,القاهره المعادي,7664,0
EMP-12743,HIRE,2020-12-02,,الإسكندرية - سموحة,18475,0
EMP-13922,TRANSFER,2020-12-02,الدقي,القاهرة - المعادي,22193,0
EMP-16917,PROMOTION,2020-12-02,12019,16401,16401,0
EMP-12958,TRANSFER,2020-12-03,الدقي,القاهرة - المعادي,17588,0
EMP-13714,PROMOTION,2020-12-03,11826,16851,16851,0
EMP-11810,PROMOTION,2020-12-04,15990,18951,18951,0
EMP-13961,HIRE,2020-12-04,,القاهرة - التجمع الخامس,13875,0
EMP-14095,TERMINATION,2020-12-04,ACTIVE,Relocation,17492,1
EMP-13194,HIRE,2020-12-04,,الجيزة - الدقي,8564,0
EMP-14677,PROMOTION,2020-12-05,18518,24752,24752,0
EMP-14007,PROMOTION,2020-12-05,16531,23288,23288,0
EMP-11718,PROMOTION,2020-12-05,12679,16632,16632,0
EMP-10287,TRANSFER,2020-12-05,سموحة,الاسكندرية سموحة,19685,0
EMP-16054,TRANSFER,2020-12-06,القاهرة - المعادي,الدقي,17763,0
EMP-14153,TRANSFER,2020-12-07,القاهرة - المعادي,الإسكندرية - سموحة,18518,0
EMP-13044,HIRE,2020-12-07,,الاسكندرية سموحة,18850,0
EMP-12164,PROMOTION,2020-12-07,9128,12566,12566,0
EMP-13984,TERMINATION,2020-12-07,ACTIVE,Resignation,14313,1
EMP-12351,PROMOTION,2020-12-07,10834,13387,13387,0
EMP-11137,HIRE,2020-12-08,,الجيزة - الدقي,10017,0
EMP-16573,TRANSFER,2020-12-08,القاهرة - التجمع الخامس,بورسعيد - الشرق,9192,0
EMP-16993,HIRE,2020-12-08,,سموحة,9997,0
EMP-10727,HIRE,2020-12-09,,فرع المعادي,10604,0
EMP-13924,PROMOTION,2020-12-09,12292,20199,20199,0
EMP-11881,TERMINATION,2020-12-09,ACTIVE,Resignation,9064,1
EMP-10493,HIRE,2020-12-09,,بورسعيد - الشرق,17114,0
EMP-10884,HIRE,2020-12-10,,القاهره المعادي,8546,0
EMP-13030,TERMINATION,2020-12-12,ACTIVE,Relocation,19140,1
EMP-11663,HIRE,2020-12-12,,القاهره المعادي,13286,0
EMP-13546,HIRE,2020-12-12,,القاهرة - المعادي,9468,0
EMP-15219,PROMOTION,2020-12-13,19274,21681,21681,0
EMP-11412,HIRE,2020-12-13,,فرع المعادي,7830,0
EMP-12340,PROMOTION,2020-12-13,8320,13328,13328,0
EMP-16919,HIRE,2020-12-13,,القاهرة - المعادي,19144,0
EMP-13554,TERMINATION,2020-12-13,ACTIVE,Relocation,13509,1
EMP-16788,TERMINATION,2020-12-13,ACTIVE,NULL,16844,1
EMP-14748,HIRE,2020-12-13,,الدقي,8094,0
EMP-11258,TRANSFER,2020-12-14,الدقي,الإسكندرية - سموحة,12801,0
EMP-11310,HIRE,2020-12-14,,القاهره المعادي,9660,0
EMP-11071,HIRE,2020-12-15,,سموحة,7722,0
EMP-12696,PROMOTION,2020-12-15,10678,14062,14062,0
EMP-12086,TRANSFER,2020-12-15,القاهره المعادي,القاهره المعادي,18877,0
EMP-14816,PROMOTION,2020-12-16,12500,18713,18713,0
EMP-14250,PROMOTION,2020-12-16,19968,23770,23770,0
EMP-14783,TRANSFER,2020-12-16,فرع المعادي,الاسكندرية سموحة,18590,0
EMP-12418,HIRE,2020-12-16,,القاهرة - المعادي,7298,0
EMP-13830,PROMOTION,2020-12-16,20697,26575,26575,0
EMP-14097,HIRE,2020-12-16,,الجيزة - الدقي,7803,0
EMP-16390,HIRE,2020-12-17,,القاهرة - التجمع الخامس,15172,0
EMP-10841,HIRE,2020-12-17,,بورسعيد - الشرق,9474,0
EMP-10629,TERMINATION,2020-12-17,ACTIVE,NULL,11213,1
EMP-14696,TERMINATION,2020-12-17,ACTIVE,Relocation,16195,1
EMP-13820,PROMOTION,2020-12-18,15733,20518,20518,0
EMP-13309,HIRE,2020-12-19,,بورسعيد - الشرق,15825,0
EMP-12355,TERMINATION,2020-12-19,ACTIVE,Resignation,12412,1
EMP-16463,TRANSFER,2020-12-20,الدقي,التجمع,12002,0
EMP-14867,TERMINATION,2020-12-20,ACTIVE,Fired,7654,1
EMP-14436,HIRE,2020-12-20,,القاهره المعادي,15987,0
EMP-12404,HIRE,2020-12-20,,القاهرة - المعادي,8365,0
EMP-10635,HIRE,2020-12-20,,الجيزة - الدقي,18249,0
EMP-16204,HIRE,2020-12-20,,فرع المعادي,7444,0
EMP-10699,HIRE,2020-12-21,,القاهره المعادي,16188,0
EMP-11983,HIRE,2020-12-21,,القاهره المعادي,8381,0
EMP-13818,HIRE,2020-12-21,,القاهرة - التجمع الخامس,10823,0
EMP-13168,TERMINATION,2020-12-21,ACTIVE,Resignation,25126,1
EMP-14470,PROMOTION,2020-12-21,18537,22075,22075,0
EMP-12691,HIRE,2020-12-21,,التجمع,7573,0
EMP-12967,PROMOTION,2020-12-21,12566,16394,16394,0
EMP-16835,PROMOTION,2020-12-22,11525,14736,14736,0
EMP-12020,HIRE,2020-12-22,,بورسعيد - الشرق,7660,0
EMP-16195,TRANSFER,2020-12-22,الجيزة - الدقي,التجمع,10946,0
EMP-16319,HIRE,2020-12-22,,بورسعيد - الشرق,16609,0
EMP-13559,HIRE,2020-12-23,,الدقي,11851,0
EMP-13297,HIRE,2020-12-23,,الجيزة - الدقي,12429,0
EMP-10901,PROMOTION,2020-12-23,17961,22400,22400,0
EMP-15743,HIRE,2020-12-23,,الإسكندرية - سموحة,15080,0
EMP-14558,TRANSFER,2020-12-24,بورسعيد,الاسكندرية سموحة,19276,0
EMP-12893,TERMINATION,2020-12-24,ACTIVE,Resignation,16131,1
EMP-15868,TRANSFER,2020-12-24,الإسكندرية - سموحة,القاهرة - المعادي,14388,0
EMP-13728,TRANSFER,2020-12-24,الجيزة - الدقي,الإسكندرية - سموحة,18992,0
EMP-14078,TRANSFER,2020-12-24,سموحة,القاهرة - التجمع الخامس,13422,0
EMP-12562,HIRE,2020-12-24,,الاسكندرية سموحة,15966,0
EMP-15815,PROMOTION,2020-12-24,21173,26314,26314,0
EMP-10007,TRANSFER,2020-12-25,الاسكندرية سموحة,التجمع,7358,0
EMP-10514,PROMOTION,2020-12-25,26114,28691,28691,0
EMP-10921,HIRE,2020-12-26,,الاسكندرية سموحة,16214,0
EMP-13913,TRANSFER,2020-12-26,الاسكندرية سموحة,الجيزة - الدقي,14344,0
EMP-12579,HIRE,2020-12-26,,بورسعيد,11527,0
EMP-14700,TRANSFER,2020-12-27,بورسعيد,التجمع,13958,0
EMP-15555,HIRE,2020-12-27,,الإسكندرية - سموحة,15077,0
EMP-15608,TRANSFER,2020-12-27,القاهرة - التجمع الخامس,التجمع,7695,0
EMP-12690,HIRE,2020-12-27,,فرع المعادي,10381,0
EMP-15372,TRANSFER,2020-12-28,الاسكندرية سموحة,القاهره المعادي,17881,0
EMP-16798,HIRE,2020-12-28,,القاهره المعادي,15142,0
EMP-14762,HIRE,2020-12-28,,الإسكندرية - سموحة,10640,0
EMP-11168,HIRE,2020-12-29,,القاهره المعادي,10046,0
EMP-16622,HIRE,2020-12-29,,سموحة,19727,0
EMP-12689,PROMOTION,2020-12-29,16448,24305,24305,0
EMP-16224,TERMINATION,2020-12-29,ACTIVE,NULL,23269,1
EMP-14742,HIRE,2020-12-29,,بورسعيد - الشرق,15162,0
EMP-15344,HIRE,2020-12-29,,القاهرة - التجمع الخامس,19724,0
EMP-16158,TERMINATION,2020-12-29,ACTIVE,NULL,19565,1
EMP-12196,TRANSFER,2020-12-29,القاهره المعادي,الجيزة - الدقي,17946,0
EMP-13444,HIRE,2020-12-29,,القاهرة - المعادي,18317,0
EMP-11671,TRANSFER,2020-12-30,بورسعيد - الشرق,القاهرة - المعادي,15062,0
EMP-14132,HIRE,2020-12-30,,بورسعيد - الشرق,13596,0
EMP-14383,HIRE,2020-12-30,,القاهرة - المعادي,14736,0
EMP-11738,TRANSFER,2020-12-31,القاهرة - المعادي,القاهره المعادي,12467,0
EMP-11017,PROMOTION,2020-12-31,8574,16373,16373,0
EMP-15544,TRANSFER,2020-12-31,القاهره المعادي,سموحة,16593,0
EMP-14516,HIRE,2021-01-02,,القاهرة - المعادي,18851,0
EMP-10490,HIRE,2021-01-02,,الإسكندرية - سموحة,9778,0
EMP-12442,TRANSFER,2021-01-02,الإسكندرية - سموحة,القاهرة - المعادي,14464,0
EMP-11472,HIRE,2021-01-02,,الدقي,18364,0
EMP-12124,PROMOTION,2021-01-02,7206,13799,13799,0
EMP-16417,TRANSFER,2021-01-02,بورسعيد,الجيزة - الدقي,8152,0
EMP-16356,HIRE,2021-01-02,,بورسعيد,17839,0
EMP-13526,PROMOTION,2021-01-03,13304,18418,18418,0
EMP-12098,TERMINATION,2021-01-03,ACTIVE,Resignation,18743,1
EMP-10668,HIRE,2021-01-03,,بورسعيد,16368,0
EMP-15469,PROMOTION,2021-01-03,11015,14824,14824,0
EMP-11603,HIRE,2021-01-04,,القاهرة - التجمع الخامس,13335,0
EMP-14490,TRANSFER,2021-01-05,بورسعيد - الشرق,الدقي,9090,0
EMP-16357,HIRE,2021-01-05,,القاهره المعادي,17994,0
EMP-11419,HIRE,2021-01-05,,سموحة,17452,0
EMP-14490,TRANSFER,2021-01-05,بورسعيد - الشرق,الدقي,9090,0
EMP-16343,HIRE,2021-01-05,,بورسعيد,10773,0
EMP-14304,HIRE,2021-01-05,,سموحة,12566,0
EMP-12212,TERMINATION,2021-01-06,ACTIVE,Relocation,14641,1
EMP-16972,HIRE,2021-01-06,,الجيزة - الدقي,18647,0
EMP-15629,HIRE,2021-01-06,,الاسكندرية سموحة,13647,0
EMP-13169,PROMOTION,2021-01-07,19611,22764,22764,0
EMP-14895,HIRE,2021-01-07,,الاسكندرية سموحة,9714,0
EMP-16541,TERMINATION,2021-01-07,ACTIVE,Resignation,19811,1
EMP-16995,HIRE,2021-01-08,,بورسعيد - الشرق,17226,0
EMP-11094,HIRE,2021-01-08,,بورسعيد - الشرق,10709,0
EMP-13712,HIRE,2021-01-08,,بورسعيد - الشرق,13513,0
EMP-13289,PROMOTION,2021-01-08,14249,19771,19771,0
EMP-11836,HIRE,2021-01-09,,فرع المعادي,9906,0
EMP-15625,TRANSFER,2021-01-09,بورسعيد - الشرق,سموحة,16357,0
EMP-16927,PROMOTION,2021-01-09,13002,15944,15944,0
EMP-15775,HIRE,2021-01-09,,التجمع,18201,0
EMP-11593,HIRE,2021-01-09,,الإسكندرية - سموحة,11477,0
EMP-10796,HIRE,2021-01-09,,الاسكندرية سموحة,7931,0
EMP-10684,PROMOTION,2021-01-10,14851,20519,20519,0
EMP-12523,PROMOTION,2021-01-10,17990,24739,24739,0
EMP-13952,HIRE,2021-01-10,,بورسعيد - الشرق,19302,0
EMP-12717,PROMOTION,2021-01-10,10251,17801,17801,0
EMP-14193,TRANSFER,2021-01-11,الاسكندرية سموحة,القاهره المعادي,14463,0
EMP-13896,HIRE,2021-01-11,,سموحة,19200,0
EMP-14415,HIRE,2021-01-11,,الجيزة - الدقي,15512,0
EMP-16626,HIRE,2021-01-12,,الدقي,10874,0
EMP-14950,HIRE,2021-01-12,,الاسكندرية سموحة,17713,0
EMP-10716,HIRE,2021-01-12,,الجيزة - الدقي,13118,0
EMP-14201,TRANSFER,2021-01-13,التجمع,بورسعيد,10525,0
EMP-10375,PROMOTION,2021-01-13,19521,26295,26295,0
EMP-14004,HIRE,2021-01-14,,فرع المعادي,10881,0
EMP-16856,HIRE,2021-01-14,,الاسكندرية سموحة,18128,0
EMP-16506,PROMOTION,2021-01-14,17552,22273,22273,0
EMP-12413,HIRE,2021-01-14,,الإسكندرية - سموحة,17165,0
EMP-11768,HIRE,2021-01-15,,فرع المعادي,8477,0
EMP-11177,HIRE,2021-01-15,,فرع المعادي,12281,0
EMP-15379,HIRE,2021-01-15,,الإسكندرية - سموحة,11149,0
EMP-15584,TRANSFER,2021-01-15,الجيزة - الدقي,الاسكندرية سموحة,8385,0
EMP-10749,HIRE,2021-01-15,,الجيزة - الدقي,18818,0
EMP-12632,TERMINATION,2021-01-16,ACTIVE,Relocation,13551,1
EMP-13403,PROMOTION,2021-01-17,7998,15879,15879,0
EMP-16069,HIRE,2021-01-17,,الاسكندرية سموحة,14127,0
EMP-14269,HIRE,2021-01-17,,القاهره المعادي,19607,0
EMP-13888,HIRE,2021-01-17,,سموحة,12604,0
EMP-13086,PROMOTION,2021-01-18,20990,25122,25122,0
EMP-14533,TRANSFER,2021-01-18,القاهرة - المعادي,الجيزة - الدقي,15978,0
EMP-16291,PROMOTION,2021-01-18,32727,37441,37441,0
EMP-15364,HIRE,2021-01-18,,الدقي,9752,0
EMP-16170,TERMINATION,2021-01-19,ACTIVE,Relocation,14579,1
EMP-10497,TRANSFER,2021-01-19,التجمع,فرع المعادي,12788,0
EMP-11732,HIRE,2021-01-19,,سموحة,16628,0
EMP-10470,TRANSFER,2021-01-19,التجمع,الاسكندرية سموحة,18121,0
EMP-10042,TERMINATION,2021-01-19,ACTIVE,Resignation,15326,1
EMP-16296,HIRE,2021-01-19,,الجيزة - الدقي,15110,0
EMP-12906,PROMOTION,2021-01-19,15209,19694,19694,0
EMP-15784,PROMOTION,2021-01-20,17355,24290,24290,0
EMP-13099,TRANSFER,2021-01-20,القاهرة - التجمع الخامس,سموحة,19863,0
EMP-11357,PROMOTION,2021-01-20,9330,14918,14918,0
EMP-16388,TRANSFER,2021-01-20,القاهرة - التجمع الخامس,فرع المعادي,18846,0
EMP-12591,HIRE,2021-01-20,,القاهرة - المعادي,14059,0
EMP-11792,HIRE,2021-01-20,,سموحة,9702,0
EMP-12217,HIRE,2021-01-21,,بورسعيد,13541,0
EMP-15772,HIRE,2021-01-21,,القاهره المعادي,8715,0
EMP-14632,TERMINATION,2021-01-21,ACTIVE,Fired,16748,1
EMP-15688,HIRE,2021-01-21,,سموحة,17746,0
EMP-11081,HIRE,2021-01-21,,فرع المعادي,17328,0
EMP-15926,TRANSFER,2021-01-21,الجيزة - الدقي,بورسعيد,19747,0
EMP-11664,HIRE,2021-01-21,,بورسعيد,18739,0
EMP-12743,TRANSFER,2021-01-21,الإسكندرية - سموحة,الجيزة - الدقي,18475,0
EMP-11464,HIRE,2021-01-21,,بورسعيد - الشرق,19317,0
EMP-10205,HIRE,2021-01-22,,التجمع,11746,0
EMP-15234,TRANSFER,2021-01-22,التجمع,القاهره المعادي,10335,0
EMP-13544,TRANSFER,2021-01-23,سموحة,بورسعيد,23354,0
EMP-10517,HIRE,2021-01-23,,التجمع,16617,0
EMP-10407,PROMOTION,2021-01-23,8046,12052,12052,0
EMP-12204,TERMINATION,2021-01-23,ACTIVE,Relocation,7502,1
EMP-11356,TERMINATION,2021-01-23,ACTIVE,NULL,17174,1
EMP-15179,HIRE,2021-01-24,,سموحة,12319,0
EMP-10571,TERMINATION,2021-01-24,ACTIVE,Resignation,10634,1
EMP-13502,HIRE,2021-01-24,,سموحة,19997,0
EMP-16162,HIRE,2021-01-25,,بورسعيد - الشرق,9457,0
EMP-11501,TRANSFER,2021-01-25,الإسكندرية - سموحة,التجمع,17746,0
EMP-12188,HIRE,2021-01-25,,الدقي,12476,0
EMP-16643,HIRE,2021-01-26,,الإسكندرية - سموحة,8958,0
EMP-16074,TRANSFER,2021-01-26,القاهرة - المعادي,الإسكندرية - سموحة,15303,0
EMP-14596,HIRE,2021-01-26,,القاهره المعادي,19100,0
EMP-11298,TRANSFER,2021-01-26,سموحة,بورسعيد - الشرق,14115,0
EMP-13361,HIRE,2021-01-26,,بورسعيد - الشرق,16209,0
EMP-14679,HIRE,2021-01-26,,بورسعيد - الشرق,15855,0
EMP-16561,HIRE,2021-01-26,,بورسعيد,17119,0
EMP-11572,TRANSFER,2021-01-26,الاسكندرية سموحة,التجمع,10655,0
EMP-10776,PROMOTION,2021-01-27,18514,22657,22657,0
EMP-12764,TERMINATION,2021-01-27,ACTIVE,Resignation,13368,1
EMP-13935,PROMOTION,2021-01-28,8302,10527,10527,0
EMP-10826,TRANSFER,2021-01-28,بورسعيد - الشرق,الجيزة - الدقي,9218,0
EMP-11333,HIRE,2021-01-28,,القاهرة - المعادي,16222,0
EMP-10146,PROMOTION,2021-01-29,15069,21286,21286,0
EMP-12824,TRANSFER,2021-01-29,القاهرة - المعادي,بورسعيد - الشرق,18169,0
EMP-15336,HIRE,2021-01-29,,الإسكندرية - سموحة,11045,0
EMP-15465,PROMOTION,2021-01-29,16239,24165,24165,0
EMP-12581,TERMINATION,2021-01-30,ACTIVE,Relocation,19488,1
EMP-10660,PROMOTION,2021-01-30,11591,14928,14928,0
EMP-15809,PROMOTION,2021-01-30,11615,16719,16719,0
EMP-16922,HIRE,2021-01-30,,الدقي,16071,0
EMP-14984,PROMOTION,2021-01-30,11161,13166,13166,0
EMP-13453,TRANSFER,2021-01-30,الجيزة - الدقي,الإسكندرية - سموحة,26520,0
EMP-11540,HIRE,2021-01-30,,الاسكندرية سموحة,19686,0
EMP-12989,HIRE,2021-01-31,,القاهره المعادي,7453,0
EMP-12344,HIRE,2021-01-31,,الجيزة - الدقي,13693,0
EMP-11437,HIRE,2021-01-31,,بورسعيد - الشرق,8078,0
EMP-14146,PROMOTION,2021-01-31,11473,16194,16194,0
EMP-11594,HIRE,2021-02-01,,التجمع,16147,0
EMP-15726,HIRE,2021-02-01,,الجيزة - الدقي,18815,0
EMP-11217,TERMINATION,2021-02-01,ACTIVE,Fired,10638,1
EMP-15589,TRANSFER,2021-02-01,التجمع,سموحة,13406,0
EMP-10873,HIRE,2021-02-02,,بورسعيد - الشرق,19835,0
EMP-11136,HIRE,2021-02-03,,التجمع,19900,0
EMP-16715,HIRE,2021-02-03,,القاهرة - التجمع الخامس,10543,0
EMP-11851,HIRE,2021-02-03,,الدقي,17573,0
EMP-15452,HIRE,2021-02-03,,القاهرة - المعادي,10356,0
EMP-16761,PROMOTION,2021-02-04,7972,15297,15297,0
EMP-15072,TERMINATION,2021-02-04,ACTIVE,NULL,18897,1
EMP-15121,PROMOTION,2021-02-05,16534,24199,24199,0
EMP-11505,HIRE,2021-02-05,,القاهرة - المعادي,17722,0
EMP-15970,PROMOTION,2021-02-05,18598,23871,23871,0
EMP-13511,TRANSFER,2021-02-05,الدقي,بورسعيد,16711,0
EMP-14844,TRANSFER,2021-02-05,القاهرة - المعادي,الاسكندرية سموحة,16368,0
EMP-12029,PROMOTION,2021-02-05,11164,15007,15007,0
EMP-12595,PROMOTION,2021-02-06,11075,18124,18124,0
EMP-10551,HIRE,2021-02-06,,بورسعيد,7448,0
EMP-11662,PROMOTION,2021-02-06,10542,16772,16772,0
EMP-11688,HIRE,2021-02-07,,الإسكندرية - سموحة,13286,0
EMP-11629,HIRE,2021-02-07,,القاهرة - التجمع الخامس,16102,0
EMP-12018,HIRE,2021-02-07,,القاهرة - التجمع الخامس,13917,0
EMP-13461,HIRE,2021-02-08,,القاهره المعادي,19102,0
EMP-15410,TRANSFER,2021-02-08,الاسكندرية سموحة,القاهرة - المعادي,10817,0
EMP-16913,TRANSFER,2021-02-08,القاهرة - المعادي,القاهرة - المعادي,17566,0
EMP-11366,HIRE,2021-02-09,,بورسعيد - الشرق,7141,0
EMP-13606,TRANSFER,2021-02-09,بورسعيد,سموحة,17240,0
EMP-15085,HIRE,2021-02-09,,القاهرة - التجمع الخامس,9522,0
EMP-11866,HIRE,2021-02-09,,بورسعيد,7025,0
EMP-10405,HIRE,2021-02-09,,الاسكندرية سموحة,8117,0
EMP-15936,TERMINATION,2021-02-10,ACTIVE,NULL,19344,1
EMP-16116,HIRE,2021-02-10,,القاهرة - المعادي,7220,0
EMP-11875,HIRE,2021-02-10,,فرع المعادي,16882,0
EMP-11114,TERMINATION,2021-02-10,ACTIVE,Relocation,21662,1
EMP-12750,TRANSFER,2021-02-10,فرع المعادي,بورسعيد,15687,0
EMP-10259,HIRE,2021-02-10,,الجيزة - الدقي,16081,0
EMP-10123,HIRE,2021-02-10,,القاهرة - التجمع الخامس,13187,0
EMP-15079,HIRE,2021-02-12,,بورسعيد,18978,0
EMP-15777,PROMOTION,2021-02-12,8871,16341,16341,0
EMP-10363,PROMOTION,2021-02-12,16225,22899,22899,0
EMP-13964,HIRE,2021-02-12,,الاسكندرية سموحة,18723,0
EMP-14006,HIRE,2021-02-13,,الجيزة - الدقي,7562,0
EMP-14748,PROMOTION,2021-02-13,8094,10480,10480,0
EMP-11666,TRANSFER,2021-02-13,الاسكندرية سموحة,بورسعيد - الشرق,11613,0
EMP-15341,HIRE,2021-02-13,,بورسعيد - الشرق,19826,0
EMP-13609,HIRE,2021-02-13,,بورسعيد,7385,0
EMP-15509,HIRE,2021-02-13,,الإسكندرية - سموحة,12543,0
EMP-10031,TRANSFER,2021-02-14,القاهرة - التجمع الخامس,القاهره المعادي,23435,0
EMP-13654,HIRE,2021-02-14,,التجمع,15838,0
EMP-13445,TRANSFER,2021-02-14,الدقي,القاهرة - المعادي,18229,0
EMP-12843,TERMINATION,2021-02-14,ACTIVE,Relocation,8848,1
EMP-10733,PROMOTION,2021-02-14,10809,17432,17432,0
EMP-11651,TRANSFER,2021-02-15,الجيزة - الدقي,القاهرة - التجمع الخامس,19075,0
EMP-11573,HIRE,2021-02-15,,القاهرة - المعادي,17411,0
EMP-12099,PROMOTION,2021-02-16,10767,16724,16724,0
EMP-16163,TRANSFER,2021-02-16,الإسكندرية - سموحة,الاسكندرية سموحة,20738,0
EMP-10716,PROMOTION,2021-02-16,13118,18372,18372,0
EMP-16635,PROMOTION,2021-02-17,10219,18117,18117,0
EMP-14097,TRANSFER,2021-02-17,الجيزة - الدقي,القاهرة - المعادي,7803,0
EMP-11367,PROMOTION,2021-02-17,13276,16809,16809,0
EMP-16335,HIRE,2021-02-17,,القاهرة - المعادي,17683,0
EMP-14349,PROMOTION,2021-02-17,13242,18922,18922,0
EMP-14080,TRANSFER,2021-02-17,القاهره المعادي,التجمع,18130,0
EMP-13480,HIRE,2021-02-17,,الإسكندرية - سموحة,8462,0
EMP-10993,HIRE,2021-02-17,,القاهرة - التجمع الخامس,7090,0
EMP-14057,TRANSFER,2021-02-18,سموحة,سموحة,19190,0
EMP-15052,HIRE,2021-02-18,,القاهرة - المعادي,19584,0
EMP-12150,HIRE,2021-02-19,,القاهرة - المعادي,12194,0
EMP-15372,TRANSFER,2021-02-19,القاهره المعادي,الجيزة - الدقي,17881,0
EMP-13528,HIRE,2021-02-19,,التجمع,16762,0
EMP-10917,HIRE,2021-02-19,,الجيزة - الدقي,14878,0
EMP-12468,HIRE,2021-02-19,,الاسكندرية سموحة,15104,0
EMP-10962,TRANSFER,2021-02-20,بورسعيد,بورسعيد - الشرق,7384,0
EMP-15749,HIRE,2021-02-20,,سموحة,12552,0
EMP-13210,TRANSFER,2021-02-20,التجمع,القاهرة - التجمع الخامس,19538,0
EMP-12897,PROMOTION,2021-02-20,7763,14176,14176,0
EMP-12046,HIRE,2021-02-20,,القاهره المعادي,15460,0
EMP-10077,PROMOTION,2021-02-21,16360,22196,22196,0
EMP-15948,HIRE,2021-02-21,,الإسكندرية - سموحة,15720,0
EMP-10125,HIRE,2021-02-22,,التجمع,18439,0
EMP-16588,TRANSFER,2021-02-22,القاهره المعادي,الجيزة - الدقي,12452,0
EMP-13412,HIRE,2021-02-23,,الاسكندرية سموحة,13208,0
EMP-14426,HIRE,2021-02-23,,الاسكندرية سموحة,16982,0
EMP-12994,HIRE,2021-02-23,,القاهره المعادي,10615,0
EMP-13795,PROMOTION,2021-02-23,20658,25979,25979,0
EMP-10598,HIRE,2021-02-24,,القاهرة - التجمع الخامس,8311,0
EMP-16506,PROMOTION,2021-02-24,22273,25959,25959,0
EMP-12991,TRANSFER,2021-02-24,القاهره المعادي,الدقي,7926,0
EMP-14731,HIRE,2021-02-25,,الجيزة - الدقي,18590,0
EMP-14928,HIRE,2021-02-25,,القاهرة - التجمع الخامس,15901,0
EMP-10078,TERMINATION,2021-02-26,ACTIVE,Resignation,17035,1
EMP-11279,HIRE,2021-02-26,,التجمع,9066,0
EMP-16805,HIRE,2021-02-26,,الجيزة - الدقي,12221,0
EMP-11004,HIRE,2021-02-26,,القاهرة - التجمع الخامس,8216,0
EMP-12807,HIRE,2021-02-27,,الدقي,8349,0
EMP-16667,PROMOTION,2021-02-27,15834,20094,20094,0
EMP-16150,TRANSFER,2021-02-27,سموحة,الاسكندرية سموحة,14123,0
EMP-12774,PROMOTION,2021-02-27,19860,27176,27176,0
EMP-14479,HIRE,2021-02-28,,القاهره المعادي,10769,0
EMP-14920,HIRE,2021-02-28,,الاسكندرية سموحة,15083,0
EMP-10685,HIRE,2021-02-28,,الاسكندرية سموحة,17129,0
EMP-11690,PROMOTION,2021-03-01,10639,15236,15236,0
EMP-10839,PROMOTION,2021-03-01,13205,20396,20396,0
EMP-16227,HIRE,2021-03-01,,القاهرة - المعادي,11150,0
EMP-11794,HIRE,2021-03-02,,سموحة,13169,0
EMP-13408,TRANSFER,2021-03-02,القاهرة - التجمع الخامس,بورسعيد,17930,0
EMP-13891,PROMOTION,2021-03-02,18569,23563,23563,0
EMP-16841,TERMINATION,2021-03-02,ACTIVE,NULL,15457,1
EMP-13101,HIRE,2021-03-02,,القاهرة - التجمع الخامس,17823,0
EMP-11051,TRANSFER,2021-03-03,الإسكندرية - سموحة,بورسعيد,19862,0
EMP-12664,HIRE,2021-03-03,,القاهرة - التجمع الخامس,7804,0
EMP-13347,HIRE,2021-03-03,,الدقي,8436,0
EMP-12879,HIRE,2021-03-03,,القاهرة - التجمع الخامس,11838,0
EMP-11824,HIRE,2021-03-03,,القاهرة - المعادي,13284,0
EMP-13632,HIRE,2021-03-03,,القاهرة - المعادي,9731,0
EMP-15182,HIRE,2021-03-04,,بورسعيد - الشرق,8374,0
EMP-11822,HIRE,2021-03-04,,الإسكندرية - سموحة,16281,0
EMP-13270,PROMOTION,2021-03-04,14964,20179,20179,0
EMP-16681,HIRE,2021-03-04,,القاهرة - التجمع الخامس,10476,0
EMP-16948,HIRE,2021-03-05,,الدقي,9678,0
EMP-15882,TRANSFER,2021-03-05,الدقي,التجمع,9390,0
EMP-16948,HIRE,2021-03-05,,الدقي,9678,0
EMP-16492,HIRE,2021-03-05,,الإسكندرية - سموحة,19334,0
EMP-16436,HIRE,2021-03-05,,سموحة,9752,0
EMP-14865,HIRE,2021-03-06,,سموحة,8114,0
EMP-13705,HIRE,2021-03-06,,الدقي,8235,0
EMP-13932,HIRE,2021-03-06,,سموحة,19567,0
EMP-16408,HIRE,2021-03-06,,فرع المعادي,7732,0
EMP-12503,HIRE,2021-03-06,,سموحة,15684,0
EMP-16678,HIRE,2021-03-06,,الدقي,11395,0
EMP-10817,HIRE,2021-03-06,,الاسكندرية سموحة,16616,0
EMP-14423,HIRE,2021-03-07,,القاهرة - المعادي,18214,0
EMP-11270,HIRE,2021-03-07,,سموحة,17924,0
EMP-10521,HIRE,2021-03-07,,سموحة,11863,0
EMP-14450,PROMOTION,2021-03-07,18982,26238,26238,0
EMP-12450,TRANSFER,2021-03-07,فرع المعادي,القاهرة - التجمع الخامس,8361,0
EMP-10404,HIRE,2021-03-07,,التجمع,8616,0
EMP-11433,TRANSFER,2021-03-08,القاهره المعادي,الإسكندرية - سموحة,17225,0
EMP-13149,HIRE,2021-03-08,,القاهرة - التجمع الخامس,19875,0
EMP-14540,TRANSFER,2021-03-08,الجيزة - الدقي,القاهرة - التجمع الخامس,11218,0
EMP-12782,PROMOTION,2021-03-08,16248,20906,20906,0
EMP-11675,HIRE,2021-03-09,,الجيزة - الدقي,13826,0
EMP-16995,PROMOTION,2021-03-09,17226,21472,21472,0
EMP-15686,HIRE,2021-03-09,,فرع المعادي,11604,0
EMP-10654,TRANSFER,2021-03-09,سموحة,بورسعيد,7891,0
EMP-13431,TRANSFER,2021-03-10,القاهرة - التجمع الخامس,الإسكندرية - سموحة,22037,0
EMP-14296,PROMOTION,2021-03-10,15858,23019,23019,0
EMP-16214,HIRE,2021-03-10,,الإسكندرية - سموحة,8159,0
EMP-10548,HIRE,2021-03-10,,التجمع,19430,0
EMP-14930,HIRE,2021-03-10,,سموحة,16989,0
EMP-10483,HIRE,2021-03-11,,القاهرة - التجمع الخامس,10436,0
EMP-16622,TRANSFER,2021-03-11,سموحة,بورسعيد,19727,0
EMP-14179,TERMINATION,2021-03-11,ACTIVE,Resignation,12532,1
EMP-14358,HIRE,2021-03-12,,بورسعيد - الشرق,13094,0
EMP-14496,PROMOTION,2021-03-12,17928,25487,25487,0
EMP-14735,HIRE,2021-03-12,,الإسكندرية - سموحة,8723,0
EMP-13961,TRANSFER,2021-03-13,القاهرة - التجمع الخامس,الاسكندرية سموحة,13875,0
EMP-12489,HIRE,2021-03-13,,الدقي,10369,0
EMP-10217,TERMINATION,2021-03-13,ACTIVE,Fired,17234,1
EMP-16034,TRANSFER,2021-03-13,القاهرة - المعادي,الجيزة - الدقي,13472,0
EMP-10132,TERMINATION,2021-03-13,ACTIVE,Fired,9579,1
EMP-16751,TERMINATION,2021-03-14,ACTIVE,Relocation,18985,1
EMP-13714,TRANSFER,2021-03-14,بورسعيد - الشرق,الإسكندرية - سموحة,16851,0
EMP-12822,TRANSFER,2021-03-14,الجيزة - الدقي,الاسكندرية سموحة,12148,0
EMP-11239,HIRE,2021-03-15,,القاهره المعادي,11880,0
EMP-11375,HIRE,2021-03-15,,الدقي,18829,0
EMP-16168,HIRE,2021-03-15,,القاهرة - التجمع الخامس,15053,0
EMP-15340,HIRE,2021-03-16,,الدقي,12807,0
EMP-10364,HIRE,2021-03-16,,الدقي,8460,0
EMP-15041,HIRE,2021-03-17,,سموحة,7790,0
EMP-11338,TRANSFER,2021-03-17,بورسعيد,الجيزة - الدقي,8016,0
EMP-10013,HIRE,2021-03-17,,القاهرة - المعادي,8106,0
EMP-14957,HIRE,2021-03-17,,القاهرة - التجمع الخامس,19909,0
EMP-14454,TERMINATION,2021-03-17,ACTIVE,Resignation,7471,1
EMP-14774,HIRE,2021-03-17,,التجمع,8881,0
EMP-15357,HIRE,2021-03-17,,بورسعيد,11634,0
EMP-13121,HIRE,2021-03-17,,القاهرة - التجمع الخامس,19860,0
EMP-11365,TRANSFER,2021-03-17,الدقي,بورسعيد,13689,0
EMP-13466,HIRE,2021-03-18,,فرع المعادي,8814,0
EMP-13963,HIRE,2021-03-18,,الجيزة - الدقي,7627,0
EMP-12229,HIRE,2021-03-18,,الدقي,15403,0
EMP-16740,PROMOTION,2021-03-18,14441,16813,16813,0
EMP-12511,HIRE,2021-03-18,,الإسكندرية - سموحة,19689,0
EMP-11323,TERMINATION,2021-03-18,ACTIVE,Resignation,13881,1
EMP-10623,HIRE,2021-03-18,,بورسعيد,10936,0
EMP-16125,PROMOTION,2021-03-18,7020,13204,13204,0
EMP-14260,HIRE,2021-03-19,,الاسكندرية سموحة,15159,0
EMP-15995,HIRE,2021-03-19,,الجيزة - الدقي,16094,0
EMP-13388,HIRE,2021-03-19,,التجمع,15358,0
EMP-15995,HIRE,2021-03-19,,الجيزة - الدقي,16094,0
EMP-13424,PROMOTION,2021-03-19,17005,23598,23598,0
EMP-11212,HIRE,2021-03-20,,القاهره المعادي,16011,0
EMP-15850,HIRE,2021-03-21,,القاهرة - التجمع الخامس,7962,0
EMP-15659,HIRE,2021-03-21,,بورسعيد,8729,0
EMP-16075,HIRE,2021-03-21,,الدقي,10924,0
EMP-11275,HIRE,2021-03-22,,الجيزة - الدقي,8095,0
EMP-14037,TRANSFER,2021-03-22,بورسعيد - الشرق,الدقي,12881,0
EMP-14647,HIRE,2021-03-22,,الإسكندرية - سموحة,9419,0
EMP-12751,PROMOTION,2021-03-22,18623,25133,25133,0
EMP-11788,TERMINATION,2021-03-22,ACTIVE,Relocation,16374,1
EMP-12629,TERMINATION,2021-03-23,ACTIVE,NULL,8763,1
EMP-14397,PROMOTION,2021-03-23,10240,12249,12249,0
EMP-14573,HIRE,2021-03-23,,فرع المعادي,15289,0
EMP-12312,HIRE,2021-03-23,,سموحة,16957,0
EMP-13257,HIRE,2021-03-23,,بورسعيد - الشرق,13546,0
EMP-12814,HIRE,2021-03-23,,الإسكندرية - سموحة,7360,0
EMP-14801,HIRE,2021-03-23,,الدقي,18013,0
EMP-14803,HIRE,2021-03-23,,سموحة,11606,0
EMP-15895,HIRE,2021-03-23,,سموحة,12960,0
EMP-10699,TRANSFER,2021-03-24,القاهره المعادي,القاهرة - المعادي,16188,0
EMP-12686,TRANSFER,2021-03-24,الاسكندرية سموحة,سموحة,7109,0
EMP-15563,TERMINATION,2021-03-24,ACTIVE,NULL,15787,1
EMP-14671,HIRE,2021-03-24,,القاهره المعادي,14082,0
EMP-15873,HIRE,2021-03-24,,القاهرة - التجمع الخامس,18731,0
EMP-13885,HIRE,2021-03-24,,القاهره المعادي,13121,0
EMP-15605,TERMINATION,2021-03-25,ACTIVE,Resignation,16657,1
EMP-15149,PROMOTION,2021-03-26,19038,25907,25907,0
EMP-15279,HIRE,2021-03-26,,التجمع,8708,0
EMP-11441,HIRE,2021-03-26,,الدقي,13081,0
EMP-12837,HIRE,2021-03-26,,التجمع,19688,0
EMP-10390,HIRE,2021-03-26,,بورسعيد - الشرق,19268,0
EMP-10053,TERMINATION,2021-03-26,ACTIVE,Fired,12664,1
EMP-13786,HIRE,2021-03-26,,القاهرة - التجمع الخامس,19091,0
EMP-14085,TRANSFER,2021-03-27,الإسكندرية - سموحة,القاهره المعادي,9575,0
EMP-16689,TRANSFER,2021-03-28,القاهره المعادي,القاهرة - التجمع الخامس,19920,0
EMP-16689,TRANSFER,2021-03-28,القاهره المعادي,القاهرة - التجمع الخامس,19920,0
EMP-16079,PROMOTION,2021-03-28,18885,23885,23885,0
EMP-16011,HIRE,2021-03-28,,بورسعيد - الشرق,16404,0
EMP-11927,TRANSFER,2021-03-28,بورسعيد,القاهرة - المعادي,16913,0
EMP-16128,PROMOTION,2021-03-28,21927,25429,25429,0
EMP-15863,PROMOTION,2021-03-28,10886,17571,17571,0
EMP-10002,TRANSFER,2021-03-28,بورسعيد,فرع المعادي,14953,0
EMP-15752,HIRE,2021-03-29,,سموحة,17485,0
EMP-14564,PROMOTION,2021-03-29,7937,13020,13020,0
EMP-10278,TERMINATION,2021-03-29,ACTIVE,Resignation,13784,1
EMP-15210,TRANSFER,2021-03-29,بورسعيد - الشرق,القاهرة - التجمع الخامس,12491,0
EMP-13307,HIRE,2021-03-29,,سموحة,13375,0
EMP-15488,HIRE,2021-03-29,,القاهرة - التجمع الخامس,9819,0
EMP-12549,HIRE,2021-03-29,,الاسكندرية سموحة,17063,0
EMP-10240,HIRE,2021-03-30,,الإسكندرية - سموحة,8303,0
EMP-10202,TRANSFER,2021-03-30,الدقي,بورسعيد,15115,0
EMP-14247,TRANSFER,2021-03-30,القاهرة - المعادي,القاهره المعادي,9620,0
EMP-15867,HIRE,2021-03-30,,القاهره المعادي,8698,0
EMP-11424,HIRE,2021-03-31,,الجيزة - الدقي,12514,0
EMP-10725,HIRE,2021-03-31,,القاهرة - المعادي,13799,0
EMP-14686,PROMOTION,2021-03-31,8211,15683,15683,0
EMP-13792,PROMOTION,2021-03-31,19938,22894,22894,0
EMP-13940,PROMOTION,2021-03-31,13162,19757,19757,0
EMP-16035,HIRE,2021-04-01,,التجمع,15029,0
EMP-11266,HIRE,2021-04-01,,التجمع,8300,0
EMP-13066,HIRE,2021-04-01,,القاهره المعادي,11320,0
EMP-11894,PROMOTION,2021-04-02,19406,23377,23377,0
EMP-15714,PROMOTION,2021-04-02,18091,20754,20754,0
EMP-10936,HIRE,2021-04-02,,الاسكندرية سموحة,12684,0
EMP-15609,PROMOTION,2021-04-02,7117,14001,14001,0
EMP-16448,HIRE,2021-04-02,,القاهرة - المعادي,19355,0
EMP-13667,TRANSFER,2021-04-03,التجمع,القاهرة - التجمع الخامس,13179,0
EMP-16407,HIRE,2021-04-03,,بورسعيد - الشرق,19580,0
EMP-13600,TRANSFER,2021-04-03,بورسعيد - الشرق,القاهرة - المعادي,15831,0
EMP-16277,HIRE,2021-04-04,,بورسعيد - الشرق,15651,0
EMP-14452,TRANSFER,2021-04-04,بورسعيد - الشرق,سموحة,8469,0
EMP-12601,HIRE,2021-04-04,,الاسكندرية سموحة,19017,0
EMP-16919,PROMOTION,2021-04-05,19144,24548,24548,0
EMP-10031,TERMINATION,2021-04-05,ACTIVE,NULL,23435,1
EMP-11112,HIRE,2021-04-05,,فرع المعادي,7501,0
EMP-12717,PROMOTION,2021-04-06,17801,24119,24119,0
EMP-13242,TRANSFER,2021-04-06,القاهرة - المعادي,فرع المعادي,16571,0
EMP-14487,HIRE,2021-04-06,,التجمع,19391,0
EMP-12317,TRANSFER,2021-04-06,القاهره المعادي,القاهرة - التجمع الخامس,19214,0
EMP-12457,HIRE,2021-04-07,,الجيزة - الدقي,18907,0
EMP-14789,PROMOTION,2021-04-07,20066,26867,26867,0
EMP-15260,TRANSFER,2021-04-07,فرع المعادي,سموحة,18505,0
EMP-16026,TRANSFER,2021-04-07,الإسكندرية - سموحة,القاهره المعادي,15933,0
EMP-15801,HIRE,2021-04-08,,القاهرة - التجمع الخامس,12569,0
EMP-10655,TRANSFER,2021-04-08,بورسعيد - الشرق,فرع المعادي,7574,0
EMP-14218,PROMOTION,2021-04-08,14935,18314,18314,0
EMP-10583,TERMINATION,2021-04-09,ACTIVE,NULL,17255,1
EMP-12737,PROMOTION,2021-04-09,9902,14246,14246,0
EMP-12730,HIRE,2021-04-09,,التجمع,16703,0
EMP-13063,HIRE,2021-04-10,,الجيزة - الدقي,19380,0
EMP-12150,PROMOTION,2021-04-10,12194,18468,18468,0
EMP-15275,PROMOTION,2021-04-10,16049,22582,22582,0
EMP-16557,HIRE,2021-04-10,,القاهرة - المعادي,16107,0
EMP-10851,TRANSFER,2021-04-10,التجمع,الإسكندرية - سموحة,15565,0
EMP-15086,PROMOTION,2021-04-11,8844,11590,11590,0
EMP-11290,HIRE,2021-04-11,,الاسكندرية سموحة,8425,0
EMP-10329,HIRE,2021-04-11,,بورسعيد,7656,0
EMP-12505,HIRE,2021-04-11,,الدقي,17736,0
EMP-14860,HIRE,2021-04-11,,القاهرة - التجمع الخامس,11993,0
EMP-13100,HIRE,2021-04-11,,الاسكندرية سموحة,10052,0
EMP-11960,TRANSFER,2021-04-11,التجمع,سموحة,7713,0
EMP-16484,HIRE,2021-04-12,,الجيزة - الدقي,14061,0
EMP-14044,HIRE,2021-04-12,,القاهره المعادي,19613,0
EMP-11352,HIRE,2021-04-12,,القاهرة - التجمع الخامس,12470,0
EMP-12246,PROMOTION,2021-04-12,11737,17424,17424,0
EMP-16837,HIRE,2021-04-12,,الجيزة - الدقي,10101,0
EMP-15443,PROMOTION,2021-04-13,14718,22422,22422,0
EMP-14423,TERMINATION,2021-04-13,ACTIVE,Fired,18214,1
EMP-14489,TRANSFER,2021-04-13,القاهرة - التجمع الخامس,التجمع,19377,0
EMP-12327,PROMOTION,2021-04-13,18685,26153,26153,0
EMP-15102,HIRE,2021-04-14,,الاسكندرية سموحة,17378,0
EMP-11104,TRANSFER,2021-04-14,الإسكندرية - سموحة,الاسكندرية سموحة,16080,0
EMP-13935,PROMOTION,2021-04-14,10527,14855,14855,0
EMP-10509,HIRE,2021-04-14,,القاهرة - التجمع الخامس,9481,0
EMP-14792,TERMINATION,2021-04-14,ACTIVE,Resignation,25663,1
EMP-14040,HIRE,2021-04-14,,القاهره المعادي,18478,0
EMP-14371,HIRE,2021-04-14,,الدقي,17503,0
EMP-10906,HIRE,2021-04-14,,فرع المعادي,12016,0
EMP-13688,HIRE,2021-04-15,,بورسعيد - الشرق,16301,0
EMP-10667,HIRE,2021-04-15,,بورسعيد,7419,0
EMP-12687,HIRE,2021-04-15,,بورسعيد,11269,0
EMP-12500,TERMINATION,2021-04-15,ACTIVE,Fired,21597,1
EMP-13409,TRANSFER,2021-04-15,الإسكندرية - سموحة,الدقي,19750,0
EMP-13551,HIRE,2021-04-15,,القاهرة - المعادي,14349,0
EMP-16369,TRANSFER,2021-04-15,القاهرة - التجمع الخامس,بورسعيد,15051,0
EMP-12518,HIRE,2021-04-16,,الجيزة - الدقي,17118,0
EMP-10954,TRANSFER,2021-04-16,الدقي,سموحة,11159,0
EMP-15466,TERMINATION,2021-04-16,ACTIVE,Resignation,25465,1
EMP-11191,HIRE,2021-04-16,,بورسعيد - الشرق,7482,0
EMP-13231,HIRE,2021-04-16,,الإسكندرية - سموحة,11585,0
EMP-16561,PROMOTION,2021-04-16,17119,23793,23793,0
EMP-16294,TRANSFER,2021-04-16,بورسعيد,الاسكندرية سموحة,17714,0
EMP-16357,TRANSFER,2021-04-17,القاهره المعادي,بورسعيد - الشرق,17994,0
EMP-16985,TRANSFER,2021-04-17,التجمع,فرع المعادي,16079,0
EMP-13018,TRANSFER,2021-04-17,الجيزة - الدقي,سموحة,16217,0
EMP-14826,HIRE,2021-04-17,,القاهرة - المعادي,13168,0
EMP-16989,HIRE,2021-04-18,,بورسعيد,15911,0
EMP-14439,HIRE,2021-04-18,,الإسكندرية - سموحة,7085,0
EMP-16726,HIRE,2021-04-19,,بورسعيد,19951,0
EMP-14030,HIRE,2021-04-19,,الإسكندرية - سموحة,8138,0
EMP-14946,PROMOTION,2021-04-19,14515,16816,16816,0
EMP-11113,PROMOTION,2021-04-19,19242,23165,23165,0
EMP-16757,PROMOTION,2021-04-19,10620,18340,18340,0
EMP-13915,HIRE,2021-04-19,,سموحة,14867,0
EMP-16753,HIRE,2021-04-19,,الجيزة - الدقي,10964,0
EMP-10661,HIRE,2021-04-20,,الدقي,14117,0
EMP-15222,PROMOTION,2021-04-20,10045,13590,13590,0
EMP-14092,TERMINATION,2021-04-20,ACTIVE,NULL,7378,1
EMP-13507,TRANSFER,2021-04-21,سموحة,الاسكندرية سموحة,12340,0
EMP-13423,TRANSFER,2021-04-21,الاسكندرية سموحة,التجمع,8907,0
EMP-16826,PROMOTION,2021-04-21,17147,20959,20959,0
EMP-10903,HIRE,2021-04-21,,بورسعيد - الشرق,18954,0
EMP-11464,TRANSFER,2021-04-21,بورسعيد - الشرق,التجمع,19317,0
EMP-15304,TERMINATION,2021-04-21,ACTIVE,NULL,9391,1
EMP-16590,HIRE,2021-04-21,,فرع المعادي,19729,0
EMP-13761,HIRE,2021-04-21,,فرع المعادي,15359,0
EMP-14550,HIRE,2021-04-21,,الجيزة - الدقي,13408,0
EMP-11472,TRANSFER,2021-04-22,الدقي,بورسعيد - الشرق,18364,0
EMP-15847,HIRE,2021-04-22,,الدقي,19097,0
EMP-14861,TRANSFER,2021-04-22,بورسعيد,التجمع,13987,0
EMP-13633,PROMOTION,2021-04-23,17348,19527,19527,0
EMP-13056,TRANSFER,2021-04-23,القاهرة - المعادي,القاهرة - التجمع الخامس,19262,0
EMP-11072,PROMOTION,2021-04-23,7565,14699,14699,0
EMP-14869,TRANSFER,2021-04-23,سموحة,فرع المعادي,8733,0
EMP-16064,HIRE,2021-04-23,,القاهرة - المعادي,10640,0
EMP-10043,HIRE,2021-04-24,,الاسكندرية سموحة,7712,0
EMP-12612,PROMOTION,2021-04-24,19756,27065,27065,0
EMP-10887,PROMOTION,2021-04-24,13133,17066,17066,0
EMP-10320,HIRE,2021-04-25,,الجيزة - الدقي,18837,0
EMP-14644,HIRE,2021-04-26,,الإسكندرية - سموحة,10511,0
EMP-15293,HIRE,2021-04-26,,سموحة,11409,0
EMP-15156,HIRE,2021-04-26,,سموحة,15429,0
EMP-12281,HIRE,2021-04-27,,بورسعيد - الشرق,15652,0
EMP-10797,HIRE,2021-04-27,,سموحة,19947,0
EMP-11289,HIRE,2021-04-28,,بورسعيد,9225,0
EMP-16689,TERMINATION,2021-04-28,ACTIVE,Resignation,19920,1
EMP-16514,TRANSFER,2021-04-28,بورسعيد - الشرق,الدقي,14479,0
EMP-14139,HIRE,2021-04-28,,الاسكندرية سموحة,8842,0
EMP-13816,HIRE,2021-04-28,,فرع المعادي,8740,0
EMP-10388,HIRE,2021-04-29,,الجيزة - الدقي,7961,0
EMP-15709,HIRE,2021-04-29,,القاهرة - التجمع الخامس,7252,0
EMP-12960,TRANSFER,2021-04-29,بورسعيد - الشرق,التجمع,11734,0
EMP-14587,TRANSFER,2021-04-29,الاسكندرية سموحة,القاهرة - التجمع الخامس,10220,0
EMP-11842,TRANSFER,2021-04-30,الدقي,سموحة,23204,0
EMP-16782,HIRE,2021-04-30,,القاهره المعادي,16035,0
EMP-14941,HIRE,2021-04-30,,سموحة,11106,0
EMP-11180,HIRE,2021-04-30,,التجمع,11529,0
EMP-12210,PROMOTION,2021-05-03,12152,16543,16543,0
EMP-15687,HIRE,2021-05-03,,الإسكندرية - سموحة,17736,0
EMP-16560,PROMOTION,2021-05-03,18410,25615,25615,0
EMP-16419,HIRE,2021-05-03,,سموحة,7704,0
EMP-11138,TRANSFER,2021-05-03,بورسعيد,فرع المعادي,12850,0
EMP-16681,PROMOTION,2021-05-03,10476,15892,15892,0
EMP-14380,PROMOTION,2021-05-04,10077,12656,12656,0
EMP-14185,HIRE,2021-05-04,,فرع المعادي,16348,0
EMP-12130,TRANSFER,2021-05-04,القاهره المعادي,الدقي,14376,0
EMP-15593,TRANSFER,2021-05-04,فرع المعادي,القاهرة - التجمع الخامس,10451,0
EMP-15411,TRANSFER,2021-05-05,بورسعيد - الشرق,الإسكندرية - سموحة,17640,0
EMP-13217,HIRE,2021-05-05,,الإسكندرية - سموحة,17543,0
EMP-13765,HIRE,2021-05-05,,القاهرة - المعادي,13798,0
EMP-15178,TRANSFER,2021-05-05,الإسكندرية - سموحة,القاهرة - المعادي,14294,0
EMP-15996,PROMOTION,2021-05-05,16734,19446,19446,0
EMP-11455,TERMINATION,2021-05-06,ACTIVE,Fired,15363,1
EMP-10293,HIRE,2021-05-06,,الإسكندرية - سموحة,8056,0
EMP-12580,HIRE,2021-05-06,,التجمع,9131,0
EMP-13887,HIRE,2021-05-06,,القاهرة - المعادي,9811,0
EMP-13317,HIRE,2021-05-06,,بورسعيد,19146,0
EMP-10086,HIRE,2021-05-06,,الاسكندرية سموحة,18723,0
EMP-13499,HIRE,2021-05-06,,الإسكندرية - سموحة,17637,0
EMP-12165,HIRE,2021-05-07,,القاهرة - المعادي,9643,0
EMP-15119,HIRE,2021-05-07,,سموحة,13436,0
EMP-14048,TRANSFER,2021-05-07,الإسكندرية - سموحة,التجمع,15568,0
EMP-11783,HIRE,2021-05-08,,القاهرة - التجمع الخامس,9755,0
EMP-11421,HIRE,2021-05-08,,سموحة,9989,0
EMP-10314,TRANSFER,2021-05-08,التجمع,الجيزة - الدقي,12520,0
EMP-14556,TERMINATION,2021-05-08,ACTIVE,Resignation,9726,1
EMP-15439,HIRE,2021-05-08,,بورسعيد,16611,0
EMP-12359,TERMINATION,2021-05-09,ACTIVE,Relocation,26014,1
EMP-13850,TERMINATION,2021-05-09,ACTIVE,Resignation,10299,1
EMP-13892,HIRE,2021-05-09,,الدقي,18097,0
EMP-16325,TRANSFER,2021-05-10,سموحة,فرع المعادي,23173,0
EMP-10035,HIRE,2021-05-10,,القاهرة - التجمع الخامس,17744,0
EMP-10460,HIRE,2021-05-10,,بورسعيد,7781,0
EMP-12888,HIRE,2021-05-10,,بورسعيد,10856,0
EMP-16325,TRANSFER,2021-05-10,سموحة,فرع المعادي,23173,0
EMP-14604,HIRE,2021-05-10,,القاهرة - التجمع الخامس,9560,0
EMP-15551,HIRE,2021-05-11,,سموحة,7004,0
EMP-12997,PROMOTION,2021-05-11,14925,18156,18156,0
EMP-13261,HIRE,2021-05-11,,التجمع,9345,0
EMP-14325,HIRE,2021-05-11,,فرع المعادي,13445,0
EMP-10499,HIRE,2021-05-11,,الجيزة - الدقي,18643,0
EMP-11724,HIRE,2021-05-12,,القاهره المعادي,13858,0
EMP-15288,HIRE,2021-05-12,,الجيزة - الدقي,10647,0
EMP-12341,HIRE,2021-05-12,,الإسكندرية - سموحة,10582,0
EMP-13871,PROMOTION,2021-05-12,18991,23107,23107,0
EMP-10875,HIRE,2021-05-12,,التجمع,17524,0
EMP-10005,TRANSFER,2021-05-13,بورسعيد - الشرق,بورسعيد - الشرق,8815,0
EMP-14281,HIRE,2021-05-13,,فرع المعادي,19470,0
EMP-10526,TRANSFER,2021-05-13,القاهرة - التجمع الخامس,الاسكندرية سموحة,14979,0
EMP-16096,TERMINATION,2021-05-14,ACTIVE,Fired,7886,1
EMP-13486,TERMINATION,2021-05-14,ACTIVE,Fired,11490,1
EMP-10770,HIRE,2021-05-15,,القاهرة - المعادي,13064,0
EMP-12164,PROMOTION,2021-05-15,12566,20377,20377,0
EMP-14038,HIRE,2021-05-15,,الاسكندرية سموحة,9903,0
EMP-13489,TERMINATION,2021-05-15,ACTIVE,Resignation,15337,1
EMP-13321,HIRE,2021-05-15,,القاهرة - التجمع الخامس,12049,0
EMP-14943,PROMOTION,2021-05-15,19351,23492,23492,0
EMP-15537,HIRE,2021-05-15,,بورسعيد,19405,0
EMP-12800,HIRE,2021-05-15,,الدقي,19124,0
EMP-16889,TRANSFER,2021-05-15,بورسعيد,فرع المعادي,18163,0
EMP-14951,TERMINATION,2021-05-16,ACTIVE,NULL,9130,1
EMP-11161,HIRE,2021-05-16,,القاهره المعادي,10590,0
EMP-10285,PROMOTION,2021-05-16,9482,15974,15974,0
EMP-15434,HIRE,2021-05-16,,الاسكندرية سموحة,11080,0
EMP-16643,TRANSFER,2021-05-16,الإسكندرية - سموحة,القاهرة - التجمع الخامس,8958,0
EMP-16327,PROMOTION,2021-05-17,13694,16851,16851,0
EMP-16713,HIRE,2021-05-17,,الإسكندرية - سموحة,8178,0
EMP-12237,PROMOTION,2021-05-17,15876,18484,18484,0
EMP-10468,HIRE,2021-05-17,,الاسكندرية سموحة,11840,0
EMP-14231,TRANSFER,2021-05-17,فرع المعادي,بورسعيد,7067,0
EMP-16492,PROMOTION,2021-05-17,19334,27145,27145,0
EMP-10912,HIRE,2021-05-18,,سموحة,17721,0
EMP-15125,HIRE,2021-05-18,,الدقي,7700,0
EMP-11361,TERMINATION,2021-05-19,ACTIVE,Fired,25200,1
EMP-16207,HIRE,2021-05-19,,الدقي,13452,0
EMP-12134,TRANSFER,2021-05-19,الاسكندرية سموحة,القاهرة - التجمع الخامس,16231,0
EMP-16191,HIRE,2021-05-20,,بورسعيد,14424,0
EMP-12441,HIRE,2021-05-21,,القاهرة - المعادي,16202,0
EMP-11346,TRANSFER,2021-05-21,بورسعيد,الإسكندرية - سموحة,19383,0
EMP-12009,HIRE,2021-05-22,,القاهره المعادي,9708,0
EMP-13003,HIRE,2021-05-22,,الدقي,19284,0
EMP-12240,HIRE,2021-05-22,,القاهرة - التجمع الخامس,18443,0
EMP-14282,PROMOTION,2021-05-22,15026,22371,22371,0
EMP-10044,HIRE,2021-05-23,,بورسعيد,8708,0
EMP-13748,HIRE,2021-05-23,,فرع المعادي,15175,0
EMP-11718,PROMOTION,2021-05-23,16632,24120,24120,0
EMP-10343,TRANSFER,2021-05-23,القاهرة - التجمع الخامس,فرع المعادي,9681,0
EMP-12852,HIRE,2021-05-23,,القاهره المعادي,14268,0
EMP-14712,PROMOTION,2021-05-24,13477,20306,20306,0
EMP-16687,TRANSFER,2021-05-24,الإسكندرية - سموحة,الإسكندرية - سموحة,11800,0
EMP-13727,HIRE,2021-05-24,,التجمع,13781,0
EMP-14342,TERMINATION,2021-05-24,ACTIVE,Fired,17084,1
EMP-14027,TERMINATION,2021-05-25,ACTIVE,Relocation,12802,1
EMP-13442,PROMOTION,2021-05-26,10231,16031,16031,0
EMP-15051,HIRE,2021-05-26,,الدقي,15065,0
EMP-10874,TRANSFER,2021-05-27,فرع المعادي,التجمع,14640,0
EMP-13702,PROMOTION,2021-05-27,16354,20848,20848,0
EMP-12782,TRANSFER,2021-05-27,الدقي,فرع المعادي,20906,0
EMP-15263,HIRE,2021-05-27,,التجمع,13954,0
EMP-12601,PROMOTION,2021-05-27,19017,25452,25452,0
EMP-13007,HIRE,2021-05-28,,القاهره المعادي,7123,0
EMP-15688,PROMOTION,2021-05-28,17746,20396,20396,0
EMP-11108,HIRE,2021-05-28,,القاهره المعادي,9404,0
EMP-11912,HIRE,2021-05-28,,الجيزة - الدقي,19942,0
EMP-15082,TRANSFER,2021-05-29,الدقي,القاهرة - المعادي,15110,0
EMP-15021,HIRE,2021-05-29,,القاهره المعادي,8124,0
EMP-13562,HIRE,2021-05-29,,فرع المعادي,17950,0
EMP-11424,TRANSFER,2021-05-30,الجيزة - الدقي,بورسعيد,12514,0
EMP-10741,TRANSFER,2021-05-30,القاهرة - المعادي,القاهره المعادي,10579,0
EMP-14920,TRANSFER,2021-05-30,الاسكندرية سموحة,القاهرة - المعادي,15083,0
EMP-15571,HIRE,2021-05-31,,بورسعيد,14703,0
EMP-13013,TRANSFER,2021-05-31,القاهره المعادي,الجيزة - الدقي,8366,0
EMP-13973,HIRE,2021-06-01,,التجمع,12482,0
EMP-13441,TRANSFER,2021-06-01,الجيزة - الدقي,بورسعيد - الشرق,12978,0
EMP-10626,HIRE,2021-06-01,,فرع المعادي,19452,0
EMP-13273,TRANSFER,2021-06-01,بورسعيد - الشرق,القاهرة - المعادي,8384,0
EMP-10574,HIRE,2021-06-02,,بورسعيد,16513,0
EMP-12543,HIRE,2021-06-03,,الدقي,11051,0
EMP-12288,PROMOTION,2021-06-03,19055,26813,26813,0
EMP-13637,HIRE,2021-06-03,,بورسعيد,15329,0
EMP-10445,HIRE,2021-06-03,,القاهره المعادي,13415,0
EMP-12652,TRANSFER,2021-06-04,بورسعيد - الشرق,القاهرة - المعادي,7468,0
EMP-15432,HIRE,2021-06-04,,القاهرة - التجمع الخامس,17625,0
EMP-14815,TRANSFER,2021-06-05,بورسعيد,فرع المعادي,21122,0
EMP-16261,HIRE,2021-06-05,,بورسعيد,10193,0
EMP-13555,TRANSFER,2021-06-05,الدقي,بورسعيد,11876,0
EMP-11984,HIRE,2021-06-06,,الجيزة - الدقي,8704,0
EMP-14347,HIRE,2021-06-06,,القاهرة - التجمع الخامس,9619,0
EMP-12846,HIRE,2021-06-07,,الدقي,7616,0
EMP-13129,HIRE,2021-06-07,,سموحة,8605,0
EMP-15745,HIRE,2021-06-07,,القاهره المعادي,10870,0
EMP-10529,TRANSFER,2021-06-07,الإسكندرية - سموحة,فرع المعادي,8860,0
EMP-10390,PROMOTION,2021-06-07,19268,24480,24480,0
EMP-10276,HIRE,2021-06-08,,الإسكندرية - سموحة,13641,0
EMP-13149,TRANSFER,2021-06-08,القاهرة - التجمع الخامس,القاهرة - المعادي,19875,0
EMP-15768,PROMOTION,2021-06-08,10840,13420,13420,0
EMP-13956,HIRE,2021-06-08,,بورسعيد,8215,0
EMP-15302,HIRE,2021-06-08,,الإسكندرية - سموحة,14398,0
EMP-16665,HIRE,2021-06-09,,الاسكندرية سموحة,15844,0
EMP-11692,HIRE,2021-06-09,,بورسعيد - الشرق,14044,0
EMP-10127,PROMOTION,2021-06-09,12023,17904,17904,0
EMP-16088,PROMOTION,2021-06-09,22001,27346,27346,0
EMP-13773,HIRE,2021-06-09,,سموحة,13501,0
EMP-15882,TERMINATION,2021-06-09,ACTIVE,NULL,9390,1
EMP-11299,HIRE,2021-06-09,,بورسعيد - الشرق,8489,0
EMP-14622,PROMOTION,2021-06-09,17580,23809,23809,0
EMP-14403,PROMOTION,2021-06-09,14706,21028,21028,0
EMP-10917,TRANSFER,2021-06-09,الجيزة - الدقي,الجيزة - الدقي,14878,0
EMP-15792,TRANSFER,2021-06-09,الدقي,التجمع,15403,0
EMP-11299,HIRE,2021-06-09,,بورسعيد - الشرق,8489,0
EMP-12453,HIRE,2021-06-10,,الدقي,15160,0
EMP-13695,TRANSFER,2021-06-10,الاسكندرية سموحة,بورسعيد - الشرق,10348,0
EMP-15014,HIRE,2021-06-10,,الجيزة - الدقي,19968,0
EMP-13963,TRANSFER,2021-06-10,الجيزة - الدقي,بورسعيد,7627,0
EMP-13994,HIRE,2021-06-10,,بورسعيد - الشرق,11265,0
EMP-12453,HIRE,2021-06-10,,الدقي,15160,0
EMP-15167,HIRE,2021-06-10,,بورسعيد - الشرق,15899,0
EMP-10726,HIRE,2021-06-10,,التجمع,19374,0
EMP-11321,HIRE,2021-06-11,,القاهره المعادي,13827,0
EMP-16667,PROMOTION,2021-06-11,20094,24348,24348,0
EMP-16918,HIRE,2021-06-11,,التجمع,14705,0
EMP-12926,HIRE,2021-06-11,,التجمع,8619,0
EMP-16622,TERMINATION,2021-06-12,ACTIVE,Resignation,19727,1
EMP-16451,HIRE,2021-06-12,,بورسعيد - الشرق,9326,0
EMP-16869,HIRE,2021-06-12,,الاسكندرية سموحة,18439,0
EMP-16091,HIRE,2021-06-12,,القاهرة - المعادي,19987,0
EMP-14947,PROMOTION,2021-06-12,7900,15146,15146,0
EMP-16521,HIRE,2021-06-12,,القاهرة - التجمع الخامس,14986,0
EMP-13624,HIRE,2021-06-13,,الدقي,18050,0
EMP-13603,TRANSFER,2021-06-13,الدقي,التجمع,16089,0
EMP-10544,TRANSFER,2021-06-13,بورسعيد - الشرق,الاسكندرية سموحة,15608,0
EMP-10615,HIRE,2021-06-14,,فرع المعادي,15317,0
EMP-10211,HIRE,2021-06-14,,الدقي,19339,0
EMP-11141,HIRE,2021-06-15,,سموحة,7248,0
EMP-16124,HIRE,2021-06-15,,القاهره المعادي,15271,0
EMP-11715,HIRE,2021-06-15,,الاسكندرية سموحة,15647,0
EMP-14029,HIRE,2021-06-15,,بورسعيد,14773,0
EMP-10188,HIRE,2021-06-15,,القاهرة - المعادي,7386,0
EMP-14628,PROMOTION,2021-06-15,30455,37182,37182,0
EMP-10948,HIRE,2021-06-16,,سموحة,17762,0
EMP-15055,PROMOTION,2021-06-16,14843,17789,17789,0
EMP-15212,PROMOTION,2021-06-16,18535,22233,22233,0
EMP-11806,HIRE,2021-06-16,,القاهرة - التجمع الخامس,18586,0
EMP-10550,TRANSFER,2021-06-16,بورسعيد - الشرق,الاسكندرية سموحة,16088,0
EMP-16045,TRANSFER,2021-06-16,سموحة,الإسكندرية - سموحة,18336,0
EMP-11165,HIRE,2021-06-18,,الاسكندرية سموحة,12895,0
EMP-12014,HIRE,2021-06-18,,سموحة,9442,0
EMP-15507,TRANSFER,2021-06-18,القاهرة - التجمع الخامس,الإسكندرية - سموحة,10149,0
EMP-13068,TRANSFER,2021-06-18,القاهرة - المعادي,بورسعيد,18671,0
EMP-13342,HIRE,2021-06-18,,القاهرة - التجمع الخامس,12446,0
EMP-15743,TRANSFER,2021-06-19,الإسكندرية - سموحة,القاهره المعادي,15080,0
EMP-14875,HIRE,2021-06-19,,القاهرة - التجمع الخامس,19597,0
EMP-13966,PROMOTION,2021-06-19,17197,19521,19521,0
EMP-15650,HIRE,2021-06-19,,فرع المعادي,12576,0
EMP-10482,TRANSFER,2021-06-19,بورسعيد,الإسكندرية - سموحة,9870,0
EMP-11128,TRANSFER,2021-06-20,التجمع,القاهره المعادي,13533,0
EMP-12032,HIRE,2021-06-20,,الدقي,9953,0
EMP-11970,HIRE,2021-06-20,,الجيزة - الدقي,8583,0
EMP-14929,HIRE,2021-06-20,,سموحة,16243,0
EMP-11662,TRANSFER,2021-06-20,الدقي,فرع المعادي,16772,0
EMP-11520,TRANSFER,2021-06-21,الدقي,فرع المعادي,16563,0
EMP-13887,TERMINATION,2021-06-21,ACTIVE,Resignation,9811,1
EMP-12563,PROMOTION,2021-06-21,9269,17269,17269,0
EMP-15448,HIRE,2021-06-21,,الإسكندرية - سموحة,19342,0
EMP-16018,TERMINATION,2021-06-22,ACTIVE,Fired,15227,1
EMP-16326,HIRE,2021-06-22,,الدقي,16130,0
EMP-13756,HIRE,2021-06-22,,القاهرة - التجمع الخامس,7335,0
EMP-13301,PROMOTION,2021-06-22,17550,20673,20673,0
EMP-13744,TRANSFER,2021-06-22,الاسكندرية سموحة,بورسعيد - الشرق,25805,0
EMP-10085,HIRE,2021-06-22,,سموحة,8351,0
EMP-10423,HIRE,2021-06-23,,القاهره المعادي,9118,0
EMP-15382,HIRE,2021-06-23,,فرع المعادي,15949,0
EMP-16696,HIRE,2021-06-23,,التجمع,7612,0
EMP-12691,PROMOTION,2021-06-24,7573,15108,15108,0
EMP-14026,HIRE,2021-06-24,,بورسعيد - الشرق,18448,0
EMP-14063,HIRE,2021-06-24,,فرع المعادي,11441,0
EMP-10837,PROMOTION,2021-06-24,15923,20176,20176,0
EMP-16181,HIRE,2021-06-24,,بورسعيد,13544,0
EMP-16597,HIRE,2021-06-24,,الجيزة - الدقي,9581,0
EMP-15340,TRANSFER,2021-06-25,الدقي,الإسكندرية - سموحة,12807,0
EMP-16190,HIRE,2021-06-25,,الاسكندرية سموحة,8713,0
EMP-14162,PROMOTION,2021-06-25,8596,10675,10675,0
EMP-12320,HIRE,2021-06-25,,سموحة,19008,0
EMP-12444,PROMOTION,2021-06-26,9407,11959,11959,0
EMP-13297,PROMOTION,2021-06-26,12429,14600,14600,0
EMP-12773,TRANSFER,2021-06-26,القاهرة - المعادي,الاسكندرية سموحة,16377,0
EMP-13108,HIRE,2021-06-26,,فرع المعادي,10511,0
EMP-11840,HIRE,2021-06-27,,سموحة,11556,0
EMP-10800,TRANSFER,2021-06-27,الإسكندرية - سموحة,القاهره المعادي,7657,0
EMP-15829,HIRE,2021-06-28,,الجيزة - الدقي,16968,0
EMP-15287,HIRE,2021-06-28,,الدقي,11212,0
EMP-12041,HIRE,2021-06-28,,القاهرة - المعادي,11102,0
EMP-11334,PROMOTION,2021-06-28,13365,16975,16975,0
EMP-10870,HIRE,2021-06-28,,القاهرة - التجمع الخامس,8366,0
EMP-13798,TRANSFER,2021-06-28,التجمع,الدقي,14795,0
EMP-12863,HIRE,2021-06-28,,القاهرة - المعادي,17209,0
EMP-10715,HIRE,2021-06-29,,فرع المعادي,19275,0
EMP-10945,HIRE,2021-06-29,,بورسعيد - الشرق,10361,0
EMP-13047,PROMOTION,2021-06-30,7088,14282,14282,0
EMP-14065,TERMINATION,2021-06-30,ACTIVE,Fired,8623,1
EMP-10602,HIRE,2021-06-30,,الجيزة - الدقي,19272,0
EMP-11755,HIRE,2021-06-30,,التجمع,10897,0
EMP-10444,HIRE,2021-07-01,,سموحة,8586,0
EMP-10460,TRANSFER,2021-07-01,بورسعيد,الإسكندرية - سموحة,7781,0
EMP-14278,TRANSFER,2021-07-01,الدقي,الجيزة - الدقي,9247,0
EMP-15760,HIRE,2021-07-01,,القاهره المعادي,18630,0
EMP-12700,HIRE,2021-07-02,,القاهرة - التجمع الخامس,16570,0
EMP-16420,HIRE,2021-07-02,,التجمع,7977,0
EMP-11785,PROMOTION,2021-07-02,14609,21938,21938,0
EMP-12972,HIRE,2021-07-02,,الاسكندرية سموحة,13209,0
EMP-13126,PROMOTION,2021-07-03,7459,14437,14437,0
EMP-10797,TERMINATION,2021-07-03,ACTIVE,Relocation,19947,1
EMP-13986,TRANSFER,2021-07-03,بورسعيد,القاهره المعادي,13100,0
EMP-15164,TRANSFER,2021-07-04,الجيزة - الدقي,فرع المعادي,13654,0
EMP-10946,HIRE,2021-07-04,,التجمع,8280,0
EMP-12376,HIRE,2021-07-04,,فرع المعادي,14626,0
EMP-12956,PROMOTION,2021-07-04,12260,18105,18105,0
EMP-14686,TRANSFER,2021-07-04,الإسكندرية - سموحة,الإسكندرية - سموحة,15683,0
EMP-13178,TRANSFER,2021-07-05,الإسكندرية - سموحة,الاسكندرية سموحة,7354,0
EMP-14769,HIRE,2021-07-05,,بورسعيد - الشرق,13818,0
EMP-15749,PROMOTION,2021-07-05,12552,16201,16201,0
EMP-14883,TRANSFER,2021-07-05,القاهرة - التجمع الخامس,الإسكندرية - سموحة,15486,0
EMP-10450,HIRE,2021-07-05,,بورسعيد,18034,0
EMP-15586,TERMINATION,2021-07-06,ACTIVE,NULL,13927,1
EMP-15019,TRANSFER,2021-07-06,الإسكندرية - سموحة,القاهرة - التجمع الخامس,13135,0
EMP-15245,PROMOTION,2021-07-07,8684,12612,12612,0
EMP-11900,HIRE,2021-07-07,,الجيزة - الدقي,17435,0
EMP-10480,HIRE,2021-07-07,,القاهرة - التجمع الخامس,7370,0
EMP-12660,TRANSFER,2021-07-07,القاهرة - التجمع الخامس,سموحة,12691,0
EMP-11509,HIRE,2021-07-07,,التجمع,17855,0
EMP-10265,TRANSFER,2021-07-07,الجيزة - الدقي,فرع المعادي,8374,0
EMP-15283,HIRE,2021-07-08,,الجيزة - الدقي,16842,0
EMP-11174,TRANSFER,2021-07-08,بورسعيد - الشرق,التجمع,14479,0
EMP-11292,HIRE,2021-07-08,,الدقي,16493,0
EMP-10345,PROMOTION,2021-07-08,7999,12057,12057,0
EMP-15410,TERMINATION,2021-07-08,ACTIVE,Resignation,10817,1
EMP-15016,TRANSFER,2021-07-09,فرع المعادي,سموحة,11317,0
EMP-16034,PROMOTION,2021-07-09,13472,19689,19689,0
EMP-15016,TRANSFER,2021-07-09,فرع المعادي,سموحة,11317,0
EMP-11598,HIRE,2021-07-09,,سموحة,18686,0
EMP-14437,TERMINATION,2021-07-09,ACTIVE,NULL,7664,1
EMP-15658,HIRE,2021-07-09,,بورسعيد,16706,0
EMP-13999,HIRE,2021-07-10,,الجيزة - الدقي,7497,0
EMP-12763,TRANSFER,2021-07-10,الاسكندرية سموحة,القاهرة - المعادي,10263,0
EMP-10749,TRANSFER,2021-07-10,الجيزة - الدقي,بورسعيد,18818,0
EMP-16551,TRANSFER,2021-07-10,التجمع,التجمع,17645,0
EMP-15048,TRANSFER,2021-07-10,سموحة,القاهرة - التجمع الخامس,9224,0
EMP-13651,HIRE,2021-07-11,,القاهرة - التجمع الخامس,13921,0
EMP-15873,TRANSFER,2021-07-11,القاهرة - التجمع الخامس,القاهرة - المعادي,18731,0
EMP-10401,TRANSFER,2021-07-11,الاسكندرية سموحة,الإسكندرية - سموحة,18312,0
EMP-15873,TRANSFER,2021-07-11,القاهرة - التجمع الخامس,القاهرة - المعادي,18731,0
EMP-11811,PROMOTION,2021-07-11,19409,26387,26387,0
EMP-13706,HIRE,2021-07-12,,سموحة,7988,0
EMP-11653,HIRE,2021-07-12,,القاهره المعادي,14541,0
EMP-11479,HIRE,2021-07-12,,القاهرة - التجمع الخامس,12844,0
EMP-15030,PROMOTION,2021-07-12,13378,17158,17158,0
EMP-12024,HIRE,2021-07-12,,سموحة,18558,0
EMP-16078,TRANSFER,2021-07-12,التجمع,الجيزة - الدقي,17374,0
EMP-11112,TERMINATION,2021-07-12,ACTIVE,Relocation,7501,1
EMP-15987,TRANSFER,2021-07-13,بورسعيد - الشرق,القاهرة - المعادي,11468,0
EMP-13405,HIRE,2021-07-13,,سموحة,12426,0
EMP-15987,TRANSFER,2021-07-13,بورسعيد - الشرق,القاهرة - المعادي,11468,0
EMP-12735,HIRE,2021-07-13,,الدقي,17553,0
EMP-14740,PROMOTION,2021-07-13,19852,24734,24734,0
EMP-13568,HIRE,2021-07-14,,الجيزة - الدقي,17267,0
EMP-13285,TRANSFER,2021-07-14,الجيزة - الدقي,القاهرة - التجمع الخامس,12289,0
EMP-14785,PROMOTION,2021-07-14,25926,28811,28811,0
EMP-10541,TERMINATION,2021-07-14,ACTIVE,Fired,13235,1
EMP-16456,HIRE,2021-07-14,,الإسكندرية - سموحة,9335,0
EMP-13872,HIRE,2021-07-15,,القاهره المعادي,19391,0
EMP-13536,PROMOTION,2021-07-15,23946,29947,29947,0
EMP-10229,HIRE,2021-07-15,,بورسعيد - الشرق,9197,0
EMP-13413,HIRE,2021-07-16,,بورسعيد,18364,0
EMP-10009,HIRE,2021-07-16,,بورسعيد,18220,0
EMP-15803,HIRE,2021-07-16,,الإسكندرية - سموحة,15687,0
EMP-11451,TRANSFER,2021-07-16,فرع المعادي,فرع المعادي,8821,0
EMP-14455,HIRE,2021-07-16,,القاهره المعادي,8305,0
EMP-16575,TRANSFER,2021-07-17,فرع المعادي,الدقي,7740,0
EMP-13225,HIRE,2021-07-18,,القاهرة - التجمع الخامس,10723,0
EMP-13175,HIRE,2021-07-18,,فرع المعادي,13174,0
EMP-11412,TERMINATION,2021-07-18,ACTIVE,Resignation,7830,1
EMP-13198,TRANSFER,2021-07-19,سموحة,الاسكندرية سموحة,12127,0
EMP-15380,HIRE,2021-07-19,,القاهرة - التجمع الخامس,18172,0
EMP-13346,HIRE,2021-07-19,,القاهرة - التجمع الخامس,10576,0
EMP-11903,PROMOTION,2021-07-19,16616,22133,22133,0
EMP-10093,HIRE,2021-07-19,,بورسعيد - الشرق,7529,0
EMP-16935,HIRE,2021-07-20,,سموحة,16384,0
EMP-10467,HIRE,2021-07-20,,سموحة,8352,0
EMP-13654,TRANSFER,2021-07-20,التجمع,الجيزة - الدقي,15838,0
EMP-12566,TRANSFER,2021-07-20,الجيزة - الدقي,الجيزة - الدقي,15042,0
EMP-11581,HIRE,2021-07-21,,فرع المعادي,11552,0
EMP-10382,PROMOTION,2021-07-21,9136,15232,15232,0
EMP-10176,HIRE,2021-07-21,,سموحة,7812,0
EMP-12045,HIRE,2021-07-21,,بورسعيد,17241,0
EMP-11629,PROMOTION,2021-07-22,16102,20764,20764,0
EMP-11727,HIRE,2021-07-22,,القاهره المعادي,12007,0
EMP-16991,HIRE,2021-07-23,,الإسكندرية - سموحة,7181,0
EMP-16927,TRANSFER,2021-07-23,القاهره المعادي,الجيزة - الدقي,15944,0
EMP-16075,PROMOTION,2021-07-23,10924,14390,14390,0
EMP-10723,TERMINATION,2021-07-23,ACTIVE,Relocation,17027,1
EMP-15053,PROMOTION,2021-07-23,12736,16331,16331,0
EMP-16162,TRANSFER,2021-07-24,بورسعيد - الشرق,القاهره المعادي,9457,0
EMP-15821,HIRE,2021-07-24,,بورسعيد,11041,0
EMP-14676,TERMINATION,2021-07-25,ACTIVE,Resignation,14280,1
EMP-13425,PROMOTION,2021-07-25,12248,16706,16706,0
EMP-12160,HIRE,2021-07-25,,الدقي,18073,0
EMP-14496,TRANSFER,2021-07-25,الاسكندرية سموحة,الإسكندرية - سموحة,25487,0
EMP-10270,TRANSFER,2021-07-25,الاسكندرية سموحة,القاهرة - المعادي,9501,0
EMP-10230,HIRE,2021-07-25,,الإسكندرية - سموحة,7255,0
EMP-10674,HIRE,2021-07-25,,فرع المعادي,16494,0
EMP-15300,HIRE,2021-07-25,,القاهرة - التجمع الخامس,16681,0
EMP-14651,TRANSFER,2021-07-26,الجيزة - الدقي,الجيزة - الدقي,15853,0
EMP-16368,PROMOTION,2021-07-26,14016,20383,20383,0
EMP-10329,PROMOTION,2021-07-26,7656,14154,14154,0
EMP-10681,PROMOTION,2021-07-27,17224,24567,24567,0
EMP-10043,TERMINATION,2021-07-27,ACTIVE,NULL,7712,1
EMP-14331,HIRE,2021-07-27,,فرع المعادي,11107,0
EMP-14554,HIRE,2021-07-27,,القاهرة - المعادي,14660,0
EMP-16602,PROMOTION,2021-07-27,16801,24507,24507,0
EMP-15583,HIRE,2021-07-28,,بورسعيد,19239,0
EMP-13818,PROMOTION,2021-07-28,10823,17014,17014,0
EMP-14756,PROMOTION,2021-07-29,13276,18487,18487,0
EMP-15762,HIRE,2021-07-29,,الاسكندرية سموحة,18112,0
EMP-10789,HIRE,2021-07-29,,فرع المعادي,10215,0
EMP-15217,HIRE,2021-07-29,,بورسعيد - الشرق,10479,0
EMP-13762,PROMOTION,2021-07-30,19336,22830,22830,0
EMP-15192,HIRE,2021-07-30,,القاهرة - المعادي,16169,0
EMP-15991,PROMOTION,2021-07-30,23708,28162,28162,0
EMP-16501,TERMINATION,2021-07-30,ACTIVE,Resignation,20853,1
EMP-14823,TRANSFER,2021-07-31,فرع المعادي,بورسعيد,8334,0
EMP-11486,HIRE,2021-07-31,,القاهره المعادي,18478,0
EMP-14582,HIRE,2021-08-01,,بورسعيد - الشرق,18214,0
EMP-15565,HIRE,2021-08-01,,القاهره المعادي,11483,0
EMP-12607,HIRE,2021-08-02,,الدقي,18106,0
EMP-16604,HIRE,2021-08-02,,بورسعيد,10735,0
EMP-16990,HIRE,2021-08-02,,القاهرة - التجمع الخامس,15103,0
EMP-14097,TERMINATION,2021-08-03,ACTIVE,Relocation,7803,1
EMP-11975,PROMOTION,2021-08-03,20479,23428,23428,0
EMP-15523,HIRE,2021-08-04,,القاهرة - التجمع الخامس,10215,0
EMP-15584,PROMOTION,2021-08-04,8385,11868,11868,0
EMP-11003,PROMOTION,2021-08-04,18287,21875,21875,0
EMP-12364,PROMOTION,2021-08-04,12654,17223,17223,0
EMP-16476,TERMINATION,2021-08-05,ACTIVE,Fired,14194,1
EMP-11677,HIRE,2021-08-05,,الاسكندرية سموحة,7077,0
EMP-14930,TRANSFER,2021-08-06,سموحة,القاهره المعادي,16989,0
EMP-16762,TRANSFER,2021-08-07,بورسعيد,بورسعيد - الشرق,19015,0
EMP-13447,HIRE,2021-08-07,,بورسعيد,18854,0
EMP-14947,PROMOTION,2021-08-08,15146,18834,18834,0
EMP-11946,HIRE,2021-08-08,,القاهرة - التجمع الخامس,17682,0
EMP-13444,TRANSFER,2021-08-08,القاهرة - المعادي,بورسعيد - الشرق,18317,0
EMP-13083,TRANSFER,2021-08-08,فرع المعادي,التجمع,18492,0
EMP-15753,TRANSFER,2021-08-08,سموحة,الاسكندرية سموحة,7226,0
EMP-12898,TRANSFER,2021-08-09,القاهره المعادي,فرع المعادي,15055,0
EMP-15765,TRANSFER,2021-08-09,بورسعيد,الاسكندرية سموحة,11022,0
EMP-12609,HIRE,2021-08-09,,القاهره المعادي,16381,0
EMP-12551,PROMOTION,2021-08-09,11635,13955,13955,0
EMP-16754,HIRE,2021-08-09,,بورسعيد,15912,0
EMP-15166,HIRE,2021-08-09,,سموحة,8372,0
EMP-16274,HIRE,2021-08-09,,بورسعيد - الشرق,8338,0
EMP-12107,PROMOTION,2021-08-10,9471,16914,16914,0
EMP-12836,TRANSFER,2021-08-10,الدقي,فرع المعادي,16701,0
EMP-10606,HIRE,2021-08-10,,بورسعيد,16026,0
EMP-11372,HIRE,2021-08-10,,القاهره المعادي,19779,0
EMP-14933,PROMOTION,2021-08-10,17991,23221,23221,0
EMP-12535,HIRE,2021-08-10,,القاهرة - المعادي,9373,0
EMP-10490,TRANSFER,2021-08-11,الإسكندرية - سموحة,فرع المعادي,9778,0
EMP-16078,TERMINATION,2021-08-11,ACTIVE,NULL,17374,1
EMP-13787,HIRE,2021-08-11,,التجمع,13493,0
EMP-10746,HIRE,2021-08-11,,فرع المعادي,15086,0
EMP-13134,HIRE,2021-08-11,,الجيزة - الدقي,15628,0
EMP-13374,HIRE,2021-08-11,,الاسكندرية سموحة,10376,0
EMP-16263,TRANSFER,2021-08-12,الدقي,فرع المعادي,17795,0
EMP-11180,TRANSFER,2021-08-12,التجمع,فرع المعادي,11529,0
EMP-16549,PROMOTION,2021-08-12,18210,25686,25686,0
EMP-10870,TRANSFER,2021-08-12,القاهرة - التجمع الخامس,بورسعيد,8366,0
EMP-11319,HIRE,2021-08-12,,فرع المعادي,9849,0
EMP-10969,HIRE,2021-08-12,,الدقي,7312,0
EMP-13308,HIRE,2021-08-13,,سموحة,7039,0
EMP-11094,TRANSFER,2021-08-13,بورسعيد - الشرق,الاسكندرية سموحة,10709,0
EMP-15139,PROMOTION,2021-08-13,10880,18714,18714,0
EMP-12451,TERMINATION,2021-08-13,ACTIVE,NULL,11332,1
EMP-14472,HIRE,2021-08-13,,فرع المعادي,10951,0
EMP-13281,PROMOTION,2021-08-13,17496,21041,21041,0
EMP-11831,PROMOTION,2021-08-14,12275,14986,14986,0
EMP-10503,HIRE,2021-08-14,,القاهرة - التجمع الخامس,11107,0
EMP-16850,HIRE,2021-08-14,,التجمع,9932,0
EMP-15491,TERMINATION,2021-08-14,ACTIVE,NULL,16733,1
EMP-10213,TRANSFER,2021-08-15,القاهره المعادي,الدقي,12295,0
EMP-12085,HIRE,2021-08-15,,سموحة,15167,0
EMP-10086,PROMOTION,2021-08-15,18723,22846,22846,0
EMP-12028,HIRE,2021-08-15,,الدقي,9380,0
EMP-10156,TRANSFER,2021-08-15,بورسعيد,بورسعيد,12819,0
EMP-12184,TERMINATION,2021-08-15,ACTIVE,Fired,13961,1
EMP-13355,HIRE,2021-08-16,,القاهرة - التجمع الخامس,13205,0
EMP-10205,PROMOTION,2021-08-17,11746,16884,16884,0
EMP-16920,HIRE,2021-08-18,,الجيزة - الدقي,7857,0
EMP-16575,TRANSFER,2021-08-18,الدقي,الدقي,7740,0
EMP-13799,HIRE,2021-08-19,,القاهره المعادي,9259,0
EMP-13253,HIRE,2021-08-20,,بورسعيد,7723,0
EMP-10346,HIRE,2021-08-20,,بورسعيد - الشرق,12889,0
EMP-15125,TRANSFER,2021-08-20,الدقي,القاهرة - التجمع الخامس,7700,0
EMP-13117,HIRE,2021-08-20,,التجمع,8185,0
EMP-12686,TRANSFER,2021-08-21,سموحة,الإسكندرية - سموحة,7109,0
EMP-10150,HIRE,2021-08-21,,القاهرة - المعادي,14076,0
EMP-12224,HIRE,2021-08-21,,القاهرة - المعادي,19029,0
EMP-12175,PROMOTION,2021-08-21,13221,17114,17114,0
EMP-13888,TRANSFER,2021-08-22,سموحة,بورسعيد,12604,0
EMP-14540,PROMOTION,2021-08-22,11218,17115,17115,0
EMP-10520,TRANSFER,2021-08-22,القاهرة - التجمع الخامس,التجمع,13185,0
EMP-14293,HIRE,2021-08-22,,التجمع,15938,0
EMP-10925,PROMOTION,2021-08-22,15394,19778,19778,0
EMP-14636,TRANSFER,2021-08-22,الاسكندرية سموحة,التجمع,16562,0
EMP-10136,HIRE,2021-08-23,,الإسكندرية - سموحة,14841,0
EMP-14976,TERMINATION,2021-08-23,ACTIVE,Relocation,23476,1
EMP-14315,HIRE,2021-08-23,,القاهرة - التجمع الخامس,19766,0
EMP-16144,HIRE,2021-08-24,,القاهرة - المعادي,15797,0
EMP-11638,TRANSFER,2021-08-24,بورسعيد,فرع المعادي,10490,0
EMP-15769,HIRE,2021-08-24,,الإسكندرية - سموحة,8138,0
EMP-14809,HIRE,2021-08-24,,القاهرة - المعادي,18258,0
EMP-12479,HIRE,2021-08-25,,الاسكندرية سموحة,8859,0
EMP-15457,HIRE,2021-08-25,,الإسكندرية - سموحة,19971,0
EMP-10600,HIRE,2021-08-25,,الإسكندرية - سموحة,14449,0
EMP-13559,TRANSFER,2021-08-25,الدقي,القاهرة - التجمع الخامس,11851,0
EMP-12716,TRANSFER,2021-08-25,سموحة,الجيزة - الدقي,15738,0
EMP-14251,HIRE,2021-08-25,,الدقي,9160,0
EMP-13090,HIRE,2021-08-26,,القاهرة - التجمع الخامس,10280,0
EMP-14519,HIRE,2021-08-26,,فرع المعادي,10489,0
EMP-16487,PROMOTION,2021-08-26,14126,19555,19555,0
EMP-11423,PROMOTION,2021-08-27,20773,28320,28320,0
EMP-13835,TRANSFER,2021-08-27,الاسكندرية سموحة,بورسعيد,16390,0
EMP-13531,TRANSFER,2021-08-27,القاهرة - المعادي,القاهرة - التجمع الخامس,10785,0
EMP-13602,TRANSFER,2021-08-27,سموحة,الاسكندرية سموحة,18682,0
EMP-14327,HIRE,2021-08-28,,الجيزة - الدقي,11067,0
EMP-10190,HIRE,2021-08-28,,القاهرة - المعادي,12569,0
EMP-14209,HIRE,2021-08-28,,القاهره المعادي,11821,0
EMP-16242,HIRE,2021-08-28,,الإسكندرية - سموحة,17393,0
EMP-11343,HIRE,2021-08-28,,التجمع,16907,0
EMP-14799,HIRE,2021-08-29,,سموحة,14742,0
EMP-15920,PROMOTION,2021-08-29,10477,12506,12506,0
EMP-13710,HIRE,2021-08-29,,القاهره المعادي,14731,0
EMP-16255,PROMOTION,2021-08-29,17823,22244,22244,0
EMP-11464,TRANSFER,2021-08-29,التجمع,القاهره المعادي,19317,0
EMP-15708,HIRE,2021-08-29,,الجيزة - الدقي,16173,0
EMP-13509,HIRE,2021-08-30,,القاهرة - التجمع الخامس,14058,0
EMP-16965,HIRE,2021-08-30,,القاهره المعادي,14591,0
EMP-11576,PROMOTION,2021-08-30,17524,21011,21011,0
EMP-16975,HIRE,2021-08-30,,الإسكندرية - سموحة,8900,0
EMP-14496,TRANSFER,2021-08-30,الإسكندرية - سموحة,القاهرة - التجمع الخامس,25487,0
EMP-10141,TRANSFER,2021-08-30,الدقي,القاهرة - التجمع الخامس,12656,0
EMP-11585,HIRE,2021-08-30,,بورسعيد,9804,0
EMP-14740,PROMOTION,2021-08-31,24734,27417,27417,0
EMP-16935,PROMOTION,2021-08-31,16384,23989,23989,0
EMP-14701,TERMINATION,2021-09-01,ACTIVE,Fired,7158,1
EMP-16990,TRANSFER,2021-09-01,القاهرة - التجمع الخامس,القاهرة - التجمع الخامس,15103,0
EMP-16886,HIRE,2021-09-01,,بورسعيد,7836,0
EMP-11377,TRANSFER,2021-09-01,القاهرة - التجمع الخامس,القاهرة - التجمع الخامس,9623,0
EMP-12762,HIRE,2021-09-01,,الدقي,9134,0
EMP-11518,HIRE,2021-09-01,,التجمع,16044,0
EMP-16000,HIRE,2021-09-02,,القاهرة - المعادي,11796,0
EMP-14222,TRANSFER,2021-09-02,الدقي,فرع المعادي,15664,0
EMP-16534,HIRE,2021-09-02,,الاسكندرية سموحة,18284,0
EMP-11436,HIRE,2021-09-03,,فرع المعادي,14947,0
EMP-16341,HIRE,2021-09-03,,الإسكندرية - سموحة,11933,0
EMP-15592,PROMOTION,2021-09-04,9410,13622,13622,0
EMP-15951,HIRE,2021-09-04,,الدقي,10218,0
EMP-10559,HIRE,2021-09-04,,القاهرة - المعادي,8074,0
EMP-12013,HIRE,2021-09-04,,الدقي,7604,0
EMP-14781,HIRE,2021-09-04,,التجمع,11651,0
EMP-12669,HIRE,2021-09-04,,بورسعيد - الشرق,16427,0
EMP-13181,HIRE,2021-09-04,,القاهرة - المعادي,16752,0
EMP-15947,HIRE,2021-09-05,,الإسكندرية - سموحة,12801,0
EMP-11299,TRANSFER,2021-09-05,بورسعيد - الشرق,التجمع,8489,0
EMP-10948,PROMOTION,2021-09-06,17762,21552,21552,0
EMP-14625,HIRE,2021-09-06,,القاهره المعادي,9631,0
EMP-12824,TRANSFER,2021-09-06,بورسعيد - الشرق,الاسكندرية سموحة,18169,0
EMP-16290,PROMOTION,2021-09-06,22002,26641,26641,0
EMP-13665,HIRE,2021-09-06,,الاسكندرية سموحة,18487,0
EMP-12926,TRANSFER,2021-09-07,التجمع,الدقي,8619,0
EMP-13104,TRANSFER,2021-09-07,سموحة,الإسكندرية - سموحة,7034,0
EMP-15738,HIRE,2021-09-08,,بورسعيد,14325,0
EMP-12659,TRANSFER,2021-09-08,الدقي,سموحة,13500,0
EMP-10537,HIRE,2021-09-08,,التجمع,14400,0
EMP-13160,TRANSFER,2021-09-08,القاهرة - المعادي,الاسكندرية سموحة,11234,0
EMP-11649,HIRE,2021-09-08,,فرع المعادي,7406,0
EMP-10127,PROMOTION,2021-09-09,17904,22972,22972,0
EMP-15642,HIRE,2021-09-09,,بورسعيد,10557,0
EMP-14193,TRANSFER,2021-09-09,القاهره المعادي,بورسعيد,14463,0
EMP-14936,TERMINATION,2021-09-09,ACTIVE,Fired,10770,1
EMP-13392,HIRE,2021-09-09,,فرع المعادي,12517,0
EMP-14473,HIRE,2021-09-10,,القاهرة - المعادي,10494,0
EMP-14166,HIRE,2021-09-10,,الدقي,19570,0
EMP-12600,HIRE,2021-09-10,,بورسعيد - الشرق,14245,0
EMP-11838,HIRE,2021-09-10,,القاهرة - المعادي,9730,0
EMP-12603,PROMOTION,2021-09-10,15046,21851,21851,0
EMP-16527,PROMOTION,2021-09-11,7439,11003,11003,0
EMP-10863,PROMOTION,2021-09-11,14347,20833,20833,0
EMP-15975,PROMOTION,2021-09-11,8500,10583,10583,0
EMP-16277,TERMINATION,2021-09-11,ACTIVE,Resignation,15651,1
EMP-10593,HIRE,2021-09-11,,القاهره المعادي,18625,0
EMP-10801,HIRE,2021-09-11,,التجمع,18562,0
EMP-11674,TRANSFER,2021-09-12,القاهره المعادي,القاهره المعادي,18882,0
EMP-10722,HIRE,2021-09-12,,الاسكندرية سموحة,14981,0
EMP-12437,HIRE,2021-09-12,,القاهرة - التجمع الخامس,17081,0
EMP-11322,HIRE,2021-09-12,,الإسكندرية - سموحة,13867,0
EMP-15772,PROMOTION,2021-09-12,8715,16483,16483,0
EMP-12150,PROMOTION,2021-09-13,18468,25250,25250,0
EMP-11741,PROMOTION,2021-09-13,15495,18824,18824,0
EMP-16874,HIRE,2021-09-13,,فرع المعادي,19444,0
EMP-16573,PROMOTION,2021-09-13,9192,16766,16766,0
EMP-10626,PROMOTION,2021-09-13,19452,24657,24657,0
EMP-10770,TRANSFER,2021-09-14,القاهرة - المعادي,بورسعيد,13064,0
EMP-13510,HIRE,2021-09-15,,سموحة,19899,0
EMP-15495,HIRE,2021-09-15,,الدقي,15788,0
EMP-14736,HIRE,2021-09-15,,الإسكندرية - سموحة,8750,0
EMP-11754,HIRE,2021-09-15,,التجمع,10528,0
EMP-16222,HIRE,2021-09-15,,الإسكندرية - سموحة,7516,0
EMP-16653,TRANSFER,2021-09-15,الدقي,فرع المعادي,12319,0
EMP-15357,PROMOTION,2021-09-16,11634,16290,16290,0
EMP-12896,TRANSFER,2021-09-16,سموحة,التجمع,10452,0
EMP-11704,PROMOTION,2021-09-16,14312,22038,22038,0
EMP-16080,PROMOTION,2021-09-17,19811,26747,26747,0
EMP-13283,HIRE,2021-09-17,,الجيزة - الدقي,9315,0
EMP-13792,PROMOTION,2021-09-17,22894,25502,25502,0
EMP-12366,HIRE,2021-09-17,,القاهرة - التجمع الخامس,11873,0
EMP-16599,HIRE,2021-09-17,,الاسكندرية سموحة,18110,0
EMP-11006,HIRE,2021-09-18,,بورسعيد,7185,0
EMP-13881,TRANSFER,2021-09-18,بورسعيد,القاهرة - المعادي,15925,0
EMP-11856,TRANSFER,2021-09-18,القاهرة - المعادي,الدقي,10719,0
EMP-16762,TRANSFER,2021-09-18,بورسعيد - الشرق,بورسعيد - الشرق,19015,0
EMP-16075,PROMOTION,2021-09-18,14390,17528,17528,0
EMP-11856,TRANSFER,2021-09-18,القاهرة - المعادي,الدقي,10719,0
EMP-14695,PROMOTION,2021-09-19,11965,15203,15203,0
EMP-12968,HIRE,2021-09-19,,بورسعيد - الشرق,10661,0
EMP-13691,HIRE,2021-09-19,,الدقي,9750,0
EMP-13877,TRANSFER,2021-09-19,القاهرة - التجمع الخامس,التجمع,15662,0
EMP-11179,HIRE,2021-09-19,,القاهرة - المعادي,18510,0
EMP-16914,HIRE,2021-09-19,,بورسعيد,14487,0
EMP-12211,HIRE,2021-09-20,,القاهرة - التجمع الخامس,10435,0
EMP-10538,PROMOTION,2021-09-20,18146,24440,24440,0
EMP-14356,PROMOTION,2021-09-20,11922,15068,15068,0
EMP-14772,HIRE,2021-09-21,,الإسكندرية - سموحة,12115,0
EMP-12706,HIRE,2021-09-22,,الاسكندرية سموحة,10664,0
EMP-16889,TRANSFER,2021-09-23,فرع المعادي,القاهره المعادي,18163,0
EMP-11602,HIRE,2021-09-23,,القاهرة - المعادي,18419,0
EMP-11798,PROMOTION,2021-09-24,19623,25557,25557,0
EMP-10869,TRANSFER,2021-09-25,بورسعيد,التجمع,24426,0
EMP-17000,TERMINATION,2021-09-25,ACTIVE,Resignation,19372,1
EMP-15636,TRANSFER,2021-09-26,الجيزة - الدقي,الدقي,16255,0
EMP-16447,HIRE,2021-09-26,,القاهرة - التجمع الخامس,14902,0
EMP-12124,TRANSFER,2021-09-26,الإسكندرية - سموحة,الاسكندرية سموحة,13799,0
EMP-11072,TRANSFER,2021-09-26,الدقي,القاهره المعادي,14699,0
EMP-12921,HIRE,2021-09-26,,الجيزة - الدقي,7948,0
EMP-16664,PROMOTION,2021-09-28,12108,17112,17112,0
EMP-11151,TRANSFER,2021-09-28,بورسعيد - الشرق,فرع المعادي,8053,0
EMP-12509,HIRE,2021-09-28,,بورسعيد - الشرق,8170,0
EMP-11472,TRANSFER,2021-09-29,بورسعيد - الشرق,القاهرة - التجمع الخامس,18364,0
EMP-16432,HIRE,2021-09-29,,الاسكندرية سموحة,11452,0
EMP-10329,PROMOTION,2021-09-29,14154,20884,20884,0
EMP-11124,PROMOTION,2021-09-30,15835,20940,20940,0
EMP-15247,TRANSFER,2021-09-30,فرع المعادي,الجيزة - الدقي,17706,0
EMP-15420,HIRE,2021-09-30,,بورسعيد - الشرق,17666,0
EMP-10954,TERMINATION,2021-09-30,ACTIVE,Resignation,11159,1
EMP-16118,HIRE,2021-09-30,,الاسكندرية سموحة,11732,0
EMP-15197,TRANSFER,2021-09-30,الجيزة - الدقي,التجمع,13246,0
EMP-13242,PROMOTION,2021-09-30,16571,20317,20317,0
EMP-11074,HIRE,2021-10-01,,التجمع,11020,0
EMP-11770,HIRE,2021-10-01,,بورسعيد - الشرق,15092,0
EMP-16911,TRANSFER,2021-10-02,القاهره المعادي,القاهرة - المعادي,7015,0
EMP-15196,HIRE,2021-10-02,,الاسكندرية سموحة,9352,0
EMP-13971,HIRE,2021-10-02,,الجيزة - الدقي,16584,0
EMP-12965,HIRE,2021-10-02,,الإسكندرية - سموحة,15972,0
EMP-12552,PROMOTION,2021-10-02,12962,17093,17093,0
EMP-10610,HIRE,2021-10-02,,فرع المعادي,14105,0
EMP-13834,HIRE,2021-10-02,,القاهره المعادي,9739,0
EMP-13862,HIRE,2021-10-03,,الجيزة - الدقي,9848,0
EMP-11955,HIRE,2021-10-03,,الاسكندرية سموحة,10595,0
EMP-16510,HIRE,2021-10-03,,القاهره المعادي,17736,0
EMP-11955,HIRE,2021-10-03,,الاسكندرية سموحة,10595,0
EMP-10728,HIRE,2021-10-03,,القاهره المعادي,16551,0
EMP-10838,HIRE,2021-10-03,,القاهرة - المعادي,12958,0
EMP-10728,HIRE,2021-10-03,,القاهره المعادي,16551,0
EMP-10794,PROMOTION,2021-10-03,7830,11712,11712,0
EMP-11803,HIRE,2021-10-03,,سموحة,15533,0
EMP-11482,HIRE,2021-10-04,,القاهره المعادي,8048,0
EMP-13356,PROMOTION,2021-10-04,16512,18932,18932,0
EMP-14710,PROMOTION,2021-10-05,19979,24523,24523,0
EMP-14817,HIRE,2021-10-05,,فرع المعادي,15553,0
EMP-11471,PROMOTION,2021-10-05,8579,15544,15544,0
EMP-10453,HIRE,2021-10-05,,سموحة,19240,0
EMP-10250,HIRE,2021-10-06,,فرع المعادي,17971,0
EMP-12439,HIRE,2021-10-06,,القاهرة - المعادي,19808,0
EMP-10948,TERMINATION,2021-10-06,ACTIVE,NULL,21552,1
EMP-15754,PROMOTION,2021-10-07,13284,15404,15404,0
EMP-15897,HIRE,2021-10-07,,الجيزة - الدقي,10317,0
EMP-10409,TRANSFER,2021-10-09,الاسكندرية سموحة,القاهره المعادي,10433,0
EMP-13745,HIRE,2021-10-09,,الإسكندرية - سموحة,10829,0
EMP-16528,TRANSFER,2021-10-09,الاسكندرية سموحة,القاهره المعادي,13033,0
EMP-13230,HIRE,2021-10-09,,الدقي,15891,0
EMP-13309,TRANSFER,2021-10-09,بورسعيد - الشرق,الإسكندرية - سموحة,15825,0
EMP-12415,HIRE,2021-10-10,,الدقي,18359,0
EMP-16316,HIRE,2021-10-10,,القاهره المعادي,7603,0
EMP-16463,PROMOTION,2021-10-10,12002,15763,15763,0
EMP-12543,TERMINATION,2021-10-10,ACTIVE,Relocation,11051,1
EMP-16621,HIRE,2021-10-10,,القاهرة - المعادي,14493,0
EMP-12152,HIRE,2021-10-10,,سموحة,8872,0
EMP-14988,HIRE,2021-10-11,,بورسعيد,17502,0
EMP-16543,HIRE,2021-10-11,,بورسعيد,11916,0
EMP-11212,PROMOTION,2021-10-11,16011,18575,18575,0
EMP-12012,HIRE,2021-10-11,,الدقي,16270,0
EMP-12831,HIRE,2021-10-11,,بورسعيد - الشرق,14464,0
EMP-15252,TRANSFER,2021-10-11,بورسعيد - الشرق,القاهره المعادي,9497,0
EMP-15721,HIRE,2021-10-11,,بورسعيد,8646,0
EMP-11263,HIRE,2021-10-11,,سموحة,11642,0
EMP-14368,HIRE,2021-10-12,,التجمع,13448,0
EMP-11102,HIRE,2021-10-12,,بورسعيد,19732,0
EMP-12807,TERMINATION,2021-10-12,ACTIVE,Relocation,8349,1
EMP-13629,TRANSFER,2021-10-12,الإسكندرية - سموحة,سموحة,23125,0
EMP-13712,TERMINATION,2021-10-13,ACTIVE,Fired,13513,1
EMP-12423,HIRE,2021-10-13,,القاهرة - المعادي,9614,0
EMP-12094,HIRE,2021-10-13,,الجيزة - الدقي,17119,0
EMP-13447,PROMOTION,2021-10-13,18854,26061,26061,0
EMP-15623,HIRE,2021-10-13,,الجيزة - الدقي,18177,0
EMP-10218,HIRE,2021-10-13,,فرع المعادي,18244,0
EMP-10313,TRANSFER,2021-10-15,القاهرة - التجمع الخامس,بورسعيد - الشرق,7227,0
EMP-11917,TERMINATION,2021-10-15,ACTIVE,Resignation,11548,1
EMP-15078,HIRE,2021-10-15,,الدقي,17560,0
EMP-11871,TRANSFER,2021-10-15,بورسعيد - الشرق,فرع المعادي,17727,0
EMP-10916,TRANSFER,2021-10-15,بورسعيد,الدقي,17026,0
EMP-12527,HIRE,2021-10-16,,بورسعيد - الشرق,10355,0
EMP-10335,PROMOTION,2021-10-17,17789,20175,20175,0
EMP-10242,HIRE,2021-10-17,,الإسكندرية - سموحة,8304,0
EMP-13240,TRANSFER,2021-10-17,الدقي,سموحة,14912,0
EMP-10786,TRANSFER,2021-10-17,بورسعيد - الشرق,بورسعيد,17351,0
EMP-13966,TERMINATION,2021-10-17,ACTIVE,Relocation,19521,1
EMP-13773,PROMOTION,2021-10-18,13501,16800,16800,0
EMP-12514,TRANSFER,2021-10-18,الإسكندرية - سموحة,التجمع,17045,0
EMP-14516,PROMOTION,2021-10-18,18851,25605,25605,0
EMP-15321,HIRE,2021-10-18,,الجيزة - الدقي,8020,0
EMP-15704,HIRE,2021-10-19,,التجمع,17972,0
EMP-10972,HIRE,2021-10-19,,الجيزة - الدقي,9894,0
EMP-10266,HIRE,2021-10-20,,القاهره المعادي,16024,0
EMP-11332,HIRE,2021-10-20,,الدقي,7799,0
EMP-12288,TRANSFER,2021-10-21,التجمع,القاهرة - المعادي,26813,0
EMP-11320,HIRE,2021-10-21,,الإسكندرية - سموحة,7932,0
EMP-16926,HIRE,2021-10-21,,بورسعيد,16521,0
EMP-15661,PROMOTION,2021-10-21,9769,15446,15446,0
EMP-13620,HIRE,2021-10-22,,سموحة,10277,0
EMP-16013,HIRE,2021-10-22,,التجمع,8139,0
EMP-13743,PROMOTION,2021-10-22,21557,26149,26149,0
EMP-11031,HIRE,2021-10-22,,سموحة,13956,0
EMP-15999,TRANSFER,2021-10-22,بورسعيد - الشرق,فرع المعادي,17061,0
EMP-16608,HIRE,2021-10-22,,الدقي,13102,0
EMP-13691,TRANSFER,2021-10-23,الدقي,بورسعيد,9750,0
EMP-12229,TRANSFER,2021-10-23,الدقي,القاهرة - التجمع الخامس,15403,0
EMP-16485,HIRE,2021-10-23,,التجمع,12196,0
EMP-11708,TERMINATION,2021-10-24,ACTIVE,NULL,19751,1
EMP-10960,HIRE,2021-10-24,,القاهره المعادي,17415,0
EMP-10811,PROMOTION,2021-10-24,18045,21302,21302,0
EMP-16144,PROMOTION,2021-10-24,15797,21297,21297,0
EMP-14875,TRANSFER,2021-10-25,القاهرة - التجمع الخامس,القاهرة - التجمع الخامس,19597,0
EMP-13538,TRANSFER,2021-10-25,الدقي,الإسكندرية - سموحة,12034,0
EMP-10063,PROMOTION,2021-10-26,19271,26498,26498,0
EMP-12251,HIRE,2021-10-26,,بورسعيد,11198,0
EMP-13688,TRANSFER,2021-10-27,بورسعيد - الشرق,بورسعيد - الشرق,16301,0
EMP-11685,PROMOTION,2021-10-27,29443,32275,32275,0
EMP-11795,HIRE,2021-10-27,,القاهرة - المعادي,16962,0
EMP-16941,PROMOTION,2021-10-27,11326,17133,17133,0
EMP-15182,TRANSFER,2021-10-27,بورسعيد - الشرق,الدقي,8374,0
EMP-12879,PROMOTION,2021-10-28,11838,15147,15147,0
EMP-13975,HIRE,2021-10-28,,بورسعيد - الشرق,19606,0
EMP-11653,TRANSFER,2021-10-28,القاهره المعادي,القاهره المعادي,14541,0
EMP-16856,TERMINATION,2021-10-28,ACTIVE,Resignation,18128,1
EMP-13270,TERMINATION,2021-10-29,ACTIVE,Fired,20179,1
EMP-14313,TRANSFER,2021-10-29,سموحة,الجيزة - الدقي,10374,0
EMP-12567,HIRE,2021-10-29,,بورسعيد - الشرق,10484,0
EMP-16516,HIRE,2021-10-29,,سموحة,9129,0
EMP-16535,TRANSFER,2021-10-29,فرع المعادي,القاهره المعادي,21204,0
EMP-13154,HIRE,2021-10-29,,فرع المعادي,19848,0
EMP-12677,HIRE,2021-10-30,,القاهرة - التجمع الخامس,15523,0
EMP-14101,HIRE,2021-10-30,,القاهرة - التجمع الخامس,11797,0
EMP-13605,HIRE,2021-10-30,,القاهره المعادي,19072,0
EMP-10537,TRANSFER,2021-10-31,التجمع,سموحة,14400,0
EMP-10537,TRANSFER,2021-10-31,التجمع,سموحة,14400,0
EMP-15842,HIRE,2021-10-31,,التجمع,9711,0
EMP-10886,HIRE,2021-11-01,,بورسعيد,15124,0
EMP-13999,PROMOTION,2021-11-01,7497,11661,11661,0
EMP-14046,HIRE,2021-11-01,,سموحة,9636,0
EMP-12592,PROMOTION,2021-11-01,18979,25148,25148,0
EMP-13644,HIRE,2021-11-02,,الدقي,13003,0
EMP-10745,HIRE,2021-11-02,,القاهرة - التجمع الخامس,16956,0
EMP-13807,HIRE,2021-11-02,,القاهره المعادي,11296,0
EMP-12926,PROMOTION,2021-11-02,8619,13304,13304,0
EMP-14946,TRANSFER,2021-11-03,القاهرة - التجمع الخامس,الإسكندرية - سموحة,16816,0
EMP-12275,HIRE,2021-11-03,,الاسكندرية سموحة,16643,0
EMP-15162,TRANSFER,2021-11-03,سموحة,القاهره المعادي,19207,0
EMP-14511,HIRE,2021-11-03,,التجمع,12154,0
EMP-11376,PROMOTION,2021-11-03,10214,15887,15887,0
EMP-13358,TRANSFER,2021-11-04,بورسعيد,القاهرة - المعادي,8068,0
EMP-12452,HIRE,2021-11-04,,الاسكندرية سموحة,8906,0
EMP-11562,HIRE,2021-11-04,,فرع المعادي,14688,0
EMP-10236,HIRE,2021-11-05,,بورسعيد - الشرق,12483,0
EMP-15204,HIRE,2021-11-05,,الدقي,12971,0
EMP-12960,TERMINATION,2021-11-05,ACTIVE,NULL,11734,1
EMP-12277,HIRE,2021-11-06,,الإسكندرية - سموحة,17086,0
EMP-13362,TRANSFER,2021-11-06,الجيزة - الدقي,الاسكندرية سموحة,12566,0
EMP-12483,PROMOTION,2021-11-06,7894,12713,12713,0
EMP-12020,TERMINATION,2021-11-07,ACTIVE,Fired,7660,1
EMP-10333,PROMOTION,2021-11-08,22862,26843,26843,0
EMP-15997,HIRE,2021-11-08,,بورسعيد,13812,0
EMP-10183,HIRE,2021-11-08,,القاهرة - المعادي,9731,0
EMP-10508,HIRE,2021-11-08,,بورسعيد,12429,0
EMP-16589,HIRE,2021-11-08,,سموحة,9882,0
EMP-15975,TRANSFER,2021-11-08,الاسكندرية سموحة,بورسعيد,10583,0
EMP-16314,HIRE,2021-11-09,,الإسكندرية - سموحة,18461,0
EMP-11472,TRANSFER,2021-11-09,القاهرة - التجمع الخامس,القاهرة - المعادي,18364,0
EMP-13980,PROMOTION,2021-11-09,10251,17185,17185,0
EMP-16505,HIRE,2021-11-10,,الإسكندرية - سموحة,15794,0
EMP-10924,PROMOTION,2021-11-10,13519,20970,20970,0
EMP-16631,HIRE,2021-11-10,,التجمع,15050,0
EMP-10256,TRANSFER,2021-11-10,بورسعيد - الشرق,الإسكندرية - سموحة,14172,0
EMP-15867,TRANSFER,2021-11-10,القاهره المعادي,القاهرة - المعادي,8698,0
EMP-11793,HIRE,2021-11-10,,الجيزة - الدقي,10324,0
EMP-10974,PROMOTION,2021-11-11,17766,19854,19854,0
EMP-12765,HIRE,2021-11-11,,الإسكندرية - سموحة,16770,0
EMP-14184,PROMOTION,2021-11-12,17711,19775,19775,0
EMP-14500,HIRE,2021-11-12,,القاهرة - التجمع الخامس,15035,0
EMP-16283,PROMOTION,2021-11-12,17730,24254,24254,0
EMP-10193,TERMINATION,2021-11-13,ACTIVE,Resignation,14797,1
EMP-14801,PROMOTION,2021-11-13,18013,21483,21483,0
EMP-13836,HIRE,2021-11-13,,بورسعيد,7152,0
EMP-10167,HIRE,2021-11-13,,القاهره المعادي,19938,0
EMP-16039,HIRE,2021-11-14,,الدقي,10286,0
EMP-12953,PROMOTION,2021-11-14,7457,15219,15219,0
EMP-12992,HIRE,2021-11-14,,فرع المعادي,8493,0
EMP-10866,TRANSFER,2021-11-15,الإسكندرية - سموحة,القاهرة - المعادي,18348,0
EMP-14135,HIRE,2021-11-15,,القاهرة - المعادي,11759,0
EMP-15365,HIRE,2021-11-15,,بورسعيد,15399,0
EMP-10917,PROMOTION,2021-11-15,14878,21812,21812,0
EMP-11365,TRANSFER,2021-11-16,بورسعيد,سموحة,13689,0
EMP-12108,HIRE,2021-11-16,,التجمع,7777,0
EMP-12575,HIRE,2021-11-16,,الإسكندرية - سموحة,16036,0
EMP-12349,HIRE,2021-11-16,,الإسكندرية - سموحة,9022,0
EMP-10461,HIRE,2021-11-16,,سموحة,14391,0
EMP-13964,TERMINATION,2021-11-16,ACTIVE,Resignation,18723,1
EMP-16406,HIRE,2021-11-17,,القاهره المعادي,15287,0
EMP-13839,HIRE,2021-11-17,,الدقي,16177,0
EMP-12018,PROMOTION,2021-11-17,13917,17701,17701,0
EMP-13800,HIRE,2021-11-17,,سموحة,13213,0
EMP-15121,TRANSFER,2021-11-17,سموحة,التجمع,24199,0
EMP-12993,HIRE,2021-11-17,,القاهرة - المعادي,17663,0
EMP-16512,PROMOTION,2021-11-18,22217,30040,30040,0
EMP-12228,TRANSFER,2021-11-18,الدقي,سموحة,8540,0
EMP-15593,TERMINATION,2021-11-19,ACTIVE,NULL,10451,1
EMP-10156,PROMOTION,2021-11-19,12819,15470,15470,0
EMP-10156,PROMOTION,2021-11-19,12819,15470,15470,0
EMP-14567,HIRE,2021-11-19,,الإسكندرية - سموحة,7379,0
EMP-16357,TERMINATION,2021-11-20,ACTIVE,Resignation,17994,1
EMP-13883,HIRE,2021-11-20,,الاسكندرية سموحة,17156,0
EMP-16969,HIRE,2021-11-20,,التجمع,10510,0
EMP-14298,HIRE,2021-11-20,,فرع المعادي,7137,0
EMP-10829,TRANSFER,2021-11-20,القاهرة - التجمع الخامس,بورسعيد - الشرق,11669,0
EMP-14436,PROMOTION,2021-11-21,15987,21864,21864,0
EMP-12384,HIRE,2021-11-21,,الدقي,8326,0
EMP-12792,HIRE,2021-11-21,,التجمع,16048,0
EMP-11449,TERMINATION,2021-11-21,ACTIVE,Relocation,14886,1
EMP-15302,TERMINATION,2021-11-21,ACTIVE,Relocation,14398,1
EMP-12534,HIRE,2021-11-22,,بورسعيد - الشرق,13451,0
EMP-15680,HIRE,2021-11-22,,القاهرة - المعادي,8654,0
EMP-16682,HIRE,2021-11-22,,الجيزة - الدقي,10276,0
EMP-12350,TERMINATION,2021-11-23,ACTIVE,Fired,13487,1
EMP-15297,HIRE,2021-11-23,,الجيزة - الدقي,13216,0
EMP-16680,PROMOTION,2021-11-23,16736,19445,19445,0
EMP-16116,PROMOTION,2021-11-23,7220,12032,12032,0
EMP-12737,TERMINATION,2021-11-23,ACTIVE,NULL,14246,1
EMP-13916,HIRE,2021-11-24,,فرع المعادي,19466,0
EMP-11415,TRANSFER,2021-11-24,القاهره المعادي,الجيزة - الدقي,11975,0
EMP-14810,HIRE,2021-11-24,,بورسعيد - الشرق,18821,0
EMP-10279,HIRE,2021-11-24,,الاسكندرية سموحة,12527,0
EMP-11137,PROMOTION,2021-11-24,10017,13092,13092,0
EMP-14921,HIRE,2021-11-24,,الجيزة - الدقي,12903,0
EMP-10805,HIRE,2021-11-24,,القاهره المعادي,12837,0
EMP-11033,HIRE,2021-11-25,,التجمع,13264,0
EMP-12941,HIRE,2021-11-25,,الجيزة - الدقي,13343,0
EMP-14242,HIRE,2021-11-25,,القاهره المعادي,13234,0
EMP-13208,PROMOTION,2021-11-25,19709,24577,24577,0
EMP-10226,HIRE,2021-11-25,,الدقي,10051,0
EMP-12779,HIRE,2021-11-25,,بورسعيد - الشرق,15562,0
EMP-15447,HIRE,2021-11-26,,الإسكندرية - سموحة,9793,0
EMP-15035,TERMINATION,2021-11-26,ACTIVE,Resignation,20152,1
EMP-11257,HIRE,2021-11-26,,الجيزة - الدقي,9862,0
EMP-16560,PROMOTION,2021-11-26,25615,28067,28067,0
EMP-11816,HIRE,2021-11-26,,سموحة,16164,0
EMP-16226,PROMOTION,2021-11-27,15073,22349,22349,0
EMP-11075,HIRE,2021-11-27,,القاهرة - المعادي,10008,0
EMP-16125,TRANSFER,2021-11-27,القاهرة - المعادي,القاهرة - المعادي,13204,0
EMP-16925,HIRE,2021-11-27,,بورسعيد - الشرق,15521,0
EMP-14411,HIRE,2021-11-28,,الجيزة - الدقي,17311,0
EMP-11983,TRANSFER,2021-11-28,القاهره المعادي,الاسكندرية سموحة,8381,0
EMP-12671,HIRE,2021-11-28,,القاهرة - المعادي,8483,0
EMP-15235,HIRE,2021-11-28,,سموحة,15397,0
EMP-16124,PROMOTION,2021-11-28,15271,19896,19896,0
EMP-16480,TRANSFER,2021-11-28,التجمع,القاهرة - التجمع الخامس,12416,0
EMP-11383,HIRE,2021-11-28,,فرع المعادي,9018,0
EMP-12187,PROMOTION,2021-11-28,19504,22057,22057,0
EMP-13468,HIRE,2021-11-28,,القاهرة - التجمع الخامس,8860,0
EMP-10996,HIRE,2021-11-29,,فرع المعادي,15557,0
EMP-11263,TRANSFER,2021-11-29,سموحة,التجمع,11642,0
EMP-14325,TRANSFER,2021-11-29,فرع المعادي,سموحة,13445,0
EMP-14156,PROMOTION,2021-11-29,14754,17222,17222,0
EMP-12746,TRANSFER,2021-11-29,فرع المعادي,التجمع,10194,0
EMP-12189,TRANSFER,2021-11-30,بورسعيد,القاهرة - التجمع الخامس,12924,0
EMP-10288,HIRE,2021-11-30,,بورسعيد,11261,0
EMP-12985,TRANSFER,2021-11-30,الدقي,بورسعيد,18117,0
EMP-13987,HIRE,2021-11-30,,فرع المعادي,7248,0
EMP-12774,TRANSFER,2021-12-01,الاسكندرية سموحة,الإسكندرية - سموحة,27176,0
EMP-12219,HIRE,2021-12-01,,القاهره المعادي,18121,0
EMP-13695,PROMOTION,2021-12-01,10348,14422,14422,0
EMP-14785,TRANSFER,2021-12-01,الإسكندرية - سموحة,القاهرة - التجمع الخامس,28811,0
EMP-16059,HIRE,2021-12-03,,فرع المعادي,12891,0
EMP-14030,TRANSFER,2021-12-03,الإسكندرية - سموحة,القاهرة - التجمع الخامس,8138,0
EMP-15815,TERMINATION,2021-12-03,ACTIVE,Resignation,26314,1
EMP-16024,TRANSFER,2021-12-03,الإسكندرية - سموحة,بورسعيد - الشرق,15940,0
EMP-11108,TERMINATION,2021-12-04,ACTIVE,Fired,9404,1
EMP-14742,PROMOTION,2021-12-04,15162,18174,18174,0
EMP-13935,TERMINATION,2021-12-04,ACTIVE,Relocation,14855,1
EMP-13784,TRANSFER,2021-12-04,القاهره المعادي,الاسكندرية سموحة,18628,0
EMP-11451,TRANSFER,2021-12-04,فرع المعادي,القاهرة - المعادي,8821,0
EMP-14666,PROMOTION,2021-12-05,8107,10344,10344,0
EMP-14371,PROMOTION,2021-12-05,17503,20123,20123,0
EMP-10237,HIRE,2021-12-05,,الجيزة - الدقي,19499,0
EMP-10843,PROMOTION,2021-12-05,12844,15410,15410,0
EMP-15665,HIRE,2021-12-05,,الاسكندرية سموحة,12941,0
EMP-14529,PROMOTION,2021-12-06,25651,30124,30124,0
EMP-11675,TRANSFER,2021-12-06,الجيزة - الدقي,الاسكندرية سموحة,13826,0
EMP-10242,TRANSFER,2021-12-07,الإسكندرية - سموحة,سموحة,8304,0
EMP-12829,HIRE,2021-12-07,,القاهرة - التجمع الخامس,19773,0
EMP-14807,TRANSFER,2021-12-07,القاهرة - التجمع الخامس,الجيزة - الدقي,17398,0
EMP-13432,HIRE,2021-12-07,,الجيزة - الدقي,14967,0
EMP-12383,HIRE,2021-12-07,,القاهره المعادي,7464,0
EMP-10800,TRANSFER,2021-12-08,القاهره المعادي,بورسعيد,7657,0
EMP-14601,HIRE,2021-12-08,,الإسكندرية - سموحة,19822,0
EMP-16812,HIRE,2021-12-09,,الاسكندرية سموحة,19602,0
EMP-11375,PROMOTION,2021-12-09,18829,25309,25309,0
EMP-16190,PROMOTION,2021-12-10,8713,15659,15659,0
EMP-16110,PROMOTION,2021-12-10,7381,10078,10078,0
EMP-14409,TERMINATION,2021-12-10,ACTIVE,Relocation,20537,1
EMP-13404,TRANSFER,2021-12-11,بورسعيد - الشرق,القاهرة - التجمع الخامس,16900,0
EMP-11332,TRANSFER,2021-12-12,الدقي,القاهرة - المعادي,7799,0
EMP-12755,HIRE,2021-12-12,,بورسعيد - الشرق,17686,0
EMP-13023,HIRE,2021-12-12,,الدقي,16367,0
EMP-10747,HIRE,2021-12-12,,الإسكندرية - سموحة,15643,0
EMP-14924,TRANSFER,2021-12-12,القاهره المعادي,بورسعيد,11079,0
EMP-13281,TRANSFER,2021-12-12,القاهرة - المعادي,الدقي,21041,0
EMP-12948,HIRE,2021-12-13,,بورسعيد,17207,0
EMP-12695,HIRE,2021-12-13,,التجمع,15857,0
EMP-10240,PROMOTION,2021-12-14,8303,12539,12539,0
EMP-11034,PROMOTION,2021-12-14,14846,17284,17284,0
EMP-11344,PROMOTION,2021-12-14,8165,13727,13727,0
EMP-12453,TRANSFER,2021-12-14,الدقي,بورسعيد,15160,0
EMP-11748,HIRE,2021-12-14,,الجيزة - الدقي,11255,0
EMP-11588,HIRE,2021-12-15,,التجمع,12431,0
EMP-10886,TERMINATION,2021-12-15,ACTIVE,NULL,15124,1
EMP-15539,HIRE,2021-12-15,,القاهرة - التجمع الخامس,10706,0
EMP-10905,PROMOTION,2021-12-15,15777,20039,20039,0
EMP-15429,HIRE,2021-12-15,,القاهره المعادي,7467,0
EMP-10342,HIRE,2021-12-15,,سموحة,18332,0
EMP-16726,PROMOTION,2021-12-15,19951,23375,23375,0
EMP-10167,TRANSFER,2021-12-15,القاهره المعادي,الدقي,19938,0
EMP-11255,HIRE,2021-12-15,,القاهرة - المعادي,19365,0
EMP-10377,TRANSFER,2021-12-16,الدقي,الدقي,17854,0
EMP-12980,HIRE,2021-12-16,,فرع المعادي,15933,0
EMP-15154,TERMINATION,2021-12-17,ACTIVE,Fired,14173,1
EMP-10888,HIRE,2021-12-17,,القاهره المعادي,17733,0
EMP-10122,TRANSFER,2021-12-18,التجمع,بورسعيد,15934,0
EMP-15347,HIRE,2021-12-18,,فرع المعادي,13239,0
EMP-11993,HIRE,2021-12-20,,القاهرة - المعادي,9098,0
EMP-15457,TERMINATION,2021-12-20,ACTIVE,Relocation,19971,1
EMP-12431,HIRE,2021-12-20,,الجيزة - الدقي,19125,0
EMP-10267,HIRE,2021-12-21,,القاهره المعادي,12765,0
EMP-15669,TRANSFER,2021-12-21,فرع المعادي,بورسعيد,18740,0
EMP-15841,PROMOTION,2021-12-21,19351,23733,23733,0
EMP-16558,PROMOTION,2021-12-22,19639,25734,25734,0
EMP-15293,PROMOTION,2021-12-22,11409,13781,13781,0
EMP-11939,HIRE,2021-12-22,,بورسعيد,11051,0
EMP-15326,HIRE,2021-12-23,,بورسعيد - الشرق,9869,0
EMP-10480,PROMOTION,2021-12-23,7370,12057,12057,0
EMP-10773,HIRE,2021-12-23,,سموحة,12748,0
EMP-13261,TRANSFER,2021-12-24,التجمع,بورسعيد - الشرق,9345,0
EMP-10129,PROMOTION,2021-12-24,14411,20645,20645,0
EMP-16230,HIRE,2021-12-25,,سموحة,18477,0
EMP-15708,TERMINATION,2021-12-25,ACTIVE,Resignation,16173,1
EMP-11573,TRANSFER,2021-12-25,القاهرة - المعادي,بورسعيد,17411,0
EMP-11949,HIRE,2021-12-25,,القاهرة - المعادي,10809,0
EMP-15221,TRANSFER,2021-12-25,بورسعيد,سموحة,11040,0
EMP-15988,HIRE,2021-12-25,,القاهرة - التجمع الخامس,17839,0
EMP-15911,HIRE,2021-12-26,,الدقي,15520,0
EMP-12287,HIRE,2021-12-26,,بورسعيد - الشرق,11337,0
EMP-13959,HIRE,2021-12-26,,القاهرة - التجمع الخامس,18129,0
EMP-12955,HIRE,2021-12-26,,القاهرة - التجمع الخامس,12961,0
EMP-15296,TRANSFER,2021-12-26,فرع المعادي,القاهره المعادي,16250,0
EMP-14659,HIRE,2021-12-27,,القاهره المعادي,16163,0
EMP-11651,PROMOTION,2021-12-27,19075,24421,24421,0
EMP-10814,HIRE,2021-12-27,,التجمع,16317,0
EMP-10104,HIRE,2021-12-27,,الدقي,9959,0
EMP-12668,TRANSFER,2021-12-27,القاهرة - التجمع الخامس,القاهرة - المعادي,19107,0
EMP-15858,PROMOTION,2021-12-28,15165,19162,19162,0
EMP-12232,HIRE,2021-12-28,,بورسعيد,15408,0
EMP-15859,HIRE,2021-12-28,,الإسكندرية - سموحة,19355,0
EMP-12457,PROMOTION,2021-12-28,18907,23936,23936,0
EMP-15859,HIRE,2021-12-28,,الإسكندرية - سموحة,19355,0
EMP-15344,TERMINATION,2021-12-29,ACTIVE,Relocation,19724,1
EMP-16903,HIRE,2021-12-29,,سموحة,11531,0
EMP-12665,HIRE,2021-12-29,,الإسكندرية - سموحة,15858,0
EMP-14443,HIRE,2021-12-29,,بورسعيد - الشرق,7578,0
EMP-15611,HIRE,2021-12-29,,القاهرة - التجمع الخامس,19774,0
EMP-13253,PROMOTION,2021-12-29,7723,13824,13824,0
EMP-14334,HIRE,2021-12-30,,الدقي,18370,0
EMP-12095,HIRE,2021-12-30,,القاهرة - التجمع الخامس,7738,0
EMP-10067,HIRE,2021-12-30,,التجمع,15084,0
EMP-11687,HIRE,2021-12-30,,التجمع,9521,0
EMP-10667,TRANSFER,2021-12-30,بورسعيد,بورسعيد,7419,0
EMP-10522,HIRE,2021-12-30,,القاهرة - التجمع الخامس,10661,0
EMP-15047,HIRE,2021-12-30,,سموحة,15781,0
EMP-14511,TRANSFER,2021-12-30,التجمع,الدقي,12154,0
EMP-13765,TRANSFER,2021-12-30,القاهرة - المعادي,التجمع,13798,0
EMP-14684,PROMOTION,2021-12-31,30576,37318,37318,0
EMP-14129,HIRE,2021-12-31,,القاهرة - المعادي,19258,0
EMP-15961,PROMOTION,2021-12-31,7680,14825,14825,0
EMP-12107,TRANSFER,2021-12-31,فرع المعادي,الاسكندرية سموحة,16914,0
EMP-16173,TRANSFER,2021-12-31,الاسكندرية سموحة,فرع المعادي,17782,0
EMP-13209,HIRE,2022-01-01,,الجيزة - الدقي,14781,0
EMP-13416,PROMOTION,2022-01-01,10861,14414,14414,0
EMP-16990,PROMOTION,2022-01-01,15103,21788,21788,0
EMP-13763,PROMOTION,2022-01-01,14855,22244,22244,0
EMP-12815,HIRE,2022-01-01,,سموحة,17573,0
EMP-10982,HIRE,2022-01-02,,القاهرة - التجمع الخامس,15211,0
EMP-12139,HIRE,2022-01-02,,فرع المعادي,10334,0
EMP-12014,PROMOTION,2022-01-02,9442,14531,14531,0
EMP-14324,HIRE,2022-01-02,,القاهرة - المعادي,8678,0
EMP-15740,PROMOTION,2022-01-02,15176,18720,18720,0
EMP-10107,PROMOTION,2022-01-03,19462,24091,24091,0
EMP-13926,HIRE,2022-01-03,,الدقي,15576,0
EMP-16745,HIRE,2022-01-03,,سموحة,16562,0
EMP-16745,HIRE,2022-01-03,,سموحة,16562,0
EMP-11773,PROMOTION,2022-01-03,15918,20187,20187,0
EMP-12054,HIRE,2022-01-03,,فرع المعادي,9056,0
EMP-11995,HIRE,2022-01-03,,الجيزة - الدقي,7257,0
EMP-14056,HIRE,2022-01-03,,القاهرة - المعادي,8177,0
EMP-10502,TRANSFER,2022-01-04,القاهرة - المعادي,الدقي,17428,0
EMP-10441,HIRE,2022-01-04,,الدقي,15008,0
EMP-16799,HIRE,2022-01-05,,الإسكندرية - سموحة,19026,0
EMP-11102,PROMOTION,2022-01-05,19732,24123,24123,0
EMP-16818,HIRE,2022-01-05,,القاهرة - التجمع الخامس,16447,0
EMP-10498,HIRE,2022-01-05,,القاهره المعادي,17753,0
EMP-13542,PROMOTION,2022-01-06,7019,12555,12555,0
EMP-15995,TRANSFER,2022-01-06,الجيزة - الدقي,فرع المعادي,16094,0
EMP-16939,HIRE,2022-01-06,,الاسكندرية سموحة,7870,0
EMP-16227,TERMINATION,2022-01-06,ACTIVE,Fired,11150,1
EMP-13408,PROMOTION,2022-01-07,17930,25043,25043,0
EMP-10103,HIRE,2022-01-07,,بورسعيد,8853,0
EMP-12493,HIRE,2022-01-07,,الإسكندرية - سموحة,9755,0
EMP-12404,TRANSFER,2022-01-07,القاهرة - المعادي,الاسكندرية سموحة,8365,0
EMP-13990,HIRE,2022-01-07,,بورسعيد - الشرق,10900,0
EMP-10800,TERMINATION,2022-01-07,ACTIVE,Fired,7657,1
EMP-13597,HIRE,2022-01-08,,القاهرة - المعادي,11454,0
EMP-16247,HIRE,2022-01-08,,التجمع,18660,0
EMP-13870,HIRE,2022-01-08,,القاهرة - التجمع الخامس,7583,0
EMP-14735,PROMOTION,2022-01-09,8723,13977,13977,0
EMP-16885,PROMOTION,2022-01-09,19408,24874,24874,0
EMP-12114,HIRE,2022-01-09,,الاسكندرية سموحة,7512,0
EMP-10990,HIRE,2022-01-09,,القاهرة - التجمع الخامس,14229,0
EMP-13571,HIRE,2022-01-09,,سموحة,9775,0
EMP-12360,PROMOTION,2022-01-10,7942,10472,10472,0
EMP-14384,TRANSFER,2022-01-10,بورسعيد,القاهرة - التجمع الخامس,17118,0
EMP-11785,TRANSFER,2022-01-10,التجمع,القاهرة - التجمع الخامس,21938,0
EMP-15101,HIRE,2022-01-11,,القاهرة - المعادي,8972,0
EMP-15522,HIRE,2022-01-11,,بورسعيد - الشرق,19573,0
EMP-15703,HIRE,2022-01-11,,القاهرة - المعادي,15576,0
EMP-12246,PROMOTION,2022-01-11,17424,23835,23835,0
EMP-13609,PROMOTION,2022-01-12,7385,10050,10050,0
EMP-13508,HIRE,2022-01-12,,الجيزة - الدقي,13032,0
EMP-14246,HIRE,2022-01-12,,الاسكندرية سموحة,18414,0
EMP-15486,PROMOTION,2022-01-13,18642,21674,21674,0
EMP-12767,HIRE,2022-01-14,,سموحة,8914,0
EMP-12549,TRANSFER,2022-01-14,الاسكندرية سموحة,بورسعيد - الشرق,17063,0
EMP-15404,PROMOTION,2022-01-14,20608,25422,25422,0
EMP-11796,HIRE,2022-01-15,,بورسعيد - الشرق,9144,0
EMP-14052,PROMOTION,2022-01-15,7567,14780,14780,0
EMP-14842,HIRE,2022-01-15,,الجيزة - الدقي,7988,0
EMP-13651,TERMINATION,2022-01-15,ACTIVE,NULL,13921,1
EMP-11272,HIRE,2022-01-16,,الإسكندرية - سموحة,8891,0
EMP-10526,TRANSFER,2022-01-16,الاسكندرية سموحة,القاهرة - المعادي,14979,0
EMP-15743,TRANSFER,2022-01-16,القاهره المعادي,الإسكندرية - سموحة,15080,0
EMP-10208,TRANSFER,2022-01-16,سموحة,القاهرة - المعادي,11609,0
EMP-13033,PROMOTION,2022-01-16,13483,16878,16878,0
EMP-14778,PROMOTION,2022-01-17,13011,20959,20959,0
EMP-12361,HIRE,2022-01-17,,القاهرة - المعادي,13690,0
EMP-15015,HIRE,2022-01-17,,الدقي,15268,0
EMP-10740,TRANSFER,2022-01-18,سموحة,بورسعيد,14676,0
EMP-14667,PROMOTION,2022-01-19,7181,13568,13568,0
EMP-13625,TRANSFER,2022-01-19,الإسكندرية - سموحة,التجمع,14739,0
EMP-15287,PROMOTION,2022-01-19,11212,15707,15707,0
EMP-12253,PROMOTION,2022-01-20,7538,11664,11664,0
EMP-16758,TRANSFER,2022-01-20,الجيزة - الدقي,التجمع,26295,0
EMP-15267,HIRE,2022-01-20,,بورسعيد - الشرق,13918,0
EMP-10359,HIRE,2022-01-20,,الإسكندرية - سموحة,16045,0
EMP-10929,TRANSFER,2022-01-21,القاهره المعادي,بورسعيد - الشرق,12664,0
EMP-16681,PROMOTION,2022-01-21,15892,23306,23306,0
EMP-11830,HIRE,2022-01-21,,التجمع,16317,0
EMP-13101,TERMINATION,2022-01-21,ACTIVE,Resignation,17823,1
EMP-12964,HIRE,2022-01-21,,الإسكندرية - سموحة,12000,0
EMP-13626,HIRE,2022-01-21,,الاسكندرية سموحة,10087,0
EMP-13079,HIRE,2022-01-22,,القاهرة - المعادي,17488,0
EMP-15755,HIRE,2022-01-22,,التجمع,16044,0
EMP-16363,TRANSFER,2022-01-22,الإسكندرية - سموحة,الاسكندرية سموحة,7255,0
EMP-16236,HIRE,2022-01-22,,سموحة,13006,0
EMP-15300,TRANSFER,2022-01-22,القاهرة - التجمع الخامس,فرع المعادي,16681,0
EMP-11227,HIRE,2022-01-23,,القاهره المعادي,16610,0
EMP-10445,TERMINATION,2022-01-23,ACTIVE,Resignation,13415,1
EMP-16290,TRANSFER,2022-01-23,بورسعيد,القاهرة - التجمع الخامس,26641,0
EMP-11517,HIRE,2022-01-24,,الاسكندرية سموحة,16954,0
EMP-13811,HIRE,2022-01-24,,بورسعيد,11053,0
EMP-16637,HIRE,2022-01-24,,الإسكندرية - سموحة,13621,0
EMP-14538,HIRE,2022-01-24,,الإسكندرية - سموحة,17949,0
EMP-13855,HIRE,2022-01-24,,الدقي,13005,0
EMP-13512,PROMOTION,2022-01-24,26150,33983,33983,0
EMP-15868,PROMOTION,2022-01-25,14388,17531,17531,0
EMP-12821,TRANSFER,2022-01-25,فرع المعادي,بورسعيد - الشرق,13839,0
EMP-14090,HIRE,2022-01-25,,بورسعيد - الشرق,15427,0
EMP-15453,HIRE,2022-01-26,,الجيزة - الدقي,15121,0
EMP-15614,HIRE,2022-01-26,,القاهرة - المعادي,7286,0
EMP-11583,TRANSFER,2022-01-26,بورسعيد - الشرق,القاهره المعادي,8268,0
EMP-13063,PROMOTION,2022-01-27,19380,21463,21463,0
EMP-15596,HIRE,2022-01-27,,الإسكندرية - سموحة,17136,0
EMP-13436,TRANSFER,2022-01-27,فرع المعادي,الجيزة - الدقي,16703,0
EMP-16230,PROMOTION,2022-01-27,18477,23240,23240,0
EMP-13361,TRANSFER,2022-01-27,بورسعيد - الشرق,التجمع,16209,0
EMP-14213,TERMINATION,2022-01-27,ACTIVE,NULL,10452,1
EMP-16603,HIRE,2022-01-27,,بورسعيد,9352,0
EMP-13231,PROMOTION,2022-01-27,11585,18380,18380,0
EMP-15288,TRANSFER,2022-01-27,الجيزة - الدقي,القاهره المعادي,10647,0
EMP-11205,PROMOTION,2022-01-28,15205,20850,20850,0
EMP-12654,HIRE,2022-01-28,,الإسكندرية - سموحة,17444,0
EMP-14249,TRANSFER,2022-01-28,الجيزة - الدقي,بورسعيد,11659,0
EMP-10906,TRANSFER,2022-01-28,فرع المعادي,القاهره المعادي,12016,0
EMP-10755,HIRE,2022-01-29,,بورسعيد - الشرق,9618,0
EMP-16606,PROMOTION,2022-01-29,11503,14787,14787,0
EMP-15196,PROMOTION,2022-01-29,9352,14265,14265,0
EMP-10268,HIRE,2022-01-29,,الاسكندرية سموحة,10581,0
EMP-12631,HIRE,2022-01-30,,القاهرة - التجمع الخامس,14044,0
EMP-10284,HIRE,2022-01-30,,الدقي,12544,0
EMP-16228,HIRE,2022-01-30,,الاسكندرية سموحة,11224,0
EMP-15871,HIRE,2022-01-30,,التجمع,12622,0
EMP-12294,HIRE,2022-01-30,,القاهرة - المعادي,18424,0
EMP-11594,TERMINATION,2022-01-30,ACTIVE,Fired,16147,1
EMP-10019,PROMOTION,2022-01-30,18122,21927,21927,0
EMP-10889,HIRE,2022-01-31,,التجمع,7374,0
EMP-14826,TRANSFER,2022-01-31,القاهرة - المعادي,بورسعيد - الشرق,13168,0
EMP-12815,TERMINATION,2022-01-31,ACTIVE,Relocation,17573,1
EMP-15891,HIRE,2022-01-31,,سموحة,19218,0
EMP-13066,PROMOTION,2022-01-31,11320,17506,17506,0
EMP-15806,HIRE,2022-02-01,,سموحة,16076,0
EMP-16832,HIRE,2022-02-01,,الإسكندرية - سموحة,11176,0
EMP-13972,HIRE,2022-02-01,,الإسكندرية - سموحة,19420,0
EMP-11948,HIRE,2022-02-01,,بورسعيد - الشرق,7410,0
EMP-15461,HIRE,2022-02-02,,القاهرة - المعادي,19984,0
EMP-11739,HIRE,2022-02-02,,فرع المعادي,14605,0
EMP-13908,HIRE,2022-02-02,,القاهرة - المعادي,10649,0
EMP-16035,PROMOTION,2022-02-02,15029,20330,20330,0
EMP-14251,TRANSFER,2022-02-03,الدقي,الدقي,9160,0
EMP-13240,TRANSFER,2022-02-03,سموحة,الاسكندرية سموحة,14912,0
EMP-15878,HIRE,2022-02-03,,الإسكندرية - سموحة,18118,0
EMP-11905,HIRE,2022-02-03,,الجيزة - الدقي,13612,0
EMP-10535,HIRE,2022-02-03,,فرع المعادي,7275,0
EMP-13898,HIRE,2022-02-03,,القاهرة - المعادي,15030,0
EMP-13143,HIRE,2022-02-04,,القاهره المعادي,8623,0
EMP-11350,HIRE,2022-02-04,,سموحة,18651,0
EMP-10126,TRANSFER,2022-02-05,التجمع,بورسعيد,9475,0
EMP-10104,PROMOTION,2022-02-05,9959,12947,12947,0
EMP-15923,PROMOTION,2022-02-05,15418,22574,22574,0
EMP-10557,HIRE,2022-02-05,,التجمع,15514,0
EMP-15254,TRANSFER,2022-02-05,القاهرة - التجمع الخامس,التجمع,14500,0
EMP-15983,HIRE,2022-02-06,,القاهرة - المعادي,9867,0
EMP-16818,TRANSFER,2022-02-06,القاهرة - التجمع الخامس,الجيزة - الدقي,16447,0
EMP-10210,HIRE,2022-02-06,,الاسكندرية سموحة,17102,0
EMP-11765,HIRE,2022-02-07,,بورسعيد - الشرق,14859,0
EMP-10626,PROMOTION,2022-02-07,24657,28642,28642,0
EMP-16717,PROMOTION,2022-02-07,9948,12799,12799,0
EMP-11768,PROMOTION,2022-02-07,8477,15094,15094,0
EMP-10136,PROMOTION,2022-02-07,14841,18529,18529,0
EMP-16679,HIRE,2022-02-07,,القاهرة - التجمع الخامس,9393,0
EMP-13263,PROMOTION,2022-02-08,8703,11788,11788,0
EMP-12735,PROMOTION,2022-02-08,17553,25281,25281,0
EMP-14017,PROMOTION,2022-02-08,10101,15542,15542,0
EMP-12097,TRANSFER,2022-02-08,الإسكندرية - سموحة,القاهره المعادي,15460,0
EMP-11617,HIRE,2022-02-08,,الإسكندرية - سموحة,13178,0
EMP-16088,PROMOTION,2022-02-08,27346,29529,29529,0
EMP-10153,HIRE,2022-02-08,,سموحة,18460,0
EMP-15239,HIRE,2022-02-09,,سموحة,9078,0
EMP-11759,HIRE,2022-02-09,,بورسعيد,16665,0
EMP-10098,HIRE,2022-02-10,,فرع المعادي,18608,0
EMP-16517,PROMOTION,2022-02-10,14928,19627,19627,0
EMP-12018,TERMINATION,2022-02-10,ACTIVE,NULL,17701,1
EMP-14237,HIRE,2022-02-10,,الإسكندرية - سموحة,12159,0
EMP-14159,HIRE,2022-02-10,,الإسكندرية - سموحة,9521,0
EMP-10363,PROMOTION,2022-02-11,22899,27662,27662,0
EMP-14927,TRANSFER,2022-02-11,الاسكندرية سموحة,بورسعيد - الشرق,14208,0
EMP-12725,HIRE,2022-02-11,,بورسعيد - الشرق,13938,0
EMP-16104,HIRE,2022-02-11,,بورسعيد,19405,0
EMP-13023,PROMOTION,2022-02-12,16367,20610,20610,0
EMP-13971,PROMOTION,2022-02-12,16584,19937,19937,0
EMP-16839,PROMOTION,2022-02-12,19546,21822,21822,0
EMP-13971,PROMOTION,2022-02-12,16584,19937,19937,0
EMP-10623,PROMOTION,2022-02-13,10936,13065,13065,0
EMP-12947,HIRE,2022-02-13,,الإسكندرية - سموحة,14644,0
EMP-16687,PROMOTION,2022-02-13,11800,18874,18874,0
EMP-13924,PROMOTION,2022-02-13,20199,26730,26730,0
EMP-14844,PROMOTION,2022-02-13,16368,24033,24033,0
EMP-15189,PROMOTION,2022-02-14,18100,25691,25691,0
EMP-14349,TRANSFER,2022-02-14,التجمع,التجمع,18922,0
EMP-11802,TRANSFER,2022-02-14,الاسكندرية سموحة,سموحة,22903,0
EMP-16927,TERMINATION,2022-02-14,ACTIVE,NULL,15944,1
EMP-10227,HIRE,2022-02-14,,بورسعيد - الشرق,7374,0
EMP-16740,TERMINATION,2022-02-14,ACTIVE,Relocation,16813,1
EMP-14038,TRANSFER,2022-02-15,الاسكندرية سموحة,القاهره المعادي,9903,0
EMP-12766,PROMOTION,2022-02-16,14404,16989,16989,0
EMP-12427,HIRE,2022-02-17,,الإسكندرية - سموحة,14966,0
EMP-11607,PROMOTION,2022-02-17,21207,23414,23414,0
EMP-10841,TERMINATION,2022-02-17,ACTIVE,Resignation,9474,1
EMP-14591,TRANSFER,2022-02-17,سموحة,القاهرة - التجمع الخامس,9060,0
EMP-16473,HIRE,2022-02-17,,القاهرة - التجمع الخامس,10281,0
EMP-14501,HIRE,2022-02-17,,التجمع,17650,0
EMP-15054,PROMOTION,2022-02-17,9332,15700,15700,0
EMP-13817,PROMOTION,2022-02-17,7085,13082,13082,0
EMP-10732,TRANSFER,2022-02-17,الإسكندرية - سموحة,فرع المعادي,15107,0
EMP-15272,TRANSFER,2022-02-17,القاهرة - التجمع الخامس,بورسعيد - الشرق,15870,0
EMP-16327,TRANSFER,2022-02-17,الإسكندرية - سموحة,فرع المعادي,16851,0
EMP-11793,TRANSFER,2022-02-17,الجيزة - الدقي,الإسكندرية - سموحة,10324,0
EMP-15956,HIRE,2022-02-18,,سموحة,17373,0
EMP-13703,HIRE,2022-02-18,,التجمع,12137,0
EMP-13568,PROMOTION,2022-02-18,17267,25165,25165,0
EMP-14707,HIRE,2022-02-18,,بورسعيد - الشرق,7124,0
EMP-14458,PROMOTION,2022-02-19,15303,20471,20471,0
EMP-11226,TRANSFER,2022-02-19,القاهره المعادي,سموحة,23576,0
EMP-13188,HIRE,2022-02-19,,الدقي,8047,0
EMP-15658,TERMINATION,2022-02-20,ACTIVE,Fired,16706,1
EMP-13154,TRANSFER,2022-02-20,فرع المعادي,القاهره المعادي,19848,0
EMP-12431,TRANSFER,2022-02-20,الجيزة - الدقي,الإسكندرية - سموحة,19125,0
EMP-14222,PROMOTION,2022-02-20,15664,18743,18743,0
EMP-11808,HIRE,2022-02-20,,القاهره المعادي,11270,0
EMP-11687,TRANSFER,2022-02-20,التجمع,القاهرة - المعادي,9521,0
EMP-12944,HIRE,2022-02-21,,سموحة,9156,0
EMP-11279,PROMOTION,2022-02-21,9066,15436,15436,0
EMP-11031,TERMINATION,2022-02-21,ACTIVE,Fired,13956,1
EMP-10897,PROMOTION,2022-02-21,15788,20655,20655,0
EMP-10622,HIRE,2022-02-22,,بورسعيد,16406,0
EMP-10760,HIRE,2022-02-22,,القاهرة - التجمع الخامس,15652,0
EMP-16732,PROMOTION,2022-02-23,9144,16596,16596,0
EMP-12179,PROMOTION,2022-02-23,17577,22243,22243,0
EMP-10823,HIRE,2022-02-23,,الدقي,7732,0
EMP-13862,PROMOTION,2022-02-23,9848,12267,12267,0
EMP-16805,TRANSFER,2022-02-23,الجيزة - الدقي,الاسكندرية سموحة,12221,0
EMP-14935,HIRE,2022-02-23,,القاهرة - التجمع الخامس,14870,0
EMP-16714,PROMOTION,2022-02-24,11890,13900,13900,0
EMP-15192,TRANSFER,2022-02-24,القاهرة - المعادي,سموحة,16169,0
EMP-15945,TRANSFER,2022-02-24,بورسعيد,القاهره المعادي,13757,0
EMP-11589,PROMOTION,2022-02-24,14432,18748,18748,0
EMP-16745,TERMINATION,2022-02-24,ACTIVE,Fired,16562,1
EMP-15855,TRANSFER,2022-02-24,القاهره المعادي,القاهرة - التجمع الخامس,13305,0
EMP-11537,HIRE,2022-02-25,,القاهره المعادي,15131,0
EMP-12924,TRANSFER,2022-02-25,الإسكندرية - سموحة,الإسكندرية - سموحة,7847,0
EMP-12527,TRANSFER,2022-02-25,بورسعيد - الشرق,سموحة,10355,0
EMP-11247,TRANSFER,2022-02-25,سموحة,فرع المعادي,8786,0
EMP-10511,HIRE,2022-02-26,,التجمع,19331,0
EMP-14383,TERMINATION,2022-02-26,ACTIVE,NULL,14736,1
EMP-10715,TRANSFER,2022-02-26,فرع المعادي,القاهرة - التجمع الخامس,19275,0
EMP-15700,HIRE,2022-02-26,,بورسعيد,15101,0
EMP-15687,TERMINATION,2022-02-26,ACTIVE,Resignation,17736,1
EMP-14911,HIRE,2022-02-26,,القاهرة - التجمع الخامس,8514,0
EMP-14004,TRANSFER,2022-02-26,فرع المعادي,بورسعيد - الشرق,10881,0
EMP-10097,HIRE,2022-02-27,,بورسعيد - الشرق,17891,0
EMP-14180,HIRE,2022-02-28,,القاهرة - المعادي,16148,0
EMP-10712,HIRE,2022-03-01,,القاهرة - المعادي,12317,0
EMP-11770,TRANSFER,2022-03-01,بورسعيد - الشرق,الجيزة - الدقي,15092,0
EMP-13303,HIRE,2022-03-02,,بورسعيد - الشرق,14804,0
EMP-14472,PROMOTION,2022-03-02,10951,16165,16165,0
EMP-14073,PROMOTION,2022-03-02,13817,19773,19773,0
EMP-11116,HIRE,2022-03-02,,القاهره المعادي,8616,0
EMP-13754,HIRE,2022-03-02,,القاهره المعادي,16424,0
EMP-14246,TERMINATION,2022-03-02,ACTIVE,Fired,18414,1
EMP-15552,HIRE,2022-03-03,,التجمع,19137,0
EMP-14331,PROMOTION,2022-03-03,11107,13599,13599,0
EMP-15715,HIRE,2022-03-03,,الدقي,14747,0
EMP-11421,TERMINATION,2022-03-03,ACTIVE,Fired,9989,1
EMP-16924,TRANSFER,2022-03-03,القاهرة - المعادي,بورسعيد - الشرق,12041,0
EMP-15603,HIRE,2022-03-04,,بورسعيد,12970,0
EMP-13075,PROMOTION,2022-03-04,10506,13960,13960,0
EMP-12169,HIRE,2022-03-05,,الجيزة - الدقي,17741,0
EMP-11294,HIRE,2022-03-05,,سموحة,7444,0
EMP-15555,TRANSFER,2022-03-06,الإسكندرية - سموحة,الجيزة - الدقي,15077,0
EMP-14741,HIRE,2022-03-06,,الدقي,10167,0
EMP-15452,PROMOTION,2022-03-06,10356,13222,13222,0
EMP-13239,HIRE,2022-03-07,,بورسعيد,11526,0
EMP-10246,HIRE,2022-03-07,,فرع المعادي,10878,0
EMP-15556,TRANSFER,2022-03-08,التجمع,القاهرة - المعادي,17330,0
EMP-13367,TRANSFER,2022-03-08,بورسعيد,القاهرة - التجمع الخامس,18769,0
EMP-12241,HIRE,2022-03-08,,بورسعيد - الشرق,14231,0
EMP-15339,HIRE,2022-03-08,,سموحة,19548,0
EMP-14836,HIRE,2022-03-08,,فرع المعادي,19632,0
EMP-16451,TRANSFER,2022-03-09,بورسعيد - الشرق,فرع المعادي,9326,0
EMP-13450,HIRE,2022-03-09,,الإسكندرية - سموحة,14407,0
EMP-12423,PROMOTION,2022-03-09,9614,15412,15412,0
EMP-11355,PROMOTION,2022-03-10,11149,16579,16579,0
EMP-16544,PROMOTION,2022-03-10,19844,27560,27560,0
EMP-13986,PROMOTION,2022-03-10,13100,20886,20886,0
EMP-16782,PROMOTION,2022-03-10,16035,19337,19337,0
EMP-14334,TERMINATION,2022-03-10,ACTIVE,Resignation,18370,1
EMP-15336,TERMINATION,2022-03-11,ACTIVE,Resignation,11045,1
EMP-16987,HIRE,2022-03-12,,الإسكندرية - سموحة,7274,0
EMP-12546,HIRE,2022-03-12,,بورسعيد - الشرق,16492,0
EMP-11012,HIRE,2022-03-12,,الاسكندرية سموحة,18483,0
EMP-11515,HIRE,2022-03-12,,الدقي,12423,0
EMP-12511,TRANSFER,2022-03-12,الإسكندرية - سموحة,القاهره المعادي,19689,0
EMP-14970,HIRE,2022-03-12,,الدقي,8000,0
EMP-10005,TRANSFER,2022-03-12,بورسعيد - الشرق,الإسكندرية - سموحة,8815,0
EMP-15839,HIRE,2022-03-12,,الإسكندرية - سموحة,8382,0
EMP-10749,PROMOTION,2022-03-12,18818,24757,24757,0
EMP-13920,HIRE,2022-03-13,,الإسكندرية - سموحة,14913,0
EMP-10090,HIRE,2022-03-13,,القاهره المعادي,8241,0
EMP-15321,TERMINATION,2022-03-13,ACTIVE,Resignation,8020,1
EMP-12877,PROMOTION,2022-03-13,12515,14866,14866,0
EMP-12373,HIRE,2022-03-13,,سموحة,18550,0
EMP-11754,TRANSFER,2022-03-13,التجمع,سموحة,10528,0
EMP-15955,TRANSFER,2022-03-14,الإسكندرية - سموحة,الاسكندرية سموحة,13360,0
EMP-11548,HIRE,2022-03-14,,الجيزة - الدقي,14169,0
EMP-12894,HIRE,2022-03-14,,القاهره المعادي,14196,0
EMP-14046,TRANSFER,2022-03-14,سموحة,القاهرة - المعادي,9636,0
EMP-14958,TRANSFER,2022-03-14,سموحة,فرع المعادي,7947,0
EMP-16869,PROMOTION,2022-03-15,18439,25700,25700,0
EMP-11087,HIRE,2022-03-15,,الإسكندرية - سموحة,13150,0
EMP-12609,PROMOTION,2022-03-15,16381,19440,19440,0
EMP-15427,HIRE,2022-03-15,,الإسكندرية - سموحة,15389,0
EMP-10507,HIRE,2022-03-16,,بورسعيد,16647,0
EMP-12579,TERMINATION,2022-03-16,ACTIVE,Relocation,11527,1
EMP-10221,HIRE,2022-03-16,,الجيزة - الدقي,14701,0
EMP-15331,HIRE,2022-03-16,,سموحة,9767,0
EMP-13602,TERMINATION,2022-03-16,ACTIVE,Fired,18682,1
EMP-10121,HIRE,2022-03-17,,الإسكندرية - سموحة,17287,0
EMP-11035,HIRE,2022-03-17,,الدقي,13181,0
EMP-11136,PROMOTION,2022-03-17,19900,26958,26958,0
EMP-14230,HIRE,2022-03-17,,الجيزة - الدقي,15854,0
EMP-16830,HIRE,2022-03-17,,التجمع,18744,0
EMP-14148,HIRE,2022-03-18,,بورسعيد - الشرق,13389,0
EMP-10894,HIRE,2022-03-18,,بورسعيد,17684,0
EMP-15828,HIRE,2022-03-19,,الاسكندرية سموحة,10864,0
EMP-15463,HIRE,2022-03-19,,التجمع,19788,0
EMP-13454,HIRE,2022-03-19,,القاهره المعادي,13796,0
EMP-16892,HIRE,2022-03-20,,الجيزة - الدقي,9040,0
EMP-16818,TRANSFER,2022-03-20,الجيزة - الدقي,فرع المعادي,16447,0
EMP-13685,HIRE,2022-03-20,,القاهرة - التجمع الخامس,16359,0
EMP-15953,HIRE,2022-03-20,,القاهرة - التجمع الخامس,12031,0
EMP-13082,HIRE,2022-03-21,,القاهرة - المعادي,12876,0
EMP-12853,HIRE,2022-03-21,,بورسعيد - الشرق,16183,0
EMP-10025,HIRE,2022-03-21,,القاهرة - المعادي,17132,0
EMP-10885,PROMOTION,2022-03-21,12921,18087,18087,0
EMP-11239,TERMINATION,2022-03-22,ACTIVE,NULL,11880,1
EMP-13446,HIRE,2022-03-22,,فرع المعادي,11107,0
EMP-14583,HIRE,2022-03-22,,بورسعيد - الشرق,17183,0
EMP-10402,TRANSFER,2022-03-22,الإسكندرية - سموحة,بورسعيد - الشرق,18610,0
EMP-12881,HIRE,2022-03-23,,فرع المعادي,14216,0
EMP-14527,PROMOTION,2022-03-23,19477,26448,26448,0
EMP-11584,HIRE,2022-03-23,,الجيزة - الدقي,15079,0
EMP-12700,TERMINATION,2022-03-23,ACTIVE,Resignation,16570,1
EMP-13062,HIRE,2022-03-23,,الجيزة - الدقي,11545,0
EMP-12682,HIRE,2022-03-24,,بورسعيد - الشرق,15612,0
EMP-10962,PROMOTION,2022-03-24,7384,10777,10777,0
EMP-15992,HIRE,2022-03-25,,الجيزة - الدقي,18530,0
EMP-13568,PROMOTION,2022-03-25,25165,32076,32076,0
EMP-11870,PROMOTION,2022-03-26,16745,21175,21175,0
EMP-15223,HIRE,2022-03-27,,فرع المعادي,9766,0
EMP-11191,TRANSFER,2022-03-27,بورسعيد - الشرق,بورسعيد,7482,0
EMP-11593,PROMOTION,2022-03-28,11477,16910,16910,0
EMP-11006,PROMOTION,2022-03-28,7185,9302,9302,0
EMP-10674,PROMOTION,2022-03-28,16494,22125,22125,0
EMP-14869,PROMOTION,2022-03-28,8733,12279,12279,0
EMP-15813,HIRE,2022-03-29,,الاسكندرية سموحة,10261,0
EMP-16028,HIRE,2022-03-29,,التجمع,14159,0
EMP-11612,HIRE,2022-03-29,,الجيزة - الدقي,12167,0
EMP-10770,PROMOTION,2022-03-29,13064,15703,15703,0
EMP-14913,HIRE,2022-03-30,,القاهره المعادي,10227,0
EMP-11474,TRANSFER,2022-03-30,القاهرة - التجمع الخامس,القاهرة - التجمع الخامس,9154,0
EMP-15481,PROMOTION,2022-03-30,19987,22806,22806,0
EMP-16291,TERMINATION,2022-03-30,ACTIVE,Resignation,37441,1
EMP-14547,HIRE,2022-03-30,,التجمع,14760,0
EMP-12958,TRANSFER,2022-03-30,القاهرة - المعادي,القاهره المعادي,17588,0
EMP-14731,TRANSFER,2022-03-31,الجيزة - الدقي,سموحة,18590,0
EMP-12250,HIRE,2022-03-31,,فرع المعادي,7777,0
EMP-10960,TRANSFER,2022-03-31,القاهره المعادي,بورسعيد - الشرق,17415,0
EMP-16110,TRANSFER,2022-03-31,القاهرة - التجمع الخامس,سموحة,10078,0
EMP-14384,PROMOTION,2022-03-31,17118,21682,21682,0
EMP-12509,PROMOTION,2022-03-31,8170,14734,14734,0
EMP-15742,HIRE,2022-03-31,,بورسعيد - الشرق,17897,0
EMP-12094,PROMOTION,2022-03-31,17119,23122,23122,0
EMP-13649,HIRE,2022-03-31,,الجيزة - الدقي,9491,0
EMP-14543,HIRE,2022-04-01,,سموحة,17810,0
EMP-12564,TRANSFER,2022-04-01,الإسكندرية - سموحة,بورسعيد - الشرق,14800,0
EMP-12863,PROMOTION,2022-04-01,17209,24527,24527,0
EMP-12692,HIRE,2022-04-01,,القاهرة - التجمع الخامس,17907,0
EMP-10231,HIRE,2022-04-02,,الإسكندرية - سموحة,9335,0
EMP-10925,TERMINATION,2022-04-02,ACTIVE,Fired,19778,1
EMP-11712,HIRE,2022-04-02,,الاسكندرية سموحة,17868,0
EMP-13883,TERMINATION,2022-04-02,ACTIVE,Fired,17156,1
EMP-12955,PROMOTION,2022-04-03,12961,20410,20410,0
EMP-14145,TRANSFER,2022-04-04,التجمع,الاسكندرية سموحة,16111,0
EMP-13497,HIRE,2022-04-04,,التجمع,14829,0
EMP-13197,HIRE,2022-04-04,,فرع المعادي,18962,0
EMP-15090,HIRE,2022-04-04,,بورسعيد,14040,0
EMP-13395,HIRE,2022-04-04,,القاهره المعادي,16245,0
EMP-14689,HIRE,2022-04-05,,القاهرة - التجمع الخامس,14114,0
EMP-14998,HIRE,2022-04-05,,سموحة,13970,0
EMP-16103,HIRE,2022-04-06,,بورسعيد - الشرق,10715,0
EMP-16156,TRANSFER,2022-04-06,القاهرة - المعادي,القاهرة - المعادي,15416,0
EMP-15753,PROMOTION,2022-04-06,7226,12942,12942,0
EMP-11173,TERMINATION,2022-04-06,ACTIVE,NULL,8847,1
EMP-11278,HIRE,2022-04-06,,بورسعيد,17311,0
EMP-16082,HIRE,2022-04-07,,القاهرة - التجمع الخامس,15569,0
EMP-11557,HIRE,2022-04-07,,بورسعيد,11152,0
EMP-11390,HIRE,2022-04-07,,التجمع,19078,0
EMP-10614,HIRE,2022-04-07,,التجمع,8112,0
EMP-10087,HIRE,2022-04-08,,بورسعيد,19654,0
EMP-15540,HIRE,2022-04-08,,فرع المعادي,16634,0
EMP-12153,HIRE,2022-04-08,,بورسعيد - الشرق,9916,0
EMP-16454,HIRE,2022-04-08,,الجيزة - الدقي,8413,0
EMP-10299,TRANSFER,2022-04-09,القاهره المعادي,الجيزة - الدقي,16446,0
EMP-10580,HIRE,2022-04-09,,الجيزة - الدقي,18722,0
EMP-13695,PROMOTION,2022-04-09,14422,19618,19618,0
EMP-12260,PROMOTION,2022-04-10,17406,19573,19573,0
EMP-10638,HIRE,2022-04-10,,القاهره المعادي,8153,0
EMP-16933,HIRE,2022-04-10,,بورسعيد,7976,0
EMP-11227,PROMOTION,2022-04-10,16610,21910,21910,0
EMP-11916,HIRE,2022-04-10,,سموحة,17879,0
EMP-12892,HIRE,2022-04-11,,الاسكندرية سموحة,7219,0
EMP-10201,HIRE,2022-04-11,,الجيزة - الدقي,9127,0
EMP-16269,HIRE,2022-04-11,,سموحة,14824,0
EMP-12097,TRANSFER,2022-04-12,القاهره المعادي,القاهره المعادي,15460,0
EMP-10788,HIRE,2022-04-12,,الإسكندرية - سموحة,14907,0
EMP-12830,HIRE,2022-04-12,,الدقي,18324,0
EMP-11212,PROMOTION,2022-04-12,18575,22510,22510,0
EMP-14791,TRANSFER,2022-04-13,الإسكندرية - سموحة,سموحة,18027,0
EMP-13502,PROMOTION,2022-04-13,19997,25454,25454,0
EMP-10077,TRANSFER,2022-04-13,الاسكندرية سموحة,الجيزة - الدقي,22196,0
EMP-15240,HIRE,2022-04-13,,الإسكندرية - سموحة,16042,0
EMP-10103,PROMOTION,2022-04-13,8853,13460,13460,0
EMP-16167,HIRE,2022-04-14,,بورسعيد,11375,0
EMP-10399,HIRE,2022-04-14,,القاهره المعادي,13011,0
EMP-16051,HIRE,2022-04-14,,الإسكندرية - سموحة,14935,0
EMP-10815,HIRE,2022-04-14,,الدقي,9317,0
EMP-11180,TERMINATION,2022-04-14,ACTIVE,NULL,11529,1
EMP-16378,HIRE,2022-04-15,,القاهرة - المعادي,7204,0
EMP-15556,TERMINATION,2022-04-15,ACTIVE,NULL,17330,1
EMP-13885,TRANSFER,2022-04-17,القاهره المعادي,بورسعيد - الشرق,13121,0
EMP-14724,HIRE,2022-04-17,,القاهره المعادي,8037,0
EMP-15632,HIRE,2022-04-17,,الدقي,15117,0
EMP-14954,PROMOTION,2022-04-17,15140,17836,17836,0
EMP-15438,TRANSFER,2022-04-17,بورسعيد - الشرق,التجمع,15372,0
EMP-13342,PROMOTION,2022-04-17,12446,19483,19483,0
EMP-11158,HIRE,2022-04-18,,القاهره المعادي,13604,0
EMP-13044,PROMOTION,2022-04-18,18850,24598,24598,0
EMP-14796,HIRE,2022-04-18,,التجمع,15400,0
EMP-15527,HIRE,2022-04-19,,بورسعيد,11912,0
EMP-14712,TERMINATION,2022-04-19,ACTIVE,Resignation,20306,1
EMP-15933,HIRE,2022-04-19,,الاسكندرية سموحة,8348,0
EMP-16043,PROMOTION,2022-04-19,9192,11646,11646,0
EMP-16207,TRANSFER,2022-04-20,الدقي,الجيزة - الدقي,13452,0
EMP-10270,PROMOTION,2022-04-21,9501,15929,15929,0
EMP-14868,HIRE,2022-04-21,,بورسعيد - الشرق,12964,0
EMP-15890,HIRE,2022-04-21,,الإسكندرية - سموحة,13715,0
EMP-12089,HIRE,2022-04-21,,فرع المعادي,13447,0
EMP-16993,TRANSFER,2022-04-21,سموحة,التجمع,9997,0
EMP-15582,HIRE,2022-04-22,,الجيزة - الدقي,12687,0
EMP-13709,HIRE,2022-04-22,,الإسكندرية - سموحة,16167,0
EMP-16872,HIRE,2022-04-22,,سموحة,15216,0
EMP-13387,HIRE,2022-04-23,,الإسكندرية - سموحة,16147,0
EMP-11995,TRANSFER,2022-04-23,الجيزة - الدقي,القاهرة - التجمع الخامس,7257,0
EMP-16398,HIRE,2022-04-24,,القاهرة - التجمع الخامس,18462,0
EMP-15785,HIRE,2022-04-24,,التجمع,15791,0
EMP-15263,PROMOTION,2022-04-24,13954,20640,20640,0
EMP-13524,HIRE,2022-04-24,,الاسكندرية سموحة,19693,0
EMP-15083,HIRE,2022-04-24,,فرع المعادي,16048,0
EMP-11812,HIRE,2022-04-24,,بورسعيد - الشرق,16588,0
EMP-14573,PROMOTION,2022-04-25,15289,18513,18513,0
EMP-11906,HIRE,2022-04-25,,الدقي,10291,0
EMP-13240,TERMINATION,2022-04-25,ACTIVE,Relocation,14912,1
EMP-12492,HIRE,2022-04-25,,القاهرة - التجمع الخامس,17234,0
EMP-13701,HIRE,2022-04-25,,الإسكندرية - سموحة,15987,0
EMP-12923,TRANSFER,2022-04-27,الإسكندرية - سموحة,التجمع,14365,0
EMP-10981,HIRE,2022-04-27,,القاهرة - المعادي,10089,0
EMP-11075,PROMOTION,2022-04-27,10008,17562,17562,0
EMP-13878,PROMOTION,2022-04-28,10721,16171,16171,0
EMP-11803,PROMOTION,2022-04-28,15533,21994,21994,0
EMP-10905,TRANSFER,2022-04-28,القاهره المعادي,الجيزة - الدقي,20039,0
EMP-12963,HIRE,2022-04-28,,التجمع,16963,0
EMP-16487,TRANSFER,2022-04-29,الاسكندرية سموحة,سموحة,19555,0
EMP-16888,HIRE,2022-04-29,,الإسكندرية - سموحة,7465,0
EMP-16484,TRANSFER,2022-04-29,الجيزة - الدقي,بورسعيد - الشرق,14061,0
EMP-12593,HIRE,2022-04-30,,الإسكندرية - سموحة,13844,0
EMP-15558,PROMOTION,2022-04-30,15510,20798,20798,0
EMP-13834,PROMOTION,2022-04-30,9739,17625,17625,0
EMP-16354,HIRE,2022-04-30,,القاهره المعادي,10775,0
EMP-14126,HIRE,2022-04-30,,الدقي,8859,0
EMP-10999,HIRE,2022-04-30,,فرع المعادي,17987,0
EMP-12423,PROMOTION,2022-04-30,15412,19969,19969,0
EMP-16975,PROMOTION,2022-05-01,8900,13409,13409,0
EMP-13825,HIRE,2022-05-01,,الإسكندرية - سموحة,8172,0
EMP-12999,PROMOTION,2022-05-01,17398,19722,19722,0
EMP-11948,PROMOTION,2022-05-01,7410,10365,10365,0
EMP-11485,HIRE,2022-05-02,,سموحة,15685,0
EMP-11555,HIRE,2022-05-02,,الإسكندرية - سموحة,14948,0
EMP-11286,HIRE,2022-05-02,,بورسعيد,8111,0
EMP-11667,HIRE,2022-05-03,,القاهرة - التجمع الخامس,16602,0
EMP-15559,HIRE,2022-05-03,,الاسكندرية سموحة,10911,0
EMP-12135,HIRE,2022-05-03,,فرع المعادي,17441,0
EMP-12820,HIRE,2022-05-03,,القاهرة - التجمع الخامس,11436,0
EMP-15973,HIRE,2022-05-03,,سموحة,17902,0
EMP-10213,TRANSFER,2022-05-04,الدقي,القاهرة - المعادي,12295,0
EMP-11037,HIRE,2022-05-04,,الجيزة - الدقي,9913,0
EMP-11899,HIRE,2022-05-04,,بورسعيد - الشرق,19495,0
EMP-11327,HIRE,2022-05-04,,التجمع,11590,0
EMP-15256,TRANSFER,2022-05-04,الدقي,سموحة,17765,0
EMP-11806,TERMINATION,2022-05-04,ACTIVE,NULL,18586,1
EMP-16116,TERMINATION,2022-05-04,ACTIVE,NULL,12032,1
EMP-16785,HIRE,2022-05-04,,الاسكندرية سموحة,19414,0
EMP-13703,PROMOTION,2022-05-04,12137,14751,14751,0
EMP-13345,PROMOTION,2022-05-05,12867,15750,15750,0
EMP-11867,HIRE,2022-05-05,,القاهرة - المعادي,13565,0
EMP-16749,HIRE,2022-05-05,,سموحة,9536,0
EMP-10059,HIRE,2022-05-05,,التجمع,8955,0
EMP-10480,TERMINATION,2022-05-05,ACTIVE,NULL,12057,1
EMP-11520,TERMINATION,2022-05-06,ACTIVE,NULL,16563,1
EMP-16700,HIRE,2022-05-06,,الجيزة - الدقي,16262,0
EMP-14816,TRANSFER,2022-05-06,التجمع,فرع المعادي,18713,0
EMP-16924,TERMINATION,2022-05-06,ACTIVE,Fired,12041,1
EMP-11669,TRANSFER,2022-05-06,بورسعيد,القاهرة - المعادي,14592,0
EMP-14127,PROMOTION,2022-05-06,12353,19763,19763,0
EMP-12749,HIRE,2022-05-07,,الجيزة - الدقي,12340,0
EMP-13025,HIRE,2022-05-07,,الإسكندرية - سموحة,15892,0
EMP-15624,HIRE,2022-05-07,,الاسكندرية سموحة,19567,0
EMP-11718,PROMOTION,2022-05-07,24120,26368,26368,0
EMP-10285,PROMOTION,2022-05-07,15974,23421,23421,0
EMP-15614,PROMOTION,2022-05-08,7286,14492,14492,0
EMP-12591,TRANSFER,2022-05-08,القاهرة - المعادي,بورسعيد - الشرق,14059,0
EMP-11071,PROMOTION,2022-05-08,7722,14859,14859,0
EMP-13269,HIRE,2022-05-08,,فرع المعادي,19995,0
EMP-14132,TERMINATION,2022-05-09,ACTIVE,NULL,13596,1
EMP-11912,PROMOTION,2022-05-09,19942,22238,22238,0
EMP-16371,PROMOTION,2022-05-09,18930,22475,22475,0
EMP-13606,TERMINATION,2022-05-09,ACTIVE,Relocation,17240,1
EMP-16302,HIRE,2022-05-09,,الإسكندرية - سموحة,13791,0
EMP-11392,HIRE,2022-05-09,,التجمع,12766,0
EMP-11038,PROMOTION,2022-05-10,15807,22002,22002,0
EMP-14979,PROMOTION,2022-05-10,10582,18078,18078,0
EMP-14402,HIRE,2022-05-10,,سموحة,8763,0
EMP-12540,TRANSFER,2022-05-10,بورسعيد,بورسعيد,10377,0
EMP-11022,PROMOTION,2022-05-10,15517,22978,22978,0
EMP-15994,HIRE,2022-05-11,,القاهرة - المعادي,14914,0
EMP-16335,TRANSFER,2022-05-11,القاهرة - المعادي,القاهرة - التجمع الخامس,17683,0
EMP-14543,TERMINATION,2022-05-11,ACTIVE,Relocation,17810,1
EMP-16534,PROMOTION,2022-05-11,18284,23431,23431,0
EMP-15916,HIRE,2022-05-11,,القاهرة - التجمع الخامس,11514,0
EMP-14946,TERMINATION,2022-05-11,ACTIVE,Relocation,16816,1
EMP-10648,HIRE,2022-05-11,,فرع المعادي,11495,0
EMP-16013,PROMOTION,2022-05-12,8139,13178,13178,0
EMP-16013,PROMOTION,2022-05-12,8139,13178,13178,0
EMP-16710,HIRE,2022-05-13,,القاهرة - التجمع الخامس,7984,0
EMP-13647,HIRE,2022-05-13,,بورسعيد - الشرق,7904,0
EMP-13812,HIRE,2022-05-14,,القاهرة - التجمع الخامس,16244,0
EMP-15221,TRANSFER,2022-05-14,سموحة,الدقي,11040,0
EMP-13892,TRANSFER,2022-05-15,الدقي,القاهره المعادي,18097,0
EMP-15042,HIRE,2022-05-15,,التجمع,17615,0
EMP-16831,PROMOTION,2022-05-15,18323,25931,25931,0
EMP-15929,TRANSFER,2022-05-15,فرع المعادي,بورسعيد,13312,0
EMP-13493,HIRE,2022-05-15,,القاهرة - المعادي,11951,0
EMP-11941,HIRE,2022-05-16,,القاهره المعادي,19470,0
EMP-12360,TRANSFER,2022-05-16,الاسكندرية سموحة,القاهره المعادي,10472,0
EMP-11479,TERMINATION,2022-05-16,ACTIVE,NULL,12844,1
EMP-10969,TRANSFER,2022-05-17,الدقي,القاهرة - المعادي,7312,0
EMP-13363,PROMOTION,2022-05-17,16896,24355,24355,0
EMP-16795,HIRE,2022-05-17,,سموحة,8517,0
EMP-15267,PROMOTION,2022-05-17,13918,17074,17074,0
EMP-14668,PROMOTION,2022-05-17,7664,14921,14921,0
EMP-12943,HIRE,2022-05-17,,بورسعيد - الشرق,15698,0
EMP-13409,TRANSFER,2022-05-18,الدقي,القاهرة - المعادي,19750,0
EMP-11931,HIRE,2022-05-18,,التجمع,19790,0
EMP-15231,HIRE,2022-05-18,,القاهرة - المعادي,19762,0
EMP-12483,PROMOTION,2022-05-19,12713,19248,19248,0
EMP-10621,HIRE,2022-05-19,,القاهره المعادي,10172,0
EMP-14993,HIRE,2022-05-19,,القاهره المعادي,16994,0
EMP-13756,PROMOTION,2022-05-19,7335,13744,13744,0
EMP-14805,HIRE,2022-05-19,,القاهرة - التجمع الخامس,14026,0
EMP-10110,HIRE,2022-05-19,,القاهرة - التجمع الخامس,12361,0
EMP-16386,HIRE,2022-05-19,,التجمع,12172,0
EMP-10864,HIRE,2022-05-20,,القاهرة - المعادي,19812,0
EMP-14528,HIRE,2022-05-20,,الدقي,12908,0
EMP-12706,TERMINATION,2022-05-20,ACTIVE,Fired,10664,1
EMP-12572,HIRE,2022-05-21,,الجيزة - الدقي,7549,0
EMP-13388,PROMOTION,2022-05-21,15358,21188,21188,0
EMP-11996,HIRE,2022-05-21,,القاهرة - التجمع الخامس,18096,0
EMP-12955,TRANSFER,2022-05-21,القاهرة - التجمع الخامس,بورسعيد,20410,0
EMP-11958,TRANSFER,2022-05-21,الدقي,القاهره المعادي,18638,0
EMP-13035,TRANSFER,2022-05-21,القاهرة - المعادي,الاسكندرية سموحة,10357,0
EMP-15829,PROMOTION,2022-05-21,16968,24914,24914,0
EMP-13317,PROMOTION,2022-05-22,19146,23479,23479,0
EMP-15260,TERMINATION,2022-05-22,ACTIVE,Relocation,18505,1
EMP-10407,TRANSFER,2022-05-22,الإسكندرية - سموحة,الجيزة - الدقي,12052,0
EMP-10577,TRANSFER,2022-05-22,الجيزة - الدقي,بورسعيد,16444,0
EMP-15315,HIRE,2022-05-22,,القاهرة - المعادي,15741,0
EMP-13029,PROMOTION,2022-05-22,7752,14694,14694,0
EMP-15101,PROMOTION,2022-05-22,8972,11810,11810,0
EMP-16911,TRANSFER,2022-05-22,القاهرة - المعادي,بورسعيد - الشرق,7015,0
EMP-14534,HIRE,2022-05-22,,الجيزة - الدقي,7936,0
EMP-15810,HIRE,2022-05-23,,الاسكندرية سموحة,18650,0
EMP-10980,HIRE,2022-05-23,,الجيزة - الدقي,11986,0
EMP-15107,HIRE,2022-05-24,,القاهرة - التجمع الخامس,15191,0
EMP-12299,HIRE,2022-05-24,,بورسعيد - الشرق,15991,0
EMP-15861,HIRE,2022-05-25,,بورسعيد,18756,0
EMP-13302,HIRE,2022-05-25,,التجمع,12049,0
EMP-10061,HIRE,2022-05-25,,القاهرة - المعادي,19987,0
EMP-11092,PROMOTION,2022-05-25,18755,25348,25348,0
EMP-15772,PROMOTION,2022-05-25,16483,21016,21016,0
EMP-16229,HIRE,2022-05-26,,القاهرة - التجمع الخامس,19085,0
EMP-12165,PROMOTION,2022-05-26,9643,12520,12520,0
EMP-13921,HIRE,2022-05-26,,الإسكندرية - سموحة,10829,0
EMP-15877,HIRE,2022-05-26,,الجيزة - الدقي,8908,0
EMP-10066,TRANSFER,2022-05-27,فرع المعادي,القاهره المعادي,23306,0
EMP-15150,HIRE,2022-05-27,,سموحة,17293,0
EMP-11607,TERMINATION,2022-05-27,ACTIVE,NULL,23414,1
EMP-16064,TERMINATION,2022-05-27,ACTIVE,Relocation,10640,1
EMP-10617,TRANSFER,2022-05-27,الاسكندرية سموحة,سموحة,9503,0
EMP-10052,HIRE,2022-05-27,,القاهرة - التجمع الخامس,8598,0
EMP-14564,TRANSFER,2022-05-27,الإسكندرية - سموحة,بورسعيد,13020,0
EMP-14145,PROMOTION,2022-05-28,16111,23056,23056,0
EMP-11836,TRANSFER,2022-05-28,فرع المعادي,القاهرة - التجمع الخامس,9906,0
EMP-16657,HIRE,2022-05-28,,التجمع,16922,0
EMP-10942,HIRE,2022-05-28,,فرع المعادي,15639,0
EMP-14218,TERMINATION,2022-05-29,ACTIVE,Resignation,18314,1
EMP-15429,TRANSFER,2022-05-29,القاهره المعادي,الاسكندرية سموحة,7467,0
EMP-11721,PROMOTION,2022-05-29,11508,17047,17047,0
EMP-12321,HIRE,2022-05-29,,فرع المعادي,16056,0
EMP-10320,TERMINATION,2022-05-29,ACTIVE,Relocation,18837,1
EMP-10745,TERMINATION,2022-05-29,ACTIVE,Relocation,16956,1
EMP-13123,HIRE,2022-05-29,,الإسكندرية - سموحة,10947,0
EMP-12252,PROMOTION,2022-05-30,23697,31188,31188,0
EMP-10606,TRANSFER,2022-05-30,بورسعيد,الدقي,16026,0
EMP-15699,HIRE,2022-05-31,,الجيزة - الدقي,10060,0
EMP-16824,HIRE,2022-06-01,,سموحة,15782,0
EMP-13593,PROMOTION,2022-06-01,11027,15611,15611,0
EMP-13884,TRANSFER,2022-06-01,بورسعيد - الشرق,فرع المعادي,18347,0
EMP-13874,HIRE,2022-06-01,,الدقي,12906,0
EMP-13301,TERMINATION,2022-06-02,ACTIVE,Relocation,20673,1
EMP-13900,HIRE,2022-06-02,,الجيزة - الدقي,10648,0
EMP-13173,HIRE,2022-06-02,,الإسكندرية - سموحة,12011,0
EMP-13660,HIRE,2022-06-03,,بورسعيد - الشرق,9609,0
EMP-15380,TERMINATION,2022-06-03,ACTIVE,Fired,18172,1
EMP-13154,PROMOTION,2022-06-04,19848,24617,24617,0
EMP-11816,PROMOTION,2022-06-04,16164,22836,22836,0
EMP-10524,HIRE,2022-06-04,,بورسعيد - الشرق,18837,0
EMP-16859,HIRE,2022-06-04,,التجمع,7457,0
EMP-14078,TRANSFER,2022-06-04,القاهرة - التجمع الخامس,الجيزة - الدقي,13422,0
EMP-12919,HIRE,2022-06-04,,القاهره المعادي,8599,0
EMP-12723,HIRE,2022-06-04,,التجمع,10006,0
EMP-11472,TERMINATION,2022-06-05,ACTIVE,Resignation,18364,1
EMP-15244,TRANSFER,2022-06-05,التجمع,التجمع,7413,0
EMP-10322,HIRE,2022-06-05,,الجيزة - الدقي,13827,0
EMP-11704,TRANSFER,2022-06-05,القاهرة - التجمع الخامس,الجيزة - الدقي,22038,0
EMP-13208,TRANSFER,2022-06-07,القاهرة - التجمع الخامس,بورسعيد - الشرق,24577,0
EMP-14999,HIRE,2022-06-07,,القاهرة - المعادي,10831,0
EMP-11333,TERMINATION,2022-06-07,ACTIVE,Resignation,16222,1
EMP-13643,PROMOTION,2022-06-07,7212,13501,13501,0
EMP-14304,TRANSFER,2022-06-07,سموحة,الدقي,12566,0
EMP-16742,HIRE,2022-06-08,,بورسعيد,11703,0
EMP-16735,HIRE,2022-06-08,,التجمع,19800,0
EMP-12505,TRANSFER,2022-06-08,الدقي,الجيزة - الدقي,17736,0
EMP-12624,TRANSFER,2022-06-08,سموحة,سموحة,7061,0
EMP-14418,HIRE,2022-06-09,,بورسعيد - الشرق,13628,0
EMP-14156,TERMINATION,2022-06-09,ACTIVE,NULL,17222,1
EMP-13000,TRANSFER,2022-06-09,الإسكندرية - سموحة,القاهره المعادي,7878,0
EMP-16702,HIRE,2022-06-09,,الإسكندرية - سموحة,7145,0
EMP-12439,PROMOTION,2022-06-09,19808,27000,27000,0
EMP-11857,HIRE,2022-06-09,,الجيزة - الدقي,9335,0
EMP-15284,HIRE,2022-06-09,,الجيزة - الدقي,9932,0
EMP-15053,PROMOTION,2022-06-10,16331,21852,21852,0
EMP-15818,PROMOTION,2022-06-10,9654,12496,12496,0
EMP-14069,HIRE,2022-06-10,,الجيزة - الدقي,17639,0
EMP-16900,HIRE,2022-06-10,,سموحة,10696,0
EMP-11826,HIRE,2022-06-10,,القاهرة - المعادي,18915,0
EMP-12491,HIRE,2022-06-10,,الدقي,18679,0
EMP-10652,HIRE,2022-06-10,,القاهرة - المعادي,14917,0
EMP-12866,TRANSFER,2022-06-11,بورسعيد - الشرق,التجمع,12559,0
EMP-12663,HIRE,2022-06-11,,الدقي,14181,0
EMP-16675,HIRE,2022-06-11,,سموحة,8813,0
EMP-13427,HIRE,2022-06-11,,سموحة,8937,0
EMP-11841,HIRE,2022-06-11,,القاهرة - التجمع الخامس,18741,0
EMP-14657,TRANSFER,2022-06-12,بورسعيد - الشرق,القاهرة - التجمع الخامس,23238,0
EMP-13225,PROMOTION,2022-06-12,10723,16610,16610,0
EMP-14567,PROMOTION,2022-06-12,7379,12528,12528,0
EMP-13367,PROMOTION,2022-06-12,18769,23853,23853,0
EMP-13520,PROMOTION,2022-06-13,19754,25400,25400,0
EMP-14583,TRANSFER,2022-06-13,بورسعيد - الشرق,الإسكندرية - سموحة,17183,0
EMP-11983,TERMINATION,2022-06-13,ACTIVE,Fired,8381,1
EMP-10843,TERMINATION,2022-06-13,ACTIVE,Fired,15410,1
EMP-14173,PROMOTION,2022-06-14,16316,20088,20088,0
EMP-13379,HIRE,2022-06-14,,فرع المعادي,11607,0
EMP-15596,TRANSFER,2022-06-15,الإسكندرية - سموحة,القاهرة - التجمع الخامس,17136,0
EMP-10700,HIRE,2022-06-15,,الاسكندرية سموحة,10998,0
EMP-13814,HIRE,2022-06-15,,القاهرة - التجمع الخامس,8156,0
EMP-16189,HIRE,2022-06-15,,القاهره المعادي,7191,0
EMP-13709,TRANSFER,2022-06-16,الإسكندرية - سموحة,التجمع,16167,0
EMP-11260,HIRE,2022-06-16,,بورسعيد,17952,0
EMP-11371,HIRE,2022-06-17,,القاهرة - المعادي,11647,0
EMP-10461,PROMOTION,2022-06-17,14391,17243,17243,0
EMP-10380,HIRE,2022-06-17,,الجيزة - الدقي,15582,0
EMP-14490,TRANSFER,2022-06-17,الدقي,الدقي,9090,0
EMP-13848,HIRE,2022-06-17,,الدقي,14872,0
EMP-10858,HIRE,2022-06-17,,سموحة,16636,0
EMP-14707,PROMOTION,2022-06-18,7124,12605,12605,0
EMP-10153,PROMOTION,2022-06-18,18460,25147,25147,0
EMP-11377,PROMOTION,2022-06-18,9623,15838,15838,0
EMP-12963,TRANSFER,2022-06-18,التجمع,القاهرة - المعادي,16963,0
EMP-13351,HIRE,2022-06-18,,القاهره المعادي,10415,0
EMP-12111,PROMOTION,2022-06-18,18378,24598,24598,0
EMP-16009,TRANSFER,2022-06-19,سموحة,سموحة,17876,0
EMP-16120,HIRE,2022-06-19,,سموحة,7241,0
EMP-12307,PROMOTION,2022-06-19,14584,21739,21739,0
EMP-14397,TRANSFER,2022-06-19,القاهرة - المعادي,القاهره المعادي,12249,0
EMP-14503,HIRE,2022-06-19,,الإسكندرية - سموحة,8784,0
EMP-13356,TRANSFER,2022-06-19,الجيزة - الدقي,الإسكندرية - سموحة,18932,0
EMP-12883,HIRE,2022-06-20,,الإسكندرية - سموحة,15813,0
EMP-16156,TERMINATION,2022-06-20,ACTIVE,Fired,15416,1
EMP-15117,HIRE,2022-06-21,,بورسعيد - الشرق,12485,0
EMP-10223,HIRE,2022-06-21,,التجمع,9399,0
EMP-16279,HIRE,2022-06-21,,الدقي,16431,0
EMP-12592,TRANSFER,2022-06-21,الاسكندرية سموحة,الإسكندرية - سموحة,25148,0
EMP-11326,HIRE,2022-06-21,,الجيزة - الدقي,14448,0
EMP-15222,TRANSFER,2022-06-21,التجمع,بورسعيد - الشرق,13590,0
EMP-16957,HIRE,2022-06-21,,القاهرة - التجمع الخامس,8480,0
EMP-12859,HIRE,2022-06-22,,القاهرة - التجمع الخامس,7760,0
EMP-11212,TERMINATION,2022-06-22,ACTIVE,Fired,22510,1
EMP-11138,TRANSFER,2022-06-22,فرع المعادي,بورسعيد,12850,0
EMP-12259,HIRE,2022-06-22,,القاهره المعادي,19750,0
EMP-10047,HIRE,2022-06-22,,الجيزة - الدقي,11869,0
EMP-13317,TERMINATION,2022-06-22,ACTIVE,Resignation,23479,1
EMP-12708,HIRE,2022-06-22,,بورسعيد,11370,0
EMP-10856,HIRE,2022-06-22,,التجمع,15047,0
EMP-12688,HIRE,2022-06-23,,بورسعيد,9978,0
EMP-14421,HIRE,2022-06-23,,القاهرة - التجمع الخامس,17137,0
EMP-13382,HIRE,2022-06-23,,القاهرة - المعادي,14453,0
EMP-12463,HIRE,2022-06-24,,القاهره المعادي,11563,0
EMP-14801,PROMOTION,2022-06-24,21483,25564,25564,0
EMP-14225,HIRE,2022-06-24,,فرع المعادي,9466,0
EMP-10168,TRANSFER,2022-06-25,بورسعيد - الشرق,بورسعيد - الشرق,12351,0
EMP-10519,PROMOTION,2022-06-25,25190,28440,28440,0
EMP-14299,HIRE,2022-06-25,,التجمع,19880,0
EMP-15452,TERMINATION,2022-06-25,ACTIVE,Fired,13222,1
EMP-15017,HIRE,2022-06-25,,الجيزة - الدقي,18005,0
EMP-12814,TRANSFER,2022-06-26,الإسكندرية - سموحة,بورسعيد - الشرق,7360,0
EMP-14474,HIRE,2022-06-26,,التجمع,15163,0
EMP-15998,HIRE,2022-06-26,,الاسكندرية سموحة,17634,0
EMP-10755,TRANSFER,2022-06-26,بورسعيد - الشرق,بورسعيد - الشرق,9618,0
EMP-11052,PROMOTION,2022-06-26,11491,18764,18764,0
EMP-15052,PROMOTION,2022-06-27,19584,27445,27445,0
EMP-14853,TRANSFER,2022-06-27,الدقي,الجيزة - الدقي,13569,0
EMP-10799,PROMOTION,2022-06-27,10818,13480,13480,0
EMP-11355,TRANSFER,2022-06-29,الدقي,القاهرة - التجمع الخامس,16579,0
EMP-13081,HIRE,2022-06-30,,الإسكندرية - سموحة,15928,0
EMP-12424,PROMOTION,2022-06-30,17613,20605,20605,0
EMP-13116,HIRE,2022-06-30,,فرع المعادي,12839,0
EMP-13130,HIRE,2022-06-30,,القاهره المعادي,13832,0
EMP-14025,HIRE,2022-07-01,,الجيزة - الدقي,18079,0
EMP-15073,HIRE,2022-07-01,,الجيزة - الدقي,7720,0
EMP-16252,HIRE,2022-07-01,,القاهره المعادي,10249,0
EMP-15895,PROMOTION,2022-07-01,12960,20418,20418,0
EMP-13453,TRANSFER,2022-07-01,الإسكندرية - سموحة,القاهرة - التجمع الخامس,26520,0
EMP-15073,HIRE,2022-07-01,,الجيزة - الدقي,7720,0
EMP-14554,PROMOTION,2022-07-02,14660,21692,21692,0
EMP-14669,TRANSFER,2022-07-02,القاهرة - المعادي,فرع المعادي,11558,0
EMP-11186,HIRE,2022-07-02,,الدقي,15670,0
EMP-10726,PROMOTION,2022-07-03,19374,23517,23517,0
EMP-10849,HIRE,2022-07-03,,الجيزة - الدقي,10347,0
EMP-16543,TERMINATION,2022-07-03,ACTIVE,Relocation,11916,1
EMP-11435,HIRE,2022-07-04,,بورسعيد,10037,0
EMP-12492,TRANSFER,2022-07-04,القاهرة - التجمع الخامس,القاهرة - المعادي,17234,0
EMP-15861,PROMOTION,2022-07-04,18756,24140,24140,0
EMP-16732,TRANSFER,2022-07-05,فرع المعادي,فرع المعادي,16596,0
EMP-11254,HIRE,2022-07-05,,القاهره المعادي,16964,0
EMP-15329,HIRE,2022-07-05,,الإسكندرية - سموحة,16548,0
EMP-11973,HIRE,2022-07-05,,بورسعيد - الشرق,15575,0
EMP-11832,HIRE,2022-07-05,,الجيزة - الدقي,16655,0
EMP-10898,HIRE,2022-07-06,,القاهرة - التجمع الخامس,10985,0
EMP-11877,HIRE,2022-07-06,,الجيزة - الدقي,14661,0
EMP-12644,HIRE,2022-07-06,,التجمع,16872,0
EMP-16618,HIRE,2022-07-07,,بورسعيد,13924,0
EMP-15218,HIRE,2022-07-07,,القاهرة - المعادي,18991,0
EMP-10499,TRANSFER,2022-07-07,الجيزة - الدقي,الاسكندرية سموحة,18643,0
EMP-14242,TERMINATION,2022-07-08,ACTIVE,Resignation,13234,1
EMP-14808,HIRE,2022-07-08,,القاهرة - المعادي,14396,0
EMP-12934,PROMOTION,2022-07-08,9872,12372,12372,0
EMP-13131,HIRE,2022-07-09,,الاسكندرية سموحة,8105,0
EMP-16267,HIRE,2022-07-09,,الاسكندرية سموحة,15306,0
EMP-12320,PROMOTION,2022-07-09,19008,25974,25974,0
EMP-15205,HIRE,2022-07-09,,بورسعيد,15348,0
EMP-14231,TRANSFER,2022-07-09,بورسعيد,فرع المعادي,7067,0
EMP-13600,PROMOTION,2022-07-09,15831,22183,22183,0
EMP-12782,TERMINATION,2022-07-10,ACTIVE,Fired,20906,1
EMP-16888,TRANSFER,2022-07-10,الإسكندرية - سموحة,سموحة,7465,0
EMP-11727,TRANSFER,2022-07-10,القاهره المعادي,الإسكندرية - سموحة,12007,0
EMP-15742,TRANSFER,2022-07-10,بورسعيد - الشرق,بورسعيد - الشرق,17897,0
EMP-15733,HIRE,2022-07-10,,الدقي,11342,0
EMP-14227,HIRE,2022-07-10,,القاهرة - المعادي,17705,0
EMP-14268,HIRE,2022-07-10,,التجمع,10865,0
EMP-10322,TERMINATION,2022-07-10,ACTIVE,NULL,13827,1
EMP-11748,PROMOTION,2022-07-10,11255,17525,17525,0
EMP-12195,HIRE,2022-07-11,,القاهره المعادي,11543,0
EMP-13575,HIRE,2022-07-11,,التجمع,17912,0
EMP-10366,HIRE,2022-07-11,,التجمع,14164,0
EMP-13195,HIRE,2022-07-11,,القاهرة - المعادي,9223,0
EMP-14514,HIRE,2022-07-12,,الجيزة - الدقي,15174,0
EMP-11573,TRANSFER,2022-07-12,بورسعيد,الدقي,17411,0
EMP-15022,HIRE,2022-07-12,,الجيزة - الدقي,18947,0
EMP-11390,PROMOTION,2022-07-13,19078,21382,21382,0
EMP-13093,HIRE,2022-07-13,,الإسكندرية - سموحة,15011,0
EMP-11634,HIRE,2022-07-13,,سموحة,18010,0
EMP-12573,HIRE,2022-07-13,,سموحة,14514,0
EMP-16370,HIRE,2022-07-13,,القاهرة - التجمع الخامس,11031,0
EMP-14263,HIRE,2022-07-14,,بورسعيد - الشرق,8922,0
EMP-16502,HIRE,2022-07-15,,القاهره المعادي,14402,0
EMP-13406,TRANSFER,2022-07-15,بورسعيد,الاسكندرية سموحة,13740,0
EMP-15033,HIRE,2022-07-15,,الإسكندرية - سموحة,14640,0
EMP-15803,TERMINATION,2022-07-16,ACTIVE,Fired,15687,1
EMP-12613,TRANSFER,2022-07-16,بورسعيد,القاهرة - المعادي,18761,0
EMP-16382,HIRE,2022-07-16,,سموحة,12819,0
EMP-16382,HIRE,2022-07-16,,سموحة,12819,0
EMP-10122,TRANSFER,2022-07-16,بورسعيد,سموحة,15934,0
EMP-10929,TERMINATION,2022-07-17,ACTIVE,Resignation,12664,1
EMP-11675,PROMOTION,2022-07-18,13826,17387,17387,0
EMP-12243,HIRE,2022-07-18,,فرع المعادي,16231,0
EMP-11135,HIRE,2022-07-18,,القاهرة - التجمع الخامس,16494,0
EMP-15928,HIRE,2022-07-18,,الدقي,13371,0
EMP-10963,HIRE,2022-07-19,,الجيزة - الدقي,18298,0
EMP-12499,PROMOTION,2022-07-20,9508,15076,15076,0
EMP-14333,HIRE,2022-07-20,,فرع المعادي,11736,0
EMP-14237,TRANSFER,2022-07-20,الإسكندرية - سموحة,الدقي,12159,0
EMP-13571,PROMOTION,2022-07-20,9775,12661,12661,0
EMP-14193,TERMINATION,2022-07-20,ACTIVE,Resignation,14463,1
EMP-12699,HIRE,2022-07-20,,بورسعيد - الشرق,8427,0
EMP-12544,TRANSFER,2022-07-21,التجمع,فرع المعادي,10812,0
EMP-16318,HIRE,2022-07-21,,بورسعيد - الشرق,18078,0
EMP-13309,TRANSFER,2022-07-21,الإسكندرية - سموحة,سموحة,15825,0
EMP-13706,TERMINATION,2022-07-22,ACTIVE,NULL,7988,1
EMP-11347,HIRE,2022-07-23,,سموحة,19085,0
EMP-16982,TRANSFER,2022-07-23,القاهرة - التجمع الخامس,القاهرة - المعادي,17654,0
EMP-13418,TRANSFER,2022-07-23,بورسعيد - الشرق,الدقي,16169,0
EMP-11817,HIRE,2022-07-23,,بورسعيد,12362,0
EMP-12897,PROMOTION,2022-07-23,14176,17395,17395,0
EMP-13013,TRANSFER,2022-07-24,الجيزة - الدقي,الاسكندرية سموحة,8366,0
EMP-11227,TRANSFER,2022-07-24,القاهره المعادي,القاهرة - التجمع الخامس,21910,0
EMP-14568,TRANSFER,2022-07-24,سموحة,التجمع,8253,0
EMP-13675,HIRE,2022-07-24,,بورسعيد - الشرق,18433,0
EMP-13687,HIRE,2022-07-24,,بورسعيد,10127,0
EMP-11518,TRANSFER,2022-07-24,التجمع,سموحة,16044,0
EMP-13670,HIRE,2022-07-24,,التجمع,14931,0
EMP-11491,HIRE,2022-07-26,,الاسكندرية سموحة,10168,0
EMP-11177,TRANSFER,2022-07-26,فرع المعادي,القاهرة - التجمع الخامس,12281,0
EMP-11834,HIRE,2022-07-27,,التجمع,19089,0
EMP-10870,TRANSFER,2022-07-27,بورسعيد,بورسعيد,8366,0
EMP-13315,HIRE,2022-07-27,,الجيزة - الدقي,14907,0
EMP-13035,TRANSFER,2022-07-27,الاسكندرية سموحة,الجيزة - الدقي,10357,0
EMP-13102,PROMOTION,2022-07-27,12833,15138,15138,0
EMP-13095,HIRE,2022-07-28,,بورسعيد,19510,0
EMP-12366,PROMOTION,2022-07-28,11873,19772,19772,0
EMP-13971,TRANSFER,2022-07-28,الجيزة - الدقي,فرع المعادي,19937,0
EMP-11484,HIRE,2022-07-28,,الدقي,15293,0
EMP-10913,HIRE,2022-07-29,,بورسعيد - الشرق,11801,0
EMP-13815,HIRE,2022-07-29,,الإسكندرية - سموحة,11910,0
EMP-12860,HIRE,2022-07-29,,التجمع,14391,0
EMP-12655,HIRE,2022-07-29,,الدقي,9893,0
EMP-11697,HIRE,2022-07-29,,سموحة,9563,0
EMP-12503,TRANSFER,2022-07-29,سموحة,سموحة,15684,0
EMP-13990,TRANSFER,2022-07-29,بورسعيد - الشرق,القاهرة - المعادي,10900,0
EMP-14729,HIRE,2022-07-31,,القاهره المعادي,9510,0
EMP-13638,HIRE,2022-07-31,,القاهرة - التجمع الخامس,17434,0
EMP-13959,TRANSFER,2022-07-31,القاهرة - التجمع الخامس,بورسعيد,18129,0
EMP-14864,HIRE,2022-08-01,,الجيزة - الدقي,9370,0
EMP-12743,TRANSFER,2022-08-01,الجيزة - الدقي,الدقي,18475,0
EMP-16925,PROMOTION,2022-08-01,15521,19197,19197,0
EMP-12620,HIRE,2022-08-01,,الاسكندرية سموحة,9871,0
EMP-12830,TRANSFER,2022-08-01,الدقي,القاهره المعادي,18324,0
EMP-10405,PROMOTION,2022-08-01,8117,15711,15711,0
EMP-13040,HIRE,2022-08-02,,الاسكندرية سموحة,7273,0
EMP-14077,HIRE,2022-08-02,,القاهره المعادي,7923,0
EMP-10332,HIRE,2022-08-02,,الدقي,7543,0
EMP-14646,HIRE,2022-08-02,,سموحة,17019,0
EMP-10853,HIRE,2022-08-02,,القاهرة - المعادي,11855,0
EMP-10179,HIRE,2022-08-02,,القاهرة - التجمع الخامس,18833,0
EMP-13784,TERMINATION,2022-08-03,ACTIVE,Resignation,18628,1
EMP-13222,HIRE,2022-08-03,,القاهره المعادي,13560,0
EMP-10879,HIRE,2022-08-04,,بورسعيد,16377,0
EMP-16210,HIRE,2022-08-05,,بورسعيد,18899,0
EMP-12999,PROMOTION,2022-08-05,19722,23226,23226,0
EMP-13385,HIRE,2022-08-05,,سموحة,9136,0
EMP-16361,HIRE,2022-08-06,,سموحة,17457,0
EMP-11407,HIRE,2022-08-06,,بورسعيد,13749,0
EMP-16181,PROMOTION,2022-08-06,13544,17956,17956,0
EMP-11288,HIRE,2022-08-07,,بورسعيد,19985,0
EMP-14244,HIRE,2022-08-07,,بورسعيد - الشرق,17916,0
EMP-14225,PROMOTION,2022-08-07,9466,15597,15597,0
EMP-14974,HIRE,2022-08-07,,فرع المعادي,19662,0
EMP-11673,HIRE,2022-08-07,,الاسكندرية سموحة,12769,0
EMP-13092,TRANSFER,2022-08-07,بورسعيد,القاهرة - التجمع الخامس,7648,0
EMP-12864,TRANSFER,2022-08-07,بورسعيد,القاهره المعادي,7587,0
EMP-15479,HIRE,2022-08-07,,سموحة,11051,0
EMP-14937,HIRE,2022-08-08,,القاهرة - التجمع الخامس,17141,0
EMP-13433,TRANSFER,2022-08-08,بورسعيد,الجيزة - الدقي,8956,0
EMP-11236,HIRE,2022-08-08,,بورسعيد,11987,0
EMP-12437,PROMOTION,2022-08-09,17081,20593,20593,0
EMP-13342,TERMINATION,2022-08-09,ACTIVE,NULL,19483,1
EMP-15984,TRANSFER,2022-08-09,القاهرة - التجمع الخامس,القاهره المعادي,9626,0
EMP-12357,HIRE,2022-08-09,,الدقي,7372,0
EMP-10230,PROMOTION,2022-08-09,7255,12425,12425,0
EMP-15513,HIRE,2022-08-10,,الإسكندرية - سموحة,8731,0
EMP-16329,HIRE,2022-08-10,,بورسعيد,18153,0
EMP-11182,HIRE,2022-08-10,,القاهرة - التجمع الخامس,17740,0
EMP-10626,PROMOTION,2022-08-10,28642,31783,31783,0
EMP-14824,HIRE,2022-08-10,,الدقي,18292,0
EMP-16806,HIRE,2022-08-11,,الدقي,19956,0
EMP-14200,HIRE,2022-08-11,,الاسكندرية سموحة,11124,0
EMP-11601,HIRE,2022-08-11,,بورسعيد - الشرق,9608,0
EMP-10544,TERMINATION,2022-08-11,ACTIVE,NULL,15608,1
EMP-12569,PROMOTION,2022-08-11,17072,24694,24694,0
EMP-12906,TRANSFER,2022-08-11,بورسعيد - الشرق,الدقي,19694,0
EMP-11024,HIRE,2022-08-12,,بورسعيد - الشرق,18302,0
EMP-11876,PROMOTION,2022-08-12,11099,15648,15648,0
EMP-13121,PROMOTION,2022-08-12,19860,25795,25795,0
EMP-13319,HIRE,2022-08-12,,سموحة,15492,0
EMP-13999,TERMINATION,2022-08-13,ACTIVE,NULL,11661,1
EMP-15361,HIRE,2022-08-13,,القاهرة - المعادي,9288,0
EMP-15016,PROMOTION,2022-08-13,11317,19148,19148,0
EMP-12873,HIRE,2022-08-13,,فرع المعادي,9092,0
EMP-14221,HIRE,2022-08-13,,القاهرة - المعادي,18058,0
EMP-12660,PROMOTION,2022-08-13,12691,17939,17939,0
EMP-16919,PROMOTION,2022-08-13,24548,31755,31755,0
EMP-12628,HIRE,2022-08-14,,الجيزة - الدقي,14965,0
EMP-11502,TRANSFER,2022-08-14,الإسكندرية - سموحة,التجمع,10426,0
EMP-11035,TRANSFER,2022-08-14,الدقي,التجمع,13181,0
EMP-11490,PROMOTION,2022-08-14,10035,16114,16114,0
EMP-10791,HIRE,2022-08-15,,فرع المعادي,15190,0
EMP-16626,TRANSFER,2022-08-15,الدقي,فرع المعادي,10874,0
EMP-10711,HIRE,2022-08-15,,فرع المعادي,11069,0
EMP-11993,TRANSFER,2022-08-15,القاهرة - المعادي,سموحة,9098,0
EMP-16826,TRANSFER,2022-08-16,القاهرة - التجمع الخامس,سموحة,20959,0
EMP-15329,TRANSFER,2022-08-16,الإسكندرية - سموحة,الاسكندرية سموحة,16548,0
EMP-16219,HIRE,2022-08-16,,الدقي,7343,0
EMP-15998,TRANSFER,2022-08-16,الاسكندرية سموحة,التجمع,17634,0
EMP-11059,PROMOTION,2022-08-16,19634,21818,21818,0
EMP-11314,HIRE,2022-08-17,,بورسعيد - الشرق,14115,0
EMP-12201,HIRE,2022-08-18,,القاهره المعادي,12413,0
EMP-14327,TERMINATION,2022-08-18,ACTIVE,Fired,11067,1
EMP-10138,HIRE,2022-08-18,,الجيزة - الدقي,15966,0
EMP-10395,HIRE,2022-08-18,,الإسكندرية - سموحة,12690,0
EMP-11674,TERMINATION,2022-08-19,ACTIVE,Relocation,18882,1
EMP-14789,PROMOTION,2022-08-19,26867,29898,29898,0
EMP-10919,HIRE,2022-08-20,,القاهرة - التجمع الخامس,7789,0
EMP-11081,TRANSFER,2022-08-20,فرع المعادي,القاهرة - المعادي,17328,0
EMP-12837,PROMOTION,2022-08-20,19688,27174,27174,0
EMP-14684,TERMINATION,2022-08-21,ACTIVE,NULL,37318,1
EMP-12347,HIRE,2022-08-21,,التجمع,18112,0
EMP-10355,HIRE,2022-08-21,,القاهره المعادي,16487,0
EMP-15184,TRANSFER,2022-08-21,الاسكندرية سموحة,القاهرة - التجمع الخامس,22764,0
EMP-12342,TRANSFER,2022-08-21,بورسعيد - الشرق,الدقي,13601,0
EMP-15590,HIRE,2022-08-21,,القاهره المعادي,14032,0
EMP-10345,PROMOTION,2022-08-22,12057,19291,19291,0
EMP-11596,HIRE,2022-08-22,,الاسكندرية سموحة,13318,0
EMP-11567,HIRE,2022-08-22,,الاسكندرية سموحة,8132,0
EMP-16473,PROMOTION,2022-08-22,10281,16040,16040,0
EMP-15737,PROMOTION,2022-08-22,15827,22259,22259,0
EMP-13717,PROMOTION,2022-08-22,23221,27439,27439,0
EMP-12039,HIRE,2022-08-22,,بورسعيد - الشرق,13358,0
EMP-10824,HIRE,2022-08-22,,التجمع,15381,0
EMP-13893,HIRE,2022-08-23,,سموحة,15676,0
EMP-12091,HIRE,2022-08-23,,الدقي,11634,0
EMP-16301,HIRE,2022-08-24,,التجمع,10741,0
EMP-14333,TERMINATION,2022-08-25,ACTIVE,NULL,11736,1
EMP-12439,TRANSFER,2022-08-25,القاهرة - المعادي,القاهره المعادي,27000,0
EMP-13805,HIRE,2022-08-26,,بورسعيد,15403,0
EMP-13358,TRANSFER,2022-08-26,القاهرة - المعادي,القاهرة - المعادي,8068,0
EMP-12493,PROMOTION,2022-08-26,9755,15047,15047,0
EMP-16035,TERMINATION,2022-08-26,ACTIVE,Fired,20330,1
EMP-14332,HIRE,2022-08-26,,الجيزة - الدقي,9324,0
EMP-15414,HIRE,2022-08-27,,القاهرة - التجمع الخامس,11531,0
EMP-15296,TERMINATION,2022-08-27,ACTIVE,NULL,16250,1
EMP-10231,TERMINATION,2022-08-27,ACTIVE,NULL,9335,1
EMP-13698,HIRE,2022-08-27,,القاهرة - المعادي,9159,0
EMP-14233,HIRE,2022-08-27,,الجيزة - الدقي,9810,0
EMP-15606,HIRE,2022-08-27,,الجيزة - الدقي,7645,0
EMP-16390,PROMOTION,2022-08-27,15172,20246,20246,0
EMP-10782,HIRE,2022-08-28,,بورسعيد,17271,0
EMP-13702,PROMOTION,2022-08-28,20848,28149,28149,0
EMP-10812,HIRE,2022-08-28,,الاسكندرية سموحة,13014,0
EMP-14489,PROMOTION,2022-08-28,19377,23343,23343,0
EMP-11481,HIRE,2022-08-28,,الاسكندرية سموحة,19058,0
EMP-12077,HIRE,2022-08-28,,القاهره المعادي,12688,0
EMP-11537,PROMOTION,2022-08-29,15131,18571,18571,0
EMP-16342,HIRE,2022-08-29,,التجمع,17414,0
EMP-15051,PROMOTION,2022-08-29,15065,19995,19995,0
EMP-15084,HIRE,2022-08-29,,الجيزة - الدقي,19400,0
EMP-11262,HIRE,2022-08-29,,القاهرة - المعادي,11420,0
EMP-10067,TERMINATION,2022-08-29,ACTIVE,NULL,15084,1
EMP-16148,HIRE,2022-08-29,,القاهرة - المعادي,17508,0
EMP-15364,TRANSFER,2022-08-29,الدقي,بورسعيد,9752,0
EMP-12744,PROMOTION,2022-08-30,12080,19302,19302,0
EMP-13915,TRANSFER,2022-08-30,سموحة,بورسعيد - الشرق,14867,0
EMP-12619,HIRE,2022-08-30,,سموحة,16101,0
EMP-10577,TERMINATION,2022-08-30,ACTIVE,Resignation,16444,1
EMP-11548,TRANSFER,2022-08-30,الجيزة - الدقي,الدقي,14169,0
EMP-16123,HIRE,2022-08-31,,بورسعيد,18121,0
EMP-11441,PROMOTION,2022-08-31,13081,16050,16050,0
EMP-15204,PROMOTION,2022-08-31,12971,16669,16669,0
EMP-13675,TRANSFER,2022-08-31,بورسعيد - الشرق,التجمع,18433,0
EMP-16892,TRANSFER,2022-08-31,الجيزة - الدقي,الاسكندرية سموحة,9040,0
EMP-13127,HIRE,2022-08-31,,القاهرة - المعادي,16852,0
EMP-10936,PROMOTION,2022-09-01,12684,19034,19034,0
EMP-11020,HIRE,2022-09-02,,القاهرة - المعادي,12575,0
EMP-14494,HIRE,2022-09-02,,الاسكندرية سموحة,9347,0
EMP-14250,PROMOTION,2022-09-02,23770,27116,27116,0
EMP-14768,HIRE,2022-09-02,,الدقي,9940,0
EMP-15856,HIRE,2022-09-02,,فرع المعادي,15662,0
EMP-16748,HIRE,2022-09-03,,التجمع,13303,0
EMP-13701,TERMINATION,2022-09-03,ACTIVE,Fired,15987,1
EMP-12377,HIRE,2022-09-03,,فرع المعادي,15914,0
EMP-14144,HIRE,2022-09-03,,سموحة,16985,0
EMP-15444,HIRE,2022-09-03,,القاهره المعادي,8053,0
EMP-14614,HIRE,2022-09-03,,بورسعيد,14917,0
EMP-10183,TRANSFER,2022-09-03,القاهرة - المعادي,بورسعيد - الشرق,9731,0
EMP-12991,PROMOTION,2022-09-04,7926,10631,10631,0
EMP-16885,PROMOTION,2022-09-04,24874,31165,31165,0
EMP-12056,PROMOTION,2022-09-04,11164,13217,13217,0
EMP-11619,HIRE,2022-09-04,,التجمع,16498,0
EMP-11890,HIRE,2022-09-04,,بورسعيد - الشرق,16566,0
EMP-11070,HIRE,2022-09-05,,الدقي,10509,0
EMP-13044,TERMINATION,2022-09-05,ACTIVE,Relocation,24598,1
EMP-10323,HIRE,2022-09-05,,التجمع,17553,0
EMP-12023,HIRE,2022-09-05,,القاهرة - المعادي,15310,0
EMP-16831,TERMINATION,2022-09-05,ACTIVE,Relocation,25931,1
EMP-16944,HIRE,2022-09-06,,فرع المعادي,7400,0
EMP-10097,TRANSFER,2022-09-06,بورسعيد - الشرق,القاهرة - التجمع الخامس,17891,0
EMP-10730,HIRE,2022-09-06,,الاسكندرية سموحة,16663,0
EMP-12690,TRANSFER,2022-09-07,فرع المعادي,القاهره المعادي,10381,0
EMP-13776,HIRE,2022-09-07,,القاهرة - التجمع الخامس,12502,0
EMP-13540,HIRE,2022-09-08,,التجمع,8772,0
EMP-16482,HIRE,2022-09-08,,التجمع,15837,0
EMP-12535,TRANSFER,2022-09-08,القاهرة - المعادي,التجمع,9373,0
EMP-16864,HIRE,2022-09-08,,القاهره المعادي,7927,0
EMP-13896,PROMOTION,2022-09-09,19200,21598,21598,0
EMP-15895,TRANSFER,2022-09-09,سموحة,التجمع,20418,0
EMP-16687,TERMINATION,2022-09-10,ACTIVE,Resignation,18874,1
EMP-10588,HIRE,2022-09-10,,الاسكندرية سموحة,10048,0
EMP-16937,HIRE,2022-09-10,,التجمع,12913,0
EMP-11648,PROMOTION,2022-09-11,16103,24034,24034,0
EMP-16356,TRANSFER,2022-09-12,بورسعيد,القاهرة - التجمع الخامس,17839,0
EMP-13292,HIRE,2022-09-12,,الإسكندرية - سموحة,11520,0
EMP-13095,TRANSFER,2022-09-13,بورسعيد,فرع المعادي,19510,0
EMP-10169,TRANSFER,2022-09-13,القاهرة - المعادي,سموحة,12259,0
EMP-11564,HIRE,2022-09-13,,القاهرة - التجمع الخامس,11627,0
EMP-15173,HIRE,2022-09-13,,الجيزة - الدقي,14184,0
EMP-10910,HIRE,2022-09-13,,القاهرة - المعادي,8127,0
EMP-15064,HIRE,2022-09-14,,سموحة,12461,0
EMP-11319,TRANSFER,2022-09-14,فرع المعادي,سموحة,9849,0
EMP-15023,HIRE,2022-09-16,,التجمع,8823,0
EMP-11263,PROMOTION,2022-09-16,11642,15819,15819,0
EMP-10699,TRANSFER,2022-09-16,القاهرة - المعادي,الاسكندرية سموحة,16188,0
EMP-16436,PROMOTION,2022-09-16,9752,14432,14432,0
EMP-10085,TERMINATION,2022-09-17,ACTIVE,NULL,8351,1
EMP-12994,PROMOTION,2022-09-17,10615,16187,16187,0
EMP-10306,TRANSFER,2022-09-17,بورسعيد,القاهره المعادي,14720,0
EMP-13289,TRANSFER,2022-09-17,بورسعيد - الشرق,سموحة,19771,0
EMP-15903,HIRE,2022-09-17,,الإسكندرية - سموحة,14530,0
EMP-15561,PROMOTION,2022-09-17,19316,24050,24050,0
EMP-13336,HIRE,2022-09-18,,التجمع,9859,0
EMP-16126,HIRE,2022-09-18,,الاسكندرية سموحة,18791,0
EMP-15517,HIRE,2022-09-18,,القاهرة - التجمع الخامس,13806,0
EMP-16168,TRANSFER,2022-09-18,القاهرة - التجمع الخامس,القاهرة - التجمع الخامس,15053,0
EMP-11583,PROMOTION,2022-09-19,8268,13706,13706,0
EMP-11571,HIRE,2022-09-19,,الدقي,19899,0
EMP-12692,TERMINATION,2022-09-20,ACTIVE,Relocation,17907,1
EMP-10444,PROMOTION,2022-09-20,8586,15621,15621,0
EMP-10240,PROMOTION,2022-09-20,12539,15754,15754,0
EMP-13868,TRANSFER,2022-09-21,الإسكندرية - سموحة,بورسعيد - الشرق,16966,0
EMP-16233,HIRE,2022-09-21,,بورسعيد - الشرق,8938,0
EMP-10328,HIRE,2022-09-22,,بورسعيد - الشرق,13152,0
EMP-11825,HIRE,2022-09-22,,فرع المعادي,7570,0
EMP-12914,HIRE,2022-09-22,,الدقي,7365,0
EMP-16190,PROMOTION,2022-09-22,15659,23240,23240,0
EMP-12856,TRANSFER,2022-09-23,القاهرة - التجمع الخامس,سموحة,19524,0
EMP-11796,PROMOTION,2022-09-23,9144,16227,16227,0
EMP-10675,HIRE,2022-09-23,,سموحة,8864,0
EMP-13313,HIRE,2022-09-24,,فرع المعادي,14399,0
EMP-14629,HIRE,2022-09-24,,بورسعيد,14181,0
EMP-13325,HIRE,2022-09-24,,الاسكندرية سموحة,12124,0
EMP-15417,HIRE,2022-09-24,,بورسعيد,9420,0
EMP-13191,HIRE,2022-09-25,,بورسعيد - الشرق,10198,0
EMP-12515,HIRE,2022-09-25,,فرع المعادي,14481,0
EMP-16062,HIRE,2022-09-25,,الجيزة - الدقي,18329,0
EMP-11068,HIRE,2022-09-26,,الإسكندرية - سموحة,8168,0
EMP-16324,PROMOTION,2022-09-26,10479,13473,13473,0
EMP-15066,TRANSFER,2022-09-26,فرع المعادي,سموحة,19167,0
EMP-12753,HIRE,2022-09-27,,القاهره المعادي,8719,0
EMP-16368,TRANSFER,2022-09-28,القاهرة - المعادي,سموحة,20383,0
EMP-11347,TRANSFER,2022-09-28,سموحة,الاسكندرية سموحة,19085,0
EMP-10551,TRANSFER,2022-09-28,بورسعيد,القاهرة - المعادي,7448,0
EMP-10342,PROMOTION,2022-09-28,18332,21241,21241,0
EMP-15584,PROMOTION,2022-09-29,11868,15320,15320,0
EMP-11778,HIRE,2022-09-30,,التجمع,15985,0
EMP-11040,HIRE,2022-10-01,,بورسعيد - الشرق,18335,0
EMP-14528,TERMINATION,2022-10-01,ACTIVE,Resignation,12908,1
EMP-12968,PROMOTION,2022-10-01,10661,15214,15214,0
EMP-13542,TERMINATION,2022-10-01,ACTIVE,Relocation,12555,1
EMP-16653,TERMINATION,2022-10-02,ACTIVE,Resignation,12319,1
EMP-14770,TRANSFER,2022-10-02,الدقي,بورسعيد,10918,0
EMP-16653,TERMINATION,2022-10-02,ACTIVE,Resignation,12319,1
EMP-11194,HIRE,2022-10-02,,سموحة,9423,0
EMP-12842,HIRE,2022-10-03,,الجيزة - الدقي,19420,0
EMP-13515,HIRE,2022-10-03,,بورسعيد,7626,0
EMP-14687,HIRE,2022-10-03,,الدقي,16935,0
EMP-14802,PROMOTION,2022-10-03,17585,19988,19988,0
EMP-14731,PROMOTION,2022-10-04,18590,22940,22940,0
EMP-11707,HIRE,2022-10-04,,التجمع,17016,0
EMP-13472,HIRE,2022-10-04,,الإسكندرية - سموحة,13958,0
EMP-13357,HIRE,2022-10-04,,القاهرة - المعادي,14371,0
EMP-15788,HIRE,2022-10-04,,الجيزة - الدقي,13215,0
EMP-13134,TRANSFER,2022-10-05,الجيزة - الدقي,بورسعيد,15628,0
EMP-13949,TRANSFER,2022-10-05,سموحة,الدقي,14074,0
EMP-12679,HIRE,2022-10-06,,التجمع,17962,0
EMP-16858,HIRE,2022-10-06,,التجمع,13999,0
EMP-12144,HIRE,2022-10-06,,بورسعيد - الشرق,9572,0
EMP-16179,HIRE,2022-10-07,,القاهره المعادي,9798,0
EMP-14247,TRANSFER,2022-10-07,القاهره المعادي,القاهرة - المعادي,9620,0
EMP-16674,HIRE,2022-10-08,,التجمع,11184,0
EMP-15050,HIRE,2022-10-08,,الإسكندرية - سموحة,17341,0
EMP-11041,HIRE,2022-10-08,,بورسعيد - الشرق,18654,0
EMP-12943,TRANSFER,2022-10-08,بورسعيد - الشرق,بورسعيد - الشرق,15698,0
EMP-13836,PROMOTION,2022-10-08,7152,9504,9504,0
EMP-13332,HIRE,2022-10-08,,الجيزة - الدقي,16371,0
EMP-15232,PROMOTION,2022-10-08,19414,24046,24046,0
EMP-11148,HIRE,2022-10-08,,التجمع,12564,0
EMP-14521,HIRE,2022-10-09,,سموحة,12579,0
EMP-12152,PROMOTION,2022-10-09,8872,11522,11522,0
EMP-11557,TRANSFER,2022-10-09,بورسعيد,بورسعيد - الشرق,11152,0
EMP-14978,HIRE,2022-10-09,,سموحة,18274,0
EMP-12989,TRANSFER,2022-10-09,القاهره المعادي,الدقي,7453,0
EMP-13151,HIRE,2022-10-09,,القاهرة - التجمع الخامس,15670,0
EMP-11391,HIRE,2022-10-10,,فرع المعادي,7584,0
EMP-10167,PROMOTION,2022-10-10,19938,24797,24797,0
EMP-16016,TRANSFER,2022-10-10,سموحة,بورسعيد,8448,0
EMP-13894,HIRE,2022-10-10,,القاهره المعادي,19872,0
EMP-16487,PROMOTION,2022-10-10,19555,26217,26217,0
EMP-10901,PROMOTION,2022-10-11,22400,26889,26889,0
EMP-16027,HIRE,2022-10-11,,بورسعيد,8750,0
EMP-13572,HIRE,2022-10-11,,الاسكندرية سموحة,10067,0
EMP-10470,TRANSFER,2022-10-11,الاسكندرية سموحة,فرع المعادي,18121,0
EMP-14876,HIRE,2022-10-12,,القاهره المعادي,14953,0
EMP-16774,HIRE,2022-10-12,,التجمع,11418,0
EMP-13080,HIRE,2022-10-12,,القاهره المعادي,15151,0
EMP-14426,PROMOTION,2022-10-12,16982,21811,21811,0
EMP-11237,HIRE,2022-10-13,,الجيزة - الدقي,19543,0
EMP-10946,PROMOTION,2022-10-13,8280,14354,14354,0
EMP-16012,HIRE,2022-10-13,,القاهره المعادي,16412,0
EMP-12060,HIRE,2022-10-13,,القاهرة - المعادي,17860,0
EMP-15288,TERMINATION,2022-10-13,ACTIVE,Relocation,10647,1
EMP-12401,HIRE,2022-10-14,,القاهرة - المعادي,13435,0
EMP-13532,HIRE,2022-10-14,,التجمع,7931,0
EMP-16670,HIRE,2022-10-14,,بورسعيد,14923,0
EMP-14693,HIRE,2022-10-16,,بورسعيد,11453,0
EMP-10700,TRANSFER,2022-10-16,الاسكندرية سموحة,القاهره المعادي,10998,0
EMP-16593,TRANSFER,2022-10-16,الدقي,القاهرة - المعادي,14200,0
EMP-10176,TRANSFER,2022-10-16,سموحة,بورسعيد,7812,0
EMP-13493,TRANSFER,2022-10-17,القاهرة - المعادي,القاهره المعادي,11951,0
EMP-14358,PROMOTION,2022-10-17,13094,15721,15721,0
EMP-11894,PROMOTION,2022-10-18,23377,30954,30954,0
EMP-12272,HIRE,2022-10-18,,الإسكندرية - سموحة,7320,0
EMP-16241,HIRE,2022-10-18,,الاسكندرية سموحة,9056,0
EMP-12853,PROMOTION,2022-10-18,16183,19266,19266,0
EMP-15977,HIRE,2022-10-18,,الإسكندرية - سموحة,10284,0
EMP-16362,HIRE,2022-10-19,,الدقي,14806,0
EMP-11590,HIRE,2022-10-19,,فرع المعادي,18737,0
EMP-13857,HIRE,2022-10-19,,التجمع,8809,0
EMP-13880,PROMOTION,2022-10-19,14699,20884,20884,0
EMP-12371,HIRE,2022-10-20,,الجيزة - الدقي,19568,0
EMP-11182,TRANSFER,2022-10-20,القاهرة - التجمع الخامس,القاهرة - المعادي,17740,0
EMP-16957,PROMOTION,2022-10-20,8480,11311,11311,0
EMP-15490,HIRE,2022-10-20,,الدقي,10627,0
EMP-13477,HIRE,2022-10-21,,بورسعيد - الشرق,9133,0
EMP-16077,HIRE,2022-10-21,,الاسكندرية سموحة,10199,0
EMP-16897,HIRE,2022-10-21,,الإسكندرية - سموحة,15630,0
EMP-16356,TRANSFER,2022-10-21,القاهرة - التجمع الخامس,القاهره المعادي,17839,0
EMP-11171,HIRE,2022-10-21,,سموحة,13037,0
EMP-12996,HIRE,2022-10-22,,بورسعيد,19656,0
EMP-11552,HIRE,2022-10-22,,القاهره المعادي,19450,0
EMP-10353,TRANSFER,2022-10-22,الدقي,سموحة,10043,0
EMP-14435,HIRE,2022-10-22,,الدقي,16064,0
EMP-16640,HIRE,2022-10-23,,سموحة,15887,0
EMP-15397,HIRE,2022-10-23,,فرع المعادي,13343,0
EMP-10924,TERMINATION,2022-10-23,ACTIVE,Relocation,20970,1
EMP-13826,HIRE,2022-10-23,,القاهرة - المعادي,14223,0
EMP-13159,HIRE,2022-10-23,,التجمع,16623,0
EMP-13763,TERMINATION,2022-10-23,ACTIVE,Relocation,22244,1
EMP-10214,HIRE,2022-10-23,,فرع المعادي,12944,0
EMP-14328,HIRE,2022-10-23,,القاهره المعادي,16301,0
EMP-13750,HIRE,2022-10-23,,الجيزة - الدقي,11683,0
EMP-16142,HIRE,2022-10-23,,الدقي,9744,0
EMP-10990,TERMINATION,2022-10-23,ACTIVE,Resignation,14229,1
EMP-12219,PROMOTION,2022-10-24,18121,22363,22363,0
EMP-13204,HIRE,2022-10-24,,الدقي,17872,0
EMP-12593,PROMOTION,2022-10-24,13844,16793,16793,0
EMP-11264,HIRE,2022-10-24,,القاهره المعادي,10081,0
EMP-14439,TRANSFER,2022-10-24,الإسكندرية - سموحة,القاهرة - التجمع الخامس,7085,0
EMP-16247,PROMOTION,2022-10-24,18660,23211,23211,0
EMP-11012,TERMINATION,2022-10-24,ACTIVE,NULL,18483,1
EMP-11390,PROMOTION,2022-10-24,21382,28376,28376,0
EMP-12264,HIRE,2022-10-25,,الدقي,12514,0
EMP-14215,HIRE,2022-10-25,,القاهرة - التجمع الخامس,11718,0
EMP-16374,HIRE,2022-10-25,,القاهرة - التجمع الخامس,14981,0
EMP-16175,HIRE,2022-10-25,,القاهره المعادي,19835,0
EMP-16903,TERMINATION,2022-10-25,ACTIVE,Fired,11531,1
EMP-13534,HIRE,2022-10-25,,التجمع,12082,0
EMP-10175,HIRE,2022-10-26,,التجمع,11984,0
EMP-14781,PROMOTION,2022-10-26,11651,18178,18178,0
EMP-13251,PROMOTION,2022-10-26,11091,16801,16801,0
EMP-14296,PROMOTION,2022-10-26,23019,25168,25168,0
EMP-11326,PROMOTION,2022-10-27,14448,16544,16544,0
EMP-10600,TRANSFER,2022-10-27,الإسكندرية - سموحة,القاهرة - المعادي,14449,0
EMP-14774,TRANSFER,2022-10-27,التجمع,الدقي,8881,0
EMP-14415,TRANSFER,2022-10-27,الجيزة - الدقي,القاهره المعادي,15512,0
EMP-14875,TERMINATION,2022-10-27,ACTIVE,Fired,19597,1
EMP-14295,HIRE,2022-10-28,,الجيزة - الدقي,12951,0
EMP-12102,HIRE,2022-10-28,,القاهرة - المعادي,17532,0
EMP-10483,PROMOTION,2022-10-28,10436,15912,15912,0
EMP-16311,HIRE,2022-10-28,,فرع المعادي,13715,0
EMP-10146,PROMOTION,2022-10-28,21286,25664,25664,0
EMP-10265,TERMINATION,2022-10-29,ACTIVE,NULL,8374,1
EMP-10115,HIRE,2022-10-29,,فرع المعادي,18649,0
EMP-12541,HIRE,2022-10-29,,الاسكندرية سموحة,17808,0
EMP-10678,HIRE,2022-10-29,,سموحة,19692,0
EMP-14091,HIRE,2022-10-29,,الدقي,13489,0
EMP-13084,HIRE,2022-10-29,,التجمع,19477,0
EMP-15115,HIRE,2022-10-31,,التجمع,11468,0
EMP-12640,HIRE,2022-10-31,,الجيزة - الدقي,17784,0
EMP-11540,PROMOTION,2022-10-31,19686,22180,22180,0
EMP-10432,HIRE,2022-11-02,,فرع المعادي,19341,0
EMP-13405,TRANSFER,2022-11-02,سموحة,القاهرة - المعادي,12426,0
EMP-16678,PROMOTION,2022-11-02,11395,18103,18103,0
EMP-10554,HIRE,2022-11-02,,الدقي,19458,0
EMP-12430,TRANSFER,2022-11-02,بورسعيد,الإسكندرية - سموحة,13994,0
EMP-12254,HIRE,2022-11-02,,بورسعيد - الشرق,7250,0
EMP-11070,TRANSFER,2022-11-03,الدقي,بورسعيد,10509,0
EMP-12968,TERMINATION,2022-11-03,ACTIVE,Resignation,15214,1
EMP-15149,TRANSFER,2022-11-04,سموحة,القاهرة - المعادي,25907,0
EMP-14581,HIRE,2022-11-04,,سموحة,15418,0
EMP-12906,TERMINATION,2022-11-04,ACTIVE,Fired,19694,1
EMP-11910,HIRE,2022-11-04,,الجيزة - الدقي,12513,0
EMP-15894,HIRE,2022-11-04,,فرع المعادي,18658,0
EMP-14581,HIRE,2022-11-04,,سموحة,15418,0
EMP-16929,HIRE,2022-11-05,,بورسعيد - الشرق,10559,0
EMP-11944,HIRE,2022-11-05,,القاهره المعادي,19126,0
EMP-11919,HIRE,2022-11-05,,بورسعيد,12998,0
EMP-14026,TERMINATION,2022-11-05,ACTIVE,NULL,18448,1
EMP-10572,HIRE,2022-11-06,,سموحة,7220,0
EMP-14580,HIRE,2022-11-06,,الإسكندرية - سموحة,11280,0
EMP-14070,PROMOTION,2022-11-06,18268,20968,20968,0
EMP-10648,TRANSFER,2022-11-07,فرع المعادي,سموحة,11495,0
EMP-10328,PROMOTION,2022-11-07,13152,16677,16677,0
EMP-13996,HIRE,2022-11-07,,الإسكندرية - سموحة,14716,0
EMP-12235,HIRE,2022-11-08,,التجمع,9035,0
EMP-15813,PROMOTION,2022-11-08,10261,13556,13556,0
EMP-14762,TRANSFER,2022-11-09,الإسكندرية - سموحة,الإسكندرية - سموحة,10640,0
EMP-13877,PROMOTION,2022-11-09,15662,21283,21283,0
EMP-11314,TRANSFER,2022-11-09,بورسعيد - الشرق,القاهره المعادي,14115,0
EMP-11887,HIRE,2022-11-10,,سموحة,10008,0
EMP-14999,PROMOTION,2022-11-10,10831,15534,15534,0
EMP-13862,TRANSFER,2022-11-10,الجيزة - الدقي,القاهرة - التجمع الخامس,12267,0
EMP-14788,HIRE,2022-11-11,,فرع المعادي,13871,0
EMP-13786,TRANSFER,2022-11-11,القاهرة - التجمع الخامس,بورسعيد,19091,0
EMP-14907,HIRE,2022-11-11,,التجمع,17061,0
EMP-13422,HIRE,2022-11-12,,سموحة,14593,0
EMP-15800,HIRE,2022-11-12,,الدقي,14084,0
EMP-12242,HIRE,2022-11-12,,الدقي,19182,0
EMP-15322,HIRE,2022-11-12,,سموحة,17151,0
EMP-13226,HIRE,2022-11-13,,بورسعيد - الشرق,12981,0
EMP-13275,HIRE,2022-11-14,,التجمع,12458,0
EMP-12236,HIRE,2022-11-14,,التجمع,17923,0
EMP-13156,HIRE,2022-11-14,,القاهرة - المعادي,18853,0
EMP-10511,TRANSFER,2022-11-14,التجمع,الجيزة - الدقي,19331,0
EMP-14979,PROMOTION,2022-11-15,18078,22973,22973,0
EMP-13150,HIRE,2022-11-15,,الاسكندرية سموحة,14282,0
EMP-15961,TERMINATION,2022-11-15,ACTIVE,Fired,14825,1
EMP-12027,HIRE,2022-11-16,,التجمع,14183,0
EMP-13069,HIRE,2022-11-17,,الجيزة - الدقي,12848,0
EMP-13592,HIRE,2022-11-17,,الجيزة - الدقي,15304,0
EMP-16741,TRANSFER,2022-11-17,الدقي,الجيزة - الدقي,12909,0
EMP-13069,HIRE,2022-11-17,,الجيزة - الدقي,12848,0
EMP-10521,TRANSFER,2022-11-18,سموحة,الجيزة - الدقي,11863,0
EMP-15524,HIRE,2022-11-18,,التجمع,16884,0
EMP-13424,TRANSFER,2022-11-18,سموحة,القاهرة - المعادي,23598,0
EMP-13010,HIRE,2022-11-18,,سموحة,7986,0
EMP-13868,TERMINATION,2022-11-18,ACTIVE,NULL,16966,1
EMP-11376,PROMOTION,2022-11-18,15887,19750,19750,0
EMP-11370,HIRE,2022-11-18,,سموحة,17449,0
EMP-15312,HIRE,2022-11-19,,القاهره المعادي,12134,0
EMP-12962,HIRE,2022-11-19,,فرع المعادي,11134,0
EMP-16947,HIRE,2022-11-20,,الاسكندرية سموحة,14808,0
EMP-10826,PROMOTION,2022-11-20,9218,15057,15057,0
EMP-15343,PROMOTION,2022-11-20,16969,19311,19311,0
EMP-11751,HIRE,2022-11-20,,القاهره المعادي,8178,0
EMP-16812,TERMINATION,2022-11-20,ACTIVE,NULL,19602,1
EMP-15753,PROMOTION,2022-11-21,12942,16800,16800,0
EMP-13256,HIRE,2022-11-21,,الاسكندرية سموحة,18164,0
EMP-11756,HIRE,2022-11-21,,القاهرة - المعادي,16229,0
EMP-15958,HIRE,2022-11-21,,القاهره المعادي,8644,0
EMP-13421,HIRE,2022-11-21,,بورسعيد - الشرق,18501,0
EMP-14420,HIRE,2022-11-22,,القاهرة - المعادي,9794,0
EMP-11139,HIRE,2022-11-22,,الجيزة - الدقي,18527,0
EMP-13278,TRANSFER,2022-11-22,بورسعيد,القاهره المعادي,24724,0
EMP-13854,HIRE,2022-11-22,,الدقي,8422,0
EMP-14082,HIRE,2022-11-23,,القاهره المعادي,13686,0
EMP-11876,TERMINATION,2022-11-23,ACTIVE,NULL,15648,1
EMP-13788,HIRE,2022-11-23,,القاهرة - المعادي,11565,0
EMP-10777,HIRE,2022-11-23,,التجمع,19104,0
EMP-10467,TRANSFER,2022-11-23,سموحة,بورسعيد - الشرق,8352,0
EMP-15997,TRANSFER,2022-11-24,بورسعيد,التجمع,13812,0
EMP-10040,HIRE,2022-11-24,,القاهرة - المعادي,11325,0
EMP-12611,HIRE,2022-11-24,,التجمع,7880,0
EMP-10089,HIRE,2022-11-24,,الدقي,16709,0
EMP-10210,TRANSFER,2022-11-24,الاسكندرية سموحة,الدقي,17102,0
EMP-16428,HIRE,2022-11-24,,بورسعيد,7330,0
EMP-11687,TERMINATION,2022-11-24,ACTIVE,NULL,9521,1
EMP-15239,TERMINATION,2022-11-25,ACTIVE,NULL,9078,1
EMP-14030,TRANSFER,2022-11-25,القاهرة - التجمع الخامس,القاهرة - التجمع الخامس,8138,0
EMP-13897,HIRE,2022-11-25,,الاسكندرية سموحة,13301,0
EMP-10715,TERMINATION,2022-11-25,ACTIVE,Resignation,19275,1
EMP-12145,HIRE,2022-11-25,,القاهرة - المعادي,19064,0
EMP-10096,HIRE,2022-11-26,,الاسكندرية سموحة,17043,0
EMP-15345,HIRE,2022-11-26,,القاهرة - التجمع الخامس,9296,0
EMP-11317,HIRE,2022-11-26,,سموحة,11408,0
EMP-15150,TRANSFER,2022-11-27,سموحة,القاهرة - التجمع الخامس,17293,0
EMP-13292,TRANSFER,2022-11-27,الإسكندرية - سموحة,القاهرة - المعادي,11520,0
EMP-14984,TRANSFER,2022-11-27,بورسعيد,الدقي,13166,0
EMP-13938,HIRE,2022-11-27,,فرع المعادي,12485,0
EMP-12272,PROMOTION,2022-11-28,7320,15114,15114,0
EMP-10438,PROMOTION,2022-11-28,18177,21195,21195,0
EMP-14060,TRANSFER,2022-11-29,القاهرة - المعادي,القاهرة - التجمع الخامس,14213,0
EMP-14994,TRANSFER,2022-11-30,بورسعيد - الشرق,الدقي,8959,0
EMP-16492,TRANSFER,2022-11-30,الإسكندرية - سموحة,فرع المعادي,27145,0
EMP-15024,HIRE,2022-11-30,,بورسعيد,16752,0
EMP-15795,HIRE,2022-11-30,,بورسعيد - الشرق,7633,0
EMP-10411,HIRE,2022-12-01,,القاهرة - التجمع الخامس,12702,0
EMP-13455,HIRE,2022-12-01,,القاهرة - التجمع الخامس,12708,0
EMP-14303,HIRE,2022-12-02,,بورسعيد,17868,0
EMP-13645,HIRE,2022-12-02,,القاهرة - المعادي,17704,0
EMP-13074,HIRE,2022-12-02,,بورسعيد - الشرق,18615,0
EMP-16488,HIRE,2022-12-02,,فرع المعادي,16292,0
EMP-11355,TRANSFER,2022-12-03,القاهرة - التجمع الخامس,الجيزة - الدقي,16579,0
EMP-13099,TRANSFER,2022-12-03,سموحة,الإسكندرية - سموحة,19863,0
EMP-10639,TRANSFER,2022-12-04,سموحة,الإسكندرية - سموحة,16235,0
EMP-16140,HIRE,2022-12-04,,فرع المعادي,19301,0
EMP-14741,PROMOTION,2022-12-04,10167,15898,15898,0
EMP-12240,TRANSFER,2022-12-04,القاهرة - التجمع الخامس,القاهره المعادي,18443,0
EMP-11191,TRANSFER,2022-12-05,بورسعيد,الإسكندرية - سموحة,7482,0
EMP-12317,PROMOTION,2022-12-05,19214,23378,23378,0
EMP-11500,HIRE,2022-12-05,,فرع المعادي,12437,0
EMP-11890,PROMOTION,2022-12-06,16566,21131,21131,0
EMP-15718,HIRE,2022-12-06,,القاهره المعادي,13954,0
EMP-13626,TRANSFER,2022-12-06,الاسكندرية سموحة,الاسكندرية سموحة,10087,0
EMP-15298,HIRE,2022-12-06,,الجيزة - الدقي,14669,0
EMP-13075,PROMOTION,2022-12-06,13960,19728,19728,0
EMP-14853,TERMINATION,2022-12-07,ACTIVE,NULL,13569,1
EMP-11902,HIRE,2022-12-07,,سموحة,9405,0
EMP-16025,TRANSFER,2022-12-07,القاهرة - المعادي,الإسكندرية - سموحة,7655,0
EMP-13684,HIRE,2022-12-07,,القاهره المعادي,17071,0
EMP-13123,PROMOTION,2022-12-08,10947,18332,18332,0
EMP-10958,HIRE,2022-12-09,,القاهره المعادي,11005,0
EMP-15583,PROMOTION,2022-12-10,19239,24319,24319,0
EMP-11581,TRANSFER,2022-12-10,فرع المعادي,القاهرة - المعادي,11552,0
EMP-12671,PROMOTION,2022-12-11,8483,11726,11726,0
EMP-10402,TERMINATION,2022-12-11,ACTIVE,Resignation,18610,1
EMP-11059,PROMOTION,2022-12-11,21818,23887,23887,0
EMP-14772,TRANSFER,2022-12-11,الإسكندرية - سموحة,التجمع,12115,0
EMP-12365,HIRE,2022-12-12,,بورسعيد - الشرق,15935,0
EMP-15434,PROMOTION,2022-12-12,11080,18565,18565,0
EMP-11398,HIRE,2022-12-12,,فرع المعادي,15146,0
EMP-16169,HIRE,2022-12-12,,الجيزة - الدقي,14971,0
EMP-15541,HIRE,2022-12-12,,سموحة,10706,0
EMP-12889,HIRE,2022-12-14,,القاهرة - المعادي,18455,0
EMP-12550,HIRE,2022-12-14,,القاهرة - التجمع الخامس,11813,0
EMP-11533,HIRE,2022-12-14,,سموحة,13881,0
EMP-13810,HIRE,2022-12-14,,الدقي,11914,0
EMP-14929,TRANSFER,2022-12-15,سموحة,فرع المعادي,16243,0
EMP-13594,HIRE,2022-12-15,,القاهره المعادي,18534,0
EMP-11371,TERMINATION,2022-12-16,ACTIVE,NULL,11647,1
EMP-11906,TRANSFER,2022-12-16,الدقي,الاسكندرية سموحة,10291,0
EMP-12452,TERMINATION,2022-12-16,ACTIVE,Resignation,8906,1
EMP-15761,HIRE,2022-12-16,,بورسعيد - الشرق,14901,0
EMP-16091,PROMOTION,2022-12-16,19987,26323,26323,0
EMP-13555,PROMOTION,2022-12-16,11876,15326,15326,0
EMP-10441,PROMOTION,2022-12-16,15008,19982,19982,0
EMP-15400,HIRE,2022-12-16,,الدقي,10881,0
EMP-15257,HIRE,2022-12-16,,الجيزة - الدقي,9239,0
EMP-16674,PROMOTION,2022-12-16,11184,13204,13204,0
EMP-13311,HIRE,2022-12-17,,الاسكندرية سموحة,18027,0
EMP-15090,PROMOTION,2022-12-17,14040,21400,21400,0
EMP-16731,HIRE,2022-12-17,,الإسكندرية - سموحة,19518,0
EMP-12704,HIRE,2022-12-17,,فرع المعادي,18161,0
EMP-13414,HIRE,2022-12-18,,التجمع,16645,0
EMP-15467,HIRE,2022-12-18,,القاهرة - المعادي,18870,0
EMP-16676,HIRE,2022-12-18,,الإسكندرية - سموحة,10864,0
EMP-16012,TERMINATION,2022-12-18,ACTIVE,Fired,16412,1
EMP-14248,HIRE,2022-12-18,,الدقي,8360,0
EMP-11976,HIRE,2022-12-18,,القاهرة - المعادي,10642,0
EMP-10496,HIRE,2022-12-19,,بورسعيد,19151,0
EMP-10642,HIRE,2022-12-19,,فرع المعادي,8660,0
EMP-11195,HIRE,2022-12-19,,الجيزة - الدقي,11158,0
EMP-14129,PROMOTION,2022-12-19,19258,26164,26164,0
EMP-15690,HIRE,2022-12-20,,القاهرة - التجمع الخامس,10998,0
EMP-15565,PROMOTION,2022-12-20,11483,14848,14848,0
EMP-14452,PROMOTION,2022-12-20,8469,14924,14924,0
EMP-12880,HIRE,2022-12-20,,بورسعيد - الشرق,17838,0
EMP-14295,TRANSFER,2022-12-20,الجيزة - الدقي,بورسعيد - الشرق,12951,0
EMP-12047,HIRE,2022-12-20,,فرع المعادي,16365,0
EMP-15948,PROMOTION,2022-12-20,15720,23432,23432,0
EMP-13646,HIRE,2022-12-21,,الإسكندرية - سموحة,17199,0
EMP-14157,HIRE,2022-12-21,,القاهره المعادي,8051,0
EMP-12708,TRANSFER,2022-12-21,بورسعيد,بورسعيد - الشرق,11370,0
EMP-14166,TRANSFER,2022-12-21,الدقي,الاسكندرية سموحة,19570,0
EMP-13041,HIRE,2022-12-22,,الاسكندرية سموحة,12293,0
EMP-15102,PROMOTION,2022-12-23,17378,22005,22005,0
EMP-16326,PROMOTION,2022-12-24,16130,22339,22339,0
EMP-16192,HIRE,2022-12-24,,القاهرة - المعادي,9642,0
EMP-15759,HIRE,2022-12-24,,الاسكندرية سموحة,15341,0
EMP-10814,TRANSFER,2022-12-24,التجمع,فرع المعادي,16317,0
EMP-10708,HIRE,2022-12-26,,القاهرة - التجمع الخامس,17373,0
EMP-13522,HIRE,2022-12-26,,القاهرة - المعادي,18245,0
EMP-16436,TRANSFER,2022-12-26,سموحة,الاسكندرية سموحة,14432,0
EMP-15712,HIRE,2022-12-27,,فرع المعادي,7017,0
EMP-12646,HIRE,2022-12-27,,بورسعيد - الشرق,8802,0
EMP-16420,PROMOTION,2022-12-27,7977,15962,15962,0
EMP-15568,HIRE,2022-12-28,,بورسعيد,19601,0
EMP-11161,PROMOTION,2022-12-28,10590,13876,13876,0
EMP-13680,TRANSFER,2022-12-28,الإسكندرية - سموحة,التجمع,15841,0
EMP-16253,HIRE,2022-12-28,,القاهره المعادي,13236,0
EMP-15705,HIRE,2022-12-28,,بورسعيد - الشرق,18469,0
EMP-15862,HIRE,2022-12-28,,فرع المعادي,15388,0
EMP-15894,PROMOTION,2022-12-28,18658,23940,23940,0
EMP-13466,TRANSFER,2022-12-29,فرع المعادي,الاسكندرية سموحة,8814,0
EMP-10972,PROMOTION,2022-12-29,9894,16960,16960,0
EMP-10011,HIRE,2022-12-29,,سموحة,18503,0
EMP-10314,PROMOTION,2022-12-29,12520,19332,19332,0
EMP-11970,TRANSFER,2022-12-29,الجيزة - الدقي,فرع المعادي,8583,0
EMP-16665,TRANSFER,2022-12-29,الاسكندرية سموحة,الاسكندرية سموحة,15844,0
EMP-14410,HIRE,2022-12-30,,سموحة,9531,0
EMP-13323,HIRE,2022-12-30,,القاهرة - التجمع الخامس,19460,0
EMP-10558,HIRE,2022-12-30,,بورسعيد,10779,0
EMP-12205,HIRE,2022-12-30,,القاهرة - التجمع الخامس,19169,0
EMP-10292,HIRE,2022-12-31,,القاهرة - التجمع الخامس,13538,0
EMP-15300,TERMINATION,2022-12-31,ACTIVE,NULL,16681,1
EMP-16100,HIRE,2022-12-31,,الاسكندرية سموحة,13815,0
EMP-14896,HIRE,2022-12-31,,القاهره المعادي,19579,0
EMP-12921,PROMOTION,2022-12-31,7948,9987,9987,0
EMP-15413,HIRE,2022-12-31,,التجمع,9804,0
EMP-12612,PROMOTION,2022-12-31,27065,31599,31599,0
EMP-13994,PROMOTION,2023-01-01,11265,17151,17151,0
EMP-12661,HIRE,2023-01-01,,القاهره المعادي,9636,0
EMP-11258,TRANSFER,2023-01-02,الإسكندرية - سموحة,القاهرة - المعادي,12801,0
EMP-12268,HIRE,2023-01-02,,التجمع,14210,0
EMP-14368,TRANSFER,2023-01-03,التجمع,القاهره المعادي,13448,0
EMP-13725,HIRE,2023-01-03,,الإسكندرية - سموحة,15284,0
EMP-12463,TERMINATION,2023-01-03,ACTIVE,Resignation,11563,1
EMP-14598,HIRE,2023-01-03,,الإسكندرية - سموحة,18129,0
EMP-15471,PROMOTION,2023-01-04,16079,19660,19660,0
EMP-12403,HIRE,2023-01-04,,القاهرة - المعادي,10812,0
EMP-12566,PROMOTION,2023-01-04,15042,19173,19173,0
EMP-16875,HIRE,2023-01-05,,الاسكندرية سموحة,19002,0
EMP-15231,PROMOTION,2023-01-05,19762,24619,24619,0
EMP-14433,HIRE,2023-01-06,,بورسعيد - الشرق,19045,0
EMP-16563,HIRE,2023-01-06,,التجمع,18547,0
EMP-15502,HIRE,2023-01-07,,القاهره المعادي,8422,0
EMP-13252,HIRE,2023-01-07,,فرع المعادي,14027,0
EMP-16680,PROMOTION,2023-01-07,19445,26862,26862,0
EMP-16406,PROMOTION,2023-01-08,15287,18057,18057,0
EMP-15592,TRANSFER,2023-01-08,الاسكندرية سموحة,سموحة,13622,0
EMP-13151,TRANSFER,2023-01-08,القاهرة - التجمع الخامس,سموحة,15670,0
EMP-11824,TRANSFER,2023-01-08,القاهرة - المعادي,الإسكندرية - سموحة,13284,0
EMP-15229,HIRE,2023-01-09,,الدقي,14685,0
EMP-11509,TRANSFER,2023-01-09,التجمع,الإسكندرية - سموحة,17855,0
EMP-16102,HIRE,2023-01-09,,بورسعيد - الشرق,16100,0
EMP-11342,HIRE,2023-01-10,,القاهرة - المعادي,12862,0
EMP-16866,HIRE,2023-01-10,,الجيزة - الدقي,16396,0
EMP-15689,HIRE,2023-01-10,,سموحة,19990,0
EMP-14781,PROMOTION,2023-01-10,18178,22829,22829,0
EMP-12108,PROMOTION,2023-01-10,7777,14728,14728,0
EMP-12503,PROMOTION,2023-01-10,15684,19929,19929,0
EMP-11682,HIRE,2023-01-10,,بورسعيد - الشرق,17507,0
EMP-16011,PROMOTION,2023-01-10,16404,20610,20610,0
EMP-15551,TRANSFER,2023-01-11,سموحة,الجيزة - الدقي,7004,0
EMP-12879,TERMINATION,2023-01-11,ACTIVE,NULL,15147,1
EMP-14651,PROMOTION,2023-01-11,15853,20378,20378,0
EMP-12079,HIRE,2023-01-12,,القاهرة - المعادي,18918,0
EMP-10622,TERMINATION,2023-01-12,ACTIVE,Resignation,16406,1
EMP-14436,PROMOTION,2023-01-12,21864,27785,27785,0
EMP-11168,PROMOTION,2023-01-12,10046,16836,16836,0
EMP-15494,HIRE,2023-01-13,,فرع المعادي,17547,0
EMP-16946,HIRE,2023-01-13,,الاسكندرية سموحة,19026,0
EMP-15312,TRANSFER,2023-01-14,القاهره المعادي,القاهره المعادي,12134,0
EMP-13515,PROMOTION,2023-01-14,7626,13387,13387,0
EMP-13546,TRANSFER,2023-01-14,القاهرة - المعادي,الجيزة - الدقي,9468,0
EMP-11636,HIRE,2023-01-14,,القاهرة - المعادي,15869,0
EMP-11285,HIRE,2023-01-14,,الجيزة - الدقي,15358,0
EMP-13458,HIRE,2023-01-14,,التجمع,16158,0
EMP-11697,PROMOTION,2023-01-14,9563,16249,16249,0
EMP-12926,TERMINATION,2023-01-15,ACTIVE,Resignation,13304,1
EMP-15416,HIRE,2023-01-16,,سموحة,11727,0
EMP-13324,HIRE,2023-01-16,,القاهره المعادي,16688,0
EMP-11420,HIRE,2023-01-16,,الاسكندرية سموحة,10896,0
EMP-11230,HIRE,2023-01-16,,سموحة,19794,0
EMP-15432,TRANSFER,2023-01-17,القاهرة - التجمع الخامس,الإسكندرية - سموحة,17625,0
EMP-12607,TRANSFER,2023-01-17,الدقي,الاسكندرية سموحة,18106,0
EMP-12406,HIRE,2023-01-17,,القاهرة - التجمع الخامس,17724,0
EMP-15493,HIRE,2023-01-18,,بورسعيد - الشرق,16504,0
EMP-10663,HIRE,2023-01-18,,بورسعيد,12634,0
EMP-12437,PROMOTION,2023-01-18,20593,25459,25459,0
EMP-16062,TRANSFER,2023-01-18,الجيزة - الدقي,بورسعيد,18329,0
EMP-12437,PROMOTION,2023-01-18,20593,25459,25459,0
EMP-13134,PROMOTION,2023-01-19,15628,20552,20552,0
EMP-16319,TRANSFER,2023-01-19,بورسعيد - الشرق,القاهره المعادي,16609,0
EMP-12762,TRANSFER,2023-01-19,الدقي,الإسكندرية - سموحة,9134,0
EMP-14232,HIRE,2023-01-19,,فرع المعادي,11050,0
EMP-16618,TERMINATION,2023-01-20,ACTIVE,Fired,13924,1
EMP-11270,TRANSFER,2023-01-21,سموحة,بورسعيد,17924,0
EMP-10263,HIRE,2023-01-22,,التجمع,16627,0
EMP-12224,TRANSFER,2023-01-22,القاهرة - المعادي,بورسعيد,19029,0
EMP-11005,HIRE,2023-01-23,,الإسكندرية - سموحة,17810,0
EMP-16835,PROMOTION,2023-01-23,14736,20006,20006,0
EMP-10493,PROMOTION,2023-01-23,17114,20459,20459,0
EMP-13873,HIRE,2023-01-23,,الجيزة - الدقي,16634,0
EMP-15537,PROMOTION,2023-01-23,19405,23858,23858,0
EMP-13705,TRANSFER,2023-01-23,الدقي,سموحة,8235,0
EMP-14294,HIRE,2023-01-23,,القاهره المعادي,15289,0
EMP-15238,HIRE,2023-01-24,,القاهرة - التجمع الخامس,16618,0
EMP-15727,HIRE,2023-01-24,,القاهره المعادي,8139,0
EMP-15429,TERMINATION,2023-01-24,ACTIVE,Resignation,7467,1
EMP-12884,TRANSFER,2023-01-24,الجيزة - الدقي,الإسكندرية - سموحة,7437,0
EMP-11196,HIRE,2023-01-24,,سموحة,19981,0
EMP-15201,HIRE,2023-01-25,,القاهرة - المعادي,15590,0
EMP-15418,HIRE,2023-01-26,,الجيزة - الدقي,12971,0
EMP-12640,TERMINATION,2023-01-26,ACTIVE,Resignation,17784,1
EMP-13357,PROMOTION,2023-01-26,14371,19006,19006,0
EMP-10398,HIRE,2023-01-27,,التجمع,8304,0
EMP-15008,HIRE,2023-01-27,,سموحة,11337,0
EMP-13283,PROMOTION,2023-01-27,9315,16001,16001,0
EMP-12074,HIRE,2023-01-28,,فرع المعادي,7227,0
EMP-12766,TERMINATION,2023-01-28,ACTIVE,Resignation,16989,1
EMP-15331,TERMINATION,2023-01-29,ACTIVE,Resignation,9767,1
EMP-16913,TRANSFER,2023-01-29,القاهرة - المعادي,التجمع,17566,0
EMP-14950,PROMOTION,2023-01-29,17713,20883,20883,0
EMP-13517,HIRE,2023-01-29,,الدقي,17056,0
EMP-12832,HIRE,2023-01-29,,الإسكندرية - سموحة,12186,0
EMP-13173,TRANSFER,2023-01-29,الإسكندرية - سموحة,بورسعيد - الشرق,12011,0
EMP-12518,PROMOTION,2023-01-29,17118,20567,20567,0
EMP-11241,HIRE,2023-01-30,,الجيزة - الدقي,14028,0
EMP-16265,HIRE,2023-01-31,,الدقي,13749,0
EMP-10170,HIRE,2023-01-31,,الدقي,13449,0
EMP-11462,HIRE,2023-01-31,,الاسكندرية سموحة,18210,0
EMP-10408,HIRE,2023-01-31,,بورسعيد - الشرق,9301,0
EMP-11198,HIRE,2023-01-31,,القاهرة - المعادي,16746,0
EMP-11198,HIRE,2023-01-31,,القاهرة - المعادي,16746,0
EMP-12254,TRANSFER,2023-01-31,بورسعيد - الشرق,بورسعيد - الشرق,7250,0
EMP-16576,HIRE,2023-02-01,,الاسكندرية سموحة,17497,0
EMP-14322,HIRE,2023-02-02,,الجيزة - الدقي,18856,0
EMP-14157,PROMOTION,2023-02-02,8051,12854,12854,0
EMP-11418,HIRE,2023-02-02,,الإسكندرية - سموحة,15404,0
EMP-15915,HIRE,2023-02-02,,الاسكندرية سموحة,12562,0
EMP-10859,HIRE,2023-02-03,,القاهرة - التجمع الخامس,19828,0
EMP-15301,HIRE,2023-02-04,,الجيزة - الدقي,10639,0
EMP-15806,TRANSFER,2023-02-04,سموحة,الدقي,16076,0
EMP-11219,HIRE,2023-02-04,,القاهرة - التجمع الخامس,11391,0
EMP-11152,HIRE,2023-02-04,,الاسكندرية سموحة,8694,0
EMP-10789,PROMOTION,2023-02-04,10215,12814,12814,0
EMP-15881,HIRE,2023-02-04,,القاهرة - التجمع الخامس,17206,0
EMP-12377,PROMOTION,2023-02-05,15914,19336,19336,0
EMP-13319,TRANSFER,2023-02-05,سموحة,فرع المعادي,15492,0
EMP-14293,PROMOTION,2023-02-06,15938,20730,20730,0
EMP-15196,TRANSFER,2023-02-06,الاسكندرية سموحة,الدقي,14265,0
EMP-11273,HIRE,2023-02-06,,الإسكندرية - سموحة,17719,0
EMP-15171,HIRE,2023-02-06,,الجيزة - الدقي,12047,0
EMP-11840,TRANSFER,2023-02-07,سموحة,الجيزة - الدقي,11556,0
EMP-13265,HIRE,2023-02-07,,الدقي,18168,0
EMP-15514,HIRE,2023-02-07,,سموحة,16215,0
EMP-14052,TERMINATION,2023-02-07,ACTIVE,NULL,14780,1
EMP-14755,HIRE,2023-02-07,,التجمع,10688,0
EMP-12122,HIRE,2023-02-07,,القاهرة - التجمع الخامس,15954,0
EMP-13778,HIRE,2023-02-07,,بورسعيد - الشرق,19545,0
EMP-16592,HIRE,2023-02-08,,فرع المعادي,7759,0
EMP-13062,PROMOTION,2023-02-08,11545,14315,14315,0
EMP-13807,PROMOTION,2023-02-08,11296,14506,14506,0
EMP-16241,TRANSFER,2023-02-09,الاسكندرية سموحة,فرع المعادي,9056,0
EMP-12897,TRANSFER,2023-02-09,الدقي,الجيزة - الدقي,17395,0
EMP-16123,TRANSFER,2023-02-09,بورسعيد,القاهره المعادي,18121,0
EMP-14644,PROMOTION,2023-02-09,10511,17532,17532,0
EMP-11550,HIRE,2023-02-10,,بورسعيد,15053,0
EMP-14806,HIRE,2023-02-10,,سموحة,14048,0
EMP-15497,HIRE,2023-02-10,,الجيزة - الدقي,7720,0
EMP-15061,HIRE,2023-02-10,,فرع المعادي,15045,0
EMP-13386,HIRE,2023-02-11,,القاهره المعادي,12943,0
EMP-11905,TERMINATION,2023-02-11,ACTIVE,Relocation,13612,1
EMP-15245,TRANSFER,2023-02-11,التجمع,القاهرة - المعادي,12612,0
EMP-14025,TERMINATION,2023-02-12,ACTIVE,Resignation,18079,1
EMP-15359,HIRE,2023-02-12,,الاسكندرية سموحة,7945,0
EMP-11171,PROMOTION,2023-02-12,13037,18219,18219,0
EMP-16992,HIRE,2023-02-12,,القاهرة - المعادي,13137,0
EMP-13518,HIRE,2023-02-12,,سموحة,10948,0
EMP-15205,TERMINATION,2023-02-12,ACTIVE,Resignation,15348,1
EMP-14522,HIRE,2023-02-12,,بورسعيد,9409,0
EMP-14219,HIRE,2023-02-13,,القاهرة - المعادي,7405,0
EMP-16565,HIRE,2023-02-13,,الجيزة - الدقي,9270,0
EMP-14239,HIRE,2023-02-14,,سموحة,7608,0
EMP-10805,PROMOTION,2023-02-14,12837,20230,20230,0
EMP-14580,PROMOTION,2023-02-14,11280,16891,16891,0
EMP-12066,HIRE,2023-02-14,,الاسكندرية سموحة,10018,0
EMP-10931,HIRE,2023-02-14,,بورسعيد,10814,0
EMP-14365,HIRE,2023-02-14,,الجيزة - الدقي,14809,0
EMP-16941,PROMOTION,2023-02-15,17133,25111,25111,0
EMP-13488,HIRE,2023-02-15,,القاهره المعادي,15068,0
EMP-15769,PROMOTION,2023-02-15,8138,13983,13983,0
EMP-11873,HIRE,2023-02-15,,القاهرة - المعادي,18131,0
EMP-10257,HIRE,2023-02-15,,الاسكندرية سموحة,10234,0
EMP-11419,PROMOTION,2023-02-15,17452,22692,22692,0
EMP-11102,PROMOTION,2023-02-16,24123,31576,31576,0
EMP-14938,HIRE,2023-02-16,,سموحة,17197,0
EMP-10905,TRANSFER,2023-02-16,الجيزة - الدقي,الاسكندرية سموحة,20039,0
EMP-13237,HIRE,2023-02-16,,الدقي,19576,0
EMP-16105,HIRE,2023-02-17,,الجيزة - الدقي,11092,0
EMP-11906,TRANSFER,2023-02-17,الاسكندرية سموحة,التجمع,10291,0
EMP-16551,TRANSFER,2023-02-17,التجمع,فرع المعادي,17645,0
EMP-12162,HIRE,2023-02-17,,التجمع,18271,0
EMP-16303,HIRE,2023-02-17,,بورسعيد,18711,0
EMP-11841,PROMOTION,2023-02-17,18741,24480,24480,0
EMP-15469,PROMOTION,2023-02-17,14824,16888,16888,0
EMP-10757,HIRE,2023-02-17,,الاسكندرية سموحة,12118,0
EMP-13183,HIRE,2023-02-17,,الجيزة - الدقي,13774,0
EMP-15910,HIRE,2023-02-18,,التجمع,18611,0
EMP-10077,PROMOTION,2023-02-18,22196,25623,25623,0
EMP-12292,HIRE,2023-02-18,,القاهرة - التجمع الخامس,8420,0
EMP-11537,TRANSFER,2023-02-19,القاهره المعادي,الجيزة - الدقي,18571,0
EMP-10012,HIRE,2023-02-20,,القاهره المعادي,14315,0
EMP-11411,HIRE,2023-02-20,,القاهره المعادي,16328,0
EMP-11692,TRANSFER,2023-02-20,بورسعيد - الشرق,الاسكندرية سموحة,14044,0
EMP-13743,TRANSFER,2023-02-20,سموحة,الدقي,26149,0
EMP-14565,HIRE,2023-02-21,,الاسكندرية سموحة,18171,0
EMP-13699,HIRE,2023-02-21,,القاهره المعادي,7889,0
EMP-10589,HIRE,2023-02-21,,التجمع,18515,0
EMP-13097,HIRE,2023-02-21,,سموحة,15945,0
EMP-12205,TRANSFER,2023-02-21,القاهرة - التجمع الخامس,الدقي,19169,0
EMP-14578,HIRE,2023-02-22,,القاهره المعادي,18959,0
EMP-10343,PROMOTION,2023-02-22,9681,13585,13585,0
EMP-14372,HIRE,2023-02-23,,بورسعيد,19542,0
EMP-16995,PROMOTION,2023-02-23,21472,24264,24264,0
EMP-16407,TRANSFER,2023-02-23,بورسعيد - الشرق,القاهره المعادي,19580,0
EMP-11871,TRANSFER,2023-02-23,فرع المعادي,القاهره المعادي,17727,0
EMP-16983,HIRE,2023-02-23,,بورسعيد,14153,0
EMP-13415,HIRE,2023-02-24,,فرع المعادي,14413,0
EMP-14006,TRANSFER,2023-02-24,الجيزة - الدقي,الاسكندرية سموحة,7562,0
EMP-15955,TERMINATION,2023-02-24,ACTIVE,NULL,13360,1
EMP-15953,PROMOTION,2023-02-24,12031,17856,17856,0
EMP-12731,HIRE,2023-02-24,,بورسعيد - الشرق,12668,0
EMP-12647,HIRE,2023-02-24,,القاهرة - التجمع الخامس,18559,0
EMP-12115,HIRE,2023-02-25,,الإسكندرية - سموحة,10841,0
EMP-14869,PROMOTION,2023-02-25,12279,18548,18548,0
EMP-11623,HIRE,2023-02-26,,القاهرة - التجمع الخامس,13821,0
EMP-15439,TRANSFER,2023-02-26,بورسعيد,القاهرة - المعادي,16611,0
EMP-10333,PROMOTION,2023-02-27,26843,29283,29283,0
EMP-15310,HIRE,2023-02-27,,سموحة,10690,0
EMP-10838,PROMOTION,2023-02-27,12958,15247,15247,0
EMP-11707,TRANSFER,2023-02-27,التجمع,القاهرة - المعادي,17016,0
EMP-13536,PROMOTION,2023-03-01,29947,36580,36580,0
EMP-15633,HIRE,2023-03-01,,القاهره المعادي,9448,0
EMP-14004,PROMOTION,2023-03-02,10881,14193,14193,0
EMP-14734,HIRE,2023-03-02,,الإسكندرية - سموحة,17039,0
EMP-15389,HIRE,2023-03-02,,بورسعيد,7934,0
EMP-10986,HIRE,2023-03-02,,فرع المعادي,11574,0
EMP-15683,HIRE,2023-03-02,,الاسكندرية سموحة,8266,0
EMP-13691,TRANSFER,2023-03-03,بورسعيد,الدقي,9750,0
EMP-13072,HIRE,2023-03-03,,بورسعيد,17564,0
EMP-11664,PROMOTION,2023-03-03,18739,22300,22300,0
EMP-11802,PROMOTION,2023-03-03,22903,27412,27412,0
EMP-14054,HIRE,2023-03-04,,القاهره المعادي,18345,0
EMP-12491,PROMOTION,2023-03-04,18679,26488,26488,0
EMP-13737,HIRE,2023-03-04,,القاهرة - المعادي,11335,0
EMP-15494,TERMINATION,2023-03-04,ACTIVE,Relocation,17547,1
EMP-11326,PROMOTION,2023-03-04,16544,19691,19691,0
EMP-16411,HIRE,2023-03-05,,سموحة,10118,0
EMP-11034,TRANSFER,2023-03-05,فرع المعادي,الدقي,17284,0
EMP-14909,HIRE,2023-03-05,,سموحة,14339,0
EMP-12366,PROMOTION,2023-03-05,19772,23964,23964,0
EMP-11348,HIRE,2023-03-05,,فرع المعادي,18149,0
EMP-13186,HIRE,2023-03-05,,الدقي,16532,0
EMP-14516,TRANSFER,2023-03-05,القاهرة - المعادي,بورسعيد,25605,0
EMP-14278,PROMOTION,2023-03-05,9247,12778,12778,0
EMP-10961,HIRE,2023-03-06,,فرع المعادي,14796,0
EMP-15506,HIRE,2023-03-06,,القاهره المعادي,18218,0
EMP-14101,TRANSFER,2023-03-06,القاهرة - التجمع الخامس,القاهره المعادي,11797,0
EMP-15558,TRANSFER,2023-03-07,القاهره المعادي,القاهرة - المعادي,20798,0
EMP-16935,PROMOTION,2023-03-07,23989,28729,28729,0
EMP-16340,HIRE,2023-03-07,,التجمع,18759,0
EMP-10507,PROMOTION,2023-03-07,16647,23916,23916,0
EMP-16888,PROMOTION,2023-03-08,7465,12667,12667,0
EMP-11022,TERMINATION,2023-03-08,ACTIVE,Relocation,22978,1
EMP-12102,TRANSFER,2023-03-08,القاهرة - المعادي,الاسكندرية سموحة,17532,0
EMP-15895,TERMINATION,2023-03-08,ACTIVE,Resignation,20418,1
EMP-12217,PROMOTION,2023-03-08,13541,17318,17318,0
EMP-15427,TERMINATION,2023-03-08,ACTIVE,Fired,15389,1
EMP-14793,HIRE,2023-03-09,,فرع المعادي,10447,0
EMP-13214,HIRE,2023-03-09,,فرع المعادي,8927,0
EMP-10103,PROMOTION,2023-03-09,13460,15877,15877,0
EMP-11460,HIRE,2023-03-09,,الجيزة - الدقي,11909,0
EMP-10762,HIRE,2023-03-10,,التجمع,9903,0
EMP-11590,TRANSFER,2023-03-10,فرع المعادي,الجيزة - الدقي,18737,0
EMP-12277,TERMINATION,2023-03-10,ACTIVE,Resignation,17086,1
EMP-13908,PROMOTION,2023-03-11,10649,14506,14506,0
EMP-10804,HIRE,2023-03-11,,بورسعيد - الشرق,18350,0
EMP-12290,HIRE,2023-03-11,,القاهرة - المعادي,16347,0
EMP-12672,HIRE,2023-03-11,,القاهرة - التجمع الخامس,11769,0
EMP-14872,HIRE,2023-03-11,,القاهرة - المعادي,19104,0
EMP-14732,HIRE,2023-03-11,,سموحة,14913,0
EMP-15602,HIRE,2023-03-12,,التجمع,19443,0
EMP-12118,HIRE,2023-03-12,,سموحة,18128,0
EMP-16852,HIRE,2023-03-13,,التجمع,11944,0
EMP-16295,HIRE,2023-03-13,,القاهره المعادي,18354,0
EMP-10018,HIRE,2023-03-13,,القاهرة - التجمع الخامس,16717,0
EMP-13350,HIRE,2023-03-14,,بورسعيد - الشرق,13339,0
EMP-14600,HIRE,2023-03-14,,الجيزة - الدقي,15999,0
EMP-10259,TRANSFER,2023-03-15,الجيزة - الدقي,القاهرة - المعادي,16081,0
EMP-11420,PROMOTION,2023-03-15,10896,18887,18887,0
EMP-10096,PROMOTION,2023-03-16,17043,23251,23251,0
EMP-13646,PROMOTION,2023-03-16,17199,22701,22701,0
EMP-14945,HIRE,2023-03-16,,فرع المعادي,18025,0
EMP-11021,HIRE,2023-03-16,,بورسعيد,8995,0
EMP-12882,HIRE,2023-03-16,,سموحة,8568,0
EMP-15292,HIRE,2023-03-16,,القاهره المعادي,16459,0
EMP-12770,HIRE,2023-03-16,,القاهرة - المعادي,7006,0
EMP-10192,HIRE,2023-03-17,,القاهره المعادي,9489,0
EMP-12140,HIRE,2023-03-17,,الجيزة - الدقي,19605,0
EMP-12140,HIRE,2023-03-17,,الجيزة - الدقي,19605,0
EMP-15543,HIRE,2023-03-17,,القاهرة - التجمع الخامس,9949,0
EMP-16517,TRANSFER,2023-03-18,الدقي,فرع المعادي,19627,0
EMP-11486,TRANSFER,2023-03-18,القاهره المعادي,التجمع,18478,0
EMP-13609,PROMOTION,2023-03-18,10050,17650,17650,0
EMP-13578,HIRE,2023-03-19,,التجمع,10068,0
EMP-11426,HIRE,2023-03-19,,القاهرة - المعادي,11358,0
EMP-16770,HIRE,2023-03-19,,بورسعيد - الشرق,16157,0
EMP-12163,HIRE,2023-03-19,,سموحة,19733,0
EMP-14813,HIRE,2023-03-19,,فرع المعادي,18303,0
EMP-15831,HIRE,2023-03-19,,التجمع,18694,0
EMP-12210,PROMOTION,2023-03-20,16543,20733,20733,0
EMP-12113,HIRE,2023-03-20,,التجمع,11116,0
EMP-14219,TRANSFER,2023-03-20,القاهرة - المعادي,الجيزة - الدقي,7405,0
EMP-13816,PROMOTION,2023-03-20,8740,12345,12345,0
EMP-14037,TRANSFER,2023-03-20,الدقي,الإسكندرية - سموحة,12881,0
EMP-13178,PROMOTION,2023-03-20,7354,13410,13410,0
EMP-13760,HIRE,2023-03-21,,القاهرة - المعادي,15375,0
EMP-13817,TRANSFER,2023-03-21,الإسكندرية - سموحة,القاهره المعادي,13082,0
EMP-11171,PROMOTION,2023-03-21,18219,24631,24631,0
EMP-10913,PROMOTION,2023-03-21,11801,18632,18632,0
EMP-16712,HIRE,2023-03-21,,الإسكندرية - سموحة,10142,0
EMP-10090,PROMOTION,2023-03-21,8241,10945,10945,0
EMP-14610,HIRE,2023-03-22,,القاهره المعادي,19655,0
EMP-15218,PROMOTION,2023-03-22,18991,23491,23491,0
EMP-10535,TRANSFER,2023-03-22,فرع المعادي,بورسعيد - الشرق,7275,0
EMP-10013,TRANSFER,2023-03-22,القاهرة - المعادي,سموحة,8106,0
EMP-16006,HIRE,2023-03-22,,بورسعيد,7076,0
EMP-16237,HIRE,2023-03-22,,الاسكندرية سموحة,17060,0
EMP-16999,HIRE,2023-03-23,,فرع المعادي,14772,0
EMP-11075,TRANSFER,2023-03-23,القاهرة - المعادي,الاسكندرية سموحة,17562,0
EMP-12095,PROMOTION,2023-03-23,7738,15049,15049,0
EMP-14186,HIRE,2023-03-24,,الاسكندرية سموحة,12359,0
EMP-12573,TRANSFER,2023-03-24,سموحة,فرع المعادي,14514,0
EMP-15855,TERMINATION,2023-03-24,ACTIVE,NULL,13305,1
EMP-16998,HIRE,2023-03-24,,الدقي,13022,0
EMP-13294,HIRE,2023-03-24,,القاهرة - التجمع الخامس,14796,0
EMP-13254,HIRE,2023-03-25,,فرع المعادي,14123,0
EMP-13143,TRANSFER,2023-03-25,القاهره المعادي,فرع المعادي,8623,0
EMP-16482,PROMOTION,2023-03-25,15837,19922,19922,0
EMP-10399,TERMINATION,2023-03-26,ACTIVE,Relocation,13011,1
EMP-15606,TRANSFER,2023-03-26,الجيزة - الدقي,فرع المعادي,7645,0
EMP-11849,HIRE,2023-03-26,,القاهرة - التجمع الخامس,8299,0
EMP-15557,HIRE,2023-03-26,,الاسكندرية سموحة,7933,0
EMP-12253,PROMOTION,2023-03-27,11664,18816,18816,0
EMP-10226,TRANSFER,2023-03-27,الدقي,فرع المعادي,10051,0
EMP-12531,HIRE,2023-03-28,,بورسعيد - الشرق,11620,0
EMP-10022,HIRE,2023-03-28,,الدقي,12215,0
EMP-11372,TRANSFER,2023-03-28,القاهره المعادي,التجمع,19779,0
EMP-10470,TERMINATION,2023-03-28,ACTIVE,Relocation,18121,1
EMP-15004,HIRE,2023-03-28,,الإسكندرية - سموحة,17196,0
EMP-15048,PROMOTION,2023-03-29,9224,16580,16580,0
EMP-16136,HIRE,2023-03-29,,القاهره المعادي,17630,0
EMP-14675,HIRE,2023-03-29,,القاهرة - التجمع الخامس,15666,0
EMP-12801,HIRE,2023-03-29,,سموحة,8597,0
EMP-10125,PROMOTION,2023-03-29,18439,23065,23065,0
EMP-10623,PROMOTION,2023-03-30,13065,15872,15872,0
EMP-16824,PROMOTION,2023-03-30,15782,19118,19118,0
EMP-12551,PROMOTION,2023-03-30,13955,17928,17928,0
EMP-11552,TRANSFER,2023-03-30,القاهره المعادي,القاهرة - المعادي,19450,0
EMP-16606,PROMOTION,2023-03-30,14787,18318,18318,0
EMP-14088,HIRE,2023-03-30,,القاهرة - المعادي,7985,0
EMP-16772,HIRE,2023-03-30,,القاهرة - المعادي,16273,0
EMP-14418,PROMOTION,2023-03-31,13628,21187,21187,0
EMP-14644,TERMINATION,2023-03-31,ACTIVE,NULL,17532,1
EMP-14202,HIRE,2023-04-01,,الدقي,18939,0
EMP-13189,HIRE,2023-04-01,,التجمع,14027,0
EMP-12382,HIRE,2023-04-01,,الدقي,19764,0
EMP-13418,TERMINATION,2023-04-01,ACTIVE,Relocation,16169,1
EMP-16285,HIRE,2023-04-01,,القاهرة - المعادي,19934,0
EMP-14491,HIRE,2023-04-02,,فرع المعادي,13320,0
EMP-11885,HIRE,2023-04-02,,بورسعيد,17374,0
EMP-16512,TERMINATION,2023-04-02,ACTIVE,Fired,30040,1
EMP-16725,HIRE,2023-04-03,,الإسكندرية - سموحة,13452,0
EMP-15294,HIRE,2023-04-03,,التجمع,11687,0
EMP-15850,PROMOTION,2023-04-03,7962,13166,13166,0
EMP-14416,HIRE,2023-04-04,,القاهره المعادي,10691,0
EMP-13151,TRANSFER,2023-04-04,سموحة,القاهرة - المعادي,15670,0
EMP-15029,HIRE,2023-04-04,,سموحة,17257,0
EMP-12800,PROMOTION,2023-04-04,19124,24647,24647,0
EMP-13919,HIRE,2023-04-04,,الاسكندرية سموحة,15475,0
EMP-14708,HIRE,2023-04-04,,الدقي,15682,0
EMP-10792,HIRE,2023-04-04,,فرع المعادي,8899,0
EMP-15785,TRANSFER,2023-04-05,التجمع,القاهره المعادي,15791,0
EMP-10617,PROMOTION,2023-04-05,9503,15319,15319,0
EMP-11497,HIRE,2023-04-05,,القاهرة - المعادي,17416,0
EMP-14763,HIRE,2023-04-06,,سموحة,18221,0
EMP-10812,PROMOTION,2023-04-06,13014,18173,18173,0
EMP-15310,TRANSFER,2023-04-06,سموحة,فرع المعادي,10690,0
EMP-11440,HIRE,2023-04-06,,فرع المعادي,14965,0
EMP-14184,TRANSFER,2023-04-06,التجمع,بورسعيد,19775,0
EMP-15699,TRANSFER,2023-04-07,الجيزة - الدقي,سموحة,10060,0
EMP-12102,PROMOTION,2023-04-08,17532,24770,24770,0
EMP-10526,PROMOTION,2023-04-08,14979,18448,18448,0
EMP-16858,PROMOTION,2023-04-08,13999,17544,17544,0
EMP-12251,TRANSFER,2023-04-09,بورسعيد,بورسعيد,11198,0
EMP-15338,HIRE,2023-04-10,,فرع المعادي,8910,0
EMP-10110,PROMOTION,2023-04-10,12361,18122,18122,0
EMP-16266,HIRE,2023-04-10,,الجيزة - الدقي,10018,0
EMP-11336,HIRE,2023-04-11,,القاهرة - التجمع الخامس,19906,0
EMP-15496,HIRE,2023-04-11,,بورسعيد,18181,0
EMP-16956,HIRE,2023-04-11,,القاهره المعادي,7374,0
EMP-16660,HIRE,2023-04-11,,القاهره المعادي,13346,0
EMP-15611,TERMINATION,2023-04-12,ACTIVE,Resignation,19774,1
EMP-13273,PROMOTION,2023-04-13,8384,15479,15479,0
EMP-10667,TERMINATION,2023-04-13,ACTIVE,Fired,7419,1
EMP-11250,HIRE,2023-04-13,,الاسكندرية سموحة,15352,0
EMP-16368,PROMOTION,2023-04-14,20383,26284,26284,0
EMP-15297,TRANSFER,2023-04-14,الجيزة - الدقي,القاهرة - التجمع الخامس,13216,0
EMP-12058,HIRE,2023-04-14,,القاهره المعادي,14341,0
EMP-13960,HIRE,2023-04-14,,القاهره المعادي,14573,0
EMP-12058,HIRE,2023-04-14,,القاهره المعادي,14341,0
EMP-10663,TRANSFER,2023-04-14,بورسعيد,بورسعيد,12634,0
EMP-15062,HIRE,2023-04-14,,فرع المعادي,10458,0
EMP-16702,TRANSFER,2023-04-14,الإسكندرية - سموحة,الدقي,7145,0
EMP-10557,PROMOTION,2023-04-14,15514,20356,20356,0
EMP-12450,PROMOTION,2023-04-15,8361,13424,13424,0
EMP-11659,HIRE,2023-04-15,,الجيزة - الدقي,10322,0
EMP-14931,HIRE,2023-04-15,,القاهره المعادي,11634,0
EMP-13100,TRANSFER,2023-04-16,الاسكندرية سموحة,الدقي,10052,0
EMP-16469,HIRE,2023-04-16,,بورسعيد - الشرق,18894,0
EMP-16599,TRANSFER,2023-04-16,الاسكندرية سموحة,الاسكندرية سموحة,18110,0
EMP-13004,HIRE,2023-04-17,,الإسكندرية - سموحة,14817,0
EMP-12911,HIRE,2023-04-17,,التجمع,11125,0
EMP-16707,HIRE,2023-04-17,,القاهرة - المعادي,11706,0
EMP-11975,TRANSFER,2023-04-17,الدقي,الدقي,23428,0
EMP-15393,HIRE,2023-04-18,,سموحة,10069,0
EMP-15944,HIRE,2023-04-19,,بورسعيد - الشرق,11314,0
EMP-13953,HIRE,2023-04-19,,القاهرة - المعادي,10361,0
EMP-11672,HIRE,2023-04-20,,القاهره المعادي,19145,0
EMP-15894,PROMOTION,2023-04-20,23940,30521,30521,0
EMP-15163,HIRE,2023-04-20,,القاهرة - التجمع الخامس,10876,0
EMP-10722,TRANSFER,2023-04-20,الاسكندرية سموحة,بورسعيد,14981,0
EMP-12417,HIRE,2023-04-20,,الإسكندرية - سموحة,15093,0
EMP-13802,HIRE,2023-04-20,,بورسعيد,13466,0
EMP-12323,HIRE,2023-04-21,,بورسعيد,17729,0
EMP-14831,HIRE,2023-04-21,,القاهرة - التجمع الخامس,18487,0
EMP-16276,HIRE,2023-04-21,,فرع المعادي,15538,0
EMP-16139,HIRE,2023-04-21,,القاهرة - المعادي,12365,0
EMP-14831,HIRE,2023-04-21,,القاهرة - التجمع الخامس,18487,0
EMP-10485,HIRE,2023-04-22,,الإسكندرية - سموحة,12533,0
EMP-16408,TRANSFER,2023-04-23,فرع المعادي,الدقي,7732,0
EMP-11279,TRANSFER,2023-04-23,التجمع,الاسكندرية سموحة,15436,0
EMP-10602,TRANSFER,2023-04-23,الجيزة - الدقي,بورسعيد - الشرق,19272,0
EMP-14121,HIRE,2023-04-24,,الجيزة - الدقي,17356,0
EMP-14689,PROMOTION,2023-04-24,14114,21497,21497,0
EMP-16342,PROMOTION,2023-04-25,17414,23950,23950,0
EMP-15836,HIRE,2023-04-25,,الاسكندرية سموحة,12671,0
EMP-15167,TRANSFER,2023-04-25,بورسعيد - الشرق,بورسعيد,15899,0
EMP-16328,HIRE,2023-04-25,,الجيزة - الدقي,10070,0
EMP-16925,TRANSFER,2023-04-25,بورسعيد - الشرق,الإسكندرية - سموحة,19197,0
EMP-13309,PROMOTION,2023-04-25,15825,23270,23270,0
EMP-13081,PROMOTION,2023-04-25,15928,21151,21151,0
EMP-13497,TRANSFER,2023-04-26,التجمع,الجيزة - الدقي,14829,0
EMP-11071,TRANSFER,2023-04-26,سموحة,فرع المعادي,14859,0
EMP-13510,PROMOTION,2023-04-26,19899,25372,25372,0
EMP-11838,PROMOTION,2023-04-27,9730,15625,15625,0
EMP-15093,HIRE,2023-04-27,,فرع المعادي,13555,0
EMP-16703,HIRE,2023-04-27,,سموحة,7963,0
EMP-14058,HIRE,2023-04-27,,القاهرة - التجمع الخامس,16543,0
EMP-10878,HIRE,2023-04-27,,فرع المعادي,12341,0
EMP-14042,HIRE,2023-04-27,,الجيزة - الدقي,16970,0
EMP-13433,TRANSFER,2023-04-28,الجيزة - الدقي,القاهره المعادي,8956,0
EMP-14559,HIRE,2023-04-28,,القاهرة - المعادي,18859,0
EMP-16143,HIRE,2023-04-28,,التجمع,9818,0
EMP-14183,HIRE,2023-04-28,,الدقي,7033,0
EMP-14716,HIRE,2023-04-28,,القاهرة - المعادي,8722,0
EMP-11215,HIRE,2023-04-28,,التجمع,17946,0
EMP-11772,HIRE,2023-04-29,,الإسكندرية - سموحة,13181,0
EMP-13841,HIRE,2023-04-29,,سموحة,10498,0
EMP-13097,TRANSFER,2023-04-29,سموحة,التجمع,15945,0
EMP-11808,PROMOTION,2023-04-30,11270,15178,15178,0
EMP-16415,HIRE,2023-05-01,,القاهره المعادي,13233,0
EMP-16104,TRANSFER,2023-05-02,بورسعيد,القاهره المعادي,19405,0
EMP-13986,TRANSFER,2023-05-02,القاهره المعادي,الدقي,20886,0
EMP-11517,PROMOTION,2023-05-02,16954,22516,22516,0
EMP-15688,TRANSFER,2023-05-02,سموحة,سموحة,20396,0
EMP-14547,TRANSFER,2023-05-02,التجمع,التجمع,14760,0
EMP-12777,HIRE,2023-05-02,,فرع المعادي,17766,0
EMP-12265,HIRE,2023-05-03,,الإسكندرية - سموحة,16689,0
EMP-14562,HIRE,2023-05-03,,القاهرة - المعادي,18884,0
EMP-15817,HIRE,2023-05-03,,القاهره المعادي,17393,0
EMP-14135,TRANSFER,2023-05-03,القاهرة - المعادي,القاهرة - التجمع الخامس,11759,0
EMP-15617,HIRE,2023-05-04,,التجمع,8970,0
EMP-11439,HIRE,2023-05-04,,القاهرة - المعادي,17559,0
EMP-11970,TERMINATION,2023-05-04,ACTIVE,Resignation,8583,1
EMP-11116,PROMOTION,2023-05-04,8616,13723,13723,0
EMP-15778,HIRE,2023-05-04,,القاهرة - المعادي,17484,0
EMP-12153,TRANSFER,2023-05-04,بورسعيد - الشرق,الاسكندرية سموحة,9916,0
EMP-10933,HIRE,2023-05-04,,الإسكندرية - سموحة,13846,0
EMP-13867,HIRE,2023-05-04,,الاسكندرية سموحة,9741,0
EMP-13311,TRANSFER,2023-05-05,الاسكندرية سموحة,بورسعيد,18027,0
EMP-14911,TERMINATION,2023-05-05,ACTIVE,Fired,8514,1
EMP-11637,HIRE,2023-05-05,,سموحة,19443,0
EMP-15698,HIRE,2023-05-05,,الاسكندرية سموحة,17391,0
EMP-14392,HIRE,2023-05-05,,الاسكندرية سموحة,16244,0
EMP-11691,HIRE,2023-05-05,,فرع المعادي,15470,0
EMP-13760,PROMOTION,2023-05-06,15375,22152,22152,0
EMP-11848,HIRE,2023-05-06,,الجيزة - الدقي,8734,0
EMP-16948,PROMOTION,2023-05-06,9678,16773,16773,0
EMP-13282,HIRE,2023-05-06,,الإسكندرية - سموحة,15415,0
EMP-15943,HIRE,2023-05-06,,القاهرة - التجمع الخامس,12279,0
EMP-10152,HIRE,2023-05-06,,الإسكندرية - سموحة,17041,0
EMP-15241,HIRE,2023-05-06,,بورسعيد - الشرق,17753,0
EMP-13182,HIRE,2023-05-06,,القاهرة - التجمع الخامس,14716,0
EMP-15310,PROMOTION,2023-05-07,10690,12953,12953,0
EMP-12044,HIRE,2023-05-07,,القاهرة - التجمع الخامس,19343,0
EMP-12614,HIRE,2023-05-07,,فرع المعادي,9601,0
EMP-13788,TERMINATION,2023-05-07,ACTIVE,NULL,11565,1
EMP-13453,TERMINATION,2023-05-07,ACTIVE,Fired,26520,1
EMP-15872,HIRE,2023-05-08,,التجمع,18707,0
EMP-14413,HIRE,2023-05-08,,القاهرة - المعادي,8632,0
EMP-14322,PROMOTION,2023-05-08,18856,21850,21850,0
EMP-14449,HIRE,2023-05-08,,التجمع,17964,0
EMP-10801,TRANSFER,2023-05-10,التجمع,التجمع,18562,0
EMP-13812,TRANSFER,2023-05-10,القاهرة - التجمع الخامس,التجمع,16244,0
EMP-13079,PROMOTION,2023-05-10,17488,19879,19879,0
EMP-11410,HIRE,2023-05-10,,القاهرة - المعادي,11331,0
EMP-12671,PROMOTION,2023-05-10,11726,14130,14130,0
EMP-13112,HIRE,2023-05-10,,القاهره المعادي,11721,0
EMP-10606,TRANSFER,2023-05-10,الدقي,الجيزة - الدقي,16026,0
EMP-11842,PROMOTION,2023-05-10,23204,28416,28416,0
EMP-16725,PROMOTION,2023-05-10,13452,18223,18223,0
EMP-16665,TRANSFER,2023-05-11,الاسكندرية سموحة,سموحة,15844,0
EMP-13043,HIRE,2023-05-11,,الاسكندرية سموحة,19015,0
EMP-12436,HIRE,2023-05-11,,سموحة,18016,0
EMP-12101,HIRE,2023-05-11,,الاسكندرية سموحة,11759,0
EMP-13082,PROMOTION,2023-05-12,12876,16910,16910,0
EMP-16000,PROMOTION,2023-05-12,11796,14156,14156,0
EMP-12178,HIRE,2023-05-12,,القاهرة - التجمع الخامس,14035,0
EMP-10302,HIRE,2023-05-12,,سموحة,17539,0
EMP-14001,HIRE,2023-05-13,,القاهرة - المعادي,17211,0
EMP-15171,TRANSFER,2023-05-13,الجيزة - الدقي,القاهرة - المعادي,12047,0
EMP-13073,HIRE,2023-05-13,,القاهرة - المعادي,7884,0
EMP-10130,HIRE,2023-05-13,,بورسعيد - الشرق,13162,0
EMP-14126,PROMOTION,2023-05-13,8859,13197,13197,0
EMP-12643,HIRE,2023-05-13,,الدقي,16025,0
EMP-11724,PROMOTION,2023-05-14,13858,17124,17124,0
EMP-12566,TRANSFER,2023-05-14,الجيزة - الدقي,التجمع,19173,0
EMP-12567,PROMOTION,2023-05-14,10484,14012,14012,0
EMP-12011,HIRE,2023-05-14,,التجمع,19788,0
EMP-12897,TERMINATION,2023-05-14,ACTIVE,NULL,17395,1
EMP-11309,HIRE,2023-05-14,,القاهرة - التجمع الخامس,18004,0
EMP-10096,TRANSFER,2023-05-14,الاسكندرية سموحة,القاهره المعادي,23251,0
EMP-15515,HIRE,2023-05-14,,بورسعيد - الشرق,11614,0
EMP-12232,TRANSFER,2023-05-15,بورسعيد,التجمع,15408,0
EMP-13771,HIRE,2023-05-15,,الجيزة - الدقي,16251,0
EMP-15792,PROMOTION,2023-05-15,15403,23119,23119,0
EMP-15891,PROMOTION,2023-05-15,19218,26316,26316,0
EMP-12964,TERMINATION,2023-05-15,ACTIVE,NULL,12000,1
EMP-14113,HIRE,2023-05-16,,سموحة,14118,0
EMP-16099,HIRE,2023-05-16,,فرع المعادي,17864,0
EMP-13657,HIRE,2023-05-16,,الاسكندرية سموحة,14305,0
EMP-14541,HIRE,2023-05-17,,بورسعيد,8098,0
EMP-10288,TRANSFER,2023-05-17,بورسعيد,القاهرة - التجمع الخامس,11261,0
EMP-14490,PROMOTION,2023-05-17,9090,15045,15045,0
EMP-10828,HIRE,2023-05-18,,التجمع,19232,0
EMP-15561,TERMINATION,2023-05-18,ACTIVE,NULL,24050,1
EMP-10556,HIRE,2023-05-19,,الاسكندرية سموحة,10923,0
EMP-13420,HIRE,2023-05-19,,التجمع,10064,0
EMP-15752,PROMOTION,2023-05-20,17485,19701,19701,0
EMP-13907,HIRE,2023-05-20,,بورسعيد - الشرق,9620,0
EMP-14990,HIRE,2023-05-20,,التجمع,14114,0
EMP-12745,HIRE,2023-05-20,,الدقي,9001,0
EMP-10214,TRANSFER,2023-05-21,فرع المعادي,التجمع,12944,0
EMP-15169,HIRE,2023-05-22,,الجيزة - الدقي,16327,0
EMP-13543,HIRE,2023-05-22,,بورسعيد - الشرق,17798,0
EMP-12582,HIRE,2023-05-23,,بورسعيد,13071,0
EMP-15527,TRANSFER,2023-05-23,بورسعيد,القاهرة - التجمع الخامس,11912,0
EMP-10167,TRANSFER,2023-05-24,الدقي,القاهرة - التجمع الخامس,24797,0
EMP-14345,HIRE,2023-05-24,,الجيزة - الدقي,17124,0
EMP-15623,PROMOTION,2023-05-26,18177,24126,24126,0
EMP-12842,TERMINATION,2023-05-26,ACTIVE,Fired,19420,1
EMP-12622,HIRE,2023-05-27,,الجيزة - الدقي,16958,0
EMP-16774,PROMOTION,2023-05-27,11418,17375,17375,0
EMP-14227,PROMOTION,2023-05-27,17705,24925,24925,0
EMP-11441,PROMOTION,2023-05-27,16050,18380,18380,0
EMP-14935,TRANSFER,2023-05-27,القاهرة - التجمع الخامس,بورسعيد - الشرق,14870,0
EMP-16292,HIRE,2023-05-28,,الجيزة - الدقي,9485,0
EMP-16438,HIRE,2023-05-28,,الدقي,9378,0
EMP-12762,TRANSFER,2023-05-28,الإسكندرية - سموحة,الدقي,9134,0
EMP-15806,TERMINATION,2023-05-28,ACTIVE,Fired,16076,1
EMP-11234,HIRE,2023-05-28,,سموحة,19955,0
EMP-13493,TERMINATION,2023-05-28,ACTIVE,Relocation,11951,1
EMP-10696,HIRE,2023-05-29,,الدقي,11850,0
EMP-10696,HIRE,2023-05-29,,الدقي,11850,0
EMP-16342,TERMINATION,2023-05-29,ACTIVE,NULL,23950,1
EMP-15004,TRANSFER,2023-05-29,الإسكندرية - سموحة,الاسكندرية سموحة,17196,0
EMP-16904,HIRE,2023-05-29,,بورسعيد - الشرق,13699,0
EMP-10011,TRANSFER,2023-05-29,سموحة,بورسعيد - الشرق,18503,0
EMP-14385,HIRE,2023-05-29,,فرع المعادي,10732,0
EMP-12655,TRANSFER,2023-05-29,الدقي,الجيزة - الدقي,9893,0
EMP-12709,HIRE,2023-05-30,,القاهرة - المعادي,12052,0
EMP-16060,HIRE,2023-05-30,,بورسعيد - الشرق,17930,0
EMP-10765,HIRE,2023-05-31,,الدقي,9084,0
EMP-16983,TRANSFER,2023-05-31,بورسعيد,القاهرة - التجمع الخامس,14153,0
EMP-12851,HIRE,2023-05-31,,القاهره المعادي,16247,0
EMP-13568,TRANSFER,2023-05-31,الجيزة - الدقي,الدقي,32076,0
EMP-11316,HIRE,2023-06-01,,الاسكندرية سموحة,16577,0
EMP-16975,TRANSFER,2023-06-01,الإسكندرية - سموحة,القاهرة - المعادي,13409,0
EMP-16905,HIRE,2023-06-01,,بورسعيد - الشرق,17698,0
EMP-13198,PROMOTION,2023-06-02,12127,16588,16588,0
EMP-16369,PROMOTION,2023-06-02,15051,22321,22321,0
EMP-10460,PROMOTION,2023-06-02,7781,10859,10859,0
EMP-14030,TRANSFER,2023-06-03,القاهرة - التجمع الخامس,الإسكندرية - سموحة,8138,0
EMP-15399,HIRE,2023-06-03,,التجمع,14250,0
EMP-15772,TERMINATION,2023-06-03,ACTIVE,Resignation,21016,1
EMP-10518,HIRE,2023-06-03,,سموحة,12560,0
EMP-16013,TRANSFER,2023-06-04,التجمع,بورسعيد,13178,0
EMP-11696,HIRE,2023-06-04,,بورسعيد,13426,0
EMP-13264,HIRE,2023-06-04,,القاهرة - المعادي,15298,0
EMP-12887,HIRE,2023-06-04,,الاسكندرية سموحة,14519,0
EMP-11550,PROMOTION,2023-06-04,15053,22524,22524,0
EMP-15539,TRANSFER,2023-06-05,القاهرة - التجمع الخامس,فرع المعادي,10706,0
EMP-16421,HIRE,2023-06-05,,الدقي,19628,0
EMP-10297,HIRE,2023-06-05,,بورسعيد - الشرق,9887,0
EMP-15221,TRANSFER,2023-06-05,الدقي,الاسكندرية سموحة,11040,0
EMP-16918,TRANSFER,2023-06-05,التجمع,الاسكندرية سموحة,14705,0
EMP-16461,HIRE,2023-06-06,,الجيزة - الدقي,18226,0
EMP-15536,HIRE,2023-06-06,,الإسكندرية - سموحة,18332,0
EMP-10755,PROMOTION,2023-06-06,9618,12838,12838,0
EMP-10118,HIRE,2023-06-06,,بورسعيد,16040,0
EMP-11636,TERMINATION,2023-06-06,ACTIVE,Fired,15869,1
EMP-15128,HIRE,2023-06-06,,الاسكندرية سموحة,8872,0
EMP-13968,HIRE,2023-06-07,,سموحة,19165,0
EMP-13443,HIRE,2023-06-07,,الجيزة - الدقي,16613,0
EMP-13516,HIRE,2023-06-07,,القاهرة - المعادي,16972,0
EMP-13516,HIRE,2023-06-07,,القاهرة - المعادي,16972,0
EMP-15084,TERMINATION,2023-06-07,ACTIVE,Resignation,19400,1
EMP-16951,HIRE,2023-06-07,,القاهرة - التجمع الخامس,9151,0
EMP-11588,PROMOTION,2023-06-07,12431,18411,18411,0
EMP-11104,PROMOTION,2023-06-07,16080,18691,18691,0
EMP-13663,HIRE,2023-06-08,,القاهره المعادي,10254,0
EMP-15987,PROMOTION,2023-06-08,11468,14995,14995,0
EMP-12358,HIRE,2023-06-09,,القاهرة - المعادي,19441,0
EMP-13688,PROMOTION,2023-06-09,16301,21649,21649,0
EMP-11237,TRANSFER,2023-06-09,الجيزة - الدقي,الدقي,19543,0
EMP-10318,HIRE,2023-06-09,,فرع المعادي,8397,0
EMP-14443,PROMOTION,2023-06-10,7578,13007,13007,0
EMP-13841,TRANSFER,2023-06-10,سموحة,القاهرة - التجمع الخامس,10498,0
EMP-12094,PROMOTION,2023-06-10,23122,25418,25418,0
EMP-13773,PROMOTION,2023-06-10,16800,23136,23136,0
EMP-15861,TERMINATION,2023-06-11,ACTIVE,Fired,24140,1
EMP-13346,PROMOTION,2023-06-11,10576,14017,14017,0
EMP-12952,HIRE,2023-06-11,,التجمع,16583,0
EMP-10515,HIRE,2023-06-11,,الاسكندرية سموحة,16765,0
EMP-15956,TERMINATION,2023-06-11,ACTIVE,Fired,17373,1
EMP-12380,HIRE,2023-06-11,,الدقي,12094,0
EMP-16262,HIRE,2023-06-12,,سموحة,11658,0
EMP-12235,TERMINATION,2023-06-12,ACTIVE,Relocation,9035,1
EMP-15481,TERMINATION,2023-06-12,ACTIVE,Relocation,22806,1
EMP-14089,HIRE,2023-06-13,,القاهرة - التجمع الخامس,15623,0
EMP-14969,HIRE,2023-06-13,,الجيزة - الدقي,10117,0
EMP-13592,PROMOTION,2023-06-13,15304,23301,23301,0
EMP-15847,PROMOTION,2023-06-13,19097,26281,26281,0
EMP-16941,PROMOTION,2023-06-13,25111,30761,30761,0
EMP-16548,HIRE,2023-06-14,,سموحة,11327,0
EMP-10009,TRANSFER,2023-06-14,بورسعيد,القاهره المعادي,18220,0
EMP-15962,HIRE,2023-06-14,,الجيزة - الدقي,18689,0
EMP-11601,PROMOTION,2023-06-14,9608,12562,12562,0
EMP-14432,HIRE,2023-06-15,,الاسكندرية سموحة,11548,0
EMP-16888,TERMINATION,2023-06-15,ACTIVE,Relocation,12667,1
EMP-15860,HIRE,2023-06-15,,بورسعيد,10484,0
EMP-12883,TRANSFER,2023-06-15,الإسكندرية - سموحة,فرع المعادي,15813,0
EMP-14024,HIRE,2023-06-15,,الإسكندرية - سموحة,11122,0
EMP-10677,HIRE,2023-06-16,,بورسعيد,16604,0
EMP-11064,HIRE,2023-06-16,,القاهرة - المعادي,16430,0
EMP-16649,HIRE,2023-06-16,,القاهره المعادي,18089,0
EMP-13149,TRANSFER,2023-06-16,القاهرة - المعادي,الاسكندرية سموحة,19875,0
EMP-12616,HIRE,2023-06-16,,بورسعيد - الشرق,16914,0
EMP-10468,TRANSFER,2023-06-17,الاسكندرية سموحة,الجيزة - الدقي,11840,0
EMP-13593,TRANSFER,2023-06-17,الإسكندرية - سموحة,القاهرة - المعادي,15611,0
EMP-12347,PROMOTION,2023-06-17,18112,21215,21215,0
EMP-15602,PROMOTION,2023-06-17,19443,23384,23384,0
EMP-15052,TRANSFER,2023-06-17,القاهرة - المعادي,القاهرة - المعادي,27445,0
EMP-11457,HIRE,2023-06-17,,الدقي,13216,0
EMP-11756,TRANSFER,2023-06-17,القاهرة - المعادي,القاهرة - التجمع الخامس,16229,0
EMP-11340,HIRE,2023-06-18,,القاهره المعادي,7978,0
EMP-11902,TRANSFER,2023-06-18,سموحة,القاهره المعادي,9405,0
EMP-12623,HIRE,2023-06-18,,سموحة,13108,0
EMP-14963,HIRE,2023-06-18,,القاهره المعادي,9419,0
EMP-12977,HIRE,2023-06-18,,فرع المعادي,15333,0
EMP-14204,HIRE,2023-06-18,,فرع المعادي,18628,0
EMP-14913,PROMOTION,2023-06-18,10227,15522,15522,0
EMP-11069,HIRE,2023-06-19,,القاهرة - المعادي,12087,0
EMP-16447,PROMOTION,2023-06-19,14902,21368,21368,0
EMP-13035,TERMINATION,2023-06-19,ACTIVE,Resignation,10357,1
EMP-10882,HIRE,2023-06-19,,بورسعيد,8842,0
EMP-13761,PROMOTION,2023-06-19,15359,20294,20294,0
EMP-10018,TERMINATION,2023-06-19,ACTIVE,Relocation,16717,1
EMP-14560,HIRE,2023-06-19,,بورسعيد - الشرق,18615,0
EMP-14567,TERMINATION,2023-06-20,ACTIVE,Resignation,12528,1
EMP-16420,PROMOTION,2023-06-20,15962,19102,19102,0
EMP-11049,HIRE,2023-06-20,,فرع المعادي,17792,0
EMP-16191,PROMOTION,2023-06-20,14424,17314,17314,0
EMP-14943,TRANSFER,2023-06-20,الجيزة - الدقي,بورسعيد,23492,0
EMP-14391,HIRE,2023-06-20,,الدقي,12726,0
EMP-11991,HIRE,2023-06-20,,سموحة,8962,0
EMP-14243,HIRE,2023-06-20,,بورسعيد,15924,0
EMP-14247,TRANSFER,2023-06-20,القاهرة - المعادي,بورسعيد,9620,0
EMP-16498,HIRE,2023-06-21,,الجيزة - الدقي,16573,0
EMP-15338,PROMOTION,2023-06-21,8910,13177,13177,0
EMP-10706,HIRE,2023-06-21,,الإسكندرية - سموحة,16550,0
EMP-13032,HIRE,2023-06-21,,التجمع,19057,0
EMP-14139,TRANSFER,2023-06-21,الاسكندرية سموحة,القاهرة - المعادي,8842,0
EMP-15934,HIRE,2023-06-22,,بورسعيد,7417,0
EMP-13608,HIRE,2023-06-22,,القاهرة - المعادي,11921,0
EMP-13805,TERMINATION,2023-06-22,ACTIVE,Fired,15403,1
EMP-16839,TERMINATION,2023-06-22,ACTIVE,Resignation,21822,1
EMP-16356,TERMINATION,2023-06-22,ACTIVE,Relocation,17839,1
EMP-13750,PROMOTION,2023-06-22,11683,15901,15901,0
EMP-16169,TERMINATION,2023-06-22,ACTIVE,Fired,14971,1
EMP-11224,HIRE,2023-06-22,,القاهرة - التجمع الخامس,16655,0
EMP-13316,HIRE,2023-06-23,,القاهره المعادي,7167,0
EMP-13622,HIRE,2023-06-23,,الإسكندرية - سموحة,18463,0
EMP-16676,TRANSFER,2023-06-24,الإسكندرية - سموحة,بورسعيد - الشرق,10864,0
EMP-15585,HIRE,2023-06-24,,سموحة,18440,0
EMP-12619,TRANSFER,2023-06-24,سموحة,الجيزة - الدقي,16101,0
EMP-10623,PROMOTION,2023-06-25,15872,23469,23469,0
EMP-10827,HIRE,2023-06-25,,بورسعيد - الشرق,15983,0
EMP-16945,HIRE,2023-06-25,,الاسكندرية سموحة,15678,0
EMP-15709,PROMOTION,2023-06-25,7252,15191,15191,0
EMP-10946,TRANSFER,2023-06-26,التجمع,التجمع,14354,0
EMP-16685,HIRE,2023-06-26,,الاسكندرية سموحة,16330,0
EMP-15529,HIRE,2023-06-26,,القاهرة - المعادي,13766,0
EMP-12703,HIRE,2023-06-26,,الإسكندرية - سموحة,12447,0
EMP-11102,TERMINATION,2023-06-27,ACTIVE,Fired,31576,1
EMP-10229,PROMOTION,2023-06-27,9197,13355,13355,0
EMP-12341,PROMOTION,2023-06-28,10582,14188,14188,0
EMP-14452,TERMINATION,2023-06-28,ACTIVE,Resignation,14924,1
EMP-15390,HIRE,2023-06-28,,الاسكندرية سموحة,17574,0
EMP-16607,HIRE,2023-06-29,,القاهرة - المعادي,13518,0
EMP-14907,PROMOTION,2023-06-29,17061,19970,19970,0
EMP-10568,HIRE,2023-06-29,,الدقي,12994,0
EMP-16475,HIRE,2023-06-29,,فرع المعادي,9345,0
EMP-10999,PROMOTION,2023-06-29,17987,22211,22211,0
EMP-14110,HIRE,2023-06-29,,فرع المعادي,10167,0
EMP-13211,HIRE,2023-06-29,,بورسعيد - الشرق,18908,0
EMP-16874,TRANSFER,2023-06-30,فرع المعادي,فرع المعادي,19444,0
EMP-14119,HIRE,2023-06-30,,القاهره المعادي,7793,0
EMP-11994,HIRE,2023-06-30,,الإسكندرية - سموحة,11474,0
EMP-11349,HIRE,2023-06-30,,الاسكندرية سموحة,15270,0
EMP-10740,TRANSFER,2023-06-30,بورسعيد,القاهره المعادي,14676,0
EMP-11349,HIRE,2023-06-30,,الاسكندرية سموحة,15270,0
EMP-13130,PROMOTION,2023-06-30,13832,17132,17132,0
EMP-14476,HIRE,2023-07-01,,فرع المعادي,16588,0
EMP-14807,TRANSFER,2023-07-01,الجيزة - الدقي,فرع المعادي,17398,0
EMP-12753,PROMOTION,2023-07-02,8719,12270,12270,0
EMP-14527,TERMINATION,2023-07-02,ACTIVE,Relocation,26448,1
EMP-10669,HIRE,2023-07-02,,بورسعيد - الشرق,9970,0
EMP-15871,TRANSFER,2023-07-03,التجمع,الدقي,12622,0
EMP-13618,HIRE,2023-07-03,,الجيزة - الدقي,14023,0
EMP-15339,TRANSFER,2023-07-03,سموحة,بورسعيد,19548,0
EMP-13427,TRANSFER,2023-07-03,سموحة,سموحة,8937,0
EMP-10374,HIRE,2023-07-04,,سموحة,8974,0
EMP-13920,TERMINATION,2023-07-05,ACTIVE,NULL,14913,1
EMP-16490,HIRE,2023-07-05,,التجمع,17228,0
EMP-16062,TERMINATION,2023-07-06,ACTIVE,Relocation,18329,1
EMP-13370,HIRE,2023-07-06,,الجيزة - الدقي,10318,0
EMP-11896,HIRE,2023-07-06,,الإسكندرية - سموحة,17761,0
EMP-14968,HIRE,2023-07-06,,الإسكندرية - سموحة,7595,0
EMP-15453,TRANSFER,2023-07-06,الجيزة - الدقي,بورسعيد,15121,0
EMP-13234,HIRE,2023-07-07,,الدقي,18786,0
EMP-15157,HIRE,2023-07-07,,بورسعيد - الشرق,13691,0
EMP-13090,TRANSFER,2023-07-07,القاهرة - التجمع الخامس,الاسكندرية سموحة,10280,0
EMP-10150,PROMOTION,2023-07-07,14076,20019,20019,0
EMP-12429,HIRE,2023-07-08,,الدقي,12465,0
EMP-10215,HIRE,2023-07-08,,التجمع,16896,0
EMP-13871,TRANSFER,2023-07-08,الاسكندرية سموحة,الدقي,23107,0
EMP-14321,HIRE,2023-07-08,,الاسكندرية سموحة,12697,0
EMP-13980,TRANSFER,2023-07-08,سموحة,القاهرة - المعادي,17185,0
EMP-10643,HIRE,2023-07-09,,بورسعيد - الشرق,10245,0
EMP-16940,HIRE,2023-07-09,,القاهرة - المعادي,8458,0
EMP-15986,HIRE,2023-07-09,,بورسعيد,10469,0
EMP-10001,HIRE,2023-07-09,,القاهرة - التجمع الخامس,10190,0
EMP-10342,TERMINATION,2023-07-10,ACTIVE,Resignation,21241,1
EMP-12115,PROMOTION,2023-07-10,10841,14097,14097,0
EMP-12073,HIRE,2023-07-10,,الجيزة - الدقي,10355,0
EMP-16465,HIRE,2023-07-10,,الجيزة - الدقي,11386,0
EMP-13040,TERMINATION,2023-07-10,ACTIVE,NULL,7273,1
EMP-14281,TRANSFER,2023-07-10,فرع المعادي,بورسعيد,19470,0
EMP-11279,PROMOTION,2023-07-11,15436,18188,18188,0
EMP-14730,HIRE,2023-07-11,,الإسكندرية - سموحة,17937,0
EMP-15853,HIRE,2023-07-12,,فرع المعادي,19193,0
EMP-13756,PROMOTION,2023-07-12,13744,20305,20305,0
EMP-14606,HIRE,2023-07-12,,بورسعيد,14361,0
EMP-10994,HIRE,2023-07-13,,فرع المعادي,13602,0
EMP-13882,HIRE,2023-07-13,,فرع المعادي,17448,0
EMP-11770,TERMINATION,2023-07-13,ACTIVE,Fired,15092,1
EMP-16087,HIRE,2023-07-13,,بورسعيد - الشرق,14382,0
EMP-16516,TRANSFER,2023-07-13,سموحة,بورسعيد,9129,0
EMP-11372,PROMOTION,2023-07-13,19779,23277,23277,0
EMP-16435,HIRE,2023-07-14,,القاهره المعادي,11935,0
EMP-16470,HIRE,2023-07-14,,الإسكندرية - سموحة,15812,0
EMP-15757,HIRE,2023-07-15,,بورسعيد - الشرق,13979,0
EMP-14503,TRANSFER,2023-07-15,الإسكندرية - سموحة,القاهره المعادي,8784,0
EMP-14161,HIRE,2023-07-15,,القاهرة - التجمع الخامس,9004,0
EMP-13396,HIRE,2023-07-15,,سموحة,12622,0
EMP-11919,PROMOTION,2023-07-16,12998,15737,15737,0
EMP-12404,PROMOTION,2023-07-16,8365,16270,16270,0
EMP-14049,HIRE,2023-07-16,,التجمع,8048,0
EMP-10138,TRANSFER,2023-07-17,الجيزة - الدقي,بورسعيد - الشرق,15966,0
EMP-10665,HIRE,2023-07-17,,القاهره المعادي,13342,0
EMP-11954,HIRE,2023-07-17,,القاهرة - التجمع الخامس,10688,0
EMP-13689,HIRE,2023-07-17,,الاسكندرية سموحة,8741,0
EMP-10506,HIRE,2023-07-17,,الاسكندرية سموحة,18343,0
EMP-13161,HIRE,2023-07-18,,الجيزة - الدقي,15523,0
EMP-11515,TRANSFER,2023-07-19,الدقي,فرع المعادي,12423,0
EMP-12175,PROMOTION,2023-07-19,17114,19503,19503,0
EMP-16710,PROMOTION,2023-07-19,7984,14485,14485,0
EMP-13930,HIRE,2023-07-19,,سموحة,8042,0
EMP-10799,PROMOTION,2023-07-20,13480,20274,20274,0
EMP-13859,HIRE,2023-07-20,,فرع المعادي,19036,0
EMP-12313,HIRE,2023-07-20,,بورسعيد,19770,0
EMP-14501,PROMOTION,2023-07-21,17650,24580,24580,0
EMP-15247,TRANSFER,2023-07-21,الجيزة - الدقي,القاهره المعادي,17706,0
EMP-16413,HIRE,2023-07-21,,القاهره المعادي,18964,0
EMP-10056,HIRE,2023-07-22,,القاهرة - المعادي,8690,0
EMP-14234,HIRE,2023-07-22,,الجيزة - الدقي,12023,0
EMP-15269,HIRE,2023-07-22,,سموحة,15274,0
EMP-12005,HIRE,2023-07-22,,بورسعيد,17078,0
EMP-15236,HIRE,2023-07-22,,فرع المعادي,12853,0
EMP-10210,PROMOTION,2023-07-22,17102,19843,19843,0
EMP-10580,TERMINATION,2023-07-23,ACTIVE,Resignation,18722,1
EMP-14563,HIRE,2023-07-23,,القاهرة - التجمع الخامس,11371,0
EMP-16488,TRANSFER,2023-07-23,فرع المعادي,التجمع,16292,0
EMP-13006,HIRE,2023-07-23,,بورسعيد,10201,0
EMP-13006,HIRE,2023-07-23,,بورسعيد,10201,0
EMP-12927,HIRE,2023-07-23,,الدقي,16005,0
EMP-14015,HIRE,2023-07-23,,الاسكندرية سموحة,17995,0
EMP-12503,TERMINATION,2023-07-24,ACTIVE,Relocation,19929,1
EMP-12871,HIRE,2023-07-24,,فرع المعادي,15504,0
EMP-10614,PROMOTION,2023-07-24,8112,11321,11321,0
EMP-16496,HIRE,2023-07-24,,الاسكندرية سموحة,8518,0
EMP-16931,HIRE,2023-07-24,,الاسكندرية سموحة,11599,0
EMP-15883,HIRE,2023-07-25,,بورسعيد - الشرق,10733,0
EMP-14056,PROMOTION,2023-07-25,8177,13016,13016,0
EMP-15218,PROMOTION,2023-07-26,23491,30225,30225,0
EMP-10368,HIRE,2023-07-26,,التجمع,7243,0
EMP-14307,HIRE,2023-07-26,,سموحة,19173,0
EMP-11634,PROMOTION,2023-07-26,18010,25000,25000,0
EMP-15827,HIRE,2023-07-26,,القاهرة - التجمع الخامس,9922,0
EMP-11260,TRANSFER,2023-07-26,بورسعيد,بورسعيد - الشرق,17952,0
EMP-10956,HIRE,2023-07-27,,فرع المعادي,12102,0
EMP-16250,HIRE,2023-07-27,,سموحة,11077,0
EMP-12894,PROMOTION,2023-07-27,14196,18743,18743,0
EMP-11198,PROMOTION,2023-07-27,16746,21472,21472,0
EMP-10653,HIRE,2023-07-27,,القاهرة - التجمع الخامس,19602,0
EMP-12051,HIRE,2023-07-28,,القاهره المعادي,16766,0
EMP-10752,HIRE,2023-07-28,,الاسكندرية سموحة,15864,0
EMP-11593,TRANSFER,2023-07-29,الإسكندرية - سموحة,بورسعيد - الشرق,16910,0
EMP-12372,HIRE,2023-07-29,,سموحة,15695,0
EMP-15461,TRANSFER,2023-07-29,القاهرة - المعادي,القاهرة - التجمع الخامس,19984,0
EMP-16685,TERMINATION,2023-07-29,ACTIVE,Resignation,16330,1
EMP-10188,PROMOTION,2023-07-29,7386,10983,10983,0
EMP-13304,HIRE,2023-07-29,,القاهرة - التجمع الخامس,7272,0
EMP-11795,PROMOTION,2023-07-29,16962,19435,19435,0
EMP-15438,PROMOTION,2023-07-30,15372,21612,21612,0
EMP-13437,HIRE,2023-07-30,,الجيزة - الدقي,18353,0
EMP-12607,TERMINATION,2023-07-30,ACTIVE,Fired,18106,1
EMP-16629,HIRE,2023-07-30,,الإسكندرية - سموحة,19777,0
EMP-15828,PROMOTION,2023-07-31,10864,16833,16833,0
EMP-11530,HIRE,2023-07-31,,الاسكندرية سموحة,15751,0
EMP-10961,PROMOTION,2023-07-31,14796,21684,21684,0
EMP-14081,HIRE,2023-08-01,,القاهرة - التجمع الخامس,17823,0
EMP-12704,TRANSFER,2023-08-01,فرع المعادي,سموحة,18161,0
EMP-13944,HIRE,2023-08-01,,بورسعيد,7132,0
EMP-11496,HIRE,2023-08-01,,فرع المعادي,18853,0
EMP-16371,TRANSFER,2023-08-02,التجمع,الدقي,22475,0
EMP-10030,HIRE,2023-08-03,,بورسعيد - الشرق,19816,0
EMP-15365,TRANSFER,2023-08-03,بورسعيد,التجمع,15399,0
EMP-14320,HIRE,2023-08-03,,سموحة,12618,0
EMP-12619,PROMOTION,2023-08-03,16101,21517,21517,0
EMP-12572,TRANSFER,2023-08-04,الجيزة - الدقي,بورسعيد,7549,0
EMP-13303,PROMOTION,2023-08-04,14804,21896,21896,0
EMP-14913,PROMOTION,2023-08-04,15522,23241,23241,0
EMP-16686,HIRE,2023-08-04,,الدقي,12685,0
EMP-12193,HIRE,2023-08-04,,القاهرة - التجمع الخامس,8623,0
EMP-11067,HIRE,2023-08-04,,بورسعيد - الشرق,8885,0
EMP-15788,TERMINATION,2023-08-05,ACTIVE,Relocation,13215,1
EMP-10977,HIRE,2023-08-06,,الاسكندرية سموحة,10118,0
EMP-13235,HIRE,2023-08-06,,القاهرة - المعادي,7639,0
EMP-16262,TRANSFER,2023-08-06,سموحة,فرع المعادي,11658,0
EMP-14166,TRANSFER,2023-08-06,الاسكندرية سموحة,الدقي,19570,0
EMP-10865,HIRE,2023-08-06,,فرع المعادي,7656,0
EMP-12792,PROMOTION,2023-08-06,16048,18259,18259,0
EMP-12828,HIRE,2023-08-07,,القاهره المعادي,14325,0
EMP-11415,TRANSFER,2023-08-07,الجيزة - الدقي,سموحة,11975,0
EMP-12467,HIRE,2023-08-07,,بورسعيد,13536,0
EMP-10257,PROMOTION,2023-08-08,10234,14457,14457,0
EMP-15323,HIRE,2023-08-08,,القاهرة - التجمع الخامس,17433,0
EMP-13254,TRANSFER,2023-08-08,فرع المعادي,الاسكندرية سموحة,14123,0
EMP-14455,TRANSFER,2023-08-09,القاهره المعادي,الإسكندرية - سموحة,8305,0
EMP-11101,HIRE,2023-08-09,,الجيزة - الدقي,11736,0
EMP-12402,HIRE,2023-08-10,,بورسعيد - الشرق,7552,0
EMP-14989,HIRE,2023-08-10,,الجيزة - الدقي,9946,0
EMP-10134,HIRE,2023-08-10,,سموحة,11161,0
EMP-10019,PROMOTION,2023-08-11,21927,25697,25697,0
EMP-13041,TRANSFER,2023-08-12,الاسكندرية سموحة,فرع المعادي,12293,0
EMP-15856,TRANSFER,2023-08-12,فرع المعادي,الدقي,15662,0
EMP-14315,PROMOTION,2023-08-12,19766,25159,25159,0
EMP-15061,PROMOTION,2023-08-12,15045,20101,20101,0
EMP-16285,PROMOTION,2023-08-13,19934,25401,25401,0
EMP-14332,PROMOTION,2023-08-13,9324,12164,12164,0
EMP-15095,HIRE,2023-08-13,,الدقي,18049,0
EMP-16802,HIRE,2023-08-13,,سموحة,19718,0
EMP-16872,TRANSFER,2023-08-14,سموحة,سموحة,15216,0
EMP-13349,HIRE,2023-08-15,,بورسعيد,16125,0
EMP-10617,TRANSFER,2023-08-15,سموحة,التجمع,15319,0
EMP-15376,HIRE,2023-08-15,,الاسكندرية سموحة,14362,0
EMP-16942,HIRE,2023-08-15,,فرع المعادي,19307,0
EMP-16637,PROMOTION,2023-08-16,13621,18786,18786,0
EMP-13417,HIRE,2023-08-16,,التجمع,11998,0
EMP-10639,PROMOTION,2023-08-17,16235,23118,23118,0
EMP-16432,TRANSFER,2023-08-17,الاسكندرية سموحة,القاهرة - المعادي,11452,0
EMP-13408,TRANSFER,2023-08-18,بورسعيد,القاهرة - التجمع الخامس,25043,0
EMP-10220,HIRE,2023-08-18,,بورسعيد,17683,0
EMP-10618,HIRE,2023-08-18,,الاسكندرية سموحة,17164,0
EMP-15831,PROMOTION,2023-08-18,18694,26035,26035,0
EMP-14622,PROMOTION,2023-08-18,23809,31057,31057,0
EMP-15592,TERMINATION,2023-08-18,ACTIVE,NULL,13622,1
EMP-12672,PROMOTION,2023-08-19,11769,14590,14590,0
EMP-11860,HIRE,2023-08-19,,بورسعيد,7594,0
EMP-15487,HIRE,2023-08-19,,القاهرة - المعادي,8022,0
EMP-11793,TRANSFER,2023-08-20,الإسكندرية - سموحة,بورسعيد - الشرق,10324,0
EMP-16830,TRANSFER,2023-08-20,التجمع,القاهره المعادي,18744,0
EMP-10472,HIRE,2023-08-20,,الاسكندرية سموحة,15432,0
EMP-12217,TERMINATION,2023-08-20,ACTIVE,Fired,17318,1
EMP-16649,TRANSFER,2023-08-20,القاهره المعادي,الجيزة - الدقي,18089,0
EMP-12795,HIRE,2023-08-20,,القاهرة - المعادي,15344,0
EMP-16990,PROMOTION,2023-08-21,21788,29530,29530,0
EMP-14135,PROMOTION,2023-08-21,11759,14686,14686,0
EMP-12278,HIRE,2023-08-21,,بورسعيد,19015,0
EMP-10985,HIRE,2023-08-21,,القاهرة - المعادي,7549,0
EMP-16021,HIRE,2023-08-21,,بورسعيد - الشرق,16503,0
EMP-15928,PROMOTION,2023-08-21,13371,20999,20999,0
EMP-16212,HIRE,2023-08-22,,القاهرة - التجمع الخامس,16653,0
EMP-11661,HIRE,2023-08-22,,القاهرة - المعادي,19510,0
EMP-11836,PROMOTION,2023-08-22,9906,14794,14794,0
EMP-16816,HIRE,2023-08-22,,بورسعيد,13569,0
EMP-11628,HIRE,2023-08-22,,الدقي,11295,0
EMP-10210,TRANSFER,2023-08-22,الدقي,الاسكندرية سموحة,19843,0
EMP-11075,TERMINATION,2023-08-23,ACTIVE,NULL,17562,1
EMP-16310,HIRE,2023-08-23,,القاهره المعادي,11020,0
EMP-15632,TRANSFER,2023-08-23,الدقي,الإسكندرية - سموحة,15117,0
EMP-16310,HIRE,2023-08-23,,القاهره المعادي,11020,0
EMP-13750,PROMOTION,2023-08-24,15901,21046,21046,0
EMP-14732,TRANSFER,2023-08-24,سموحة,الاسكندرية سموحة,14913,0
EMP-16536,HIRE,2023-08-25,,بورسعيد,10250,0
EMP-13874,PROMOTION,2023-08-25,12906,18349,18349,0
EMP-12721,HIRE,2023-08-25,,الدقي,19660,0
EMP-15743,TRANSFER,2023-08-25,الإسكندرية - سموحة,بورسعيد - الشرق,15080,0
EMP-15684,HIRE,2023-08-25,,الاسكندرية سموحة,19059,0
EMP-11825,TRANSFER,2023-08-25,فرع المعادي,الدقي,7570,0
EMP-13972,PROMOTION,2023-08-25,19420,27061,27061,0
EMP-13713,HIRE,2023-08-26,,التجمع,15997,0
EMP-12608,HIRE,2023-08-26,,القاهرة - المعادي,7704,0
EMP-11904,HIRE,2023-08-26,,الدقي,11265,0
EMP-14786,HIRE,2023-08-27,,الدقي,12801,0
EMP-14288,HIRE,2023-08-27,,القاهرة - المعادي,13721,0
EMP-10012,TERMINATION,2023-08-28,ACTIVE,Relocation,14315,1
EMP-16275,HIRE,2023-08-28,,القاهرة - التجمع الخامس,17217,0
EMP-11450,HIRE,2023-08-28,,الجيزة - الدقي,9312,0
EMP-16675,PROMOTION,2023-08-29,8813,14611,14611,0
EMP-13760,TRANSFER,2023-08-29,القاهرة - المعادي,بورسعيد,22152,0
EMP-15719,HIRE,2023-08-29,,الإسكندرية - سموحة,14432,0
EMP-11933,HIRE,2023-08-29,,الاسكندرية سموحة,8984,0
EMP-10690,HIRE,2023-08-30,,الدقي,15400,0
EMP-12679,TRANSFER,2023-08-30,التجمع,بورسعيد,17962,0
EMP-15681,HIRE,2023-08-30,,بورسعيد,12058,0
EMP-13508,PROMOTION,2023-08-30,13032,19084,19084,0
EMP-12139,PROMOTION,2023-08-31,10334,12527,12527,0
EMP-16272,HIRE,2023-09-01,,القاهرة - التجمع الخامس,7948,0
EMP-11490,TRANSFER,2023-09-02,الاسكندرية سموحة,الإسكندرية - سموحة,16114,0
EMP-10526,TERMINATION,2023-09-02,ACTIVE,NULL,18448,1
EMP-13494,HIRE,2023-09-02,,بورسعيد,8131,0
EMP-15150,TRANSFER,2023-09-02,القاهرة - التجمع الخامس,القاهرة - المعادي,17293,0
EMP-16882,HIRE,2023-09-02,,الجيزة - الدقي,18301,0
EMP-15064,PROMOTION,2023-09-02,12461,17935,17935,0
EMP-14191,HIRE,2023-09-03,,الاسكندرية سموحة,19146,0
EMP-13450,TRANSFER,2023-09-03,الإسكندرية - سموحة,الاسكندرية سموحة,14407,0
EMP-15818,PROMOTION,2023-09-03,12496,17831,17831,0
EMP-13859,TRANSFER,2023-09-03,فرع المعادي,القاهرة - المعادي,19036,0
EMP-15648,HIRE,2023-09-04,,سموحة,19448,0
EMP-14909,TRANSFER,2023-09-04,سموحة,الدقي,14339,0
EMP-13503,HIRE,2023-09-04,,بورسعيد - الشرق,11908,0
EMP-16433,HIRE,2023-09-04,,الجيزة - الدقي,15486,0
EMP-11420,TERMINATION,2023-09-05,ACTIVE,Fired,18887,1
EMP-11307,HIRE,2023-09-05,,القاهرة - المعادي,19419,0
EMP-11092,TRANSFER,2023-09-05,التجمع,الجيزة - الدقي,25348,0
EMP-12045,TRANSFER,2023-09-05,بورسعيد,سموحة,17241,0
EMP-10374,TRANSFER,2023-09-05,سموحة,بورسعيد,8974,0
EMP-12814,PROMOTION,2023-09-06,7360,10390,10390,0
EMP-14326,HIRE,2023-09-06,,الدقي,9170,0
EMP-11126,HIRE,2023-09-06,,الجيزة - الدقي,19531,0
EMP-11306,HIRE,2023-09-06,,سموحة,17074,0
EMP-12071,HIRE,2023-09-07,,الاسكندرية سموحة,8908,0
EMP-14734,TRANSFER,2023-09-08,الإسكندرية - سموحة,القاهره المعادي,17039,0
EMP-15518,HIRE,2023-09-08,,القاهرة - التجمع الخامس,18714,0
EMP-14077,PROMOTION,2023-09-08,7923,14905,14905,0
EMP-13199,HIRE,2023-09-08,,سموحة,7456,0
EMP-11182,TERMINATION,2023-09-08,ACTIVE,Fired,17740,1
EMP-10698,HIRE,2023-09-09,,بورسعيد,11640,0
EMP-10412,HIRE,2023-09-09,,سموحة,13100,0
EMP-10264,HIRE,2023-09-09,,فرع المعادي,17713,0
EMP-10013,TERMINATION,2023-09-10,ACTIVE,Relocation,8106,1
EMP-16083,HIRE,2023-09-10,,القاهره المعادي,9507,0
EMP-16877,HIRE,2023-09-10,,القاهرة - المعادي,11512,0
EMP-15733,PROMOTION,2023-09-11,11342,14076,14076,0
EMP-12915,HIRE,2023-09-11,,التجمع,16462,0
EMP-13675,TRANSFER,2023-09-11,التجمع,بورسعيد - الشرق,18433,0
EMP-13326,HIRE,2023-09-11,,الاسكندرية سموحة,13226,0
EMP-16009,PROMOTION,2023-09-12,17876,25040,25040,0
EMP-14339,HIRE,2023-09-12,,بورسعيد,14035,0
EMP-12650,HIRE,2023-09-12,,الجيزة - الدقي,17157,0
EMP-11007,HIRE,2023-09-12,,بورسعيد - الشرق,8272,0
EMP-11383,PROMOTION,2023-09-12,9018,16344,16344,0
EMP-12453,PROMOTION,2023-09-13,15160,20558,20558,0
EMP-12882,TERMINATION,2023-09-13,ACTIVE,Resignation,8568,1
EMP-11236,TRANSFER,2023-09-13,بورسعيد,الإسكندرية - سموحة,11987,0
EMP-10330,HIRE,2023-09-13,,بورسعيد,11847,0
EMP-14010,HIRE,2023-09-13,,الإسكندرية - سموحة,15773,0
EMP-11552,TRANSFER,2023-09-13,القاهرة - المعادي,سموحة,19450,0
EMP-15776,HIRE,2023-09-13,,الاسكندرية سموحة,11851,0
EMP-15135,HIRE,2023-09-14,,الجيزة - الدقي,10046,0
EMP-15022,TRANSFER,2023-09-14,الجيزة - الدقي,سموحة,18947,0
EMP-13094,HIRE,2023-09-14,,بورسعيد - الشرق,13757,0
EMP-16992,PROMOTION,2023-09-14,13137,16896,16896,0
EMP-10632,HIRE,2023-09-14,,الاسكندرية سموحة,10642,0
EMP-12384,PROMOTION,2023-09-14,8326,12351,12351,0
EMP-13738,HIRE,2023-09-14,,الاسكندرية سموحة,12116,0
EMP-13656,HIRE,2023-09-15,,بورسعيد,15259,0
EMP-14954,PROMOTION,2023-09-15,17836,23825,23825,0
EMP-15240,PROMOTION,2023-09-15,16042,21493,21493,0
EMP-12534,TRANSFER,2023-09-15,بورسعيد - الشرق,القاهرة - التجمع الخامس,13451,0
EMP-13468,TRANSFER,2023-09-16,القاهرة - التجمع الخامس,الاسكندرية سموحة,8860,0
EMP-11024,PROMOTION,2023-09-16,18302,22653,22653,0
EMP-13594,PROMOTION,2023-09-16,18534,26317,26317,0
EMP-16910,HIRE,2023-09-16,,بورسعيد - الشرق,10809,0
EMP-16051,PROMOTION,2023-09-17,14935,18985,18985,0
EMP-12047,PROMOTION,2023-09-17,16365,20381,20381,0
EMP-12382,TERMINATION,2023-09-17,ACTIVE,NULL,19764,1
EMP-12157,HIRE,2023-09-17,,القاهره المعادي,13171,0
EMP-12270,HIRE,2023-09-17,,بورسعيد,18230,0
EMP-12841,HIRE,2023-09-18,,الاسكندرية سموحة,17568,0
EMP-15569,HIRE,2023-09-18,,القاهرة - المعادي,18091,0
EMP-11596,TRANSFER,2023-09-18,الاسكندرية سموحة,التجمع,13318,0
EMP-14747,HIRE,2023-09-19,,بورسعيد - الشرق,18864,0
EMP-12375,HIRE,2023-09-19,,الجيزة - الدقي,14266,0
EMP-13958,HIRE,2023-09-20,,الإسكندرية - سموحة,7688,0
EMP-15390,TERMINATION,2023-09-20,ACTIVE,Fired,17574,1
EMP-12883,TRANSFER,2023-09-20,فرع المعادي,فرع المعادي,15813,0
EMP-14563,TERMINATION,2023-09-20,ACTIVE,Fired,11371,1
EMP-13938,PROMOTION,2023-09-20,12485,20254,20254,0
EMP-11299,TRANSFER,2023-09-21,التجمع,القاهرة - التجمع الخامس,8489,0
EMP-16092,HIRE,2023-09-21,,القاهره المعادي,14328,0
EMP-10299,TRANSFER,2023-09-21,الجيزة - الدقي,التجمع,16446,0
EMP-12672,PROMOTION,2023-09-21,14590,17013,17013,0
EMP-10284,PROMOTION,2023-09-21,12544,16875,16875,0
EMP-10779,HIRE,2023-09-22,,القاهره المعادي,9249,0
EMP-16494,HIRE,2023-09-22,,الاسكندرية سموحة,12949,0
EMP-13829,HIRE,2023-09-22,,القاهره المعادي,15333,0
EMP-11863,HIRE,2023-09-22,,الجيزة - الدقي,18311,0
EMP-10593,TRANSFER,2023-09-22,القاهره المعادي,التجمع,18625,0
EMP-16754,TRANSFER,2023-09-23,بورسعيد,التجمع,15912,0
EMP-15642,TRANSFER,2023-09-23,بورسعيد,بورسعيد - الشرق,10557,0
EMP-12311,HIRE,2023-09-24,,الاسكندرية سموحة,8777,0
EMP-11378,HIRE,2023-09-25,,القاهره المعادي,9764,0
EMP-12872,HIRE,2023-09-26,,الاسكندرية سموحة,17112,0
EMP-13113,HIRE,2023-09-26,,بورسعيد - الشرق,15542,0
EMP-11354,HIRE,2023-09-26,,القاهرة - التجمع الخامس,15523,0
EMP-13657,TRANSFER,2023-09-26,الاسكندرية سموحة,التجمع,14305,0
EMP-13987,TRANSFER,2023-09-26,فرع المعادي,بورسعيد - الشرق,7248,0
EMP-13079,PROMOTION,2023-09-26,19879,27496,27496,0
EMP-14233,TERMINATION,2023-09-27,ACTIVE,Resignation,9810,1
EMP-10963,TRANSFER,2023-09-28,الجيزة - الدقي,الجيزة - الدقي,18298,0
EMP-13098,HIRE,2023-09-28,,الإسكندرية - سموحة,10923,0
EMP-13392,TRANSFER,2023-09-28,فرع المعادي,بورسعيد,12517,0
EMP-11127,HIRE,2023-09-28,,القاهره المعادي,16028,0
EMP-12261,HIRE,2023-09-28,,القاهره المعادي,10517,0
EMP-14006,TERMINATION,2023-09-28,ACTIVE,Relocation,7562,1
EMP-11477,HIRE,2023-09-29,,الإسكندرية - سموحة,17049,0
EMP-14315,TERMINATION,2023-09-29,ACTIVE,Relocation,25159,1
EMP-13155,HIRE,2023-09-29,,القاهرة - المعادي,19658,0
EMP-10338,HIRE,2023-09-30,,فرع المعادي,18785,0
EMP-13115,HIRE,2023-09-30,,الإسكندرية - سموحة,9519,0
EMP-16151,HIRE,2023-09-30,,الجيزة - الدقي,15220,0
EMP-12535,PROMOTION,2023-09-30,9373,17012,17012,0
EMP-15661,TRANSFER,2023-09-30,بورسعيد - الشرق,الدقي,15446,0
EMP-14148,PROMOTION,2023-10-01,13389,20029,20029,0
EMP-12313,PROMOTION,2023-10-01,19770,23034,23034,0
EMP-16039,TRANSFER,2023-10-02,الدقي,القاهرة - التجمع الخامس,10286,0
EMP-12474,HIRE,2023-10-02,,الإسكندرية - سموحة,17758,0
EMP-12478,HIRE,2023-10-02,,الاسكندرية سموحة,17669,0
EMP-15396,HIRE,2023-10-02,,التجمع,11392,0
EMP-15867,PROMOTION,2023-10-02,8698,14990,14990,0
EMP-13708,HIRE,2023-10-02,,الجيزة - الدقي,14008,0
EMP-11797,HIRE,2023-10-02,,الإسكندرية - سموحة,17249,0
EMP-16700,PROMOTION,2023-10-03,16262,23432,23432,0
EMP-11694,HIRE,2023-10-03,,الاسكندرية سموحة,16356,0
EMP-13085,HIRE,2023-10-03,,سموحة,13752,0
EMP-14135,PROMOTION,2023-10-03,14686,17172,17172,0
EMP-15911,TRANSFER,2023-10-04,الدقي,فرع المعادي,15520,0
EMP-12988,HIRE,2023-10-04,,بورسعيد,19308,0
EMP-11280,HIRE,2023-10-04,,القاهرة - المعادي,13574,0
EMP-13141,HIRE,2023-10-05,,الجيزة - الدقي,8625,0
EMP-16103,TRANSFER,2023-10-05,بورسعيد - الشرق,فرع المعادي,10715,0
EMP-16068,HIRE,2023-10-06,,الإسكندرية - سموحة,10793,0
EMP-13612,HIRE,2023-10-06,,فرع المعادي,8951,0
EMP-11481,TRANSFER,2023-10-06,الاسكندرية سموحة,الجيزة - الدقي,19058,0
EMP-13294,TRANSFER,2023-10-06,القاهرة - التجمع الخامس,القاهرة - المعادي,14796,0
EMP-11944,TERMINATION,2023-10-06,ACTIVE,Fired,19126,1
EMP-12435,HIRE,2023-10-07,,فرع المعادي,17877,0
EMP-16955,HIRE,2023-10-07,,سموحة,10110,0
EMP-16906,HIRE,2023-10-07,,فرع المعادي,17506,0
EMP-13443,TERMINATION,2023-10-07,ACTIVE,Relocation,16613,1
EMP-10788,TRANSFER,2023-10-08,الإسكندرية - سموحة,الاسكندرية سموحة,14907,0
EMP-12492,TRANSFER,2023-10-08,القاهرة - المعادي,بورسعيد - الشرق,17234,0
EMP-10461,TERMINATION,2023-10-08,ACTIVE,Resignation,17243,1
EMP-13509,TRANSFER,2023-10-08,القاهرة - التجمع الخامس,الدقي,14058,0
EMP-13208,TRANSFER,2023-10-09,بورسعيد - الشرق,سموحة,24577,0
EMP-13546,TRANSFER,2023-10-09,الجيزة - الدقي,الدقي,9468,0
EMP-13475,HIRE,2023-10-09,,الجيزة - الدقي,7028,0
EMP-10286,HIRE,2023-10-09,,الدقي,12018,0
EMP-13898,TRANSFER,2023-10-09,القاهرة - المعادي,التجمع,15030,0
EMP-15738,TRANSFER,2023-10-09,بورسعيد,القاهرة - التجمع الخامس,14325,0
EMP-11053,HIRE,2023-10-10,,الجيزة - الدقي,8869,0
EMP-13214,TRANSFER,2023-10-10,فرع المعادي,فرع المعادي,8927,0
EMP-12477,HIRE,2023-10-10,,الاسكندرية سموحة,16869,0
EMP-12423,PROMOTION,2023-10-10,19969,23225,23225,0
EMP-13704,HIRE,2023-10-11,,الدقي,19748,0
EMP-13715,HIRE,2023-10-11,,الإسكندرية - سموحة,18743,0
EMP-16485,PROMOTION,2023-10-11,12196,17684,17684,0
EMP-13665,PROMOTION,2023-10-11,18487,24035,24035,0
EMP-10027,HIRE,2023-10-12,,فرع المعادي,17457,0
EMP-11029,HIRE,2023-10-13,,بورسعيد - الشرق,14880,0
EMP-14047,HIRE,2023-10-13,,التجمع,16900,0
EMP-14971,HIRE,2023-10-13,,بورسعيد - الشرق,18247,0
EMP-15851,HIRE,2023-10-13,,بورسعيد - الشرق,15917,0
EMP-16228,PROMOTION,2023-10-13,11224,13925,13925,0
EMP-12727,HIRE,2023-10-13,,الاسكندرية سموحة,10500,0
EMP-15110,HIRE,2023-10-13,,بورسعيد,15125,0
EMP-16235,HIRE,2023-10-13,,سموحة,9117,0
EMP-14754,HIRE,2023-10-14,,الدقي,12610,0
EMP-12556,HIRE,2023-10-14,,التجمع,19541,0
EMP-14796,TRANSFER,2023-10-14,التجمع,فرع المعادي,15400,0
EMP-15121,TRANSFER,2023-10-15,التجمع,التجمع,24199,0
EMP-15522,TRANSFER,2023-10-15,بورسعيد - الشرق,بورسعيد - الشرق,19573,0
EMP-16993,PROMOTION,2023-10-15,9997,12748,12748,0
EMP-14232,PROMOTION,2023-10-15,11050,18903,18903,0
EMP-12166,HIRE,2023-10-15,,التجمع,7694,0
EMP-12166,HIRE,2023-10-15,,التجمع,7694,0
EMP-15295,HIRE,2023-10-15,,القاهرة - المعادي,7746,0
EMP-16427,HIRE,2023-10-17,,القاهرة - التجمع الخامس,13216,0
EMP-15623,PROMOTION,2023-10-17,24126,29679,29679,0
EMP-14037,PROMOTION,2023-10-17,12881,20517,20517,0
EMP-14225,TRANSFER,2023-10-18,فرع المعادي,التجمع,15597,0
EMP-12660,TERMINATION,2023-10-18,ACTIVE,Resignation,17939,1
EMP-11319,PROMOTION,2023-10-18,9849,13968,13968,0
EMP-11712,TRANSFER,2023-10-19,الاسكندرية سموحة,فرع المعادي,17868,0
EMP-13944,TRANSFER,2023-10-19,بورسعيد,فرع المعادي,7132,0
EMP-15877,TRANSFER,2023-10-19,الجيزة - الدقي,بورسعيد,8908,0
EMP-15969,HIRE,2023-10-20,,القاهره المعادي,9179,0
EMP-12980,TRANSFER,2023-10-20,فرع المعادي,بورسعيد,15933,0
EMP-16051,PROMOTION,2023-10-20,18985,21044,21044,0
EMP-10406,HIRE,2023-10-20,,بورسعيد,13764,0
EMP-15467,TRANSFER,2023-10-20,القاهرة - المعادي,الجيزة - الدقي,18870,0
EMP-11711,HIRE,2023-10-21,,بورسعيد - الشرق,8795,0
EMP-16338,HIRE,2023-10-21,,سموحة,17299,0
EMP-10223,PROMOTION,2023-10-22,9399,13553,13553,0
EMP-14424,HIRE,2023-10-22,,القاهرة - المعادي,16253,0
EMP-15442,HIRE,2023-10-23,,الاسكندرية سموحة,15970,0
EMP-15720,HIRE,2023-10-23,,الجيزة - الدقي,13181,0
EMP-12431,TRANSFER,2023-10-23,الإسكندرية - سموحة,الدقي,19125,0
EMP-10823,TRANSFER,2023-10-23,الدقي,بورسعيد - الشرق,7732,0
EMP-14772,TRANSFER,2023-10-23,التجمع,الجيزة - الدقي,12115,0
EMP-15798,HIRE,2023-10-23,,القاهرة - المعادي,8720,0
EMP-16318,PROMOTION,2023-10-23,18078,22469,22469,0
EMP-12725,PROMOTION,2023-10-23,13938,17796,17796,0
EMP-10855,HIRE,2023-10-24,,بورسعيد,19301,0
EMP-15229,PROMOTION,2023-10-24,14685,22029,22029,0
EMP-15558,TERMINATION,2023-10-24,ACTIVE,Resignation,20798,1
EMP-15634,HIRE,2023-10-24,,سموحة,19517,0
EMP-13799,PROMOTION,2023-10-24,9259,16678,16678,0
EMP-11374,HIRE,2023-10-24,,بورسعيد,15646,0
EMP-12258,HIRE,2023-10-25,,القاهرة - المعادي,13565,0
EMP-12600,TRANSFER,2023-10-25,بورسعيد - الشرق,بورسعيد,14245,0
EMP-11468,HIRE,2023-10-26,,سموحة,17046,0
EMP-13027,HIRE,2023-10-26,,القاهرة - المعادي,18064,0
EMP-16878,HIRE,2023-10-26,,بورسعيد - الشرق,18439,0
EMP-16640,PROMOTION,2023-10-26,15887,23306,23306,0
EMP-13193,HIRE,2023-10-26,,بورسعيد,8615,0
EMP-16480,TRANSFER,2023-10-26,القاهرة - التجمع الخامس,القاهره المعادي,12416,0
EMP-12944,TRANSFER,2023-10-27,سموحة,سموحة,9156,0
EMP-15622,HIRE,2023-10-27,,الجيزة - الدقي,18867,0
EMP-11992,HIRE,2023-10-27,,التجمع,19852,0
EMP-16008,HIRE,2023-10-28,,القاهرة - المعادي,19518,0
EMP-15176,HIRE,2023-10-28,,التجمع,8537,0
EMP-15328,HIRE,2023-10-28,,القاهره المعادي,18631,0
EMP-14617,HIRE,2023-10-28,,القاهرة - المعادي,15091,0
EMP-13260,HIRE,2023-10-29,,سموحة,16838,0
EMP-11242,HIRE,2023-10-29,,القاهرة - المعادي,16578,0
EMP-16016,TRANSFER,2023-10-29,بورسعيد,التجمع,8448,0
EMP-12150,TRANSFER,2023-10-29,القاهرة - المعادي,الاسكندرية سموحة,25250,0
EMP-13055,HIRE,2023-10-29,,القاهرة - المعادي,8393,0
EMP-12169,PROMOTION,2023-10-30,17741,20419,20419,0
EMP-15557,PROMOTION,2023-10-30,7933,12499,12499,0
EMP-11491,TRANSFER,2023-10-30,الاسكندرية سموحة,الجيزة - الدقي,10168,0
EMP-11535,HIRE,2023-10-31,,فرع المعادي,11452,0
EMP-15988,PROMOTION,2023-10-31,17839,22958,22958,0
EMP-14433,PROMOTION,2023-10-31,19045,23321,23321,0
EMP-15600,HIRE,2023-10-31,,القاهرة - التجمع الخامس,7153,0
EMP-13660,TRANSFER,2023-11-01,بورسعيد - الشرق,القاهره المعادي,9609,0
EMP-15755,PROMOTION,2023-11-01,16044,19786,19786,0
EMP-15301,TERMINATION,2023-11-01,ACTIVE,Resignation,10639,1
EMP-12611,TERMINATION,2023-11-01,ACTIVE,Resignation,7880,1
EMP-13954,HIRE,2023-11-01,,الإسكندرية - سموحة,14513,0
EMP-14820,HIRE,2023-11-01,,القاهره المعادي,19139,0
EMP-16047,HIRE,2023-11-02,,الجيزة - الدقي,18742,0
EMP-13098,TERMINATION,2023-11-03,ACTIVE,Resignation,10923,1
EMP-14775,HIRE,2023-11-04,,الإسكندرية - سموحة,10956,0
EMP-16497,HIRE,2023-11-04,,الجيزة - الدقي,10603,0
EMP-15502,TRANSFER,2023-11-04,القاهره المعادي,سموحة,8422,0
EMP-12604,HIRE,2023-11-04,,الإسكندرية - سموحة,17838,0
EMP-12537,HIRE,2023-11-04,,الإسكندرية - سموحة,16289,0
EMP-11665,HIRE,2023-11-05,,الاسكندرية سموحة,10160,0
EMP-13263,TRANSFER,2023-11-05,بورسعيد,القاهرة - التجمع الخامس,11788,0
EMP-13252,TRANSFER,2023-11-05,فرع المعادي,فرع المعادي,14027,0
EMP-12278,TRANSFER,2023-11-06,بورسعيد,بورسعيد,19015,0
EMP-16267,TERMINATION,2023-11-07,ACTIVE,NULL,15306,1
EMP-12984,HIRE,2023-11-08,,القاهره المعادي,16318,0
EMP-11996,TRANSFER,2023-11-08,القاهرة - التجمع الخامس,بورسعيد - الشرق,18096,0
EMP-11865,HIRE,2023-11-08,,الاسكندرية سموحة,8796,0
EMP-11980,HIRE,2023-11-08,,الدقي,14845,0
EMP-14744,HIRE,2023-11-09,,الإسكندرية - سموحة,7758,0
EMP-14336,HIRE,2023-11-09,,بورسعيد,19102,0
EMP-12083,HIRE,2023-11-09,,بورسعيد,9579,0
EMP-13745,PROMOTION,2023-11-09,10829,15911,15911,0
EMP-14870,HIRE,2023-11-09,,القاهرة - التجمع الخامس,8115,0
EMP-10019,TERMINATION,2023-11-10,ACTIVE,Fired,25697,1
EMP-14890,HIRE,2023-11-10,,الجيزة - الدقي,17657,0
EMP-15008,PROMOTION,2023-11-10,11337,15864,15864,0
EMP-14276,HIRE,2023-11-10,,التجمع,12109,0
EMP-10032,HIRE,2023-11-10,,بورسعيد,16350,0
EMP-10777,TERMINATION,2023-11-10,ACTIVE,Fired,19104,1
EMP-10102,HIRE,2023-11-11,,بورسعيد - الشرق,19340,0
EMP-13983,HIRE,2023-11-11,,التجمع,12703,0
EMP-14610,TERMINATION,2023-11-11,ACTIVE,NULL,19655,1
EMP-15781,HIRE,2023-11-11,,سموحة,14471,0
EMP-13204,TRANSFER,2023-11-12,الدقي,القاهره المعادي,17872,0
EMP-11327,PROMOTION,2023-11-12,11590,16963,16963,0
EMP-10791,TERMINATION,2023-11-12,ACTIVE,Relocation,15190,1
EMP-13212,HIRE,2023-11-13,,بورسعيد - الشرق,12221,0
EMP-14987,HIRE,2023-11-13,,فرع المعادي,10969,0
EMP-14704,HIRE,2023-11-13,,سموحة,15850,0
EMP-13704,TRANSFER,2023-11-13,الدقي,الدقي,19748,0
EMP-13155,PROMOTION,2023-11-14,19658,23668,23668,0
EMP-13380,HIRE,2023-11-14,,الاسكندرية سموحة,14892,0
EMP-16272,TRANSFER,2023-11-14,القاهرة - التجمع الخامس,القاهره المعادي,7948,0
EMP-14321,TRANSFER,2023-11-15,الاسكندرية سموحة,الدقي,12697,0
EMP-12080,HIRE,2023-11-15,,فرع المعادي,16626,0
EMP-11500,PROMOTION,2023-11-15,12437,18282,18282,0
EMP-15672,HIRE,2023-11-16,,بورسعيد,8340,0
EMP-10179,TRANSFER,2023-11-16,القاهرة - التجمع الخامس,بورسعيد,18833,0
EMP-12950,HIRE,2023-11-17,,الإسكندرية - سموحة,9029,0
EMP-16725,PROMOTION,2023-11-17,18223,20833,20833,0
EMP-12245,HIRE,2023-11-17,,القاهره المعادي,8553,0
EMP-10786,TRANSFER,2023-11-17,بورسعيد,الدقي,17351,0
EMP-15094,HIRE,2023-11-17,,الدقي,7146,0
EMP-12950,HIRE,2023-11-17,,الإسكندرية - سموحة,9029,0
EMP-10011,PROMOTION,2023-11-18,18503,22148,22148,0
EMP-16756,HIRE,2023-11-18,,الإسكندرية - سموحة,9232,0
EMP-13515,PROMOTION,2023-11-18,13387,17627,17627,0
EMP-10139,HIRE,2023-11-18,,التجمع,15143,0
EMP-16962,HIRE,2023-11-19,,فرع المعادي,15364,0
EMP-10309,HIRE,2023-11-19,,الدقي,11217,0
EMP-12034,HIRE,2023-11-19,,الجيزة - الدقي,18969,0
EMP-16060,TERMINATION,2023-11-20,ACTIVE,Resignation,17930,1
EMP-15771,HIRE,2023-11-20,,التجمع,11765,0
EMP-10522,PROMOTION,2023-11-20,10661,18170,18170,0
EMP-10505,HIRE,2023-11-20,,القاهره المعادي,8514,0
EMP-12005,TRANSFER,2023-11-21,بورسعيد,التجمع,17078,0
EMP-13258,HIRE,2023-11-21,,بورسعيد - الشرق,15247,0
EMP-14391,PROMOTION,2023-11-21,12726,18272,18272,0
EMP-13149,TRANSFER,2023-11-21,الاسكندرية سموحة,الدقي,19875,0
EMP-11314,TERMINATION,2023-11-21,ACTIVE,NULL,14115,1
EMP-11314,TERMINATION,2023-11-21,ACTIVE,NULL,14115,1
EMP-14796,TERMINATION,2023-11-22,ACTIVE,Relocation,15400,1
EMP-13520,PROMOTION,2023-11-22,25400,31964,31964,0
EMP-12011,TRANSFER,2023-11-22,التجمع,بورسعيد - الشرق,19788,0
EMP-14234,TERMINATION,2023-11-22,ACTIVE,NULL,12023,1
EMP-16317,HIRE,2023-11-22,,فرع المعادي,19481,0
EMP-15244,TRANSFER,2023-11-22,التجمع,التجمع,7413,0
EMP-13029,PROMOTION,2023-11-23,14694,21506,21506,0
EMP-12107,PROMOTION,2023-11-23,16914,18976,18976,0
EMP-15209,HIRE,2023-11-23,,الاسكندرية سموحة,11781,0
EMP-11614,HIRE,2023-11-23,,فرع المعادي,12316,0
EMP-13042,HIRE,2023-11-23,,بورسعيد - الشرق,7020,0
EMP-12602,HIRE,2023-11-24,,فرع المعادي,14246,0
EMP-11736,HIRE,2023-11-24,,القاهرة - المعادي,17655,0
EMP-14329,HIRE,2023-11-24,,بورسعيد,12310,0
EMP-13945,HIRE,2023-11-24,,فرع المعادي,10430,0
EMP-16039,TERMINATION,2023-11-24,ACTIVE,NULL,10286,1
EMP-16868,HIRE,2023-11-24,,الاسكندرية سموحة,16493,0
EMP-14904,HIRE,2023-11-24,,الجيزة - الدقي,7102,0
EMP-10781,HIRE,2023-11-24,,القاهرة - التجمع الخامس,10191,0
EMP-15463,TRANSFER,2023-11-25,التجمع,الإسكندرية - سموحة,19788,0
EMP-14565,PROMOTION,2023-11-25,18171,22815,22815,0
EMP-14523,HIRE,2023-11-25,,القاهرة - التجمع الخامس,12123,0
EMP-10411,PROMOTION,2023-11-25,12702,15837,15837,0
EMP-16433,TRANSFER,2023-11-26,الجيزة - الدقي,القاهرة - المعادي,15486,0
EMP-11027,HIRE,2023-11-27,,الإسكندرية - سموحة,19355,0
EMP-16703,TRANSFER,2023-11-27,سموحة,القاهره المعادي,7963,0
EMP-10927,HIRE,2023-11-27,,الإسكندرية - سموحة,14996,0
EMP-15397,TRANSFER,2023-11-28,فرع المعادي,سموحة,13343,0
EMP-15761,TRANSFER,2023-11-28,بورسعيد - الشرق,سموحة,14901,0
EMP-12560,HIRE,2023-11-28,,القاهره المعادي,17314,0
EMP-10183,TERMINATION,2023-11-28,ACTIVE,Resignation,9731,1
EMP-10435,HIRE,2023-11-29,,الدقي,7527,0
EMP-12226,HIRE,2023-11-29,,القاهرة - المعادي,12825,0
EMP-12767,PROMOTION,2023-11-29,8914,16374,16374,0
EMP-15194,HIRE,2023-11-29,,بورسعيد - الشرق,17452,0
EMP-16953,HIRE,2023-11-29,,الدقي,9205,0
EMP-14515,HIRE,2023-11-29,,الإسكندرية - سموحة,14070,0
EMP-11347,TRANSFER,2023-11-30,الاسكندرية سموحة,القاهرة - المعادي,19085,0
EMP-16933,PROMOTION,2023-11-30,7976,12191,12191,0
EMP-14766,HIRE,2023-11-30,,بورسعيد - الشرق,17789,0
EMP-11931,PROMOTION,2023-11-30,19790,23545,23545,0
EMP-11146,HIRE,2023-12-01,,القاهرة - التجمع الخامس,16896,0
EMP-11030,HIRE,2023-12-01,,القاهره المعادي,8506,0
EMP-12796,HIRE,2023-12-01,,الدقي,15888,0
EMP-16398,PROMOTION,2023-12-01,18462,24934,24934,0
EMP-14152,HIRE,2023-12-01,,الجيزة - الدقي,14311,0
EMP-12135,PROMOTION,2023-12-01,17441,22235,22235,0
EMP-13115,TRANSFER,2023-12-02,الإسكندرية - سموحة,سموحة,9519,0
EMP-16670,TRANSFER,2023-12-02,بورسعيد,القاهره المعادي,14923,0
EMP-14536,HIRE,2023-12-02,,الدقي,8227,0
EMP-12484,HIRE,2023-12-02,,القاهرة - المعادي,13410,0
EMP-13450,TRANSFER,2023-12-02,الاسكندرية سموحة,القاهرة - التجمع الخامس,14407,0
EMP-16968,HIRE,2023-12-03,,القاهرة - المعادي,10147,0
EMP-10554,PROMOTION,2023-12-03,19458,24451,24451,0
EMP-14583,TRANSFER,2023-12-03,الإسكندرية - سموحة,بورسعيد,17183,0
EMP-13809,HIRE,2023-12-03,,التجمع,15401,0
EMP-11278,TRANSFER,2023-12-03,بورسعيد,الاسكندرية سموحة,17311,0
EMP-10570,HIRE,2023-12-03,,بورسعيد,15163,0
EMP-15885,HIRE,2023-12-04,,الاسكندرية سموحة,8985,0
EMP-10405,TERMINATION,2023-12-04,ACTIVE,Fired,15711,1
EMP-10842,HIRE,2023-12-04,,بورسعيد - الشرق,17320,0
EMP-15478,HIRE,2023-12-04,,القاهرة - التجمع الخامس,17350,0
EMP-15400,TERMINATION,2023-12-05,ACTIVE,Fired,10881,1
EMP-10759,HIRE,2023-12-06,,فرع المعادي,16436,0
EMP-13698,TRANSFER,2023-12-06,القاهرة - المعادي,الدقي,9159,0
EMP-14318,HIRE,2023-12-06,,الاسكندرية سموحة,8232,0
EMP-12948,TRANSFER,2023-12-06,بورسعيد,القاهره المعادي,17207,0
EMP-10936,TRANSFER,2023-12-06,الاسكندرية سموحة,القاهرة - التجمع الخامس,19034,0
EMP-15129,HIRE,2023-12-06,,بورسعيد - الشرق,14847,0
EMP-15109,HIRE,2023-12-06,,القاهرة - المعادي,16716,0
EMP-13049,HIRE,2023-12-07,,الإسكندرية - سموحة,19296,0
EMP-13503,PROMOTION,2023-12-07,11908,18333,18333,0
EMP-10249,HIRE,2023-12-07,,الإسكندرية - سموحة,18796,0
EMP-10610,TRANSFER,2023-12-08,فرع المعادي,القاهرة - المعادي,14105,0
EMP-16055,HIRE,2023-12-08,,الاسكندرية سموحة,14602,0
EMP-15010,HIRE,2023-12-08,,القاهرة - التجمع الخامس,7718,0
EMP-14998,TRANSFER,2023-12-09,سموحة,الدقي,13970,0
EMP-11668,HIRE,2023-12-09,,الإسكندرية - سموحة,9684,0
EMP-10553,HIRE,2023-12-09,,القاهرة - المعادي,17506,0
EMP-14614,TRANSFER,2023-12-09,بورسعيد,بورسعيد,14917,0
EMP-15369,HIRE,2023-12-10,,بورسعيد - الشرق,8981,0
EMP-15409,HIRE,2023-12-11,,القاهره المعادي,7522,0
EMP-10747,TRANSFER,2023-12-11,الإسكندرية - سموحة,بورسعيد - الشرق,15643,0
EMP-12961,HIRE,2023-12-11,,بورسعيد,13563,0
EMP-10677,TRANSFER,2023-12-11,بورسعيد,سموحة,16604,0
EMP-16946,PROMOTION,2023-12-11,19026,21668,21668,0
EMP-11219,TRANSFER,2023-12-12,القاهرة - التجمع الخامس,القاهرة - المعادي,11391,0
EMP-13397,HIRE,2023-12-13,,القاهرة - التجمع الخامس,17013,0
EMP-16203,HIRE,2023-12-13,,فرع المعادي,10330,0
EMP-14660,HIRE,2023-12-14,,بورسعيد,17733,0
EMP-16301,PROMOTION,2023-12-14,10741,15033,15033,0
EMP-10951,HIRE,2023-12-15,,القاهره المعادي,11230,0
EMP-16124,PROMOTION,2023-12-15,19896,26931,26931,0
EMP-14016,HIRE,2023-12-15,,فرع المعادي,9349,0
EMP-15662,HIRE,2023-12-15,,القاهره المعادي,7135,0
EMP-16579,HIRE,2023-12-15,,التجمع,8906,0
EMP-13543,TERMINATION,2023-12-15,ACTIVE,Relocation,17798,1
EMP-12612,TERMINATION,2023-12-16,ACTIVE,Relocation,31599,1
EMP-11470,HIRE,2023-12-16,,بورسعيد - الشرق,18544,0
EMP-10871,HIRE,2023-12-16,,الإسكندرية - سموحة,15932,0
EMP-13627,HIRE,2023-12-16,,سموحة,7327,0
EMP-11417,HIRE,2023-12-17,,القاهره المعادي,12244,0
EMP-15945,PROMOTION,2023-12-17,13757,21304,21304,0
EMP-16491,HIRE,2023-12-18,,القاهرة - التجمع الخامس,11422,0
EMP-14114,HIRE,2023-12-18,,بورسعيد,7661,0
EMP-14727,HIRE,2023-12-18,,الاسكندرية سموحة,18651,0
EMP-13976,HIRE,2023-12-18,,فرع المعادي,19833,0
EMP-12406,TRANSFER,2023-12-19,القاهرة - التجمع الخامس,بورسعيد - الشرق,17724,0
EMP-12704,TRANSFER,2023-12-19,سموحة,الإسكندرية - سموحة,18161,0
EMP-13757,HIRE,2023-12-21,,القاهرة - المعادي,12265,0
EMP-14834,HIRE,2023-12-21,,فرع المعادي,7598,0
EMP-12334,HIRE,2023-12-21,,فرع المعادي,15456,0
EMP-13813,HIRE,2023-12-21,,بورسعيد - الشرق,15846,0
EMP-15567,HIRE,2023-12-21,,التجمع,13669,0
EMP-12506,HIRE,2023-12-22,,بورسعيد,11052,0
EMP-16044,HIRE,2023-12-22,,التجمع,7718,0
EMP-11867,TRANSFER,2023-12-23,القاهرة - المعادي,القاهرة - التجمع الخامس,13565,0
EMP-10971,HIRE,2023-12-23,,بورسعيد,16048,0
EMP-14263,TRANSFER,2023-12-23,بورسعيد - الشرق,فرع المعادي,8922,0
EMP-11484,PROMOTION,2023-12-23,15293,22513,22513,0
EMP-12921,TERMINATION,2023-12-23,ACTIVE,Resignation,9987,1
EMP-15713,HIRE,2023-12-23,,سموحة,19921,0
EMP-11460,TRANSFER,2023-12-24,الجيزة - الدقي,التجمع,11909,0
EMP-14139,PROMOTION,2023-12-24,8842,16562,16562,0
EMP-11610,HIRE,2023-12-24,,بورسعيد,15286,0
EMP-15692,HIRE,2023-12-24,,فرع المعادي,10552,0
EMP-16584,HIRE,2023-12-24,,الدقي,19608,0
EMP-16603,PROMOTION,2023-12-25,9352,12595,12595,0
EMP-12892,TRANSFER,2023-12-25,الاسكندرية سموحة,التجمع,7219,0
EMP-10331,HIRE,2023-12-25,,الجيزة - الدقي,12436,0
EMP-15640,HIRE,2023-12-26,,القاهرة - المعادي,9411,0
EMP-13869,HIRE,2023-12-26,,الجيزة - الدقي,15421,0
EMP-12307,PROMOTION,2023-12-26,21739,29595,29595,0
EMP-11285,PROMOTION,2023-12-26,15358,20999,20999,0
EMP-16591,HIRE,2023-12-26,,الإسكندرية - سموحة,17884,0
EMP-15424,HIRE,2023-12-27,,الإسكندرية - سموحة,7459,0
EMP-14690,HIRE,2023-12-27,,القاهره المعادي,11636,0
EMP-11368,HIRE,2023-12-27,,الدقي,16916,0
EMP-15553,HIRE,2023-12-28,,القاهرة - التجمع الخامس,9718,0
EMP-12578,HIRE,2023-12-28,,الدقي,10343,0
EMP-15395,HIRE,2023-12-28,,الجيزة - الدقي,11765,0
EMP-11704,PROMOTION,2023-12-28,22038,26577,26577,0
EMP-10050,HIRE,2023-12-28,,القاهره المعادي,11732,0
EMP-12171,HIRE,2023-12-29,,التجمع,11400,0
EMP-15596,PROMOTION,2023-12-29,17136,19436,19436,0
EMP-13351,PROMOTION,2023-12-29,10415,14903,14903,0
EMP-15048,TRANSFER,2023-12-29,القاهرة - التجمع الخامس,الجيزة - الدقي,16580,0
EMP-13201,HIRE,2023-12-30,,الإسكندرية - سموحة,12955,0
EMP-15842,TRANSFER,2023-12-30,التجمع,فرع المعادي,9711,0
EMP-10170,PROMOTION,2023-12-31,13449,19250,19250,0
EMP-14305,HIRE,2023-12-31,,بورسعيد - الشرق,18233,0
EMP-11407,PROMOTION,2023-12-31,13749,19643,19643,0
EMP-13510,TERMINATION,2023-12-31,ACTIVE,Resignation,25372,1
EMP-12853,TERMINATION,2023-12-31,ACTIVE,Resignation,19266,1
EMP-12287,PROMOTION,2024-01-01,11337,15385,15385,0
EMP-13921,TRANSFER,2024-01-02,الإسكندرية - سموحة,الإسكندرية - سموحة,10829,0
EMP-11336,TRANSFER,2024-01-02,القاهرة - التجمع الخامس,القاهرة - التجمع الخامس,19906,0
EMP-15935,HIRE,2024-01-02,,القاهره المعادي,18187,0
EMP-12004,HIRE,2024-01-02,,الاسكندرية سموحة,10419,0
EMP-15552,PROMOTION,2024-01-03,19137,25511,25511,0
EMP-12636,HIRE,2024-01-03,,الاسكندرية سموحة,13164,0
EMP-14090,PROMOTION,2024-01-03,15427,20592,20592,0
EMP-15238,PROMOTION,2024-01-03,16618,19609,19609,0
EMP-10410,HIRE,2024-01-03,,سموحة,9100,0
EMP-15960,HIRE,2024-01-04,,سموحة,7710,0
EMP-16781,HIRE,2024-01-04,,بورسعيد - الشرق,7111,0
EMP-13225,TRANSFER,2024-01-04,القاهرة - التجمع الخامس,الإسكندرية - سموحة,16610,0
EMP-12427,TRANSFER,2024-01-05,الإسكندرية - سموحة,الاسكندرية سموحة,14966,0
EMP-11214,HIRE,2024-01-05,,سموحة,18256,0
EMP-14208,HIRE,2024-01-05,,الدقي,15061,0
EMP-10240,TERMINATION,2024-01-05,ACTIVE,Fired,15754,1
EMP-13876,HIRE,2024-01-05,,الاسكندرية سموحة,17830,0
EMP-14824,TRANSFER,2024-01-06,الدقي,القاهرة - المعادي,18292,0
EMP-15244,TERMINATION,2024-01-07,ACTIVE,Fired,7413,1
EMP-16682,TRANSFER,2024-01-07,الجيزة - الدقي,القاهرة - التجمع الخامس,10276,0
EMP-11601,TERMINATION,2024-01-07,ACTIVE,Relocation,12562,1
EMP-10447,HIRE,2024-01-07,,الإسكندرية - سموحة,18858,0
EMP-15958,PROMOTION,2024-01-07,8644,11844,11844,0
EMP-14802,TRANSFER,2024-01-07,سموحة,الاسكندرية سموحة,19988,0
EMP-12838,HIRE,2024-01-07,,الدقي,13521,0
EMP-13265,PROMOTION,2024-01-07,18168,23547,23547,0
EMP-14101,TRANSFER,2024-01-08,القاهره المعادي,الدقي,11797,0
EMP-12349,TRANSFER,2024-01-08,الإسكندرية - سموحة,بورسعيد - الشرق,9022,0
EMP-12370,HIRE,2024-01-08,,القاهرة - المعادي,9464,0
EMP-13373,HIRE,2024-01-08,,الدقي,11718,0
EMP-15832,HIRE,2024-01-08,,بورسعيد,12360,0
EMP-11330,HIRE,2024-01-09,,القاهرة - المعادي,7127,0
EMP-11693,HIRE,2024-01-09,,الدقي,18697,0
EMP-10986,TERMINATION,2024-01-10,ACTIVE,Fired,11574,1
EMP-16658,HIRE,2024-01-10,,بورسعيد - الشرق,15571,0
EMP-13235,TERMINATION,2024-01-10,ACTIVE,Fired,7639,1
EMP-10242,TRANSFER,2024-01-11,سموحة,الإسكندرية - سموحة,8304,0
EMP-16058,HIRE,2024-01-11,,سموحة,17396,0
EMP-14851,HIRE,2024-01-11,,فرع المعادي,12906,0
EMP-10106,HIRE,2024-01-12,,القاهرة - المعادي,19618,0
EMP-12535,PROMOTION,2024-01-12,17012,23481,23481,0
EMP-14021,HIRE,2024-01-12,,الدقي,8490,0
EMP-10040,PROMOTION,2024-01-12,11325,15409,15409,0
EMP-10511,TRANSFER,2024-01-12,الجيزة - الدقي,سموحة,19331,0
EMP-10337,HIRE,2024-01-12,,الجيزة - الدقي,16296,0
EMP-13421,PROMOTION,2024-01-13,18501,23115,23115,0
EMP-11202,HIRE,2024-01-13,,القاهرة - المعادي,17161,0
EMP-11830,TRANSFER,2024-01-13,التجمع,التجمع,16317,0
EMP-14447,HIRE,2024-01-13,,سموحة,15434,0
EMP-13958,TRANSFER,2024-01-14,الإسكندرية - سموحة,القاهره المعادي,7688,0
EMP-10977,TERMINATION,2024-01-14,ACTIVE,Fired,10118,1
EMP-16123,TERMINATION,2024-01-14,ACTIVE,Fired,18121,1
EMP-14381,HIRE,2024-01-14,,الاسكندرية سموحة,13525,0
EMP-15073,PROMOTION,2024-01-14,7720,11573,11573,0
EMP-10603,HIRE,2024-01-14,,الاسكندرية سموحة,11519,0
EMP-15983,PROMOTION,2024-01-15,9867,17627,17627,0
EMP-10838,TERMINATION,2024-01-15,ACTIVE,NULL,15247,1
EMP-10175,PROMOTION,2024-01-16,11984,14419,14419,0
EMP-15603,PROMOTION,2024-01-16,12970,17605,17605,0
EMP-12600,TERMINATION,2024-01-16,ACTIVE,Relocation,14245,1
EMP-10833,HIRE,2024-01-17,,الاسكندرية سموحة,7920,0
EMP-10736,HIRE,2024-01-18,,التجمع,17915,0
EMP-11046,HIRE,2024-01-18,,فرع المعادي,12145,0
EMP-16238,HIRE,2024-01-19,,التجمع,9638,0
EMP-11304,HIRE,2024-01-19,,الجيزة - الدقي,19780,0
EMP-11630,HIRE,2024-01-19,,فرع المعادي,14601,0
EMP-13549,HIRE,2024-01-20,,بورسعيد - الشرق,12542,0
EMP-13053,HIRE,2024-01-20,,القاهرة - التجمع الخامس,11095,0
EMP-13522,TRANSFER,2024-01-20,القاهرة - المعادي,الدقي,18245,0
EMP-15025,HIRE,2024-01-20,,الجيزة - الدقي,8806,0
EMP-15137,HIRE,2024-01-21,,الدقي,16154,0
EMP-14121,TRANSFER,2024-01-21,الجيزة - الدقي,بورسعيد - الشرق,17356,0
EMP-15880,HIRE,2024-01-21,,القاهرة - المعادي,19086,0
EMP-12067,HIRE,2024-01-22,,بورسعيد,7056,0
EMP-12142,HIRE,2024-01-22,,الاسكندرية سموحة,12491,0
EMP-15651,HIRE,2024-01-22,,القاهرة - التجمع الخامس,18385,0
EMP-11142,HIRE,2024-01-22,,القاهرة - المعادي,15240,0
EMP-11215,PROMOTION,2024-01-24,17946,20117,20117,0
EMP-16285,TRANSFER,2024-01-24,القاهرة - المعادي,سموحة,25401,0
EMP-10780,HIRE,2024-01-24,,سموحة,8192,0
EMP-14475,HIRE,2024-01-24,,بورسعيد - الشرق,15775,0
EMP-15016,PROMOTION,2024-01-24,19148,22812,22812,0
EMP-12546,PROMOTION,2024-01-24,16492,23018,23018,0
EMP-16487,TERMINATION,2024-01-24,ACTIVE,Fired,26217,1
EMP-13672,HIRE,2024-01-25,,سموحة,8081,0
EMP-12829,TRANSFER,2024-01-25,القاهرة - التجمع الخامس,الإسكندرية - سموحة,19773,0
EMP-16470,TRANSFER,2024-01-26,الإسكندرية - سموحة,بورسعيد - الشرق,15812,0
EMP-10835,HIRE,2024-01-26,,سموحة,7848,0
EMP-16583,HIRE,2024-01-26,,الجيزة - الدقي,15565,0
EMP-14010,TRANSFER,2024-01-26,الإسكندرية - سموحة,الاسكندرية سموحة,15773,0
EMP-12795,PROMOTION,2024-01-27,15344,20449,20449,0
EMP-16548,TERMINATION,2024-01-27,ACTIVE,Fired,11327,1
EMP-15052,TRANSFER,2024-01-27,القاهرة - المعادي,القاهرة - المعادي,27445,0
EMP-12519,HIRE,2024-01-28,,القاهرة - التجمع الخامس,14875,0
EMP-14892,HIRE,2024-01-28,,الاسكندرية سموحة,18375,0
EMP-12840,HIRE,2024-01-28,,الجيزة - الدقي,11022,0
EMP-16951,TRANSFER,2024-01-28,القاهرة - التجمع الخامس,فرع المعادي,9151,0
EMP-13985,HIRE,2024-01-28,,بورسعيد,17722,0
EMP-10433,HIRE,2024-01-28,,سموحة,19164,0
EMP-13978,HIRE,2024-01-28,,القاهره المعادي,10967,0
EMP-16680,TERMINATION,2024-01-28,ACTIVE,Fired,26862,1
EMP-16077,PROMOTION,2024-01-29,10199,16196,16196,0
EMP-11543,HIRE,2024-01-29,,بورسعيد - الشرق,9111,0
EMP-13302,PROMOTION,2024-01-29,12049,19750,19750,0
EMP-11255,PROMOTION,2024-01-29,19365,23300,23300,0
EMP-14488,HIRE,2024-01-29,,الاسكندرية سموحة,9055,0
EMP-16678,TRANSFER,2024-01-30,الدقي,القاهره المعادي,18103,0
EMP-16114,HIRE,2024-01-30,,الإسكندرية - سموحة,10019,0
EMP-13840,HIRE,2024-01-30,,القاهرة - التجمع الخامس,11268,0
EMP-16523,HIRE,2024-01-30,,فرع المعادي,12276,0
EMP-12467,PROMOTION,2024-01-30,13536,18334,18334,0
EMP-16547,HIRE,2024-01-31,,الدقي,14451,0
EMP-16749,TRANSFER,2024-01-31,سموحة,الدقي,9536,0
EMP-16820,HIRE,2024-01-31,,القاهره المعادي,19747,0
EMP-16919,PROMOTION,2024-01-31,31755,37767,37767,0
EMP-13862,TRANSFER,2024-01-31,القاهرة - التجمع الخامس,الدقي,12267,0
EMP-16547,HIRE,2024-01-31,,الدقي,14451,0
EMP-15046,HIRE,2024-01-31,,القاهرة - المعادي,8086,0
EMP-11454,HIRE,2024-02-01,,فرع المعادي,8420,0
EMP-13663,PROMOTION,2024-02-01,10254,12483,12483,0
EMP-12003,HIRE,2024-02-01,,القاهرة - التجمع الخامس,16687,0
EMP-12862,HIRE,2024-02-01,,الجيزة - الدقي,18548,0
EMP-13756,TERMINATION,2024-02-01,ACTIVE,NULL,20305,1
EMP-12206,HIRE,2024-02-01,,الدقي,8930,0
EMP-16957,TERMINATION,2024-02-01,ACTIVE,Resignation,11311,1
EMP-11254,TRANSFER,2024-02-01,القاهره المعادي,بورسعيد - الشرق,16964,0
EMP-12471,HIRE,2024-02-01,,فرع المعادي,13156,0
EMP-10779,TRANSFER,2024-02-02,القاهره المعادي,الإسكندرية - سموحة,9249,0
EMP-11231,HIRE,2024-02-02,,الإسكندرية - سموحة,7675,0
EMP-16475,TRANSFER,2024-02-02,فرع المعادي,الدقي,9345,0
EMP-15516,HIRE,2024-02-03,,الدقي,17117,0
EMP-10229,TERMINATION,2024-02-03,ACTIVE,Fired,13355,1
EMP-13379,TRANSFER,2024-02-03,فرع المعادي,الإسكندرية - سموحة,11607,0
EMP-16613,HIRE,2024-02-03,,سموحة,11448,0
EMP-13896,TRANSFER,2024-02-04,سموحة,بورسعيد,21598,0
EMP-12208,HIRE,2024-02-04,,الاسكندرية سموحة,10796,0
EMP-14855,HIRE,2024-02-04,,بورسعيد,9861,0
EMP-12111,TRANSFER,2024-02-05,الإسكندرية - سموحة,بورسعيد - الشرق,24598,0
EMP-16311,TRANSFER,2024-02-05,فرع المعادي,سموحة,13715,0
EMP-12284,HIRE,2024-02-05,,بورسعيد,7797,0
EMP-12775,HIRE,2024-02-05,,بورسعيد,8522,0
EMP-11383,TERMINATION,2024-02-06,ACTIVE,Relocation,16344,1
EMP-16135,HIRE,2024-02-06,,بورسعيد - الشرق,11601,0
EMP-11106,HIRE,2024-02-06,,الاسكندرية سموحة,13316,0
EMP-14898,HIRE,2024-02-06,,الإسكندرية - سموحة,8058,0
EMP-13332,PROMOTION,2024-02-06,16371,19165,19165,0
EMP-15877,TRANSFER,2024-02-07,بورسعيد,الدقي,8908,0
EMP-11126,TRANSFER,2024-02-07,الجيزة - الدقي,الدقي,19531,0
EMP-15471,TERMINATION,2024-02-07,ACTIVE,Relocation,19660,1
EMP-13359,HIRE,2024-02-08,,القاهره المعادي,8863,0
EMP-15527,PROMOTION,2024-02-08,11912,16546,16546,0
EMP-10828,TRANSFER,2024-02-08,التجمع,الجيزة - الدقي,19232,0
EMP-14869,TERMINATION,2024-02-08,ACTIVE,Resignation,18548,1
EMP-10632,TERMINATION,2024-02-09,ACTIVE,NULL,10642,1
EMP-15486,TRANSFER,2024-02-09,القاهرة - التجمع الخامس,الاسكندرية سموحة,21674,0
EMP-10321,HIRE,2024-02-09,,بورسعيد,18954,0
EMP-15937,HIRE,2024-02-09,,الإسكندرية - سموحة,19184,0
EMP-12215,HIRE,2024-02-10,,الجيزة - الدقي,8883,0
EMP-13836,TRANSFER,2024-02-10,بورسعيد,القاهره المعادي,9504,0
EMP-15256,PROMOTION,2024-02-10,17765,24483,24483,0
EMP-13109,HIRE,2024-02-11,,القاهره المعادي,16738,0
EMP-14434,HIRE,2024-02-11,,الجيزة - الدقي,10106,0
EMP-15783,HIRE,2024-02-11,,الاسكندرية سموحة,11046,0
EMP-16698,HIRE,2024-02-11,,القاهرة - المعادي,19405,0
EMP-12363,HIRE,2024-02-12,,بورسعيد,19760,0
EMP-16137,HIRE,2024-02-12,,بورسعيد - الشرق,9433,0
EMP-12857,HIRE,2024-02-13,,سموحة,12194,0
EMP-16775,HIRE,2024-02-13,,سموحة,11437,0
EMP-10406,PROMOTION,2024-02-13,13764,17841,17841,0
EMP-13581,HIRE,2024-02-13,,الإسكندرية - سموحة,17281,0
EMP-10478,HIRE,2024-02-13,,بورسعيد,19851,0
EMP-15496,PROMOTION,2024-02-13,18181,22797,22797,0
EMP-11894,PROMOTION,2024-02-14,30954,35041,35041,0
EMP-14326,PROMOTION,2024-02-14,9170,15390,15390,0
EMP-14290,HIRE,2024-02-14,,بورسعيد - الشرق,13063,0
EMP-10296,HIRE,2024-02-14,,الإسكندرية - سموحة,17845,0
EMP-12574,HIRE,2024-02-15,,القاهره المعادي,12798,0
EMP-12537,PROMOTION,2024-02-15,16289,22286,22286,0
EMP-11187,HIRE,2024-02-15,,بورسعيد - الشرق,11552,0
EMP-16228,PROMOTION,2024-02-16,13925,16770,16770,0
EMP-12790,HIRE,2024-02-17,,القاهرة - التجمع الخامس,14019,0
EMP-11618,HIRE,2024-02-17,,القاهرة - التجمع الخامس,13172,0
EMP-10074,HIRE,2024-02-17,,الجيزة - الدقي,17951,0
EMP-15915,TRANSFER,2024-02-17,الاسكندرية سموحة,الإسكندرية - سموحة,12562,0
EMP-11220,HIRE,2024-02-17,,التجمع,19940,0
EMP-15993,HIRE,2024-02-18,,الإسكندرية - سموحة,7152,0
EMP-14981,HIRE,2024-02-18,,الاسكندرية سموحة,7987,0
EMP-10462,HIRE,2024-02-18,,القاهره المعادي,18156,0
EMP-10695,HIRE,2024-02-18,,الدقي,17031,0
EMP-13874,TRANSFER,2024-02-19,الدقي,الدقي,18349,0
EMP-15503,HIRE,2024-02-20,,بورسعيد,19579,0
EMP-13572,TRANSFER,2024-02-20,الاسكندرية سموحة,القاهرة - التجمع الخامس,10067,0
EMP-13069,TRANSFER,2024-02-20,الجيزة - الدقي,الاسكندرية سموحة,12848,0
EMP-14217,HIRE,2024-02-20,,فرع المعادي,14510,0
EMP-11444,HIRE,2024-02-20,,القاهرة - المعادي,10899,0
EMP-13016,HIRE,2024-02-20,,الجيزة - الدقي,18543,0
EMP-14187,HIRE,2024-02-21,,سموحة,15952,0
EMP-10110,TRANSFER,2024-02-21,القاهرة - التجمع الخامس,الدقي,18122,0
EMP-12380,TRANSFER,2024-02-22,الدقي,التجمع,12094,0
EMP-15718,PROMOTION,2024-02-22,13954,17716,17716,0
EMP-15929,TRANSFER,2024-02-22,بورسعيد,التجمع,13312,0
EMP-13363,PROMOTION,2024-02-22,24355,28340,28340,0
EMP-15792,TERMINATION,2024-02-23,ACTIVE,Fired,23119,1
EMP-15318,HIRE,2024-02-23,,سموحة,14971,0
EMP-10767,HIRE,2024-02-23,,الجيزة - الدقي,9947,0
EMP-15917,HIRE,2024-02-23,,بورسعيد - الشرق,12817,0
EMP-13758,HIRE,2024-02-23,,الجيزة - الدقي,15953,0
EMP-15905,HIRE,2024-02-24,,الاسكندرية سموحة,17503,0
EMP-16208,HIRE,2024-02-24,,بورسعيد - الشرق,8308,0
EMP-11557,PROMOTION,2024-02-24,11152,14599,14599,0
EMP-10882,TERMINATION,2024-02-24,ACTIVE,Relocation,8842,1
EMP-11488,HIRE,2024-02-24,,الاسكندرية سموحة,11158,0
EMP-12300,HIRE,2024-02-24,,فرع المعادي,10770,0
EMP-14448,HIRE,2024-02-24,,الإسكندرية - سموحة,17639,0
EMP-16273,HIRE,2024-02-24,,بورسعيد - الشرق,7758,0
EMP-13924,TRANSFER,2024-02-25,القاهرة - المعادي,بورسعيد - الشرق,26730,0
EMP-12317,PROMOTION,2024-02-25,23378,28323,28323,0
EMP-12245,PROMOTION,2024-02-25,8553,11676,11676,0
EMP-16002,HIRE,2024-02-25,,التجمع,10477,0
EMP-10600,TRANSFER,2024-02-25,القاهرة - المعادي,فرع المعادي,14449,0
EMP-13161,TRANSFER,2024-02-25,الجيزة - الدقي,الإسكندرية - سموحة,15523,0
EMP-11765,TRANSFER,2024-02-25,بورسعيد - الشرق,الجيزة - الدقي,14859,0
EMP-12092,HIRE,2024-02-26,,القاهرة - المعادي,14385,0
EMP-11937,HIRE,2024-02-26,,القاهرة - المعادي,7459,0
EMP-12709,TRANSFER,2024-02-26,القاهرة - المعادي,الدقي,12052,0
EMP-12788,HIRE,2024-02-26,,الإسكندرية - سموحة,15192,0
EMP-11578,HIRE,2024-02-28,,القاهرة - المعادي,11157,0
EMP-14697,HIRE,2024-02-28,,سموحة,13277,0
EMP-13338,HIRE,2024-02-28,,بورسعيد - الشرق,8823,0
EMP-10823,TERMINATION,2024-02-29,ACTIVE,NULL,7732,1
EMP-16610,HIRE,2024-02-29,,القاهرة - المعادي,12968,0
EMP-11063,HIRE,2024-02-29,,الإسكندرية - سموحة,8193,0
EMP-12058,TRANSFER,2024-02-29,القاهره المعادي,بورسعيد - الشرق,14341,0
EMP-15477,HIRE,2024-03-01,,بورسعيد - الشرق,16706,0
EMP-12661,TRANSFER,2024-03-01,القاهره المعادي,التجمع,9636,0
EMP-10545,HIRE,2024-03-01,,الاسكندرية سموحة,15036,0
EMP-12777,TRANSFER,2024-03-02,فرع المعادي,سموحة,17766,0
EMP-15645,HIRE,2024-03-02,,الإسكندرية - سموحة,10758,0
EMP-14938,TRANSFER,2024-03-02,سموحة,الدقي,17197,0
EMP-12617,HIRE,2024-03-02,,القاهرة - التجمع الخامس,7256,0
EMP-12578,PROMOTION,2024-03-03,10343,13889,13889,0
EMP-16391,HIRE,2024-03-03,,التجمع,12988,0
EMP-11475,HIRE,2024-03-03,,الجيزة - الدقي,16455,0
EMP-11695,HIRE,2024-03-03,,فرع المعادي,9992,0
EMP-16823,HIRE,2024-03-04,,القاهرة - المعادي,8849,0
EMP-10757,PROMOTION,2024-03-04,12118,17457,17457,0
EMP-10714,HIRE,2024-03-04,,الاسكندرية سموحة,9613,0
EMP-13968,TERMINATION,2024-03-04,ACTIVE,Relocation,19165,1
EMP-14101,TERMINATION,2024-03-04,ACTIVE,Resignation,11797,1
EMP-15037,HIRE,2024-03-04,,الجيزة - الدقي,10980,0
EMP-13203,HIRE,2024-03-05,,بورسعيد - الشرق,9372,0
EMP-16593,PROMOTION,2024-03-05,14200,20039,20039,0
EMP-11020,TRANSFER,2024-03-05,القاهرة - المعادي,التجمع,12575,0
EMP-13279,HIRE,2024-03-05,,الاسكندرية سموحة,8954,0
EMP-16790,HIRE,2024-03-06,,القاهرة - المعادي,11800,0
EMP-15927,HIRE,2024-03-06,,الجيزة - الدقي,9936,0
EMP-11898,HIRE,2024-03-06,,الاسكندرية سموحة,15805,0
EMP-13088,HIRE,2024-03-06,,القاهرة - المعادي,10535,0
EMP-13082,PROMOTION,2024-03-06,16910,22031,22031,0
EMP-15731,HIRE,2024-03-06,,الاسكندرية سموحة,10890,0
EMP-14646,PROMOTION,2024-03-07,17019,19575,19575,0
EMP-11056,HIRE,2024-03-07,,الدقي,15537,0
EMP-11678,HIRE,2024-03-07,,سموحة,11866,0
EMP-12269,HIRE,2024-03-08,,القاهرة - التجمع الخامس,15876,0
EMP-10387,HIRE,2024-03-08,,التجمع,19844,0
EMP-16250,PROMOTION,2024-03-08,11077,16359,16359,0
EMP-10734,HIRE,2024-03-08,,الإسكندرية - سموحة,14757,0
EMP-16895,HIRE,2024-03-08,,بورسعيد - الشرق,18797,0
EMP-12679,PROMOTION,2024-03-08,17962,23530,23530,0
EMP-12280,HIRE,2024-03-08,,الدقي,18836,0
EMP-13790,HIRE,2024-03-08,,القاهرة - المعادي,14789,0
EMP-10216,HIRE,2024-03-09,,الإسكندرية - سموحة,7066,0
EMP-13073,TERMINATION,2024-03-09,ACTIVE,Fired,7884,1
EMP-15397,TRANSFER,2024-03-09,سموحة,التجمع,13343,0
EMP-13050,HIRE,2024-03-09,,الاسكندرية سموحة,11235,0
EMP-11697,PROMOTION,2024-03-10,16249,19501,19501,0
EMP-11118,HIRE,2024-03-10,,القاهره المعادي,8778,0
EMP-14706,HIRE,2024-03-10,,الإسكندرية - سموحة,11521,0
EMP-12205,TERMINATION,2024-03-11,ACTIVE,NULL,19169,1
EMP-12186,HIRE,2024-03-11,,بورسعيد,10048,0
EMP-12685,HIRE,2024-03-12,,الإسكندرية - سموحة,19171,0
EMP-13384,HIRE,2024-03-12,,بورسعيد - الشرق,14642,0
EMP-11880,HIRE,2024-03-12,,القاهرة - المعادي,17230,0
EMP-13786,TERMINATION,2024-03-12,ACTIVE,Fired,19091,1
EMP-11265,HIRE,2024-03-13,,بورسعيد - الشرق,7346,0
EMP-12139,TRANSFER,2024-03-13,فرع المعادي,فرع المعادي,12527,0
EMP-15969,TERMINATION,2024-03-13,ACTIVE,NULL,9179,1
EMP-13193,TRANSFER,2024-03-13,بورسعيد,فرع المعادي,8615,0
EMP-14143,HIRE,2024-03-13,,الدقي,15603,0
EMP-15994,PROMOTION,2024-03-14,14914,20167,20167,0
EMP-14207,HIRE,2024-03-14,,القاهرة - المعادي,18634,0
EMP-12861,HIRE,2024-03-14,,القاهرة - التجمع الخامس,13208,0
EMP-14692,HIRE,2024-03-14,,التجمع,18715,0
EMP-16190,TRANSFER,2024-03-14,الاسكندرية سموحة,التجمع,23240,0
EMP-16104,PROMOTION,2024-03-15,19405,22429,22429,0
EMP-13043,TERMINATION,2024-03-15,ACTIVE,Relocation,19015,1
EMP-12876,HIRE,2024-03-15,,القاهرة - المعادي,12823,0
EMP-15533,HIRE,2024-03-15,,الاسكندرية سموحة,17414,0
EMP-10726,PROMOTION,2024-03-16,23517,29573,29573,0
EMP-13137,HIRE,2024-03-16,,سموحة,7786,0
EMP-15800,TRANSFER,2024-03-16,الدقي,التجمع,14084,0
EMP-11477,PROMOTION,2024-03-16,17049,23707,23707,0
EMP-15974,HIRE,2024-03-16,,الدقي,13837,0
EMP-11268,HIRE,2024-03-16,,القاهره المعادي,10254,0
EMP-10030,TRANSFER,2024-03-16,بورسعيد - الشرق,القاهره المعادي,19816,0
EMP-12159,HIRE,2024-03-16,,القاهره المعادي,17827,0
EMP-15672,TRANSFER,2024-03-17,بورسعيد,القاهرة - التجمع الخامس,8340,0
EMP-11528,HIRE,2024-03-17,,بورسعيد - الشرق,14550,0
EMP-16403,HIRE,2024-03-17,,الجيزة - الدقي,15655,0
EMP-13394,HIRE,2024-03-17,,الجيزة - الدقي,11658,0
EMP-16581,HIRE,2024-03-17,,القاهرة - المعادي,11477,0
EMP-16409,HIRE,2024-03-18,,سموحة,16589,0
EMP-16497,PROMOTION,2024-03-18,10603,17687,17687,0
EMP-13313,PROMOTION,2024-03-18,14399,16769,16769,0
EMP-13100,TERMINATION,2024-03-19,ACTIVE,Relocation,10052,1
EMP-15843,HIRE,2024-03-19,,بورسعيد - الشرق,13973,0
EMP-16470,PROMOTION,2024-03-19,15812,19845,19845,0
EMP-13013,TRANSFER,2024-03-20,الاسكندرية سموحة,الاسكندرية سموحة,8366,0
EMP-11736,TERMINATION,2024-03-20,ACTIVE,Relocation,17655,1
EMP-16292,TRANSFER,2024-03-21,الجيزة - الدقي,القاهره المعادي,9485,0
EMP-15075,HIRE,2024-03-21,,الإسكندرية - سموحة,13280,0
EMP-14370,HIRE,2024-03-22,,القاهرة - التجمع الخامس,10831,0
EMP-12919,PROMOTION,2024-03-22,8599,15187,15187,0
EMP-12325,HIRE,2024-03-22,,بورسعيد - الشرق,16486,0
EMP-10233,HIRE,2024-03-22,,بورسعيد,18168,0
EMP-11127,TERMINATION,2024-03-23,ACTIVE,Resignation,16028,1
EMP-10232,HIRE,2024-03-23,,الجيزة - الدقي,15728,0
EMP-10029,HIRE,2024-03-23,,فرع المعادي,15710,0
EMP-15990,HIRE,2024-03-24,,سموحة,19871,0
EMP-12385,HIRE,2024-03-24,,الدقي,19372,0
EMP-13618,TRANSFER,2024-03-25,الجيزة - الدقي,فرع المعادي,14023,0
EMP-12510,HIRE,2024-03-25,,القاهرة - التجمع الخامس,9437,0
EMP-13717,PROMOTION,2024-03-25,27439,32677,32677,0
EMP-10238,HIRE,2024-03-25,,فرع المعادي,11239,0
EMP-11504,HIRE,2024-03-25,,سموحة,13755,0
EMP-10286,TRANSFER,2024-03-25,الدقي,القاهره المعادي,12018,0
EMP-15878,PROMOTION,2024-03-25,18118,25528,25528,0
EMP-15852,HIRE,2024-03-26,,القاهرة - المعادي,7837,0
EMP-11146,TRANSFER,2024-03-26,القاهرة - التجمع الخامس,الجيزة - الدقي,16896,0
EMP-15054,TRANSFER,2024-03-26,التجمع,الجيزة - الدقي,15700,0
EMP-13943,HIRE,2024-03-26,,سموحة,17771,0
EMP-13943,HIRE,2024-03-26,,سموحة,17771,0
EMP-16567,HIRE,2024-03-27,,القاهرة - التجمع الخامس,11416,0
EMP-10778,HIRE,2024-03-27,,القاهرة - التجمع الخامس,19616,0
EMP-16542,HIRE,2024-03-28,,الجيزة - الدقي,11483,0
EMP-16542,HIRE,2024-03-28,,الجيزة - الدقي,11483,0
EMP-13549,TRANSFER,2024-03-29,بورسعيد - الشرق,بورسعيد,12542,0
EMP-11440,PROMOTION,2024-03-29,14965,18628,18628,0
EMP-13182,TRANSFER,2024-03-30,القاهرة - التجمع الخامس,الاسكندرية سموحة,14716,0
EMP-13959,PROMOTION,2024-03-30,18129,22347,22347,0
EMP-11215,TRANSFER,2024-03-30,التجمع,فرع المعادي,20117,0
EMP-13182,TRANSFER,2024-03-30,القاهرة - التجمع الخامس,الاسكندرية سموحة,14716,0
EMP-12518,PROMOTION,2024-03-30,20567,28432,28432,0
EMP-14971,TRANSFER,2024-03-30,بورسعيد - الشرق,الاسكندرية سموحة,18247,0
EMP-13814,TRANSFER,2024-03-31,القاهرة - التجمع الخامس,القاهرة - التجمع الخامس,8156,0
EMP-13789,HIRE,2024-03-31,,القاهرة - المعادي,14197,0
EMP-14144,PROMOTION,2024-03-31,16985,19361,19361,0
EMP-14938,PROMOTION,2024-04-01,17197,19215,19215,0
EMP-10960,PROMOTION,2024-04-01,17415,20959,20959,0
EMP-15011,HIRE,2024-04-02,,الاسكندرية سموحة,15194,0
EMP-15528,HIRE,2024-04-02,,التجمع,16993,0
EMP-16127,HIRE,2024-04-02,,التجمع,15532,0
EMP-11076,HIRE,2024-04-02,,القاهرة - المعادي,9979,0
EMP-11040,PROMOTION,2024-04-02,18335,23588,23588,0
EMP-15595,HIRE,2024-04-02,,سموحة,19865,0
EMP-13116,TRANSFER,2024-04-03,فرع المعادي,الإسكندرية - سموحة,12839,0
EMP-12373,PROMOTION,2024-04-03,18550,23929,23929,0
EMP-12067,PROMOTION,2024-04-03,7056,10403,10403,0
EMP-15565,TERMINATION,2024-04-03,ACTIVE,Resignation,14848,1
EMP-11247,TRANSFER,2024-04-03,فرع المعادي,القاهرة - التجمع الخامس,8786,0
EMP-12788,PROMOTION,2024-04-03,15192,17943,17943,0
EMP-12436,PROMOTION,2024-04-03,18016,21923,21923,0
EMP-16993,TERMINATION,2024-04-04,ACTIVE,Fired,12748,1
EMP-11079,HIRE,2024-04-05,,القاهرة - المعادي,18776,0
EMP-15029,TRANSFER,2024-04-06,سموحة,بورسعيد,17257,0
EMP-14857,HIRE,2024-04-06,,بورسعيد,8293,0
EMP-11400,HIRE,2024-04-06,,الإسكندرية - سموحة,11569,0
EMP-10771,HIRE,2024-04-07,,الدقي,7406,0
EMP-16720,HIRE,2024-04-07,,الاسكندرية سموحة,9749,0
EMP-14893,HIRE,2024-04-07,,سموحة,18301,0
EMP-13032,TRANSFER,2024-04-07,التجمع,الاسكندرية سموحة,19057,0
EMP-16875,PROMOTION,2024-04-07,19002,22942,22942,0
EMP-16579,TRANSFER,2024-04-08,التجمع,بورسعيد,8906,0
EMP-14296,TRANSFER,2024-04-09,الجيزة - الدقي,التجمع,25168,0
EMP-13905,HIRE,2024-04-09,,القاهره المعادي,10748,0
EMP-16897,TRANSFER,2024-04-09,الإسكندرية - سموحة,الجيزة - الدقي,15630,0
EMP-12200,HIRE,2024-04-09,,الدقي,18376,0
EMP-10227,TRANSFER,2024-04-09,بورسعيد - الشرق,سموحة,7374,0
EMP-16566,HIRE,2024-04-09,,الجيزة - الدقي,15694,0
EMP-11669,TRANSFER,2024-04-09,القاهرة - المعادي,بورسعيد - الشرق,14592,0
EMP-13159,TRANSFER,2024-04-10,التجمع,القاهرة - المعادي,16623,0
EMP-11000,HIRE,2024-04-11,,الإسكندرية - سموحة,19734,0
EMP-10221,TRANSFER,2024-04-11,الجيزة - الدقي,الإسكندرية - سموحة,14701,0
EMP-14986,HIRE,2024-04-11,,بورسعيد - الشرق,15685,0
EMP-13915,PROMOTION,2024-04-11,14867,19792,19792,0
EMP-10138,PROMOTION,2024-04-11,15966,18510,18510,0
EMP-13008,HIRE,2024-04-11,,بورسعيد - الشرق,17553,0
EMP-15046,PROMOTION,2024-04-12,8086,14258,14258,0
EMP-12404,TERMINATION,2024-04-12,ACTIVE,NULL,16270,1
EMP-14388,HIRE,2024-04-12,,الجيزة - الدقي,16194,0
EMP-13236,HIRE,2024-04-12,,الاسكندرية سموحة,15271,0
EMP-10697,HIRE,2024-04-12,,بورسعيد,18644,0
EMP-14873,HIRE,2024-04-13,,الاسكندرية سموحة,13023,0
EMP-15129,TRANSFER,2024-04-13,بورسعيد - الشرق,الجيزة - الدقي,14847,0
EMP-12983,HIRE,2024-04-13,,التجمع,12063,0
EMP-14032,HIRE,2024-04-14,,القاهره المعادي,15935,0
EMP-16238,TERMINATION,2024-04-14,ACTIVE,Resignation,9638,1
EMP-13810,TERMINATION,2024-04-14,ACTIVE,Relocation,11914,1
EMP-11143,HIRE,2024-04-14,,القاهرة - المعادي,11106,0
EMP-14294,PROMOTION,2024-04-15,15289,19088,19088,0
EMP-16241,TERMINATION,2024-04-16,ACTIVE,Relocation,9056,1
EMP-12567,TERMINATION,2024-04-16,ACTIVE,Relocation,14012,1
EMP-13042,TRANSFER,2024-04-16,بورسعيد - الشرق,بورسعيد,7020,0
EMP-15562,HIRE,2024-04-16,,فرع المعادي,10224,0
EMP-14235,HIRE,2024-04-16,,الدقي,8878,0
EMP-13430,HIRE,2024-04-16,,القاهرة - المعادي,12480,0
EMP-16793,HIRE,2024-04-17,,الدقي,11497,0
EMP-11023,HIRE,2024-04-17,,فرع المعادي,11223,0
EMP-11945,HIRE,2024-04-18,,بورسعيد - الشرق,17468,0
EMP-10510,HIRE,2024-04-18,,الاسكندرية سموحة,7064,0
EMP-15431,HIRE,2024-04-18,,بورسعيد,7351,0
EMP-13089,HIRE,2024-04-18,,الدقي,19586,0
EMP-13014,HIRE,2024-04-18,,القاهرة - التجمع الخامس,9603,0
EMP-11719,HIRE,2024-04-18,,القاهرة - المعادي,7986,0
EMP-10834,HIRE,2024-04-18,,الإسكندرية - سموحة,12939,0
EMP-11819,HIRE,2024-04-19,,بورسعيد - الشرق,15174,0
EMP-16011,TRANSFER,2024-04-19,بورسعيد - الشرق,سموحة,20610,0
EMP-16256,HIRE,2024-04-20,,بورسعيد - الشرق,9245,0
EMP-12372,TERMINATION,2024-04-20,ACTIVE,Fired,15695,1
EMP-15666,HIRE,2024-04-20,,الإسكندرية - سموحة,7570,0
EMP-12728,HIRE,2024-04-20,,الدقي,14408,0
EMP-14429,HIRE,2024-04-20,,القاهرة - المعادي,17952,0
EMP-12094,PROMOTION,2024-04-21,25418,31555,31555,0
EMP-10812,TERMINATION,2024-04-21,ACTIVE,Relocation,18173,1
EMP-12837,TRANSFER,2024-04-21,التجمع,بورسعيد - الشرق,27174,0
EMP-14836,PROMOTION,2024-04-21,19632,21762,21762,0
EMP-10687,HIRE,2024-04-21,,القاهرة - التجمع الخامس,16990,0
EMP-12260,PROMOTION,2024-04-21,19573,24617,24617,0
EMP-13569,HIRE,2024-04-21,,بورسعيد,10209,0
EMP-11579,HIRE,2024-04-22,,التجمع,15443,0
EMP-11411,TRANSFER,2024-04-22,القاهره المعادي,بورسعيد - الشرق,16328,0
EMP-15325,HIRE,2024-04-22,,الإسكندرية - سموحة,7097,0
EMP-16938,HIRE,2024-04-22,,القاهرة - التجمع الخامس,19337,0
EMP-10146,TRANSFER,2024-04-23,التجمع,سموحة,25664,0
EMP-16491,PROMOTION,2024-04-23,11422,14011,14011,0
EMP-12379,HIRE,2024-04-23,,القاهرة - التجمع الخامس,11759,0
EMP-14945,PROMOTION,2024-04-24,18025,24442,24442,0
EMP-13899,HIRE,2024-04-24,,فرع المعادي,7714,0
EMP-12365,PROMOTION,2024-04-24,15935,23330,23330,0
EMP-10963,PROMOTION,2024-04-24,18298,22876,22876,0
EMP-14279,HIRE,2024-04-25,,الإسكندرية - سموحة,13580,0
EMP-12915,PROMOTION,2024-04-25,16462,22908,22908,0
EMP-14835,HIRE,2024-04-25,,الجيزة - الدقي,17501,0
EMP-14835,HIRE,2024-04-25,,الجيزة - الدقي,17501,0
EMP-12639,HIRE,2024-04-25,,القاهره المعادي,15567,0
EMP-16606,TRANSFER,2024-04-25,القاهرة - التجمع الخامس,بورسعيد,18318,0
EMP-15058,HIRE,2024-04-25,,التجمع,9230,0
EMP-12578,TERMINATION,2024-04-25,ACTIVE,Relocation,13889,1
EMP-13864,HIRE,2024-04-25,,الجيزة - الدقي,19664,0
EMP-15153,HIRE,2024-04-25,,بورسعيد,8991,0
EMP-11037,TRANSFER,2024-04-25,الجيزة - الدقي,القاهره المعادي,9913,0
EMP-12334,TRANSFER,2024-04-26,فرع المعادي,بورسعيد,15456,0
EMP-15681,TRANSFER,2024-04-26,بورسعيد,القاهرة - التجمع الخامس,12058,0
EMP-15173,PROMOTION,2024-04-26,14184,16538,16538,0
EMP-12616,TRANSFER,2024-04-27,بورسعيد - الشرق,سموحة,16914,0
EMP-14546,HIRE,2024-04-27,,بورسعيد,14942,0
EMP-14158,HIRE,2024-04-27,,الدقي,9772,0
EMP-14005,HIRE,2024-04-27,,الإسكندرية - سموحة,10075,0
EMP-11158,PROMOTION,2024-04-27,13604,15643,15643,0
EMP-16654,HIRE,2024-04-28,,الدقي,9118,0
EMP-14181,HIRE,2024-04-28,,الإسكندرية - سموحة,11680,0
EMP-11994,TRANSFER,2024-04-28,الإسكندرية - سموحة,الاسكندرية سموحة,11474,0
EMP-11169,HIRE,2024-04-28,,فرع المعادي,9585,0
EMP-10830,HIRE,2024-04-29,,الإسكندرية - سموحة,15905,0
EMP-14685,HIRE,2024-04-29,,بورسعيد - الشرق,11995,0
EMP-12030,HIRE,2024-05-01,,الجيزة - الدقي,8576,0
EMP-16671,HIRE,2024-05-01,,بورسعيد,19853,0
EMP-11567,TRANSFER,2024-05-01,الاسكندرية سموحة,الاسكندرية سموحة,8132,0
EMP-12101,PROMOTION,2024-05-01,11759,17035,17035,0
EMP-13518,PROMOTION,2024-05-02,10948,18349,18349,0
EMP-15043,HIRE,2024-05-02,,فرع المعادي,12041,0
EMP-16674,TRANSFER,2024-05-02,التجمع,بورسعيد,13204,0
EMP-14825,HIRE,2024-05-03,,القاهرة - المعادي,14249,0
EMP-13634,HIRE,2024-05-03,,التجمع,10255,0
EMP-15839,TRANSFER,2024-05-03,الإسكندرية - سموحة,الإسكندرية - سموحة,8382,0
EMP-14495,HIRE,2024-05-04,,التجمع,9831,0
EMP-14003,HIRE,2024-05-04,,القاهرة - التجمع الخامس,19775,0
EMP-10602,PROMOTION,2024-05-04,19272,27073,27073,0
EMP-16570,HIRE,2024-05-05,,الدقي,7068,0
EMP-13976,TERMINATION,2024-05-05,ACTIVE,Fired,19833,1
EMP-11341,HIRE,2024-05-05,,بورسعيد,12175,0
EMP-11878,HIRE,2024-05-05,,القاهرة - التجمع الخامس,14353,0
EMP-15742,TRANSFER,2024-05-05,بورسعيد - الشرق,الاسكندرية سموحة,17897,0
EMP-15675,HIRE,2024-05-06,,التجمع,13881,0
EMP-13844,HIRE,2024-05-06,,القاهرة - التجمع الخامس,11034,0
EMP-11880,TERMINATION,2024-05-06,ACTIVE,NULL,17230,1
EMP-15437,HIRE,2024-05-06,,الجيزة - الدقي,18362,0
EMP-14806,TRANSFER,2024-05-06,سموحة,القاهرة - المعادي,14048,0
EMP-14724,PROMOTION,2024-05-07,8037,11887,11887,0
EMP-14492,HIRE,2024-05-07,,بورسعيد - الشرق,7055,0
EMP-16706,HIRE,2024-05-07,,بورسعيد - الشرق,18735,0
EMP-12145,TRANSFER,2024-05-08,القاهرة - المعادي,التجمع,19064,0
EMP-11659,TRANSFER,2024-05-08,الجيزة - الدقي,القاهرة - المعادي,10322,0
EMP-11116,TRANSFER,2024-05-08,القاهره المعادي,بورسعيد - الشرق,13723,0
EMP-11120,HIRE,2024-05-08,,الإسكندرية - سموحة,9622,0
EMP-10645,HIRE,2024-05-09,,بورسعيد - الشرق,12474,0
EMP-11491,TRANSFER,2024-05-09,الجيزة - الدقي,الاسكندرية سموحة,10168,0
EMP-10711,PROMOTION,2024-05-09,11069,16148,16148,0
EMP-11071,TERMINATION,2024-05-09,ACTIVE,Resignation,14859,1
EMP-16645,HIRE,2024-05-10,,الإسكندرية - سموحة,9543,0
EMP-15474,HIRE,2024-05-10,,القاهره المعادي,15893,0
EMP-12037,HIRE,2024-05-10,,سموحة,11788,0
EMP-13370,TRANSFER,2024-05-11,الجيزة - الدقي,التجمع,10318,0
EMP-11228,HIRE,2024-05-11,,فرع المعادي,12755,0
EMP-12369,HIRE,2024-05-11,,الدقي,8665,0
EMP-12656,HIRE,2024-05-11,,بورسعيد,12912,0
EMP-16386,TRANSFER,2024-05-12,التجمع,القاهرة - التجمع الخامس,12172,0
EMP-14464,HIRE,2024-05-12,,بورسعيد,16094,0
EMP-15850,TRANSFER,2024-05-12,القاهرة - التجمع الخامس,الدقي,13166,0
EMP-10318,TERMINATION,2024-05-12,ACTIVE,NULL,8397,1
EMP-10302,TRANSFER,2024-05-13,سموحة,الإسكندرية - سموحة,17539,0
EMP-11980,TRANSFER,2024-05-13,الدقي,القاهرة - التجمع الخامس,14845,0
EMP-11417,TRANSFER,2024-05-13,القاهره المعادي,الدقي,12244,0
EMP-14580,PROMOTION,2024-05-14,16891,21084,21084,0
EMP-12498,HIRE,2024-05-14,,الاسكندرية سموحة,8784,0
EMP-15271,HIRE,2024-05-14,,الاسكندرية سموحة,17063,0
EMP-15791,HIRE,2024-05-15,,الدقي,16595,0
EMP-11403,HIRE,2024-05-15,,القاهرة - التجمع الخامس,14280,0
EMP-16188,HIRE,2024-05-15,,القاهرة - التجمع الخامس,19228,0
EMP-12697,HIRE,2024-05-15,,فرع المعادي,11854,0
EMP-16082,PROMOTION,2024-05-15,15569,18658,18658,0
EMP-11262,TRANSFER,2024-05-15,القاهرة - المعادي,القاهرة - التجمع الخامس,11420,0
EMP-16992,PROMOTION,2024-05-16,16896,18900,18900,0
EMP-13197,PROMOTION,2024-05-16,18962,22414,22414,0
EMP-10600,TRANSFER,2024-05-16,فرع المعادي,الجيزة - الدقي,14449,0
EMP-15236,TRANSFER,2024-05-16,فرع المعادي,التجمع,12853,0
EMP-11121,HIRE,2024-05-16,,القاهرة - التجمع الخامس,12854,0
EMP-15394,HIRE,2024-05-16,,بورسعيد,18471,0
EMP-10309,PROMOTION,2024-05-17,11217,14402,14402,0
EMP-11056,PROMOTION,2024-05-17,15537,22328,22328,0
EMP-16694,HIRE,2024-05-17,,بورسعيد - الشرق,11486,0
EMP-15056,HIRE,2024-05-17,,الإسكندرية - سموحة,19018,0
EMP-11330,PROMOTION,2024-05-18,7127,14322,14322,0
EMP-13993,HIRE,2024-05-18,,الدقي,14561,0
EMP-11199,HIRE,2024-05-18,,بورسعيد - الشرق,16961,0
EMP-15600,TRANSFER,2024-05-18,القاهرة - التجمع الخامس,بورسعيد,7153,0
EMP-12298,HIRE,2024-05-19,,فرع المعادي,12711,0
EMP-11749,HIRE,2024-05-19,,بورسعيد - الشرق,12798,0
EMP-12080,TERMINATION,2024-05-19,ACTIVE,Resignation,16626,1
EMP-12532,HIRE,2024-05-19,,الإسكندرية - سموحة,18175,0
EMP-11486,PROMOTION,2024-05-19,18478,24582,24582,0
EMP-16353,HIRE,2024-05-19,,فرع المعادي,14960,0
EMP-14885,HIRE,2024-05-19,,الجيزة - الدقي,18877,0
EMP-12073,TRANSFER,2024-05-20,الجيزة - الدقي,التجمع,10355,0
EMP-11541,HIRE,2024-05-20,,التجمع,11751,0
EMP-10515,TERMINATION,2024-05-20,ACTIVE,Relocation,16765,1
EMP-13204,PROMOTION,2024-05-20,17872,22378,22378,0
EMP-12264,PROMOTION,2024-05-21,12514,18807,18807,0
EMP-12620,TRANSFER,2024-05-21,الاسكندرية سموحة,بورسعيد - الشرق,9871,0
EMP-15028,HIRE,2024-05-21,,بورسعيد - الشرق,13182,0
EMP-16251,HIRE,2024-05-21,,بورسعيد - الشرق,11009,0
EMP-16099,TRANSFER,2024-05-21,فرع المعادي,بورسعيد - الشرق,17864,0
EMP-11490,TERMINATION,2024-05-22,ACTIVE,NULL,16114,1
EMP-11824,TERMINATION,2024-05-22,ACTIVE,Fired,13284,1
EMP-12745,PROMOTION,2024-05-22,9001,11702,11702,0
EMP-15585,TRANSFER,2024-05-22,سموحة,الإسكندرية - سموحة,18440,0
EMP-11011,HIRE,2024-05-23,,الإسكندرية - سموحة,19340,0
EMP-12220,HIRE,2024-05-23,,القاهرة - التجمع الخامس,13777,0
EMP-16335,PROMOTION,2024-05-23,17683,20617,20617,0
EMP-14410,TRANSFER,2024-05-23,سموحة,التجمع,9531,0
EMP-13448,HIRE,2024-05-23,,القاهرة - المعادي,12767,0
EMP-15738,PROMOTION,2024-05-24,14325,21630,21630,0
EMP-15761,TERMINATION,2024-05-24,ACTIVE,NULL,14901,1
EMP-15828,PROMOTION,2024-05-24,16833,19448,19448,0
EMP-15370,HIRE,2024-05-24,,القاهرة - التجمع الخامس,16703,0
EMP-15229,TRANSFER,2024-05-24,الدقي,القاهره المعادي,22029,0
EMP-16068,PROMOTION,2024-05-24,10793,13517,13517,0
EMP-10513,HIRE,2024-05-24,,سموحة,10417,0
EMP-13698,PROMOTION,2024-05-24,9159,15796,15796,0
EMP-11535,PROMOTION,2024-05-24,11452,18157,18157,0
EMP-15136,HIRE,2024-05-25,,بورسعيد - الشرق,10956,0
EMP-14456,HIRE,2024-05-25,,الجيزة - الدقي,10872,0
EMP-13694,HIRE,2024-05-25,,بورسعيد,13715,0
EMP-14884,HIRE,2024-05-25,,فرع المعادي,15634,0
EMP-10441,TRANSFER,2024-05-26,الدقي,القاهرة - التجمع الخامس,19982,0
EMP-10804,TRANSFER,2024-05-26,بورسعيد - الشرق,سموحة,18350,0
EMP-11611,HIRE,2024-05-26,,القاهرة - التجمع الخامس,7299,0
EMP-12174,HIRE,2024-05-26,,القاهرة - التجمع الخامس,13582,0
EMP-15349,HIRE,2024-05-27,,الاسكندرية سموحة,14836,0
EMP-15854,HIRE,2024-05-27,,الاسكندرية سموحة,13181,0
EMP-15171,TERMINATION,2024-05-27,ACTIVE,Relocation,12047,1
EMP-10164,HIRE,2024-05-27,,فرع المعادي,16168,0
EMP-10864,PROMOTION,2024-05-27,19812,26729,26729,0
EMP-15389,PROMOTION,2024-05-27,7934,10610,10610,0
EMP-13598,HIRE,2024-05-28,,الجيزة - الدقي,19249,0
EMP-12857,PROMOTION,2024-05-29,12194,16581,16581,0
EMP-14639,HIRE,2024-05-29,,القاهره المعادي,10318,0
EMP-13552,HIRE,2024-05-29,,التجمع,12989,0
EMP-12393,HIRE,2024-05-30,,فرع المعادي,15216,0
EMP-15587,HIRE,2024-05-31,,القاهره المعادي,17115,0
EMP-12225,HIRE,2024-05-31,,الدقي,8709,0
EMP-15190,HIRE,2024-05-31,,الاسكندرية سموحة,14077,0
EMP-15417,PROMOTION,2024-05-31,9420,15197,15197,0
EMP-14186,TRANSFER,2024-05-31,الاسكندرية سموحة,الجيزة - الدقي,12359,0
EMP-16070,HIRE,2024-06-01,,القاهرة - المعادي,16172,0
EMP-10755,TRANSFER,2024-06-01,بورسعيد - الشرق,الإسكندرية - سموحة,12838,0
EMP-13199,TRANSFER,2024-06-01,سموحة,فرع المعادي,7456,0
EMP-11605,HIRE,2024-06-01,,فرع المعادي,18782,0
EMP-11517,TERMINATION,2024-06-01,ACTIVE,Resignation,22516,1
EMP-12038,HIRE,2024-06-02,,الدقي,9850,0
EMP-15425,HIRE,2024-06-02,,القاهرة - التجمع الخامس,19759,0
EMP-13327,HIRE,2024-06-02,,بورسعيد,10279,0
EMP-13406,PROMOTION,2024-06-02,13740,18285,18285,0
EMP-11068,TRANSFER,2024-06-03,الإسكندرية - سموحة,الاسكندرية سموحة,8168,0
EMP-10853,TRANSFER,2024-06-04,القاهرة - المعادي,بورسعيد - الشرق,11855,0
EMP-10109,HIRE,2024-06-05,,القاهرة - التجمع الخامس,7602,0
EMP-10041,HIRE,2024-06-05,,بورسعيد - الشرق,18842,0
EMP-16287,HIRE,2024-06-05,,الاسكندرية سموحة,7920,0
EMP-11660,HIRE,2024-06-05,,بورسعيد,10169,0
EMP-14757,HIRE,2024-06-06,,سموحة,11519,0
EMP-12064,HIRE,2024-06-06,,الدقي,16931,0
EMP-14549,HIRE,2024-06-06,,القاهره المعادي,15683,0
EMP-13910,HIRE,2024-06-06,,الإسكندرية - سموحة,8408,0
EMP-12282,HIRE,2024-06-06,,القاهرة - التجمع الخامس,8367,0
EMP-16775,TRANSFER,2024-06-06,سموحة,الجيزة - الدقي,11437,0
EMP-10284,TRANSFER,2024-06-07,الدقي,سموحة,16875,0
EMP-14926,HIRE,2024-06-07,,القاهرة - المعادي,10018,0
EMP-14239,PROMOTION,2024-06-07,7608,11893,11893,0
EMP-14427,HIRE,2024-06-07,,الإسكندرية - سموحة,16237,0
EMP-16120,PROMOTION,2024-06-07,7241,10711,10711,0
EMP-13350,TERMINATION,2024-06-07,ACTIVE,NULL,13339,1
EMP-16662,HIRE,2024-06-08,,بورسعيد,15387,0
EMP-13466,TRANSFER,2024-06-08,الاسكندرية سموحة,فرع المعادي,8814,0
EMP-12949,HIRE,2024-06-08,,الاسكندرية سموحة,17630,0
EMP-14584,HIRE,2024-06-08,,الجيزة - الدقي,8599,0
EMP-12257,HIRE,2024-06-08,,بورسعيد,19483,0
EMP-12370,PROMOTION,2024-06-08,9464,12163,12163,0
EMP-16260,HIRE,2024-06-08,,فرع المعادي,11687,0
EMP-12802,HIRE,2024-06-09,,الدقي,18553,0
EMP-14775,PROMOTION,2024-06-09,10956,16744,16744,0
EMP-13254,PROMOTION,2024-06-09,14123,18020,18020,0
EMP-12515,PROMOTION,2024-06-10,14481,19889,19889,0
EMP-12284,PROMOTION,2024-06-10,7797,14225,14225,0
EMP-10181,HIRE,2024-06-10,,بورسعيد,10853,0
EMP-16171,HIRE,2024-06-11,,الإسكندرية - سموحة,17904,0
EMP-15701,HIRE,2024-06-11,,التجمع,7043,0
EMP-16613,TRANSFER,2024-06-11,سموحة,فرع المعادي,11448,0
EMP-11324,HIRE,2024-06-11,,القاهرة - التجمع الخامس,14941,0
EMP-12108,PROMOTION,2024-06-11,14728,19290,19290,0
EMP-10455,HIRE,2024-06-11,,الجيزة - الدقي,17818,0
EMP-11988,HIRE,2024-06-11,,القاهرة - التجمع الخامس,16585,0
EMP-13962,HIRE,2024-06-12,,بورسعيد,18398,0
EMP-14111,HIRE,2024-06-12,,القاهره المعادي,12090,0
EMP-12140,TRANSFER,2024-06-12,الجيزة - الدقي,الجيزة - الدقي,19605,0
EMP-12887,TRANSFER,2024-06-13,الاسكندرية سموحة,سموحة,14519,0
EMP-15374,HIRE,2024-06-13,,القاهرة - التجمع الخامس,13595,0
EMP-14725,HIRE,2024-06-13,,الإسكندرية - سموحة,9344,0
EMP-15456,HIRE,2024-06-14,,الإسكندرية - سموحة,16735,0
EMP-11101,TRANSFER,2024-06-14,الجيزة - الدقي,بورسعيد - الشرق,11736,0
EMP-10226,TRANSFER,2024-06-14,فرع المعادي,التجمع,10051,0
EMP-14476,PROMOTION,2024-06-14,16588,20275,20275,0
EMP-11656,HIRE,2024-06-15,,التجمع,14248,0
EMP-13665,TERMINATION,2024-06-15,ACTIVE,Relocation,24035,1
EMP-16329,TRANSFER,2024-06-15,بورسعيد,بورسعيد,18153,0
EMP-16494,TERMINATION,2024-06-15,ACTIVE,Relocation,12949,1
EMP-10647,HIRE,2024-06-15,,الإسكندرية - سموحة,19635,0
EMP-11613,HIRE,2024-06-15,,سموحة,7576,0
EMP-13155,TRANSFER,2024-06-16,القاهرة - المعادي,سموحة,23668,0
EMP-12274,HIRE,2024-06-16,,الدقي,19480,0
EMP-16152,HIRE,2024-06-17,,بورسعيد,11457,0
EMP-14386,HIRE,2024-06-17,,سموحة,18455,0
EMP-16567,TRANSFER,2024-06-17,القاهرة - التجمع الخامس,سموحة,11416,0
EMP-13893,TRANSFER,2024-06-17,سموحة,سموحة,15676,0
EMP-14672,HIRE,2024-06-17,,فرع المعادي,7177,0
EMP-16525,HIRE,2024-06-17,,القاهرة - التجمع الخامس,19471,0
EMP-12740,HIRE,2024-06-17,,الجيزة - الدقي,10366,0
EMP-12873,PROMOTION,2024-06-17,9092,11721,11721,0
EMP-13295,HIRE,2024-06-18,,فرع المعادي,14110,0
EMP-13942,HIRE,2024-06-18,,الدقي,12124,0
EMP-13004,TRANSFER,2024-06-18,الإسكندرية - سموحة,بورسعيد - الشرق,14817,0
EMP-14729,TRANSFER,2024-06-19,القاهره المعادي,القاهرة - المعادي,9510,0
EMP-16537,HIRE,2024-06-19,,القاهره المعادي,18735,0
EMP-13424,PROMOTION,2024-06-19,23598,25982,25982,0
EMP-11203,HIRE,2024-06-19,,القاهرة - التجمع الخامس,10497,0
EMP-10878,TERMINATION,2024-06-19,ACTIVE,Fired,12341,1
EMP-12178,PROMOTION,2024-06-19,14035,19342,19342,0
EMP-16866,PROMOTION,2024-06-19,16396,19628,19628,0
EMP-15473,HIRE,2024-06-20,,التجمع,8583,0
EMP-16300,HIRE,2024-06-20,,القاهره المعادي,12081,0
EMP-12577,HIRE,2024-06-20,,الجيزة - الدقي,14258,0
EMP-11979,HIRE,2024-06-20,,بورسعيد - الشرق,8595,0
EMP-14009,HIRE,2024-06-20,,فرع المعادي,16580,0
EMP-11213,HIRE,2024-06-21,,الاسكندرية سموحة,8051,0
EMP-13422,TRANSFER,2024-06-21,سموحة,القاهره المعادي,14593,0
EMP-12254,PROMOTION,2024-06-21,7250,9508,9508,0
EMP-16243,HIRE,2024-06-21,,فرع المعادي,16372,0
EMP-10106,PROMOTION,2024-06-21,19618,25685,25685,0
EMP-15547,HIRE,2024-06-21,,فرع المعادي,10201,0
EMP-14471,HIRE,2024-06-21,,الدقي,14226,0
EMP-15557,PROMOTION,2024-06-22,12499,16610,16610,0
EMP-16901,HIRE,2024-06-22,,الاسكندرية سموحة,19833,0
EMP-13953,TERMINATION,2024-06-22,ACTIVE,NULL,10361,1
EMP-10216,PROMOTION,2024-06-22,7066,14096,14096,0
EMP-16817,HIRE,2024-06-22,,الدقي,12231,0
EMP-16165,HIRE,2024-06-22,,التجمع,19709,0
EMP-16858,TERMINATION,2024-06-22,ACTIVE,NULL,17544,1
EMP-14763,TRANSFER,2024-06-22,سموحة,الدقي,18221,0
EMP-16650,HIRE,2024-06-23,,بورسعيد,17560,0
EMP-13867,PROMOTION,2024-06-23,9741,15499,15499,0
EMP-16172,HIRE,2024-06-23,,بورسعيد,10977,0
EMP-15246,HIRE,2024-06-23,,الإسكندرية - سموحة,12751,0
EMP-15137,TRANSFER,2024-06-24,الدقي,القاهرة - المعادي,16154,0
EMP-13304,PROMOTION,2024-06-24,7272,14103,14103,0
EMP-13670,PROMOTION,2024-06-24,14931,20688,20688,0
EMP-10676,HIRE,2024-06-25,,سموحة,12508,0
EMP-12742,HIRE,2024-06-25,,الجيزة - الدقي,8365,0
EMP-10653,PROMOTION,2024-06-25,19602,22196,22196,0
EMP-11175,HIRE,2024-06-25,,الإسكندرية - سموحة,14586,0
EMP-13137,TRANSFER,2024-06-25,سموحة,بورسعيد - الشرق,7786,0
EMP-14152,PROMOTION,2024-06-26,14311,16383,16383,0
EMP-13905,TRANSFER,2024-06-26,القاهره المعادي,التجمع,10748,0
EMP-15552,PROMOTION,2024-06-26,25511,29052,29052,0
EMP-13873,TRANSFER,2024-06-26,الجيزة - الدقي,الدقي,16634,0
EMP-10026,HIRE,2024-06-26,,التجمع,11491,0
EMP-16027,PROMOTION,2024-06-27,8750,13409,13409,0
EMP-12780,HIRE,2024-06-27,,الإسكندرية - سموحة,19864,0
EMP-11849,PROMOTION,2024-06-27,8299,16174,16174,0
EMP-13097,TRANSFER,2024-06-27,التجمع,بورسعيد - الشرق,15945,0
EMP-13373,TRANSFER,2024-06-28,الدقي,الاسكندرية سموحة,11718,0
EMP-15667,HIRE,2024-06-28,,الدقي,9925,0
EMP-16406,TRANSFER,2024-06-28,القاهره المعادي,فرع المعادي,18057,0
EMP-15225,HIRE,2024-06-29,,القاهرة - المعادي,9688,0
EMP-13540,TRANSFER,2024-06-29,التجمع,سموحة,8772,0
EMP-14192,HIRE,2024-06-30,,القاهرة - المعادي,11647,0
EMP-13054,HIRE,2024-06-30,,القاهرة - التجمع الخامس,12713,0
EMP-15932,HIRE,2024-07-01,,الإسكندرية - سموحة,18810,0
EMP-15906,HIRE,2024-07-01,,القاهرة - التجمع الخامس,7752,0
EMP-14967,HIRE,2024-07-03,,بورسعيد - الشرق,17198,0
EMP-11177,PROMOTION,2024-07-03,12281,15909,15909,0
EMP-12849,HIRE,2024-07-03,,القاهره المعادي,10573,0
EMP-16847,HIRE,2024-07-03,,فرع المعادي,9295,0
EMP-13669,HIRE,2024-07-03,,الجيزة - الدقي,16758,0
EMP-14613,HIRE,2024-07-04,,بورسعيد - الشرق,16625,0
EMP-12460,HIRE,2024-07-04,,القاهره المعادي,8882,0
EMP-15006,HIRE,2024-07-04,,القاهرة - التجمع الخامس,10764,0
EMP-10122,PROMOTION,2024-07-04,15934,19938,19938,0
EMP-12619,TRANSFER,2024-07-04,الجيزة - الدقي,سموحة,21517,0
EMP-13414,TRANSFER,2024-07-05,التجمع,الجيزة - الدقي,16645,0
EMP-13587,HIRE,2024-07-05,,القاهره المعادي,11787,0
EMP-16473,TRANSFER,2024-07-05,القاهرة - التجمع الخامس,بورسعيد - الشرق,16040,0
EMP-16139,TRANSFER,2024-07-05,القاهرة - المعادي,الدقي,12365,0
EMP-13080,PROMOTION,2024-07-06,15151,18597,18597,0
EMP-11227,TRANSFER,2024-07-06,القاهرة - التجمع الخامس,فرع المعادي,21910,0
EMP-15952,HIRE,2024-07-07,,بورسعيد - الشرق,8481,0
EMP-11659,TRANSFER,2024-07-07,القاهرة - المعادي,الجيزة - الدقي,10322,0
EMP-11139,TRANSFER,2024-07-07,الجيزة - الدقي,القاهره المعادي,18527,0
EMP-14245,HIRE,2024-07-07,,الجيزة - الدقي,10980,0
EMP-13776,PROMOTION,2024-07-08,12502,19493,19493,0
EMP-11318,HIRE,2024-07-09,,القاهره المعادي,18437,0
EMP-16556,HIRE,2024-07-09,,الاسكندرية سموحة,12827,0
EMP-11445,HIRE,2024-07-09,,الإسكندرية - سموحة,11826,0
EMP-13969,HIRE,2024-07-10,,الاسكندرية سموحة,17641,0
EMP-10366,TRANSFER,2024-07-10,التجمع,الجيزة - الدقي,14164,0
EMP-14782,HIRE,2024-07-11,,بورسعيد - الشرق,9483,0
EMP-15660,HIRE,2024-07-11,,بورسعيد,17853,0
EMP-13382,TRANSFER,2024-07-11,القاهرة - المعادي,القاهرة - التجمع الخامس,14453,0
EMP-14820,PROMOTION,2024-07-11,19139,25724,25724,0
EMP-11091,HIRE,2024-07-11,,الدقي,18961,0
EMP-15286,HIRE,2024-07-12,,القاهرة - المعادي,7056,0
EMP-11923,HIRE,2024-07-12,,فرع المعادي,17134,0
EMP-11564,PROMOTION,2024-07-12,11627,15707,15707,0
EMP-13050,TERMINATION,2024-07-12,ACTIVE,Resignation,11235,1
EMP-10245,HIRE,2024-07-13,,سموحة,14778,0
EMP-10434,HIRE,2024-07-14,,فرع المعادي,16733,0
EMP-15269,TRANSFER,2024-07-14,سموحة,بورسعيد,15274,0
EMP-13880,PROMOTION,2024-07-14,20884,28771,28771,0
EMP-15575,HIRE,2024-07-15,,الاسكندرية سموحة,19822,0
EMP-11035,TRANSFER,2024-07-15,التجمع,بورسعيد - الشرق,13181,0
EMP-15378,HIRE,2024-07-15,,القاهرة - المعادي,7669,0
EMP-11661,TRANSFER,2024-07-15,القاهرة - المعادي,الاسكندرية سموحة,19510,0
EMP-10071,HIRE,2024-07-16,,القاهرة - المعادي,12042,0
EMP-13263,PROMOTION,2024-07-16,11788,19551,19551,0
EMP-13196,HIRE,2024-07-16,,الدقي,17993,0
EMP-11208,HIRE,2024-07-16,,فرع المعادي,11099,0
EMP-13799,PROMOTION,2024-07-16,16678,23240,23240,0
EMP-11982,HIRE,2024-07-16,,الدقي,8123,0
EMP-12794,HIRE,2024-07-16,,سموحة,11129,0
EMP-11745,HIRE,2024-07-16,,القاهره المعادي,14781,0
EMP-15446,HIRE,2024-07-17,,التجمع,15119,0
EMP-14128,HIRE,2024-07-17,,القاهرة - المعادي,16362,0
EMP-12321,PROMOTION,2024-07-18,16056,22005,22005,0
EMP-11976,TRANSFER,2024-07-18,القاهرة - المعادي,الدقي,10642,0
EMP-12568,HIRE,2024-07-18,,الدقي,12678,0
EMP-11890,TRANSFER,2024-07-19,بورسعيد - الشرق,الاسكندرية سموحة,21131,0
EMP-10899,HIRE,2024-07-20,,الدقي,7094,0
EMP-10030,TERMINATION,2024-07-20,ACTIVE,Fired,19816,1
EMP-12131,HIRE,2024-07-21,,القاهرة - التجمع الخامس,16125,0
EMP-11702,HIRE,2024-07-21,,الدقي,12646,0
EMP-11190,HIRE,2024-07-21,,الجيزة - الدقي,11974,0
EMP-11070,PROMOTION,2024-07-21,10509,16188,16188,0
EMP-14049,TRANSFER,2024-07-21,التجمع,التجمع,8048,0
EMP-11159,HIRE,2024-07-22,,سموحة,19172,0
EMP-15074,HIRE,2024-07-22,,الجيزة - الدقي,17293,0
EMP-14440,HIRE,2024-07-22,,سموحة,7000,0
EMP-15105,HIRE,2024-07-22,,بورسعيد - الشرق,13685,0
EMP-11614,PROMOTION,2024-07-23,12316,17494,17494,0
EMP-14629,PROMOTION,2024-07-23,14181,21013,21013,0
EMP-12719,HIRE,2024-07-23,,الجيزة - الدقي,13473,0
EMP-10330,PROMOTION,2024-07-23,11847,16338,16338,0
EMP-12242,PROMOTION,2024-07-23,19182,24431,24431,0
EMP-16308,HIRE,2024-07-23,,الإسكندرية - سموحة,16130,0
EMP-12539,HIRE,2024-07-24,,بورسعيد - الشرق,14109,0
EMP-14623,HIRE,2024-07-24,,فرع المعادي,9102,0
EMP-10590,HIRE,2024-07-25,,الاسكندرية سموحة,14885,0
EMP-14304,TRANSFER,2024-07-25,الدقي,الدقي,12566,0
EMP-12102,PROMOTION,2024-07-26,24770,28893,28893,0
EMP-14598,TRANSFER,2024-07-27,الإسكندرية - سموحة,القاهرة - المعادي,18129,0
EMP-15498,HIRE,2024-07-27,,فرع المعادي,13878,0
EMP-12239,HIRE,2024-07-27,,التجمع,19744,0
EMP-12656,TRANSFER,2024-07-28,بورسعيد,الإسكندرية - سموحة,12912,0
EMP-14279,TRANSFER,2024-07-28,الإسكندرية - سموحة,القاهرة - التجمع الخامس,13580,0
EMP-12240,TRANSFER,2024-07-28,القاهره المعادي,الإسكندرية - سموحة,18443,0
EMP-13189,TRANSFER,2024-07-28,التجمع,الإسكندرية - سموحة,14027,0
EMP-12490,HIRE,2024-07-29,,القاهرة - التجمع الخامس,11174,0
EMP-11438,HIRE,2024-07-29,,الاسكندرية سموحة,15838,0
EMP-15181,HIRE,2024-07-29,,القاهره المعادي,11138,0
EMP-10309,PROMOTION,2024-07-29,14402,22166,22166,0
EMP-10419,HIRE,2024-07-30,,الإسكندرية - سموحة,19169,0
EMP-11658,HIRE,2024-07-30,,القاهره المعادي,16869,0
EMP-12859,PROMOTION,2024-07-30,7760,12182,12182,0
EMP-13077,HIRE,2024-07-30,,الدقي,19908,0
EMP-11502,PROMOTION,2024-07-30,10426,14327,14327,0
EMP-13974,HIRE,2024-07-30,,التجمع,9819,0
EMP-14608,HIRE,2024-07-30,,سموحة,18742,0
EMP-10871,PROMOTION,2024-07-31,15932,20730,20730,0
EMP-14631,HIRE,2024-07-31,,بورسعيد - الشرق,19380,0
EMP-10196,HIRE,2024-07-31,,فرع المعادي,17060,0
EMP-12979,HIRE,2024-07-31,,فرع المعادي,10117,0
EMP-16892,TRANSFER,2024-07-31,الاسكندرية سموحة,الجيزة - الدقي,9040,0
EMP-12970,HIRE,2024-07-31,,التجمع,14620,0
EMP-13781,HIRE,2024-07-31,,القاهرة - المعادي,12030,0
EMP-12643,TERMINATION,2024-08-01,ACTIVE,Fired,16025,1
EMP-16433,PROMOTION,2024-08-01,15486,20414,20414,0
EMP-14504,HIRE,2024-08-01,,سموحة,9526,0
EMP-16038,HIRE,2024-08-01,,الجيزة - الدقي,10249,0
EMP-10956,TRANSFER,2024-08-01,فرع المعادي,القاهره المعادي,12102,0
EMP-14690,TERMINATION,2024-08-02,ACTIVE,NULL,11636,1
EMP-11817,TRANSFER,2024-08-02,بورسعيد,القاهرة - المعادي,12362,0
EMP-15240,TERMINATION,2024-08-02,ACTIVE,Fired,21493,1
EMP-10754,HIRE,2024-08-02,,فرع المعادي,15768,0
EMP-11409,HIRE,2024-08-02,,بورسعيد,18351,0
EMP-11132,HIRE,2024-08-03,,بورسعيد - الشرق,14393,0
EMP-13639,HIRE,2024-08-03,,القاهرة - المعادي,14617,0
EMP-13336,PROMOTION,2024-08-03,9859,15093,15093,0
EMP-11264,TRANSFER,2024-08-03,القاهره المعادي,الإسكندرية - سموحة,10081,0
EMP-13334,HIRE,2024-08-04,,بورسعيد,7917,0
EMP-15699,TRANSFER,2024-08-04,سموحة,بورسعيد - الشرق,10060,0
EMP-15241,TERMINATION,2024-08-04,ACTIVE,NULL,17753,1
EMP-12436,PROMOTION,2024-08-04,21923,28175,28175,0
EMP-12280,TRANSFER,2024-08-04,الدقي,الدقي,18836,0
EMP-14022,HIRE,2024-08-04,,بورسعيد,13141,0
EMP-11457,TRANSFER,2024-08-05,الدقي,بورسعيد,13216,0
EMP-16029,HIRE,2024-08-05,,القاهرة - المعادي,11965,0
EMP-16844,HIRE,2024-08-06,,القاهرة - التجمع الخامس,7289,0
EMP-12546,TRANSFER,2024-08-07,بورسعيد - الشرق,بورسعيد,23018,0
EMP-12757,HIRE,2024-08-07,,سموحة,11460,0
EMP-16070,TRANSFER,2024-08-07,القاهرة - المعادي,القاهرة - المعادي,16172,0
EMP-13495,HIRE,2024-08-08,,القاهرة - التجمع الخامس,11408,0
EMP-16101,HIRE,2024-08-08,,القاهره المعادي,15308,0
EMP-11605,PROMOTION,2024-08-08,18782,25314,25314,0
EMP-13530,HIRE,2024-08-08,,الاسكندرية سموحة,14150,0
EMP-15968,HIRE,2024-08-08,,بورسعيد,7642,0
EMP-13859,TRANSFER,2024-08-08,القاهرة - المعادي,القاهرة - التجمع الخامس,19036,0
EMP-16137,TERMINATION,2024-08-08,ACTIVE,NULL,9433,1
EMP-10787,HIRE,2024-08-09,,الاسكندرية سموحة,19902,0
EMP-12059,HIRE,2024-08-09,,القاهرة - التجمع الخامس,10998,0
EMP-11311,HIRE,2024-08-09,,الاسكندرية سموحة,9217,0
EMP-15578,HIRE,2024-08-09,,الجيزة - الدقي,8268,0
EMP-15268,HIRE,2024-08-10,,بورسعيد - الشرق,14001,0
EMP-14754,TRANSFER,2024-08-10,الدقي,القاهره المعادي,12610,0
EMP-15794,HIRE,2024-08-10,,سموحة,8469,0
EMP-13437,TRANSFER,2024-08-10,الجيزة - الدقي,فرع المعادي,18353,0
EMP-14650,HIRE,2024-08-10,,القاهرة - المعادي,18524,0
EMP-10251,HIRE,2024-08-10,,القاهرة - التجمع الخامس,10790,0
EMP-10125,TERMINATION,2024-08-10,ACTIVE,Resignation,23065,1
EMP-14115,HIRE,2024-08-11,,القاهره المعادي,13514,0
EMP-15842,TERMINATION,2024-08-11,ACTIVE,Relocation,9711,1
EMP-14340,HIRE,2024-08-11,,القاهره المعادي,7704,0
EMP-10488,HIRE,2024-08-12,,بورسعيد,9141,0
EMP-13893,TERMINATION,2024-08-12,ACTIVE,Relocation,15676,1
EMP-14724,TRANSFER,2024-08-12,القاهره المعادي,سموحة,11887,0
EMP-14141,HIRE,2024-08-12,,القاهرة - التجمع الخامس,10417,0
EMP-11270,PROMOTION,2024-08-12,17924,20045,20045,0
EMP-10801,TRANSFER,2024-08-12,التجمع,فرع المعادي,18562,0
EMP-13814,PROMOTION,2024-08-13,8156,12949,12949,0
EMP-12406,TRANSFER,2024-08-14,بورسعيد - الشرق,القاهره المعادي,17724,0
EMP-11288,TRANSFER,2024-08-14,بورسعيد,القاهره المعادي,19985,0
EMP-16108,HIRE,2024-08-14,,الجيزة - الدقي,13387,0
EMP-15176,PROMOTION,2024-08-14,8537,10841,10841,0
EMP-11120,TERMINATION,2024-08-14,ACTIVE,Relocation,9622,1
EMP-14370,TRANSFER,2024-08-14,القاهرة - التجمع الخامس,الاسكندرية سموحة,10831,0
EMP-12470,HIRE,2024-08-14,,سموحة,17510,0
EMP-16077,TRANSFER,2024-08-14,الاسكندرية سموحة,الجيزة - الدقي,16196,0
EMP-10768,HIRE,2024-08-14,,الجيزة - الدقي,13531,0
EMP-15070,HIRE,2024-08-15,,الاسكندرية سموحة,12702,0
EMP-14882,HIRE,2024-08-16,,فرع المعادي,10074,0
EMP-15690,PROMOTION,2024-08-16,10998,14277,14277,0
EMP-13264,TRANSFER,2024-08-16,القاهرة - المعادي,القاهره المعادي,15298,0
EMP-15902,HIRE,2024-08-17,,الجيزة - الدقي,14074,0
EMP-10931,PROMOTION,2024-08-17,10814,14640,14640,0
EMP-15574,HIRE,2024-08-17,,القاهرة - المعادي,15243,0
EMP-15837,HIRE,2024-08-18,,فرع المعادي,18463,0
EMP-11641,HIRE,2024-08-18,,التجمع,8944,0
EMP-10130,TRANSFER,2024-08-18,بورسعيد - الشرق,الاسكندرية سموحة,13162,0
EMP-14430,HIRE,2024-08-19,,الدقي,18268,0
EMP-13219,HIRE,2024-08-19,,القاهره المعادي,17985,0
EMP-10701,HIRE,2024-08-19,,فرع المعادي,15895,0
EMP-12384,PROMOTION,2024-08-19,12351,14445,14445,0
EMP-10451,HIRE,2024-08-20,,الجيزة - الدقي,13623,0
EMP-13981,HIRE,2024-08-20,,التجمع,19199,0
EMP-16658,TRANSFER,2024-08-20,بورسعيد - الشرق,الإسكندرية - سموحة,15571,0
EMP-15569,PROMOTION,2024-08-20,18091,23252,23252,0
EMP-16365,HIRE,2024-08-21,,القاهره المعادي,13338,0
EMP-15940,HIRE,2024-08-21,,بورسعيد,13692,0
EMP-11035,PROMOTION,2024-08-21,13181,16394,16394,0
EMP-11391,PROMOTION,2024-08-21,7584,13078,13078,0
EMP-15616,HIRE,2024-08-21,,القاهره المعادي,18919,0
EMP-13534,TRANSFER,2024-08-21,التجمع,سموحة,12082,0
EMP-14589,HIRE,2024-08-22,,الإسكندرية - سموحة,8437,0
EMP-13614,HIRE,2024-08-22,,القاهرة - التجمع الخامس,8680,0
EMP-12260,TRANSFER,2024-08-23,بورسعيد,فرع المعادي,24617,0
EMP-11945,TRANSFER,2024-08-23,بورسعيد - الشرق,القاهره المعادي,17468,0
EMP-16218,HIRE,2024-08-24,,التجمع,19979,0
EMP-15719,TRANSFER,2024-08-24,الإسكندرية - سموحة,فرع المعادي,14432,0
EMP-16598,HIRE,2024-08-24,,الجيزة - الدقي,14844,0
EMP-14243,PROMOTION,2024-08-24,15924,23795,23795,0
EMP-13115,TRANSFER,2024-08-24,سموحة,بورسعيد,9519,0
EMP-11819,TERMINATION,2024-08-24,ACTIVE,Resignation,15174,1
EMP-10427,HIRE,2024-08-24,,فرع المعادي,12022,0
EMP-11784,HIRE,2024-08-25,,التجمع,17365,0
EMP-12808,HIRE,2024-08-25,,فرع المعادي,18496,0
EMP-14662,HIRE,2024-08-25,,فرع المعادي,11813,0
EMP-11199,PROMOTION,2024-08-25,16961,19555,19555,0
EMP-13265,TERMINATION,2024-08-25,ACTIVE,Relocation,23547,1
EMP-12758,HIRE,2024-08-25,,بورسعيد - الشرق,14854,0
EMP-16435,TERMINATION,2024-08-26,ACTIVE,Resignation,11935,1
EMP-15666,TRANSFER,2024-08-27,الإسكندرية - سموحة,الجيزة - الدقي,7570,0
EMP-14165,HIRE,2024-08-27,,التجمع,19790,0
EMP-15549,HIRE,2024-08-27,,التجمع,13075,0
EMP-14622,PROMOTION,2024-08-27,31057,35565,35565,0
EMP-11590,PROMOTION,2024-08-27,18737,22776,22776,0
EMP-16335,TRANSFER,2024-08-27,القاهرة - التجمع الخامس,الجيزة - الدقي,20617,0
EMP-13815,TRANSFER,2024-08-27,الإسكندرية - سموحة,الإسكندرية - سموحة,11910,0
EMP-14653,HIRE,2024-08-28,,القاهرة - التجمع الخامس,16354,0
EMP-11579,PROMOTION,2024-08-28,15443,20575,20575,0
EMP-16298,HIRE,2024-08-28,,الاسكندرية سموحة,19781,0
EMP-11686,HIRE,2024-08-28,,الجيزة - الدقي,14670,0
EMP-16701,HIRE,2024-08-29,,بورسعيد - الشرق,19779,0
EMP-12553,HIRE,2024-08-29,,الإسكندرية - سموحة,18695,0
EMP-15513,PROMOTION,2024-08-29,8731,14925,14925,0
EMP-11672,PROMOTION,2024-08-29,19145,22194,22194,0
EMP-11418,PROMOTION,2024-08-30,15404,23093,23093,0
EMP-11091,TRANSFER,2024-08-30,الدقي,القاهرة - التجمع الخامس,18961,0
EMP-10879,TRANSFER,2024-08-30,بورسعيد,فرع المعادي,16377,0
EMP-16566,PROMOTION,2024-08-30,15694,19920,19920,0
EMP-12880,TRANSFER,2024-08-30,بورسعيد - الشرق,القاهرة - التجمع الخامس,17838,0
EMP-10010,HIRE,2024-08-31,,فرع المعادي,7097,0
EMP-14693,TRANSFER,2024-08-31,بورسعيد,الجيزة - الدقي,11453,0
EMP-16177,HIRE,2024-08-31,,الاسكندرية سموحة,10382,0
EMP-15477,PROMOTION,2024-09-01,16706,21813,21813,0
EMP-10663,TRANSFER,2024-09-01,بورسعيد,بورسعيد - الشرق,12634,0
EMP-11402,HIRE,2024-09-02,,القاهره المعادي,16336,0
EMP-10618,TRANSFER,2024-09-02,الاسكندرية سموحة,بورسعيد,17164,0
EMP-16540,HIRE,2024-09-02,,سموحة,17456,0
EMP-15408,HIRE,2024-09-02,,بورسعيد,8532,0
EMP-12777,PROMOTION,2024-09-02,17766,23350,23350,0
EMP-10176,TRANSFER,2024-09-02,بورسعيد,القاهرة - التجمع الخامس,7812,0
EMP-10507,PROMOTION,2024-09-03,23916,26799,26799,0
EMP-15988,TRANSFER,2024-09-03,القاهرة - التجمع الخامس,بورسعيد,22958,0
EMP-11171,PROMOTION,2024-09-03,24631,32248,32248,0
EMP-12918,HIRE,2024-09-03,,الاسكندرية سموحة,9531,0
EMP-13282,TRANSFER,2024-09-03,الإسكندرية - سموحة,الجيزة - الدقي,15415,0
EMP-10714,PROMOTION,2024-09-04,9613,16105,16105,0
EMP-10212,HIRE,2024-09-04,,الجيزة - الدقي,8977,0
EMP-12300,PROMOTION,2024-09-05,10770,16835,16835,0
EMP-13328,HIRE,2024-09-05,,القاهرة - التجمع الخامس,15517,0
EMP-10985,PROMOTION,2024-09-05,7549,14385,14385,0
EMP-12110,HIRE,2024-09-06,,الجيزة - الدقي,14041,0
EMP-10694,HIRE,2024-09-06,,الجيزة - الدقي,19902,0
EMP-15771,TRANSFER,2024-09-06,التجمع,بورسعيد,11765,0
EMP-11933,TRANSFER,2024-09-06,الاسكندرية سموحة,سموحة,8984,0
EMP-16671,TERMINATION,2024-09-06,ACTIVE,Fired,19853,1
EMP-10169,PROMOTION,2024-09-07,12259,15245,15245,0
EMP-13343,HIRE,2024-09-07,,بورسعيد - الشرق,11236,0
EMP-15106,HIRE,2024-09-07,,القاهرة - التجمع الخامس,16127,0
EMP-16198,HIRE,2024-09-07,,بورسعيد,17913,0
EMP-14465,HIRE,2024-09-08,,بورسعيد - الشرق,19350,0
EMP-10316,HIRE,2024-09-08,,الدقي,12701,0
EMP-12536,HIRE,2024-09-09,,التجمع,18654,0
EMP-16131,HIRE,2024-09-09,,الجيزة - الدقي,15735,0
EMP-11445,TRANSFER,2024-09-09,الإسكندرية - سموحة,التجمع,11826,0
EMP-12907,HIRE,2024-09-10,,القاهرة - المعادي,8661,0
EMP-14114,PROMOTION,2024-09-10,7661,10773,10773,0
EMP-11844,HIRE,2024-09-10,,القاهرة - التجمع الخامس,19251,0
EMP-15455,HIRE,2024-09-11,,الدقي,9340,0
EMP-14273,HIRE,2024-09-11,,بورسعيد,11902,0
EMP-15682,HIRE,2024-09-11,,بورسعيد,9407,0
EMP-11111,HIRE,2024-09-11,,الدقي,13460,0
EMP-14806,TRANSFER,2024-09-11,القاهرة - المعادي,الجيزة - الدقي,14048,0
EMP-16330,HIRE,2024-09-12,,فرع المعادي,11396,0
EMP-10835,PROMOTION,2024-09-12,7848,14905,14905,0
EMP-11271,HIRE,2024-09-12,,فرع المعادي,11842,0
EMP-13084,PROMOTION,2024-09-12,19477,26324,26324,0
EMP-10567,HIRE,2024-09-13,,القاهرة - المعادي,19934,0
EMP-15230,HIRE,2024-09-13,,القاهره المعادي,15151,0
EMP-10895,HIRE,2024-09-14,,سموحة,11328,0
EMP-15536,TERMINATION,2024-09-14,ACTIVE,Resignation,18332,1
EMP-16731,TRANSFER,2024-09-14,الإسكندرية - سموحة,فرع المعادي,19518,0
EMP-16027,TRANSFER,2024-09-14,بورسعيد,القاهرة - التجمع الخامس,13409,0
EMP-12517,HIRE,2024-09-14,,بورسعيد,11530,0
EMP-13221,HIRE,2024-09-14,,الاسكندرية سموحة,13934,0
EMP-11700,HIRE,2024-09-15,,بورسعيد,19413,0
EMP-16458,HIRE,2024-09-15,,التجمع,9488,0
EMP-12144,TRANSFER,2024-09-15,بورسعيد - الشرق,بورسعيد - الشرق,9572,0
EMP-11506,HIRE,2024-09-16,,الجيزة - الدقي,10649,0
EMP-16861,HIRE,2024-09-16,,بورسعيد,14237,0
EMP-13911,HIRE,2024-09-16,,فرع المعادي,18688,0
EMP-13972,TRANSFER,2024-09-16,الإسكندرية - سموحة,الجيزة - الدقي,27061,0
EMP-11374,TRANSFER,2024-09-16,بورسعيد,فرع المعادي,15646,0
EMP-12460,TERMINATION,2024-09-17,ACTIVE,Resignation,8882,1
EMP-12929,HIRE,2024-09-17,,الاسكندرية سموحة,8973,0
EMP-16596,HIRE,2024-09-17,,الإسكندرية - سموحة,16585,0
EMP-14876,PROMOTION,2024-09-17,14953,18901,18901,0
EMP-11401,HIRE,2024-09-17,,القاهره المعادي,13939,0
EMP-12380,PROMOTION,2024-09-17,12094,14388,14388,0
EMP-16395,HIRE,2024-09-17,,الإسكندرية - سموحة,15976,0
EMP-14072,HIRE,2024-09-18,,التجمع,10543,0
EMP-11834,PROMOTION,2024-09-18,19089,24081,24081,0
EMP-13465,HIRE,2024-09-18,,الإسكندرية - سموحة,14298,0
EMP-15905,PROMOTION,2024-09-18,17503,21419,21419,0
EMP-13465,HIRE,2024-09-18,,الإسكندرية - سموحة,14298,0
EMP-15193,HIRE,2024-09-18,,الدقي,18863,0
EMP-13349,TRANSFER,2024-09-19,بورسعيد,الإسكندرية - سموحة,16125,0
EMP-15490,PROMOTION,2024-09-19,10627,16954,16954,0
EMP-15126,HIRE,2024-09-19,,القاهرة - التجمع الخامس,8648,0
EMP-10291,HIRE,2024-09-19,,الإسكندرية - سموحة,13301,0
EMP-13991,HIRE,2024-09-19,,الاسكندرية سموحة,12974,0
EMP-15271,PROMOTION,2024-09-19,17063,24693,24693,0
EMP-16811,HIRE,2024-09-19,,بورسعيد,7992,0
EMP-11463,HIRE,2024-09-20,,القاهره المعادي,17778,0
EMP-13638,TRANSFER,2024-09-21,القاهرة - التجمع الخامس,بورسعيد,17434,0
EMP-16057,HIRE,2024-09-21,,الدقي,18139,0
EMP-15948,TRANSFER,2024-09-21,الإسكندرية - سموحة,القاهرة - التجمع الخامس,23432,0
EMP-11454,PROMOTION,2024-09-21,8420,15435,15435,0
EMP-10254,HIRE,2024-09-22,,القاهرة - التجمع الخامس,7002,0
EMP-12308,HIRE,2024-09-22,,الدقي,15411,0
EMP-12678,HIRE,2024-09-22,,الدقي,14439,0
EMP-14277,HIRE,2024-09-22,,الدقي,13547,0
EMP-16037,HIRE,2024-09-22,,الدقي,12721,0
EMP-13801,HIRE,2024-09-23,,التجمع,16818,0
EMP-16364,HIRE,2024-09-23,,القاهره المعادي,18641,0
EMP-14460,HIRE,2024-09-23,,القاهرة - التجمع الخامس,9266,0
EMP-14561,HIRE,2024-09-23,,القاهرة - التجمع الخامس,16479,0
EMP-16894,HIRE,2024-09-24,,القاهرة - التجمع الخامس,19228,0
EMP-12726,HIRE,2024-09-24,,الدقي,12328,0
EMP-16483,HIRE,2024-09-24,,الدقي,19999,0
EMP-13501,HIRE,2024-09-25,,الجيزة - الدقي,10819,0
EMP-11522,HIRE,2024-09-25,,الجيزة - الدقي,15737,0
EMP-10192,TRANSFER,2024-09-25,القاهره المعادي,القاهرة - التجمع الخامس,9489,0
EMP-14320,PROMOTION,2024-09-25,12618,16262,16262,0
EMP-15852,PROMOTION,2024-09-26,7837,15082,15082,0
EMP-15273,HIRE,2024-09-26,,سموحة,8447,0
EMP-12342,TRANSFER,2024-09-26,الدقي,التجمع,13601,0
EMP-12031,HIRE,2024-09-26,,الجيزة - الدقي,8130,0
EMP-10701,TRANSFER,2024-09-26,فرع المعادي,الإسكندرية - سموحة,15895,0
EMP-10058,HIRE,2024-09-26,,الجيزة - الدقي,8430,0
EMP-15646,HIRE,2024-09-26,,الجيزة - الدقي,13456,0
EMP-16524,HIRE,2024-09-26,,بورسعيد,13535,0
EMP-10379,HIRE,2024-09-26,,الاسكندرية سموحة,14411,0
EMP-14288,PROMOTION,2024-09-26,13721,19148,19148,0
EMP-12719,PROMOTION,2024-09-26,13473,15750,15750,0
EMP-16482,TRANSFER,2024-09-27,التجمع,القاهرة - المعادي,19922,0
EMP-11191,TRANSFER,2024-09-27,الإسكندرية - سموحة,الدقي,7482,0
EMP-16670,PROMOTION,2024-09-27,14923,22824,22824,0
EMP-14602,HIRE,2024-09-27,,الدقي,15651,0
EMP-13824,HIRE,2024-09-27,,بورسعيد - الشرق,8893,0
EMP-11541,TERMINATION,2024-09-27,ACTIVE,Resignation,11751,1
EMP-10512,HIRE,2024-09-27,,بورسعيد,14367,0
EMP-13539,HIRE,2024-09-28,,الإسكندرية - سموحة,15513,0
EMP-15673,HIRE,2024-09-28,,الاسكندرية سموحة,19199,0
EMP-11639,HIRE,2024-09-28,,الاسكندرية سموحة,16581,0
EMP-16251,PROMOTION,2024-09-29,11009,13119,13119,0
EMP-11986,HIRE,2024-09-30,,القاهرة - التجمع الخامس,18744,0
EMP-15941,HIRE,2024-10-01,,فرع المعادي,16463,0
EMP-10536,HIRE,2024-10-01,,القاهره المعادي,19080,0
EMP-12491,TRANSFER,2024-10-01,الدقي,القاهرة - التجمع الخامس,26488,0
EMP-14340,TERMINATION,2024-10-02,ACTIVE,NULL,7704,1
EMP-10170,TERMINATION,2024-10-02,ACTIVE,Resignation,19250,1
EMP-14646,TRANSFER,2024-10-02,سموحة,القاهرة - المعادي,19575,0
EMP-12090,HIRE,2024-10-03,,القاهرة - المعادي,7094,0
EMP-13894,TRANSFER,2024-10-03,القاهره المعادي,القاهره المعادي,19872,0
EMP-12733,HIRE,2024-10-03,,التجمع,15018,0
EMP-12538,HIRE,2024-10-03,,الإسكندرية - سموحة,8202,0
EMP-16794,HIRE,2024-10-03,,القاهره المعادي,18668,0
EMP-16272,TERMINATION,2024-10-03,ACTIVE,Relocation,7948,1
EMP-11707,PROMOTION,2024-10-03,17016,24519,24519,0
EMP-15648,PROMOTION,2024-10-03,19448,26314,26314,0
EMP-12959,HIRE,2024-10-04,,الاسكندرية سموحة,13244,0
EMP-13085,PROMOTION,2024-10-04,13752,18867,18867,0
EMP-13628,HIRE,2024-10-04,,الإسكندرية - سموحة,7342,0
EMP-12834,HIRE,2024-10-05,,الدقي,19779,0
EMP-14115,TRANSFER,2024-10-05,القاهره المعادي,الجيزة - الدقي,13514,0
EMP-14977,HIRE,2024-10-05,,الاسكندرية سموحة,19226,0
EMP-16933,TRANSFER,2024-10-06,بورسعيد,القاهره المعادي,12191,0
EMP-11902,TERMINATION,2024-10-06,ACTIVE,Resignation,9405,1
EMP-10914,HIRE,2024-10-07,,فرع المعادي,9808,0
EMP-15157,TRANSFER,2024-10-07,بورسعيد - الشرق,فرع المعادي,13691,0
EMP-12210,TRANSFER,2024-10-07,القاهرة - المعادي,الجيزة - الدقي,20733,0
EMP-13983,TERMINATION,2024-10-07,ACTIVE,NULL,12703,1
EMP-15493,PROMOTION,2024-10-08,16504,21629,21629,0
EMP-16021,TRANSFER,2024-10-08,بورسعيد - الشرق,بورسعيد,16503,0
EMP-16609,HIRE,2024-10-08,,التجمع,12254,0
EMP-15549,TRANSFER,2024-10-08,التجمع,فرع المعادي,13075,0
EMP-10400,HIRE,2024-10-08,,سموحة,13731,0
EMP-12298,TERMINATION,2024-10-09,ACTIVE,Resignation,12711,1
EMP-10806,HIRE,2024-10-09,,القاهره المعادي,19728,0
EMP-16308,TRANSFER,2024-10-09,الإسكندرية - سموحة,الدقي,16130,0
EMP-10865,TERMINATION,2024-10-09,ACTIVE,Fired,7656,1
EMP-16212,TERMINATION,2024-10-10,ACTIVE,NULL,16653,1
EMP-11713,HIRE,2024-10-10,,الإسكندرية - سموحة,14388,0
EMP-13858,HIRE,2024-10-10,,الإسكندرية - سموحة,11308,0
EMP-14223,HIRE,2024-10-10,,القاهره المعادي,19724,0
EMP-14391,PROMOTION,2024-10-10,18272,24508,24508,0
EMP-12493,TRANSFER,2024-10-11,الإسكندرية - سموحة,الدقي,15047,0
EMP-16820,TRANSFER,2024-10-11,القاهره المعادي,الإسكندرية - سموحة,19747,0
EMP-15135,TRANSFER,2024-10-11,الجيزة - الدقي,القاهرة - التجمع الخامس,10046,0
EMP-14492,PROMOTION,2024-10-11,7055,14515,14515,0
EMP-13852,HIRE,2024-10-11,,سموحة,9125,0
EMP-15853,TERMINATION,2024-10-11,ACTIVE,Fired,19193,1
EMP-13449,HIRE,2024-10-11,,الدقي,10146,0
EMP-15469,PROMOTION,2024-10-11,16888,20557,20557,0
EMP-16468,HIRE,2024-10-12,,التجمع,13773,0
EMP-12230,HIRE,2024-10-12,,فرع المعادي,18818,0
EMP-15814,HIRE,2024-10-12,,التجمع,8371,0
EMP-11483,HIRE,2024-10-13,,سموحة,7863,0
EMP-16612,HIRE,2024-10-13,,الإسكندرية - سموحة,14962,0
EMP-16701,TERMINATION,2024-10-13,ACTIVE,Relocation,19779,1
EMP-12358,PROMOTION,2024-10-14,19441,27143,27143,0
EMP-13390,HIRE,2024-10-14,,بورسعيد - الشرق,10022,0
EMP-12539,PROMOTION,2024-10-14,14109,19726,19726,0
EMP-14304,PROMOTION,2024-10-14,12566,15897,15897,0
EMP-12213,HIRE,2024-10-14,,القاهرة - التجمع الخامس,11194,0
EMP-15701,PROMOTION,2024-10-14,7043,12600,12600,0
EMP-12331,HIRE,2024-10-15,,سموحة,19427,0
EMP-11619,PROMOTION,2024-10-15,16498,22514,22514,0
EMP-14387,HIRE,2024-10-16,,بورسعيد - الشرق,18457,0
EMP-12446,HIRE,2024-10-16,,الإسكندرية - سموحة,11184,0
EMP-12582,TRANSFER,2024-10-16,بورسعيد,الإسكندرية - سموحة,13071,0
EMP-14468,HIRE,2024-10-16,,القاهرة - التجمع الخامس,11069,0
EMP-11445,PROMOTION,2024-10-16,11826,17761,17761,0
EMP-10546,HIRE,2024-10-17,,القاهرة - التجمع الخامس,17628,0
EMP-13069,TRANSFER,2024-10-17,الاسكندرية سموحة,التجمع,12848,0
EMP-13450,TERMINATION,2024-10-17,ACTIVE,Relocation,14407,1
EMP-16855,HIRE,2024-10-17,,سموحة,13901,0
EMP-10551,TRANSFER,2024-10-17,القاهرة - المعادي,سموحة,7448,0
EMP-16974,HIRE,2024-10-17,,الجيزة - الدقي,12917,0
EMP-12193,TRANSFER,2024-10-18,القاهرة - التجمع الخامس,الجيزة - الدقي,8623,0
EMP-11121,TRANSFER,2024-10-18,القاهرة - التجمع الخامس,بورسعيد - الشرق,12854,0
EMP-16203,TRANSFER,2024-10-19,فرع المعادي,الإسكندرية - سموحة,10330,0
EMP-16092,TERMINATION,2024-10-19,ACTIVE,Relocation,14328,1
EMP-14168,HIRE,2024-10-19,,بورسعيد,15299,0
EMP-16520,HIRE,2024-10-19,,الاسكندرية سموحة,7265,0
EMP-15603,TRANSFER,2024-10-19,بورسعيد,فرع المعادي,17605,0
EMP-12128,HIRE,2024-10-20,,سموحة,17795,0
EMP-12977,TRANSFER,2024-10-20,فرع المعادي,الإسكندرية - سموحة,15333,0
EMP-10065,HIRE,2024-10-20,,الاسكندرية سموحة,13300,0
EMP-13670,TERMINATION,2024-10-20,ACTIVE,NULL,20688,1
EMP-16082,TRANSFER,2024-10-21,القاهرة - التجمع الخامس,القاهرة - التجمع الخامس,18658,0
EMP-16885,PROMOTION,2024-10-21,31165,34252,34252,0
EMP-12849,PROMOTION,2024-10-21,10573,16701,16701,0
EMP-16326,PROMOTION,2024-10-21,22339,25242,25242,0
EMP-10696,TRANSFER,2024-10-21,الدقي,بورسعيد,11850,0
EMP-14365,PROMOTION,2024-10-21,14809,22032,22032,0
EMP-11462,PROMOTION,2024-10-21,18210,22970,22970,0
EMP-12894,TERMINATION,2024-10-22,ACTIVE,Relocation,18743,1
EMP-14734,TERMINATION,2024-10-22,ACTIVE,Relocation,17039,1
EMP-16071,HIRE,2024-10-22,,فرع المعادي,16670,0
EMP-13268,HIRE,2024-10-22,,التجمع,13677,0
EMP-10323,PROMOTION,2024-10-22,17553,22068,22068,0
EMP-11923,TRANSFER,2024-10-22,فرع المعادي,الاسكندرية سموحة,17134,0
EMP-12694,HIRE,2024-10-23,,الجيزة - الدقي,9843,0
EMP-11693,PROMOTION,2024-10-23,18697,22639,22639,0
EMP-16460,HIRE,2024-10-23,,القاهرة - التجمع الخامس,12122,0
EMP-16629,TRANSFER,2024-10-23,الإسكندرية - سموحة,فرع المعادي,19777,0
EMP-13804,HIRE,2024-10-24,,سموحة,13485,0
EMP-15472,HIRE,2024-10-24,,الإسكندرية - سموحة,8296,0
EMP-14110,TRANSFER,2024-10-24,فرع المعادي,القاهرة - التجمع الخامس,10167,0
EMP-10820,HIRE,2024-10-24,,الجيزة - الدقي,11896,0
EMP-15007,HIRE,2024-10-24,,سموحة,11627,0
EMP-13346,PROMOTION,2024-10-25,14017,21992,21992,0
EMP-15428,HIRE,2024-10-25,,الجيزة - الدقي,17552,0
EMP-16640,PROMOTION,2024-10-25,23306,26168,26168,0
EMP-15676,HIRE,2024-10-25,,القاهرة - التجمع الخامس,10506,0
EMP-16915,HIRE,2024-10-25,,الدقي,14947,0
EMP-13853,HIRE,2024-10-25,,الجيزة - الدقي,9429,0
EMP-11400,TRANSFER,2024-10-25,الإسكندرية - سموحة,القاهره المعادي,11569,0
EMP-15180,HIRE,2024-10-25,,الدقي,16106,0
EMP-13295,TRANSFER,2024-10-26,فرع المعادي,القاهره المعادي,14110,0
EMP-13494,PROMOTION,2024-10-26,8131,15745,15745,0
EMP-16025,TRANSFER,2024-10-26,الإسكندرية - سموحة,الإسكندرية - سموحة,7655,0
EMP-15628,HIRE,2024-10-27,,بورسعيد - الشرق,7898,0
EMP-10154,HIRE,2024-10-28,,الاسكندرية سموحة,19132,0
EMP-11265,PROMOTION,2024-10-28,7346,13990,13990,0
EMP-16503,HIRE,2024-10-28,,التجمع,11648,0
EMP-10243,HIRE,2024-10-29,,بورسعيد,16169,0
EMP-11491,TRANSFER,2024-10-29,الاسكندرية سموحة,الدقي,10168,0
EMP-10206,HIRE,2024-10-29,,الدقي,13360,0
EMP-15203,HIRE,2024-10-29,,التجمع,17927,0
EMP-10243,HIRE,2024-10-29,,بورسعيد,16169,0
EMP-16913,TRANSFER,2024-10-29,التجمع,التجمع,17566,0
EMP-14053,HIRE,2024-10-29,,بورسعيد - الشرق,13191,0
EMP-11543,TERMINATION,2024-10-29,ACTIVE,Relocation,9111,1
EMP-13460,HIRE,2024-10-30,,سموحة,17124,0
EMP-16282,HIRE,2024-10-30,,الدقي,7168,0
EMP-14997,HIRE,2024-10-30,,بورسعيد,10478,0
EMP-11296,HIRE,2024-10-30,,بورسعيد - الشرق,12104,0
EMP-11637,TRANSFER,2024-10-31,سموحة,فرع المعادي,19443,0
EMP-13118,HIRE,2024-10-31,,القاهره المعادي,7038,0
EMP-15018,HIRE,2024-10-31,,بورسعيد,18664,0
EMP-15577,HIRE,2024-10-31,,سموحة,13810,0
EMP-11207,HIRE,2024-10-31,,الجيزة - الدقي,16277,0
EMP-11155,HIRE,2024-10-31,,بورسعيد,8325,0
EMP-13516,TRANSFER,2024-10-31,القاهرة - المعادي,بورسعيد - الشرق,16972,0
EMP-13118,HIRE,2024-10-31,,القاهره المعادي,7038,0
EMP-11494,HIRE,2024-11-01,,بورسعيد - الشرق,15457,0
EMP-10572,TRANSFER,2024-11-01,سموحة,بورسعيد - الشرق,7220,0
EMP-10932,HIRE,2024-11-01,,سموحة,7277,0
EMP-16459,HIRE,2024-11-01,,القاهره المعادي,9956,0
EMP-13476,HIRE,2024-11-01,,التجمع,9530,0
EMP-15444,TRANSFER,2024-11-02,القاهره المعادي,سموحة,8053,0
EMP-16794,TERMINATION,2024-11-02,ACTIVE,NULL,18668,1
EMP-16410,HIRE,2024-11-02,,الاسكندرية سموحة,8127,0
EMP-12301,HIRE,2024-11-02,,القاهرة - التجمع الخامس,10449,0
EMP-11152,PROMOTION,2024-11-03,8694,15416,15416,0
EMP-14429,TRANSFER,2024-11-03,القاهرة - المعادي,القاهرة - المعادي,17952,0
EMP-16068,TERMINATION,2024-11-03,ACTIVE,Fired,13517,1
EMP-16878,TERMINATION,2024-11-03,ACTIVE,NULL,18439,1
EMP-12526,HIRE,2024-11-03,,التجمع,13813,0
EMP-15151,HIRE,2024-11-03,,القاهرة - التجمع الخامس,7901,0
EMP-14617,TERMINATION,2024-11-03,ACTIVE,Fired,15091,1
EMP-13262,HIRE,2024-11-04,,سموحة,9546,0
EMP-10194,HIRE,2024-11-05,,القاهرة - المعادي,12672,0
EMP-13552,TRANSFER,2024-11-05,التجمع,التجمع,12989,0
EMP-10560,HIRE,2024-11-06,,القاهرة - المعادي,9046,0
EMP-10637,HIRE,2024-11-06,,فرع المعادي,8541,0
EMP-13517,PROMOTION,2024-11-07,17056,24158,24158,0
EMP-12753,PROMOTION,2024-11-07,12270,16920,16920,0
EMP-15940,TRANSFER,2024-11-07,بورسعيد,الاسكندرية سموحة,13692,0
EMP-15587,TERMINATION,2024-11-07,ACTIVE,Relocation,17115,1
EMP-10033,HIRE,2024-11-07,,فرع المعادي,7976,0
EMP-10804,TRANSFER,2024-11-08,سموحة,القاهرة - التجمع الخامس,18350,0
EMP-12620,TRANSFER,2024-11-08,بورسعيد - الشرق,بورسعيد - الشرق,9871,0
EMP-16436,TRANSFER,2024-11-08,الاسكندرية سموحة,القاهرة - المعادي,14432,0
EMP-16728,HIRE,2024-11-08,,الدقي,11328,0
EMP-12391,HIRE,2024-11-08,,القاهرة - التجمع الخامس,15110,0
EMP-13901,HIRE,2024-11-09,,القاهرة - المعادي,14194,0
EMP-15216,HIRE,2024-11-09,,الإسكندرية - سموحة,16654,0
EMP-11657,HIRE,2024-11-09,,الإسكندرية - سموحة,16508,0
EMP-12656,TRANSFER,2024-11-09,الإسكندرية - سموحة,القاهرة - المعادي,12912,0
EMP-15633,PROMOTION,2024-11-09,9448,15881,15881,0
EMP-15497,PROMOTION,2024-11-10,7720,10740,10740,0
EMP-12075,HIRE,2024-11-10,,بورسعيد - الشرق,8859,0
EMP-14329,TRANSFER,2024-11-10,بورسعيد,الجيزة - الدقي,12310,0
EMP-15553,TRANSFER,2024-11-10,القاهرة - التجمع الخامس,القاهره المعادي,9718,0
EMP-16537,TERMINATION,2024-11-10,ACTIVE,Resignation,18735,1
EMP-16709,HIRE,2024-11-10,,القاهرة - التجمع الخامس,12613,0
EMP-14813,TRANSFER,2024-11-10,فرع المعادي,سموحة,18303,0
EMP-11041,PROMOTION,2024-11-10,18654,25658,25658,0
EMP-12658,HIRE,2024-11-10,,فرع المعادي,12837,0
EMP-15497,PROMOTION,2024-11-10,7720,10740,10740,0
EMP-15524,PROMOTION,2024-11-11,16884,24076,24076,0
EMP-11176,HIRE,2024-11-11,,الإسكندرية - سموحة,10402,0
EMP-15952,TRANSFER,2024-11-11,بورسعيد - الشرق,القاهرة - المعادي,8481,0
EMP-15531,HIRE,2024-11-11,,الإسكندرية - سموحة,11881,0
EMP-10603,TRANSFER,2024-11-11,الاسكندرية سموحة,فرع المعادي,11519,0
EMP-15322,PROMOTION,2024-11-11,17151,20789,20789,0
EMP-10462,TERMINATION,2024-11-11,ACTIVE,NULL,18156,1
EMP-11492,HIRE,2024-11-12,,الإسكندرية - سموحة,8006,0
EMP-16407,PROMOTION,2024-11-12,19580,22069,22069,0
EMP-13212,PROMOTION,2024-11-12,12221,15335,15335,0
EMP-13863,HIRE,2024-11-12,,سموحة,17741,0
EMP-10424,HIRE,2024-11-13,,الإسكندرية - سموحة,13077,0
EMP-12314,HIRE,2024-11-13,,بورسعيد,15682,0
EMP-12642,HIRE,2024-11-13,,بورسعيد,10329,0
EMP-12092,PROMOTION,2024-11-13,14385,17901,17901,0
EMP-15006,TRANSFER,2024-11-13,القاهرة - التجمع الخامس,التجمع,10764,0
EMP-16574,HIRE,2024-11-13,,القاهرة - المعادي,7572,0
EMP-16466,HIRE,2024-11-13,,بورسعيد,11054,0
EMP-12044,PROMOTION,2024-11-13,19343,25454,25454,0
EMP-11301,HIRE,2024-11-14,,القاهرة - التجمع الخامس,10744,0
EMP-12851,PROMOTION,2024-11-14,16247,20932,20932,0
EMP-11761,HIRE,2024-11-15,,الدقي,15927,0
EMP-16013,TRANSFER,2024-11-15,بورسعيد,القاهره المعادي,13178,0
EMP-11582,HIRE,2024-11-16,,الإسكندرية - سموحة,17890,0
EMP-13506,HIRE,2024-11-16,,بورسعيد,12549,0
EMP-10394,HIRE,2024-11-16,,فرع المعادي,14194,0
EMP-13595,HIRE,2024-11-16,,الجيزة - الدقي,18278,0
EMP-16668,HIRE,2024-11-16,,الدقي,8633,0
EMP-16591,TRANSFER,2024-11-17,الإسكندرية - سموحة,الإسكندرية - سموحة,17884,0
EMP-15645,TRANSFER,2024-11-17,الإسكندرية - سموحة,الاسكندرية سموحة,10758,0
EMP-14424,PROMOTION,2024-11-17,16253,21323,21323,0
EMP-14747,TRANSFER,2024-11-17,بورسعيد - الشرق,فرع المعادي,18864,0
EMP-13070,HIRE,2024-11-17,,القاهرة - التجمع الخامس,17166,0
EMP-10492,HIRE,2024-11-18,,بورسعيد,17709,0
EMP-13384,PROMOTION,2024-11-18,14642,20712,20712,0
EMP-12180,HIRE,2024-11-18,,بورسعيد,17491,0
EMP-10084,HIRE,2024-11-18,,القاهرة - التجمع الخامس,7555,0
EMP-16811,TERMINATION,2024-11-18,ACTIVE,Fired,7992,1
EMP-16376,HIRE,2024-11-18,,الدقي,16136,0
EMP-15349,TERMINATION,2024-11-18,ACTIVE,Resignation,14836,1
EMP-10269,HIRE,2024-11-19,,فرع المعادي,9966,0
EMP-12230,TRANSFER,2024-11-19,فرع المعادي,بورسعيد - الشرق,18818,0
EMP-12129,HIRE,2024-11-19,,الجيزة - الدقي,8314,0
EMP-14477,HIRE,2024-11-19,,الاسكندرية سموحة,7827,0
EMP-14291,HIRE,2024-11-19,,سموحة,12473,0
EMP-15214,HIRE,2024-11-20,,بورسعيد,10293,0
EMP-14448,PROMOTION,2024-11-20,17639,24401,24401,0
EMP-14273,TRANSFER,2024-11-20,بورسعيد,الجيزة - الدقي,11902,0
EMP-15366,HIRE,2024-11-20,,بورسعيد - الشرق,13084,0
EMP-10212,TERMINATION,2024-11-20,ACTIVE,NULL,8977,1
EMP-16833,HIRE,2024-11-21,,التجمع,12041,0
EMP-13224,HIRE,2024-11-21,,القاهرة - التجمع الخامس,7656,0
EMP-16338,PROMOTION,2024-11-21,17299,19732,19732,0
EMP-10920,HIRE,2024-11-21,,الدقي,9620,0
EMP-14088,TRANSFER,2024-11-21,القاهرة - المعادي,الاسكندرية سموحة,7985,0
EMP-12819,HIRE,2024-11-21,,فرع المعادي,17150,0
EMP-15220,HIRE,2024-11-21,,فرع المعادي,17631,0
EMP-12793,HIRE,2024-11-21,,سموحة,17157,0
EMP-10092,HIRE,2024-11-22,,الاسكندرية سموحة,10004,0
EMP-11843,HIRE,2024-11-22,,الجيزة - الدقي,10245,0
EMP-11484,TERMINATION,2024-11-23,ACTIVE,NULL,22513,1
EMP-16616,HIRE,2024-11-23,,القاهرة - التجمع الخامس,16574,0
EMP-12980,TERMINATION,2024-11-23,ACTIVE,Relocation,15933,1
EMP-16817,TRANSFER,2024-11-23,الدقي,الاسكندرية سموحة,12231,0
EMP-12429,PROMOTION,2024-11-24,12465,19697,19697,0
EMP-12450,TRANSFER,2024-11-24,القاهرة - التجمع الخامس,القاهره المعادي,13424,0
EMP-11556,HIRE,2024-11-24,,الاسكندرية سموحة,8923,0
EMP-11772,PROMOTION,2024-11-25,13181,16450,16450,0
EMP-10505,TRANSFER,2024-11-25,القاهره المعادي,القاهرة - التجمع الخامس,8514,0
EMP-12697,PROMOTION,2024-11-26,11854,14399,14399,0
EMP-16352,HIRE,2024-11-26,,بورسعيد,11580,0
EMP-13867,TERMINATION,2024-11-26,ACTIVE,Relocation,15499,1
EMP-13735,HIRE,2024-11-26,,الدقي,16114,0
EMP-11057,HIRE,2024-11-26,,الإسكندرية - سموحة,17396,0
EMP-11167,HIRE,2024-11-26,,القاهرة - التجمع الخامس,13846,0
EMP-10418,HIRE,2024-11-27,,الاسكندرية سموحة,16627,0
EMP-16253,PROMOTION,2024-11-27,13236,18071,18071,0
EMP-14457,HIRE,2024-11-27,,الإسكندرية - سموحة,7269,0
EMP-11454,TERMINATION,2024-11-27,ACTIVE,NULL,15435,1
EMP-14142,HIRE,2024-11-27,,الدقي,18649,0
EMP-12430,TRANSFER,2024-11-27,الإسكندرية - سموحة,فرع المعادي,13994,0
EMP-16136,PROMOTION,2024-11-28,17630,23283,23283,0
EMP-10001,PROMOTION,2024-11-28,10190,17625,17625,0
EMP-16426,HIRE,2024-11-28,,الدقي,10927,0
EMP-10294,HIRE,2024-11-28,,القاهرة - المعادي,14730,0
EMP-12602,TERMINATION,2024-11-29,ACTIVE,Fired,14246,1
EMP-13734,HIRE,2024-11-29,,سموحة,13630,0
EMP-14415,PROMOTION,2024-11-29,15512,19377,19377,0
EMP-10391,HIRE,2024-11-30,,الإسكندرية - سموحة,17645,0
EMP-12303,HIRE,2024-11-30,,سموحة,14594,0
EMP-13229,HIRE,2024-11-30,,القاهرة - التجمع الخامس,19703,0
EMP-11285,TERMINATION,2024-11-30,ACTIVE,NULL,20999,1
EMP-11525,HIRE,2024-11-30,,القاهره المعادي,13099,0
EMP-13844,TRANSFER,2024-12-01,القاهرة - التجمع الخامس,الإسكندرية - سموحة,11034,0
EMP-14715,HIRE,2024-12-01,,الإسكندرية - سموحة,9587,0
EMP-15305,HIRE,2024-12-01,,الإسكندرية - سموحة,9195,0
EMP-12094,TERMINATION,2024-12-02,ACTIVE,NULL,31555,1
EMP-11945,TRANSFER,2024-12-02,القاهره المعادي,فرع المعادي,17468,0
EMP-11308,HIRE,2024-12-03,,الدقي,7884,0
EMP-13829,TERMINATION,2024-12-03,ACTIVE,Resignation,15333,1
EMP-14687,TRANSFER,2024-12-03,الدقي,الإسكندرية - سموحة,16935,0
EMP-14515,TRANSFER,2024-12-04,الإسكندرية - سموحة,التجمع,14070,0
EMP-11938,HIRE,2024-12-04,,بورسعيد - الشرق,15393,0
EMP-11575,HIRE,2024-12-04,,بورسعيد - الشرق,17779,0
EMP-13464,HIRE,2024-12-04,,سموحة,19559,0
EMP-10009,TRANSFER,2024-12-05,القاهره المعادي,القاهره المعادي,18220,0
EMP-15167,PROMOTION,2024-12-05,15899,23640,23640,0
EMP-13704,PROMOTION,2024-12-06,19748,26280,26280,0
EMP-16648,HIRE,2024-12-06,,القاهره المعادي,18215,0
EMP-11591,HIRE,2024-12-06,,الدقي,13708,0
EMP-10493,PROMOTION,2024-12-06,20459,23239,23239,0
EMP-11563,HIRE,2024-12-06,,الدقي,8578,0
EMP-14530,HIRE,2024-12-07,,القاهره المعادي,10695,0
EMP-13026,HIRE,2024-12-07,,التجمع,13713,0
EMP-14603,HIRE,2024-12-07,,التجمع,17844,0
EMP-12388,HIRE,2024-12-07,,بورسعيد,17572,0
EMP-14219,TRANSFER,2024-12-08,الجيزة - الدقي,القاهرة - التجمع الخامس,7405,0
EMP-10512,PROMOTION,2024-12-08,14367,21173,21173,0
EMP-12806,HIRE,2024-12-08,,بورسعيد,8844,0
EMP-12621,HIRE,2024-12-08,,القاهرة - التجمع الخامس,15967,0
EMP-13836,TERMINATION,2024-12-09,ACTIVE,NULL,9504,1
EMP-13330,HIRE,2024-12-09,,سموحة,10007,0
EMP-12912,HIRE,2024-12-09,,الاسكندرية سموحة,13675,0
EMP-15441,HIRE,2024-12-09,,القاهره المعادي,7539,0
EMP-13292,TRANSFER,2024-12-09,القاهرة - المعادي,القاهره المعادي,11520,0
EMP-13475,TRANSFER,2024-12-10,الجيزة - الدقي,القاهرة - المعادي,7028,0
EMP-15733,PROMOTION,2024-12-10,14076,20456,20456,0
EMP-12268,PROMOTION,2024-12-11,14210,21511,21511,0
EMP-12719,TERMINATION,2024-12-11,ACTIVE,NULL,15750,1
EMP-14275,HIRE,2024-12-11,,القاهرة - التجمع الخامس,11993,0
EMP-16723,HIRE,2024-12-11,,القاهرة - التجمع الخامس,9608,0
EMP-14741,PROMOTION,2024-12-12,15898,17962,17962,0
EMP-11007,TRANSFER,2024-12-12,بورسعيد - الشرق,الإسكندرية - سموحة,8272,0
EMP-11208,PROMOTION,2024-12-12,11099,13775,13775,0
EMP-10036,HIRE,2024-12-12,,بورسعيد,19371,0
EMP-15248,HIRE,2024-12-13,,سموحة,11306,0
EMP-10792,TRANSFER,2024-12-13,فرع المعادي,الدقي,8899,0
EMP-16446,HIRE,2024-12-13,,القاهره المعادي,10787,0
EMP-12871,TRANSFER,2024-12-13,فرع المعادي,بورسعيد - الشرق,15504,0
EMP-16822,HIRE,2024-12-14,,التجمع,18521,0
EMP-11172,HIRE,2024-12-14,,القاهرة - التجمع الخامس,12152,0
EMP-11251,HIRE,2024-12-14,,القاهره المعادي,14251,0
EMP-15552,PROMOTION,2024-12-14,29052,32110,32110,0
EMP-11251,HIRE,2024-12-14,,القاهره المعادي,14251,0
EMP-10179,TRANSFER,2024-12-14,بورسعيد,سموحة,18833,0
EMP-10646,HIRE,2024-12-14,,الإسكندرية - سموحة,16791,0
EMP-16475,TRANSFER,2024-12-15,الدقي,بورسعيد,9345,0
EMP-14521,TRANSFER,2024-12-15,سموحة,الاسكندرية سموحة,12579,0
EMP-13899,TERMINATION,2024-12-15,ACTIVE,NULL,7714,1
EMP-12366,PROMOTION,2024-12-16,23964,28016,28016,0
EMP-14199,HIRE,2024-12-16,,الجيزة - الدقي,11382,0
EMP-12976,HIRE,2024-12-16,,القاهره المعادي,10289,0
EMP-12156,HIRE,2024-12-17,,بورسعيد,17595,0
EMP-12108,TERMINATION,2024-12-17,ACTIVE,Fired,19290,1
EMP-12286,HIRE,2024-12-17,,الجيزة - الدقي,17079,0
EMP-15939,HIRE,2024-12-18,,القاهرة - التجمع الخامس,15786,0
EMP-13476,PROMOTION,2024-12-18,9530,13110,13110,0
EMP-14806,TERMINATION,2024-12-18,ACTIVE,Fired,14048,1
EMP-13187,HIRE,2024-12-18,,بورسعيد,10007,0
EMP-16006,PROMOTION,2024-12-18,7076,10657,10657,0
EMP-10243,TERMINATION,2024-12-19,ACTIVE,Resignation,16169,1
EMP-11409,PROMOTION,2024-12-19,18351,24854,24854,0
EMP-11160,HIRE,2024-12-19,,القاهرة - المعادي,16919,0
EMP-12729,HIRE,2024-12-19,,بورسعيد - الشرق,16413,0
EMP-14112,HIRE,2024-12-19,,التجمع,10178,0
EMP-13906,HIRE,2024-12-19,,الاسكندرية سموحة,7032,0
EMP-15910,PROMOTION,2024-12-20,18611,23041,23041,0
EMP-16529,HIRE,2024-12-20,,التجمع,7031,0
EMP-15713,PROMOTION,2024-12-20,19921,25178,25178,0
EMP-14889,HIRE,2024-12-21,,بورسعيد - الشرق,17177,0
EMP-15932,PROMOTION,2024-12-21,18810,22131,22131,0
EMP-11066,HIRE,2024-12-21,,القاهرة - التجمع الخامس,17027,0
EMP-14859,HIRE,2024-12-21,,التجمع,16593,0
EMP-12646,PROMOTION,2024-12-22,8802,16714,16714,0
EMP-13205,HIRE,2024-12-22,,الجيزة - الدقي,10340,0
EMP-10412,TRANSFER,2024-12-22,سموحة,القاهرة - المعادي,13100,0
EMP-10434,TERMINATION,2024-12-23,ACTIVE,Relocation,16733,1
EMP-10434,TERMINATION,2024-12-23,ACTIVE,Relocation,16733,1
EMP-13304,PROMOTION,2024-12-23,14103,20924,20924,0
EMP-16055,TERMINATION,2024-12-23,ACTIVE,Resignation,14602,1
EMP-10597,HIRE,2024-12-23,,بورسعيد,12222,0
EMP-12310,HIRE,2024-12-24,,الجيزة - الدقي,12789,0
EMP-11536,HIRE,2024-12-24,,التجمع,18878,0
EMP-13930,PROMOTION,2024-12-24,8042,15227,15227,0
EMP-16803,HIRE,2024-12-24,,الجيزة - الدقي,8370,0
EMP-14292,HIRE,2024-12-24,,فرع المعادي,16974,0
EMP-12121,HIRE,2024-12-24,,الاسكندرية سموحة,15947,0
EMP-13247,HIRE,2024-12-24,,الإسكندرية - سموحة,18798,0
EMP-10186,HIRE,2024-12-24,,الاسكندرية سموحة,17842,0
EMP-16250,TERMINATION,2024-12-25,ACTIVE,NULL,16359,1
EMP-14321,PROMOTION,2024-12-25,12697,18004,18004,0
EMP-11213,TERMINATION,2024-12-25,ACTIVE,Relocation,8051,1
EMP-12742,TERMINATION,2024-12-25,ACTIVE,NULL,8365,1
EMP-15218,PROMOTION,2024-12-25,30225,32353,32353,0
EMP-13494,PROMOTION,2024-12-25,15745,19507,19507,0
EMP-10691,HIRE,2024-12-26,,القاهره المعادي,13699,0
EMP-16292,PROMOTION,2024-12-26,9485,12833,12833,0
EMP-11062,HIRE,2024-12-27,,القاهره المعادي,14121,0
EMP-12183,HIRE,2024-12-27,,بورسعيد,15475,0
EMP-12120,HIRE,2024-12-27,,بورسعيد - الشرق,11750,0
EMP-16962,PROMOTION,2024-12-27,15364,19918,19918,0
EMP-11606,HIRE,2024-12-28,,بورسعيد - الشرق,9873,0
EMP-11048,HIRE,2024-12-29,,الإسكندرية - سموحة,15115,0
EMP-10343,TRANSFER,2024-12-29,فرع المعادي,بورسعيد - الشرق,13585,0
EMP-15770,HIRE,2024-12-30,,التجمع,13443,0
EMP-12264,TRANSFER,2024-12-30,الدقي,فرع المعادي,18807,0
EMP-13522,TERMINATION,2024-12-30,ACTIVE,Fired,18245,1
EMP-10203,HIRE,2024-12-30,,فرع المعادي,13767,0
EMP-13698,PROMOTION,2024-12-30,15796,17907,17907,0
EMP-14559,PROMOTION,2024-12-30,18859,23638,23638,0
EMP-11143,TRANSFER,2024-12-30,القاهرة - المعادي,سموحة,11106,0
EMP-11961,HIRE,2024-12-30,,الدقي,8143,0
EMP-16427,PROMOTION,2024-12-31,13216,17275,17275,0
EMP-14455,TRANSFER,2024-12-31,الإسكندرية - سموحة,فرع المعادي,8305,0
EMP-15901,HIRE,2025-01-01,,فرع المعادي,8635,0
EMP-15567,TRANSFER,2025-01-01,التجمع,الجيزة - الدقي,13669,0
EMP-14152,TRANSFER,2025-01-01,الجيزة - الدقي,فرع المعادي,16383,0
EMP-14372,PROMOTION,2025-01-01,19542,27139,27139,0
EMP-16880,HIRE,2025-01-01,,سموحة,16327,0
EMP-10419,PROMOTION,2025-01-02,19169,23458,23458,0
EMP-16706,PROMOTION,2025-01-02,18735,21639,21639,0
EMP-12732,HIRE,2025-01-02,,الاسكندرية سموحة,19431,0
EMP-16000,PROMOTION,2025-01-03,14156,20846,20846,0
EMP-13790,TRANSFER,2025-01-03,القاهرة - المعادي,القاهرة - المعادي,14789,0
EMP-16031,HIRE,2025-01-03,,الجيزة - الدقي,13477,0
EMP-13725,PROMOTION,2025-01-03,15284,19707,19707,0
EMP-16315,HIRE,2025-01-03,,بورسعيد - الشرق,18058,0
EMP-14102,HIRE,2025-01-03,,الدقي,14286,0
EMP-13349,TRANSFER,2025-01-04,الإسكندرية - سموحة,القاهره المعادي,16125,0
EMP-12570,HIRE,2025-01-04,,بورسعيد - الشرق,10989,0
EMP-16151,TERMINATION,2025-01-04,ACTIVE,Resignation,15220,1
EMP-12484,TRANSFER,2025-01-04,القاهرة - المعادي,الاسكندرية سموحة,13410,0
EMP-16796,HIRE,2025-01-04,,سموحة,13626,0
EMP-15986,PROMOTION,2025-01-05,10469,14523,14523,0
EMP-11923,PROMOTION,2025-01-05,17134,21255,21255,0
EMP-16595,HIRE,2025-01-05,,بورسعيد - الشرق,11145,0
EMP-13699,PROMOTION,2025-01-05,7889,11060,11060,0
EMP-16017,HIRE,2025-01-05,,الجيزة - الدقي,18008,0
EMP-15818,TRANSFER,2025-01-06,سموحة,الجيزة - الدقي,17831,0
EMP-15004,PROMOTION,2025-01-06,17196,22130,22130,0
EMP-13505,HIRE,2025-01-07,,القاهرة - المعادي,12031,0
EMP-12287,PROMOTION,2025-01-07,15385,22990,22990,0
EMP-15314,HIRE,2025-01-07,,القاهره المعادي,9828,0
EMP-12003,TRANSFER,2025-01-07,القاهرة - التجمع الخامس,فرع المعادي,16687,0
EMP-14660,PROMOTION,2025-01-07,17733,23416,23416,0
EMP-14232,TERMINATION,2025-01-08,ACTIVE,NULL,18903,1
EMP-15827,PROMOTION,2025-01-09,9922,17787,17787,0
EMP-14682,HIRE,2025-01-09,,القاهره المعادي,10266,0
EMP-15922,HIRE,2025-01-10,,الدقي,16295,0
EMP-16815,HIRE,2025-01-10,,بورسعيد - الشرق,12792,0
EMP-16945,TRANSFER,2025-01-10,الاسكندرية سموحة,بورسعيد - الشرق,15678,0
EMP-11393,HIRE,2025-01-11,,الجيزة - الدقي,12742,0
EMP-12185,HIRE,2025-01-11,,الجيزة - الدقي,18189,0
EMP-13334,TRANSFER,2025-01-12,بورسعيد,القاهرة - المعادي,7917,0
EMP-14049,TRANSFER,2025-01-12,التجمع,القاهرة - التجمع الخامس,8048,0
EMP-16603,TRANSFER,2025-01-14,بورسعيد,التجمع,12595,0
EMP-14279,TERMINATION,2025-01-14,ACTIVE,Fired,13580,1
EMP-14949,HIRE,2025-01-15,,التجمع,13129,0
EMP-12642,PROMOTION,2025-01-15,10329,14996,14996,0
EMP-16596,TRANSFER,2025-01-15,الإسكندرية - سموحة,فرع المعادي,16585,0
EMP-16720,TRANSFER,2025-01-15,الاسكندرية سموحة,التجمع,9749,0
EMP-10927,TRANSFER,2025-01-16,الإسكندرية - سموحة,الدقي,14996,0
EMP-14870,PROMOTION,2025-01-16,8115,10956,10956,0
EMP-13993,PROMOTION,2025-01-16,14561,18114,18114,0
EMP-10650,HIRE,2025-01-16,,بورسعيد,12946,0
EMP-10927,TRANSFER,2025-01-16,الإسكندرية - سموحة,الدقي,14996,0
EMP-14653,TRANSFER,2025-01-17,القاهرة - التجمع الخامس,القاهره المعادي,16354,0
EMP-13150,TRANSFER,2025-01-17,الاسكندرية سموحة,القاهرة - التجمع الخامس,14282,0
EMP-16399,HIRE,2025-01-18,,القاهرة - المعادي,15781,0
EMP-15227,HIRE,2025-01-18,,الدقي,18312,0
EMP-12136,HIRE,2025-01-18,,الدقي,7733,0
EMP-14134,HIRE,2025-01-18,,القاهرة - المعادي,12888,0
EMP-11678,TERMINATION,2025-01-18,ACTIVE,Fired,11866,1
EMP-15898,HIRE,2025-01-18,,الاسكندرية سموحة,7339,0
EMP-16400,HIRE,2025-01-19,,بورسعيد - الشرق,7740,0
EMP-16232,HIRE,2025-01-19,,الاسكندرية سموحة,14725,0
EMP-10744,HIRE,2025-01-20,,القاهرة - المعادي,10970,0
EMP-13828,HIRE,2025-01-20,,الدقي,15087,0
EMP-12925,HIRE,2025-01-20,,الجيزة - الدقي,14124,0
EMP-16206,HIRE,2025-01-21,,الجيزة - الدقي,7067,0
EMP-15848,HIRE,2025-01-21,,بورسعيد - الشرق,14938,0
EMP-16042,HIRE,2025-01-21,,الاسكندرية سموحة,13205,0
EMP-15305,PROMOTION,2025-01-22,9195,15624,15624,0
EMP-11699,HIRE,2025-01-22,,بورسعيد - الشرق,13147,0
EMP-16765,HIRE,2025-01-22,,التجمع,7570,0
EMP-12878,HIRE,2025-01-22,,سموحة,8429,0
EMP-10946,PROMOTION,2025-01-23,14354,17658,17658,0
EMP-11252,HIRE,2025-01-23,,القاهرة - التجمع الخامس,11717,0
EMP-16143,PROMOTION,2025-01-23,9818,12046,12046,0
EMP-13278,PROMOTION,2025-01-23,24724,30837,30837,0
EMP-11458,HIRE,2025-01-24,,الإسكندرية - سموحة,16909,0
EMP-12322,HIRE,2025-01-25,,الدقي,9396,0
EMP-12536,TRANSFER,2025-01-25,التجمع,القاهرة - التجمع الخامس,18654,0
EMP-10964,HIRE,2025-01-25,,الجيزة - الدقي,7182,0
EMP-14267,HIRE,2025-01-25,,الاسكندرية سموحة,7291,0
EMP-15974,PROMOTION,2025-01-27,13837,18986,18986,0
EMP-16086,HIRE,2025-01-27,,القاهرة - المعادي,12540,0
EMP-12438,HIRE,2025-01-27,,التجمع,13467,0
EMP-11696,PROMOTION,2025-01-27,13426,15446,15446,0
EMP-16428,TRANSFER,2025-01-27,بورسعيد,الجيزة - الدقي,7330,0
EMP-15498,TRANSFER,2025-01-27,فرع المعادي,بورسعيد - الشرق,13878,0
EMP-12026,HIRE,2025-01-28,,الدقي,7465,0
EMP-13845,HIRE,2025-01-29,,الدقي,7886,0
EMP-14064,HIRE,2025-01-29,,سموحة,18652,0
EMP-14001,PROMOTION,2025-01-29,17211,25180,25180,0
EMP-15377,HIRE,2025-01-30,,بورسعيد,13164,0
EMP-14034,HIRE,2025-01-30,,الدقي,13187,0
EMP-13216,HIRE,2025-01-30,,بورسعيد - الشرق,7677,0
EMP-13785,HIRE,2025-01-30,,الإسكندرية - سموحة,17923,0
EMP-16901,PROMOTION,2025-01-31,19833,27775,27775,0
EMP-12238,HIRE,2025-01-31,,الاسكندرية سموحة,15444,0
EMP-16396,HIRE,2025-01-31,,بورسعيد,16315,0
EMP-10557,TRANSFER,2025-01-31,التجمع,القاهرة - التجمع الخامس,20356,0
EMP-15804,HIRE,2025-02-01,,القاهرة - التجمع الخامس,7960,0
EMP-10373,HIRE,2025-02-01,,الإسكندرية - سموحة,17036,0
EMP-14338,HIRE,2025-02-01,,التجمع,12487,0
EMP-11834,TERMINATION,2025-02-01,ACTIVE,Relocation,24081,1
EMP-10421,HIRE,2025-02-02,,القاهره المعادي,12251,0
EMP-15268,TERMINATION,2025-02-02,ACTIVE,Resignation,14001,1
EMP-10452,HIRE,2025-02-02,,بورسعيد,7783,0
EMP-10565,HIRE,2025-02-02,,بورسعيد - الشرق,16819,0
EMP-12520,HIRE,2025-02-02,,الإسكندرية - سموحة,15124,0
EMP-16950,HIRE,2025-02-03,,بورسعيد - الشرق,18170,0
EMP-15058,TRANSFER,2025-02-03,التجمع,التجمع,9230,0
EMP-15547,TRANSFER,2025-02-03,فرع المعادي,القاهره المعادي,10201,0
EMP-12935,HIRE,2025-02-03,,القاهره المعادي,15310,0
EMP-15736,HIRE,2025-02-03,,بورسعيد,14370,0
EMP-12079,TRANSFER,2025-02-03,القاهرة - المعادي,القاهرة - التجمع الخامس,18918,0
EMP-12126,HIRE,2025-02-04,,بورسعيد,7997,0
EMP-11407,TRANSFER,2025-02-04,بورسعيد,الجيزة - الدقي,19643,0
EMP-16910,PROMOTION,2025-02-04,10809,17651,17651,0
EMP-15642,PROMOTION,2025-02-04,10557,17443,17443,0
EMP-11665,TRANSFER,2025-02-05,الاسكندرية سموحة,التجمع,10160,0
EMP-10857,HIRE,2025-02-05,,التجمع,9376,0
EMP-15720,TRANSFER,2025-02-05,الجيزة - الدقي,الجيزة - الدقي,13181,0
EMP-12918,PROMOTION,2025-02-05,9531,14183,14183,0
EMP-15543,TRANSFER,2025-02-05,القاهرة - التجمع الخامس,بورسعيد - الشرق,9949,0
EMP-12455,HIRE,2025-02-06,,القاهرة - التجمع الخامس,14206,0
EMP-10094,HIRE,2025-02-07,,القاهرة - التجمع الخامس,7728,0
EMP-13611,HIRE,2025-02-07,,فرع المعادي,19179,0
EMP-11931,TRANSFER,2025-02-07,التجمع,الإسكندرية - سموحة,23545,0
EMP-12308,PROMOTION,2025-02-07,15411,19783,19783,0
EMP-14847,HIRE,2025-02-08,,فرع المعادي,15278,0
EMP-16460,PROMOTION,2025-02-08,12122,19861,19861,0
EMP-14724,PROMOTION,2025-02-08,11887,15292,15292,0
EMP-14220,HIRE,2025-02-08,,التجمع,7992,0
EMP-12362,HIRE,2025-02-08,,فرع المعادي,11703,0
EMP-13708,PROMOTION,2025-02-08,14008,16660,16660,0
EMP-14239,TRANSFER,2025-02-09,سموحة,الدقي,11893,0
EMP-14900,HIRE,2025-02-09,,القاهرة - التجمع الخامس,13179,0
EMP-12636,TERMINATION,2025-02-09,ACTIVE,NULL,13164,1
EMP-14551,HIRE,2025-02-09,,الدقي,8309,0
EMP-10304,HIRE,2025-02-09,,القاهرة - التجمع الخامس,13422,0
EMP-10460,TRANSFER,2025-02-10,الإسكندرية - سموحة,التجمع,10859,0
EMP-11956,HIRE,2025-02-10,,التجمع,19202,0
EMP-14535,HIRE,2025-02-10,,القاهرة - التجمع الخامس,15335,0
EMP-13177,HIRE,2025-02-10,,القاهرة - المعادي,11826,0
EMP-13111,HIRE,2025-02-10,,الدقي,19396,0
EMP-14066,HIRE,2025-02-11,,سموحة,19103,0
EMP-13944,TRANSFER,2025-02-11,فرع المعادي,الجيزة - الدقي,7132,0
EMP-13715,TERMINATION,2025-02-11,ACTIVE,Relocation,18743,1
EMP-11999,HIRE,2025-02-11,,فرع المعادي,11312,0
EMP-16746,HIRE,2025-02-11,,بورسعيد,9740,0
EMP-16507,HIRE,2025-02-12,,القاهره المعادي,7052,0
EMP-11233,HIRE,2025-02-12,,بورسعيد - الشرق,10875,0
EMP-11260,PROMOTION,2025-02-12,17952,23147,23147,0
EMP-16172,TRANSFER,2025-02-12,بورسعيد,الإسكندرية - سموحة,10977,0
EMP-10506,PROMOTION,2025-02-13,18343,20570,20570,0
EMP-11130,HIRE,2025-02-13,,الاسكندرية سموحة,10812,0
EMP-15972,HIRE,2025-02-13,,بورسعيد - الشرق,9088,0
EMP-10831,HIRE,2025-02-13,,القاهره المعادي,12054,0
EMP-12248,HIRE,2025-02-13,,فرع المعادي,13524,0
EMP-16129,HIRE,2025-02-14,,فرع المعادي,13968,0
EMP-13737,PROMOTION,2025-02-14,11335,17470,17470,0
EMP-11526,HIRE,2025-02-14,,بورسعيد,12961,0
EMP-12149,HIRE,2025-02-14,,سموحة,18301,0
EMP-14813,TRANSFER,2025-02-14,سموحة,بورسعيد - الشرق,18303,0
EMP-12121,PROMOTION,2025-02-14,15947,20039,20039,0
EMP-15705,TRANSFER,2025-02-15,بورسعيد - الشرق,القاهرة - التجمع الخامس,18469,0
EMP-16481,HIRE,2025-02-15,,القاهره المعادي,8740,0
EMP-11152,TRANSFER,2025-02-15,الاسكندرية سموحة,بورسعيد - الشرق,15416,0
EMP-14857,TRANSFER,2025-02-16,بورسعيد,بورسعيد,8293,0
EMP-13110,HIRE,2025-02-16,,فرع المعادي,12726,0
EMP-16165,TRANSFER,2025-02-16,التجمع,بورسعيد,19709,0
EMP-14912,HIRE,2025-02-16,,القاهرة - التجمع الخامس,8763,0
EMP-13110,HIRE,2025-02-16,,فرع المعادي,12726,0
EMP-10637,PROMOTION,2025-02-16,8541,13722,13722,0
EMP-11753,HIRE,2025-02-16,,بورسعيد - الشرق,9033,0
EMP-13114,HIRE,2025-02-16,,التجمع,19123,0
EMP-12063,HIRE,2025-02-17,,فرع المعادي,7345,0
EMP-10071,TERMINATION,2025-02-17,ACTIVE,Fired,12042,1
EMP-11488,PROMOTION,2025-02-17,11158,16854,16854,0
EMP-11859,HIRE,2025-02-17,,الدقي,17081,0
EMP-16612,TRANSFER,2025-02-18,الإسكندرية - سموحة,الدقي,14962,0
EMP-14341,HIRE,2025-02-18,,التجمع,17598,0
EMP-15497,TRANSFER,2025-02-18,الجيزة - الدقي,الدقي,10740,0
EMP-15968,TRANSFER,2025-02-18,بورسعيد,بورسعيد,7642,0
EMP-15319,HIRE,2025-02-18,,الإسكندرية - سموحة,8699,0
EMP-12521,HIRE,2025-02-18,,بورسعيد,12136,0
EMP-14726,HIRE,2025-02-18,,القاهرة - التجمع الخامس,18446,0
EMP-12519,TERMINATION,2025-02-19,ACTIVE,NULL,14875,1
EMP-11248,HIRE,2025-02-19,,سموحة,17906,0
EMP-13851,HIRE,2025-02-19,,التجمع,19965,0
EMP-11430,HIRE,2025-02-19,,الجيزة - الدقي,8732,0
EMP-11381,HIRE,2025-02-19,,القاهره المعادي,17551,0
EMP-15396,PROMOTION,2025-02-19,11392,16753,16753,0
EMP-14574,HIRE,2025-02-21,,القاهرة - المعادي,18902,0
EMP-15206,HIRE,2025-02-21,,القاهرة - المعادي,10660,0
EMP-12731,TRANSFER,2025-02-21,بورسعيد - الشرق,الاسكندرية سموحة,12668,0
EMP-14749,HIRE,2025-02-21,,سموحة,14357,0
EMP-11409,TRANSFER,2025-02-22,بورسعيد,بورسعيد - الشرق,24854,0
EMP-16429,HIRE,2025-02-22,,الاسكندرية سموحة,14841,0
EMP-11906,PROMOTION,2025-02-22,10291,13446,13446,0
EMP-10109,PROMOTION,2025-02-23,7602,9912,9912,0
EMP-13376,HIRE,2025-02-23,,الدقي,17013,0
EMP-16160,HIRE,2025-02-23,,الاسكندرية سموحة,18286,0
EMP-12678,PROMOTION,2025-02-23,14439,20545,20545,0
EMP-15685,HIRE,2025-02-23,,التجمع,9277,0
EMP-16438,PROMOTION,2025-02-24,9378,11581,11581,0
EMP-11909,HIRE,2025-02-24,,بورسعيد,13716,0
EMP-14394,HIRE,2025-02-24,,فرع المعادي,16505,0
EMP-15613,HIRE,2025-02-24,,القاهره المعادي,16944,0
EMP-14652,HIRE,2025-02-25,,القاهرة - التجمع الخامس,19260,0
EMP-11265,PROMOTION,2025-02-25,13990,19488,19488,0
EMP-15691,HIRE,2025-02-25,,فرع المعادي,11195,0
EMP-16111,HIRE,2025-02-25,,الاسكندرية سموحة,17480,0
EMP-13758,TRANSFER,2025-02-25,الجيزة - الدقي,القاهرة - التجمع الخامس,15953,0
EMP-12790,TRANSFER,2025-02-26,القاهرة - التجمع الخامس,القاهرة - التجمع الخامس,14019,0
EMP-15338,PROMOTION,2025-02-26,13177,17895,17895,0
EMP-10400,TRANSFER,2025-02-26,سموحة,التجمع,13731,0
EMP-16583,TERMINATION,2025-02-26,ACTIVE,Relocation,15565,1
EMP-10595,HIRE,2025-02-26,,سموحة,19478,0
EMP-13163,HIRE,2025-02-26,,سموحة,11821,0
EMP-15280,HIRE,2025-02-26,,الإسكندرية - سموحة,10649,0
EMP-14300,HIRE,2025-02-27,,الاسكندرية سموحة,13319,0
EMP-13475,PROMOTION,2025-02-27,7028,9876,9876,0
EMP-15773,HIRE,2025-02-27,,القاهرة - المعادي,10307,0
EMP-13148,HIRE,2025-02-28,,الدقي,15477,0
EMP-14653,TRANSFER,2025-02-28,القاهره المعادي,التجمع,16354,0
EMP-10872,HIRE,2025-02-28,,فرع المعادي,19442,0
EMP-16457,HIRE,2025-02-28,,بورسعيد,8730,0
EMP-11835,HIRE,2025-03-01,,فرع المعادي,10544,0
EMP-15351,HIRE,2025-03-01,,التجمع,18355,0
EMP-16692,HIRE,2025-03-01,,التجمع,18937,0
EMP-16843,HIRE,2025-03-02,,الجيزة - الدقي,19364,0
EMP-13081,PROMOTION,2025-03-02,21151,28493,28493,0
EMP-10046,HIRE,2025-03-03,,بورسعيد - الشرق,10514,0
EMP-11088,HIRE,2025-03-03,,فرع المعادي,19012,0
EMP-15415,HIRE,2025-03-04,,الجيزة - الدقي,13380,0
EMP-11428,HIRE,2025-03-05,,القاهرة - التجمع الخامس,19034,0
EMP-11428,HIRE,2025-03-05,,القاهرة - التجمع الخامس,19034,0
EMP-15569,TRANSFER,2025-03-05,القاهرة - المعادي,الدقي,23252,0
EMP-13943,TERMINATION,2025-03-05,ACTIVE,NULL,17771,1
EMP-15428,TRANSFER,2025-03-06,الجيزة - الدقي,الدقي,17552,0
EMP-13894,TRANSFER,2025-03-06,القاهره المعادي,الدقي,19872,0
EMP-10130,TRANSFER,2025-03-06,الاسكندرية سموحة,سموحة,13162,0
EMP-15909,HIRE,2025-03-06,,الإسكندرية - سموحة,9217,0
EMP-15405,HIRE,2025-03-07,,بورسعيد - الشرق,11028,0
EMP-14950,TRANSFER,2025-03-07,الاسكندرية سموحة,الاسكندرية سموحة,20883,0
EMP-11005,PROMOTION,2025-03-07,17810,22029,22029,0
EMP-15486,TERMINATION,2025-03-07,ACTIVE,Resignation,21674,1
EMP-10999,TRANSFER,2025-03-07,فرع المعادي,التجمع,22211,0
EMP-12770,PROMOTION,2025-03-07,7006,9543,9543,0
EMP-15731,PROMOTION,2025-03-07,10890,18871,18871,0
EMP-16678,TERMINATION,2025-03-07,ACTIVE,Resignation,18103,1
EMP-14855,PROMOTION,2025-03-07,9861,13000,13000,0
EMP-11514,HIRE,2025-03-07,,الجيزة - الدقي,15708,0
EMP-14076,HIRE,2025-03-07,,الدقي,17140,0
EMP-12385,PROMOTION,2025-03-08,19372,24544,24544,0
EMP-16496,TRANSFER,2025-03-08,الاسكندرية سموحة,القاهرة - التجمع الخامس,8518,0
EMP-16398,TERMINATION,2025-03-08,ACTIVE,Resignation,24934,1
EMP-15291,HIRE,2025-03-08,,القاهرة - المعادي,8800,0
EMP-14056,TRANSFER,2025-03-08,القاهرة - المعادي,القاهره المعادي,13016,0
EMP-11502,TERMINATION,2025-03-08,ACTIVE,Fired,14327,1
EMP-13130,PROMOTION,2025-03-09,17132,23270,23270,0
EMP-14410,PROMOTION,2025-03-09,9531,16511,16511,0
EMP-16014,HIRE,2025-03-09,,سموحة,18351,0
EMP-10492,PROMOTION,2025-03-10,17709,24638,24638,0
EMP-16089,HIRE,2025-03-10,,الإسكندرية - سموحة,15104,0
EMP-15681,PROMOTION,2025-03-10,12058,18506,18506,0
EMP-12778,HIRE,2025-03-10,,الجيزة - الدقي,13412,0
EMP-14722,HIRE,2025-03-11,,سموحة,14830,0
EMP-11207,PROMOTION,2025-03-11,16277,18526,18526,0
EMP-13366,HIRE,2025-03-11,,الإسكندرية - سموحة,9613,0
EMP-16106,HIRE,2025-03-11,,الإسكندرية - سموحة,13490,0
EMP-16386,PROMOTION,2025-03-12,12172,16893,16893,0
EMP-15191,HIRE,2025-03-12,,بورسعيد,15527,0
EMP-15560,HIRE,2025-03-12,,بورسعيد,12497,0
EMP-15105,TRANSFER,2025-03-12,بورسعيد - الشرق,القاهره المعادي,13685,0
EMP-12738,HIRE,2025-03-12,,الجيزة - الدقي,12353,0
EMP-11998,HIRE,2025-03-12,,القاهرة - التجمع الخامس,8142,0
EMP-13660,TRANSFER,2025-03-12,القاهره المعادي,بورسعيد,9609,0
EMP-10781,TRANSFER,2025-03-12,القاهرة - التجمع الخامس,سموحة,10191,0
EMP-14136,HIRE,2025-03-13,,الدقي,12226,0
EMP-14174,HIRE,2025-03-13,,فرع المعادي,9286,0
EMP-15292,PROMOTION,2025-03-13,16459,23721,23721,0
EMP-11954,PROMOTION,2025-03-13,10688,13120,13120,0
EMP-12861,TERMINATION,2025-03-13,ACTIVE,Resignation,13208,1
EMP-16551,TRANSFER,2025-03-14,فرع المعادي,الإسكندرية - سموحة,17645,0
EMP-15732,HIRE,2025-03-14,,الإسكندرية - سموحة,10643,0
EMP-10378,HIRE,2025-03-14,,القاهرة - المعادي,9898,0
EMP-16705,HIRE,2025-03-14,,الاسكندرية سموحة,11874,0
EMP-14015,PROMOTION,2025-03-15,17995,21517,21517,0
EMP-12775,TERMINATION,2025-03-15,ACTIVE,NULL,8522,1
EMP-10164,PROMOTION,2025-03-16,16168,23384,23384,0
EMP-12816,HIRE,2025-03-16,,الدقي,11475,0
EMP-16892,TRANSFER,2025-03-16,الجيزة - الدقي,القاهرة - التجمع الخامس,9040,0
EMP-10177,HIRE,2025-03-16,,القاهرة - التجمع الخامس,14325,0
EMP-12477,TRANSFER,2025-03-16,الاسكندرية سموحة,الدقي,16869,0
EMP-14908,HIRE,2025-03-17,,فرع المعادي,19942,0
EMP-11756,PROMOTION,2025-03-17,16229,18628,18628,0
EMP-11814,HIRE,2025-03-17,,الدقي,19905,0
EMP-14646,PROMOTION,2025-03-17,19575,23923,23923,0
EMP-13576,HIRE,2025-03-17,,سموحة,19041,0
EMP-14907,PROMOTION,2025-03-17,19970,23524,23524,0
EMP-12532,PROMOTION,2025-03-17,18175,23726,23726,0
EMP-13393,HIRE,2025-03-17,,سموحة,13069,0
EMP-15111,HIRE,2025-03-18,,بورسعيد - الشرق,14025,0
EMP-15137,TRANSFER,2025-03-18,القاهرة - المعادي,فرع المعادي,16154,0
EMP-16835,TRANSFER,2025-03-18,القاهره المعادي,الدقي,20006,0
EMP-15133,HIRE,2025-03-19,,الدقي,7312,0
EMP-14732,PROMOTION,2025-03-19,14913,21866,21866,0
EMP-12675,HIRE,2025-03-19,,الاسكندرية سموحة,7653,0
EMP-11885,TRANSFER,2025-03-19,بورسعيد,القاهره المعادي,17374,0
EMP-10971,TERMINATION,2025-03-19,ACTIVE,Relocation,16048,1
EMP-15273,TERMINATION,2025-03-20,ACTIVE,Fired,8447,1
EMP-13336,TERMINATION,2025-03-20,ACTIVE,Fired,15093,1
EMP-15091,HIRE,2025-03-20,,فرع المعادي,15892,0
EMP-13621,HIRE,2025-03-20,,القاهره المعادي,19196,0
EMP-10128,HIRE,2025-03-20,,سموحة,10711,0
EMP-12808,TRANSFER,2025-03-21,فرع المعادي,القاهرة - المعادي,18496,0
EMP-16773,HIRE,2025-03-21,,التجمع,12892,0
EMP-12391,PROMOTION,2025-03-22,15110,17967,17967,0
EMP-13623,HIRE,2025-03-22,,القاهرة - المعادي,9494,0
EMP-13337,HIRE,2025-03-22,,بورسعيد - الشرق,9285,0
EMP-16507,PROMOTION,2025-03-22,7052,13480,13480,0
EMP-10259,PROMOTION,2025-03-22,16081,23543,23543,0
EMP-14481,HIRE,2025-03-23,,الإسكندرية - سموحة,9154,0
EMP-15766,HIRE,2025-03-23,,بورسعيد,12977,0
EMP-14202,TRANSFER,2025-03-23,الدقي,سموحة,18939,0
EMP-12218,HIRE,2025-03-23,,القاهرة - المعادي,19082,0
EMP-15460,HIRE,2025-03-24,,الإسكندرية - سموحة,15430,0
EMP-13335,HIRE,2025-03-25,,الإسكندرية - سموحة,14499,0
EMP-10228,HIRE,2025-03-25,,فرع المعادي,8741,0
EMP-14818,HIRE,2025-03-25,,التجمع,9084,0
EMP-14882,PROMOTION,2025-03-26,10074,15223,15223,0
EMP-14128,PROMOTION,2025-03-26,16362,18606,18606,0
EMP-10443,HIRE,2025-03-26,,الجيزة - الدقي,9394,0
EMP-15158,HIRE,2025-03-26,,الدقي,10915,0
EMP-11230,PROMOTION,2025-03-26,19794,25428,25428,0
EMP-10628,HIRE,2025-03-27,,الجيزة - الدقي,10271,0
EMP-12253,PROMOTION,2025-03-27,18816,24994,24994,0
EMP-15893,HIRE,2025-03-27,,بورسعيد,16119,0
EMP-12286,PROMOTION,2025-03-27,17079,21593,21593,0
EMP-16258,HIRE,2025-03-28,,فرع المعادي,17934,0
EMP-14931,TRANSFER,2025-03-28,القاهره المعادي,الاسكندرية سموحة,11634,0
EMP-12105,HIRE,2025-03-28,,القاهرة - المعادي,8808,0
EMP-16032,HIRE,2025-03-28,,الجيزة - الدقي,16910,0
EMP-13371,HIRE,2025-03-28,,بورسعيد - الشرق,12761,0
EMP-12368,HIRE,2025-03-29,,الدقي,13472,0
EMP-14274,HIRE,2025-03-29,,فرع المعادي,12502,0
EMP-16645,TERMINATION,2025-03-29,ACTIVE,Resignation,9543,1
EMP-15912,HIRE,2025-03-29,,القاهرة - المعادي,8293,0
EMP-10531,HIRE,2025-03-29,,الإسكندرية - سموحة,15460,0
EMP-13519,HIRE,2025-03-29,,سموحة,11952,0
EMP-14194,HIRE,2025-03-29,,فرع المعادي,13388,0
EMP-10926,HIRE,2025-03-30,,الجيزة - الدقي,18251,0
EMP-11274,HIRE,2025-03-30,,بورسعيد - الشرق,19323,0
EMP-11411,TRANSFER,2025-03-30,بورسعيد - الشرق,فرع المعادي,16328,0
EMP-10804,TERMINATION,2025-03-31,ACTIVE,Resignation,18350,1
EMP-13497,TRANSFER,2025-03-31,الجيزة - الدقي,فرع المعادي,14829,0
EMP-11155,PROMOTION,2025-03-31,8325,11967,11967,0
EMP-16467,HIRE,2025-03-31,,الاسكندرية سموحة,14000,0
EMP-14962,HIRE,2025-04-02,,الإسكندرية - سموحة,10733,0
EMP-13711,HIRE,2025-04-02,,القاهرة - التجمع الخامس,15265,0
EMP-15805,HIRE,2025-04-02,,بورسعيد,7974,0
EMP-16778,HIRE,2025-04-02,,القاهرة - المعادي,17831,0
EMP-14203,HIRE,2025-04-02,,الإسكندرية - سموحة,14873,0
EMP-14286,HIRE,2025-04-03,,الدقي,15615,0
EMP-16789,HIRE,2025-04-03,,التجمع,15157,0
EMP-12071,TRANSFER,2025-04-03,الاسكندرية سموحة,بورسعيد,8908,0
EMP-13775,HIRE,2025-04-04,,فرع المعادي,10336,0
EMP-11452,HIRE,2025-04-04,,القاهرة - التجمع الخامس,15491,0
EMP-14825,TERMINATION,2025-04-04,ACTIVE,Resignation,14249,1
EMP-16001,HIRE,2025-04-04,,الجيزة - الدقي,9686,0
EMP-11276,HIRE,2025-04-04,,القاهرة - المعادي,19674,0
EMP-14609,HIRE,2025-04-04,,القاهرة - التجمع الخامس,13900,0
EMP-15694,HIRE,2025-04-05,,الإسكندرية - سموحة,13154,0
EMP-10641,HIRE,2025-04-05,,القاهرة - التجمع الخامس,8527,0
EMP-14926,TRANSFER,2025-04-05,القاهرة - المعادي,الاسكندرية سموحة,10018,0
EMP-13905,TERMINATION,2025-04-05,ACTIVE,Resignation,10748,1
EMP-12849,TRANSFER,2025-04-05,القاهره المعادي,بورسعيد - الشرق,16701,0
EMP-12589,HIRE,2025-04-05,,الإسكندرية - سموحة,11986,0
EMP-16951,TRANSFER,2025-04-06,فرع المعادي,الدقي,9151,0
EMP-14589,TERMINATION,2025-04-06,ACTIVE,NULL,8437,1
EMP-13806,HIRE,2025-04-06,,بورسعيد - الشرق,14486,0
EMP-16184,HIRE,2025-04-06,,القاهرة - المعادي,12577,0
EMP-12693,HIRE,2025-04-06,,الاسكندرية سموحة,8728,0
EMP-12910,HIRE,2025-04-07,,القاهرة - المعادي,8337,0
EMP-10162,HIRE,2025-04-07,,التجمع,8760,0
EMP-12647,TRANSFER,2025-04-07,القاهرة - التجمع الخامس,سموحة,18559,0
EMP-14071,HIRE,2025-04-07,,القاهرة - المعادي,16899,0
EMP-10748,HIRE,2025-04-08,,سموحة,12307,0
EMP-14522,PROMOTION,2025-04-08,9409,15314,15314,0
EMP-15830,HIRE,2025-04-08,,التجمع,18380,0
EMP-15769,TRANSFER,2025-04-08,الإسكندرية - سموحة,القاهرة - المعادي,13983,0
EMP-15569,TERMINATION,2025-04-09,ACTIVE,Fired,23252,1
EMP-14138,HIRE,2025-04-09,,سموحة,12029,0
EMP-12639,TRANSFER,2025-04-10,القاهره المعادي,القاهره المعادي,15567,0
EMP-16313,HIRE,2025-04-10,,سموحة,18186,0
EMP-11233,TRANSFER,2025-04-10,بورسعيد - الشرق,الاسكندرية سموحة,10875,0
EMP-12042,HIRE,2025-04-10,,فرع المعادي,11661,0
EMP-16771,HIRE,2025-04-10,,القاهرة - المعادي,12277,0
EMP-13853,PROMOTION,2025-04-11,9429,15802,15802,0
EMP-12096,HIRE,2025-04-11,,القاهرة - المعادي,10238,0
EMP-11909,TRANSFER,2025-04-12,بورسعيد,الجيزة - الدقي,13716,0
EMP-14077,PROMOTION,2025-04-12,14905,18546,18546,0
EMP-15674,HIRE,2025-04-12,,التجمع,16560,0
EMP-12929,TRANSFER,2025-04-13,الاسكندرية سموحة,بورسعيد - الشرق,8973,0
EMP-14949,TRANSFER,2025-04-13,التجمع,التجمع,13129,0
EMP-15655,HIRE,2025-04-13,,القاهرة - المعادي,7654,0
EMP-12078,HIRE,2025-04-14,,التجمع,10383,0
EMP-10331,TRANSFER,2025-04-14,الجيزة - الدقي,الدقي,12436,0
EMP-16101,TERMINATION,2025-04-14,ACTIVE,Resignation,15308,1
EMP-14022,TRANSFER,2025-04-14,بورسعيد,الاسكندرية سموحة,13141,0
EMP-14833,HIRE,2025-04-14,,الاسكندرية سموحة,12213,0
EMP-16345,HIRE,2025-04-14,,الجيزة - الدقي,19227,0
EMP-14665,HIRE,2025-04-14,,بورسعيد,14183,0
EMP-16172,TERMINATION,2025-04-15,ACTIVE,Fired,10977,1
EMP-11645,HIRE,2025-04-15,,التجمع,12683,0
EMP-16297,HIRE,2025-04-15,,فرع المعادي,13271,0
EMP-10978,HIRE,2025-04-16,,الدقي,15009,0
EMP-13598,PROMOTION,2025-04-16,19249,21772,21772,0
EMP-16693,HIRE,2025-04-16,,القاهره المعادي,15533,0
EMP-11722,HIRE,2025-04-16,,التجمع,7501,0
EMP-10545,PROMOTION,2025-04-16,15036,21026,21026,0
EMP-14650,TRANSFER,2025-04-17,القاهرة - المعادي,الجيزة - الدقي,18524,0
EMP-12556,TRANSFER,2025-04-17,التجمع,سموحة,19541,0
EMP-15387,HIRE,2025-04-18,,بورسعيد - الشرق,15897,0
EMP-14012,HIRE,2025-04-18,,التجمع,10098,0
EMP-10024,HIRE,2025-04-19,,سموحة,14188,0
EMP-15938,HIRE,2025-04-19,,الجيزة - الدقي,7346,0
EMP-14121,TRANSFER,2025-04-19,بورسعيد - الشرق,سموحة,17356,0
EMP-14121,TRANSFER,2025-04-19,بورسعيد - الشرق,سموحة,17356,0
EMP-12058,TRANSFER,2025-04-20,بورسعيد - الشرق,بورسعيد - الشرق,14341,0
EMP-12702,HIRE,2025-04-20,,القاهرة - المعادي,7259,0
EMP-15787,HIRE,2025-04-20,,الدقي,13330,0
EMP-14416,TRANSFER,2025-04-20,القاهره المعادي,التجمع,10691,0
EMP-16720,PROMOTION,2025-04-20,9749,15750,15750,0
EMP-15935,PROMOTION,2025-04-20,18187,26004,26004,0
EMP-10778,TERMINATION,2025-04-20,ACTIVE,Fired,19616,1
EMP-13170,HIRE,2025-04-20,,بورسعيد,16460,0
EMP-11176,TERMINATION,2025-04-21,ACTIVE,Fired,10402,1
EMP-12090,TRANSFER,2025-04-21,القاهرة - المعادي,الإسكندرية - سموحة,7094,0
EMP-10139,TRANSFER,2025-04-21,التجمع,الاسكندرية سموحة,15143,0
EMP-12154,HIRE,2025-04-22,,بورسعيد,13279,0
EMP-12064,PROMOTION,2025-04-22,16931,23516,23516,0
EMP-16482,PROMOTION,2025-04-22,19922,27555,27555,0
EMP-11345,HIRE,2025-04-22,,التجمع,15424,0
EMP-14191,TRANSFER,2025-04-23,الاسكندرية سموحة,التجمع,19146,0
EMP-11619,TERMINATION,2025-04-24,ACTIVE,NULL,22514,1
EMP-14598,PROMOTION,2025-04-24,18129,20145,20145,0
EMP-10300,HIRE,2025-04-25,,الإسكندرية - سموحة,11664,0
EMP-14838,HIRE,2025-04-25,,القاهرة - التجمع الخامس,14386,0
EMP-14863,HIRE,2025-04-25,,الاسكندرية سموحة,18465,0
EMP-12625,HIRE,2025-04-25,,الإسكندرية - سموحة,13923,0
EMP-14997,TRANSFER,2025-04-25,بورسعيد,فرع المعادي,10478,0
EMP-15274,HIRE,2025-04-25,,بورسعيد - الشرق,14567,0
EMP-12809,HIRE,2025-04-25,,بورسعيد,13841,0
EMP-11318,PROMOTION,2025-04-25,18437,20861,20861,0
EMP-15266,HIRE,2025-04-26,,القاهره المعادي,9546,0
EMP-16057,TRANSFER,2025-04-26,الدقي,سموحة,18139,0
EMP-16636,HIRE,2025-04-26,,سموحة,7021,0
EMP-14352,HIRE,2025-04-26,,سموحة,18126,0
EMP-14429,PROMOTION,2025-04-26,17952,20424,20424,0
EMP-11874,HIRE,2025-04-27,,سموحة,16189,0
EMP-15713,PROMOTION,2025-04-27,25178,31504,31504,0
EMP-11005,PROMOTION,2025-04-27,22029,26444,26444,0
EMP-10853,PROMOTION,2025-04-27,11855,15611,15611,0
EMP-10688,HIRE,2025-04-28,,الاسكندرية سموحة,8381,0
EMP-16504,HIRE,2025-04-28,,التجمع,18617,0
EMP-11339,HIRE,2025-04-29,,الجيزة - الدقي,13722,0
EMP-12408,HIRE,2025-04-29,,الدقي,10523,0
EMP-13189,TRANSFER,2025-04-29,الإسكندرية - سموحة,الجيزة - الدقي,14027,0
EMP-10867,HIRE,2025-04-30,,بورسعيد - الشرق,8238,0
EMP-16400,PROMOTION,2025-04-30,7740,12049,12049,0
EMP-11227,TERMINATION,2025-04-30,ACTIVE,NULL,21910,1
EMP-14236,HIRE,2025-04-30,,بورسعيد,16865,0
EMP-14032,TRANSFER,2025-04-30,القاهره المعادي,القاهرة - المعادي,15935,0
EMP-14722,PROMOTION,2025-04-30,14830,20890,20890,0
EMP-14113,PROMOTION,2025-04-30,14118,18237,18237,0
EMP-14672,TRANSFER,2025-04-30,فرع المعادي,الإسكندرية - سموحة,7177,0
EMP-11817,TRANSFER,2025-05-01,القاهرة - المعادي,فرع المعادي,12362,0
EMP-13895,HIRE,2025-05-01,,الدقي,16450,0
EMP-15499,HIRE,2025-05-01,,بورسعيد,8503,0
EMP-11938,PROMOTION,2025-05-01,15393,22451,22451,0
EMP-13965,HIRE,2025-05-01,,القاهره المعادي,12126,0
EMP-10091,HIRE,2025-05-01,,الدقي,18648,0
EMP-16728,PROMOTION,2025-05-01,11328,18177,18177,0
EMP-11187,PROMOTION,2025-05-02,11552,15413,15413,0
EMP-16554,HIRE,2025-05-02,,التجمع,12637,0
EMP-13384,PROMOTION,2025-05-02,20712,23263,23263,0
EMP-16089,PROMOTION,2025-05-03,15104,18839,18839,0
EMP-12925,TRANSFER,2025-05-03,الجيزة - الدقي,بورسعيد - الشرق,14124,0
EMP-12239,TRANSFER,2025-05-03,التجمع,الاسكندرية سموحة,19744,0
EMP-13316,PROMOTION,2025-05-03,7167,11389,11389,0
EMP-11457,PROMOTION,2025-05-03,13216,19945,19945,0
EMP-11744,HIRE,2025-05-03,,الإسكندرية - سموحة,18933,0
EMP-12093,HIRE,2025-05-04,,الاسكندرية سموحة,19596,0
EMP-16581,TRANSFER,2025-05-04,القاهرة - المعادي,القاهرة - المعادي,11477,0
EMP-10768,TERMINATION,2025-05-04,ACTIVE,Relocation,13531,1
EMP-15062,PROMOTION,2025-05-04,10458,12813,12813,0
EMP-10485,TRANSFER,2025-05-05,الإسكندرية - سموحة,فرع المعادي,12533,0
EMP-13840,TRANSFER,2025-05-05,القاهرة - التجمع الخامس,بورسعيد,11268,0
EMP-16049,HIRE,2025-05-05,,الدقي,11267,0
EMP-14117,HIRE,2025-05-05,,القاهرة - التجمع الخامس,16302,0
EMP-14566,HIRE,2025-05-05,,التجمع,18656,0
EMP-16921,HIRE,2025-05-05,,القاهرة - التجمع الخامس,19997,0
EMP-13933,HIRE,2025-05-05,,الدقي,13356,0
EMP-10507,TRANSFER,2025-05-06,بورسعيد,القاهره المعادي,26799,0
EMP-11053,PROMOTION,2025-05-07,8869,16591,16591,0
EMP-12330,HIRE,2025-05-07,,سموحة,7116,0
EMP-12649,HIRE,2025-05-07,,سموحة,17494,0
EMP-16415,TRANSFER,2025-05-07,القاهره المعادي,القاهرة - التجمع الخامس,13233,0
EMP-11293,HIRE,2025-05-08,,سموحة,17146,0
EMP-15002,HIRE,2025-05-08,,القاهرة - المعادي,10229,0
EMP-16609,PROMOTION,2025-05-08,12254,14983,14983,0
EMP-12183,TRANSFER,2025-05-09,بورسعيد,بورسعيد - الشرق,15475,0
EMP-16408,PROMOTION,2025-05-09,7732,10008,10008,0
EMP-14675,PROMOTION,2025-05-09,15666,20237,20237,0
EMP-14302,HIRE,2025-05-09,,الاسكندرية سموحة,19668,0
EMP-14141,PROMOTION,2025-05-09,10417,13504,13504,0
EMP-11396,HIRE,2025-05-09,,سموحة,16659,0
EMP-15138,HIRE,2025-05-09,,فرع المعادي,14594,0
EMP-12192,HIRE,2025-05-10,,الدقي,7466,0
EMP-10449,HIRE,2025-05-10,,الاسكندرية سموحة,14215,0
EMP-12697,PROMOTION,2025-05-10,14399,16488,16488,0
EMP-15339,TRANSFER,2025-05-10,بورسعيد,بورسعيد - الشرق,19548,0
EMP-15840,HIRE,2025-05-10,,الاسكندرية سموحة,8940,0
EMP-12335,HIRE,2025-05-10,,التجمع,12298,0
EMP-14780,HIRE,2025-05-11,,الجيزة - الدقي,12537,0
EMP-15834,HIRE,2025-05-11,,الجيزة - الدقي,16242,0
EMP-16076,HIRE,2025-05-11,,القاهرة - التجمع الخامس,13378,0
EMP-14320,TRANSFER,2025-05-11,سموحة,القاهره المعادي,16262,0
EMP-14849,HIRE,2025-05-12,,سموحة,15588,0
EMP-11432,HIRE,2025-05-12,,الإسكندرية - سموحة,19007,0
EMP-11767,HIRE,2025-05-12,,بورسعيد,7137,0
EMP-11526,PROMOTION,2025-05-12,12961,16609,16609,0
EMP-15799,HIRE,2025-05-12,,بورسعيد,16014,0
EMP-16582,HIRE,2025-05-12,,الدقي,10930,0
EMP-11922,HIRE,2025-05-13,,سموحة,9784,0
EMP-11808,TRANSFER,2025-05-13,القاهره المعادي,الجيزة - الدقي,15178,0
EMP-10564,HIRE,2025-05-13,,سموحة,13237,0
EMP-12141,HIRE,2025-05-13,,القاهرة - المعادي,9121,0
EMP-10249,TRANSFER,2025-05-14,الإسكندرية - سموحة,الاسكندرية سموحة,18796,0
EMP-11405,HIRE,2025-05-14,,الإسكندرية - سموحة,13950,0
EMP-12186,PROMOTION,2025-05-14,10048,13974,13974,0
EMP-15354,HIRE,2025-05-14,,بورسعيد - الشرق,18539,0
EMP-10257,PROMOTION,2025-05-15,14457,19221,19221,0
EMP-13203,TRANSFER,2025-05-15,بورسعيد - الشرق,بورسعيد,9372,0
EMP-11600,HIRE,2025-05-15,,القاهرة - المعادي,16811,0
EMP-13088,TERMINATION,2025-05-15,ACTIVE,NULL,10535,1
EMP-15226,HIRE,2025-05-15,,الإسكندرية - سموحة,19385,0
EMP-11536,TERMINATION,2025-05-15,ACTIVE,Fired,18878,1
EMP-11041,TRANSFER,2025-05-15,بورسعيد - الشرق,سموحة,25658,0
EMP-16547,TRANSFER,2025-05-15,الدقي,بورسعيد - الشرق,14451,0
EMP-13731,HIRE,2025-05-16,,الجيزة - الدقي,19368,0
EMP-14820,PROMOTION,2025-05-16,25724,30706,30706,0
EMP-11496,TRANSFER,2025-05-16,فرع المعادي,الاسكندرية سموحة,18853,0
EMP-15004,PROMOTION,2025-05-17,22130,24824,24824,0
EMP-15043,TRANSFER,2025-05-18,فرع المعادي,الدقي,12041,0
EMP-14772,PROMOTION,2025-05-18,12115,19921,19921,0
EMP-16603,TERMINATION,2025-05-18,ACTIVE,Fired,12595,1
EMP-10080,HIRE,2025-05-18,,الإسكندرية - سموحة,9384,0
EMP-12979,TRANSFER,2025-05-18,فرع المعادي,القاهرة - التجمع الخامس,10117,0
EMP-11255,PROMOTION,2025-05-18,23300,27241,27241,0
EMP-14329,TERMINATION,2025-05-18,ACTIVE,Relocation,12310,1
EMP-14314,HIRE,2025-05-18,,سموحة,19646,0
EMP-10022,TRANSFER,2025-05-18,الدقي,الجيزة - الدقي,12215,0
EMP-16587,HIRE,2025-05-19,,الجيزة - الدقي,16048,0
EMP-16416,HIRE,2025-05-19,,سموحة,9688,0
EMP-16385,HIRE,2025-05-19,,الجيزة - الدقي,12999,0
EMP-10933,TRANSFER,2025-05-19,الإسكندرية - سموحة,الجيزة - الدقي,13846,0
EMP-16634,HIRE,2025-05-19,,القاهرة - التجمع الخامس,17051,0
EMP-12620,TERMINATION,2025-05-20,ACTIVE,NULL,9871,1
EMP-10069,HIRE,2025-05-20,,القاهرة - المعادي,13648,0
EMP-15362,HIRE,2025-05-20,,الجيزة - الدقي,16740,0
EMP-15058,TRANSFER,2025-05-20,التجمع,الجيزة - الدقي,9230,0
EMP-11849,TERMINATION,2025-05-20,ACTIVE,NULL,16174,1
EMP-12747,HIRE,2025-05-20,,الجيزة - الدقي,7448,0
EMP-16187,HIRE,2025-05-20,,القاهرة - التجمع الخامس,12502,0
EMP-12261,PROMOTION,2025-05-20,10517,16360,16360,0
EMP-12957,HIRE,2025-05-20,,الجيزة - الدقي,18467,0
EMP-12525,HIRE,2025-05-21,,القاهرة - المعادي,9740,0
EMP-14955,HIRE,2025-05-21,,بورسعيد - الشرق,13838,0
EMP-15355,HIRE,2025-05-21,,سموحة,7523,0
EMP-16439,HIRE,2025-05-21,,بورسعيد - الشرق,10574,0
EMP-11801,HIRE,2025-05-21,,بورسعيد - الشرق,16025,0
EMP-14283,HIRE,2025-05-21,,القاهره المعادي,16565,0
EMP-12840,TRANSFER,2025-05-21,الجيزة - الدقي,سموحة,11022,0
EMP-16915,PROMOTION,2025-05-22,14947,17090,17090,0
EMP-11940,HIRE,2025-05-22,,الاسكندرية سموحة,16605,0
EMP-14035,HIRE,2025-05-23,,الإسكندرية - سموحة,7037,0
EMP-11429,HIRE,2025-05-23,,الدقي,14765,0
EMP-11506,PROMOTION,2025-05-23,10649,14327,14327,0
EMP-10665,TRANSFER,2025-05-23,القاهره المعادي,سموحة,13342,0
EMP-10175,TERMINATION,2025-05-23,ACTIVE,Relocation,14419,1
EMP-14107,HIRE,2025-05-24,,فرع المعادي,7264,0
EMP-10273,HIRE,2025-05-24,,القاهره المعادي,11065,0
EMP-12038,TRANSFER,2025-05-25,الدقي,القاهرة - المعادي,9850,0
EMP-10184,HIRE,2025-05-25,,القاهره المعادي,11424,0
EMP-14726,PROMOTION,2025-05-25,18446,24197,24197,0
EMP-11254,PROMOTION,2025-05-25,16964,21375,21375,0
EMP-13467,HIRE,2025-05-26,,الاسكندرية سموحة,16581,0
EMP-16616,TRANSFER,2025-05-27,القاهرة - التجمع الخامس,القاهره المعادي,16574,0
EMP-13299,HIRE,2025-05-27,,القاهره المعادي,13297,0
EMP-14607,HIRE,2025-05-27,,الدقي,19197,0
EMP-12384,TRANSFER,2025-05-27,الدقي,التجمع,14445,0
EMP-12240,TERMINATION,2025-05-27,ACTIVE,Fired,18443,1
EMP-13917,HIRE,2025-05-27,,بورسعيد,19011,0
EMP-12614,TRANSFER,2025-05-28,فرع المعادي,القاهرة - التجمع الخامس,9601,0
EMP-16232,PROMOTION,2025-05-28,14725,19896,19896,0
EMP-14859,TERMINATION,2025-05-28,ACTIVE,Fired,16593,1
EMP-12931,HIRE,2025-05-28,,فرع المعادي,15007,0
EMP-10090,PROMOTION,2025-05-28,10945,18576,18576,0
EMP-16447,PROMOTION,2025-05-29,21368,26721,26721,0
EMP-10391,PROMOTION,2025-05-30,17645,25549,25549,0
EMP-12050,HIRE,2025-05-31,,بورسعيد,19803,0
EMP-15577,TERMINATION,2025-05-31,ACTIVE,NULL,13810,1
EMP-16115,HIRE,2025-05-31,,سموحة,9661,0
EMP-10166,HIRE,2025-05-31,,القاهرة - المعادي,14915,0
EMP-14723,HIRE,2025-05-31,,القاهرة - المعادي,17597,0
EMP-14072,PROMOTION,2025-05-31,10543,17029,17029,0
EMP-15876,HIRE,2025-06-01,,فرع المعادي,14775,0
EMP-10478,TERMINATION,2025-06-01,ACTIVE,Resignation,19851,1
EMP-14935,PROMOTION,2025-06-01,14870,17902,17902,0
EMP-14486,HIRE,2025-06-01,,القاهره المعادي,8110,0
EMP-12433,HIRE,2025-06-02,,الدقي,16293,0
EMP-11769,HIRE,2025-06-02,,بورسعيد - الشرق,18999,0
EMP-15266,PROMOTION,2025-06-02,9546,14650,14650,0
EMP-16673,HIRE,2025-06-03,,القاهرة - التجمع الخامس,14453,0
EMP-12323,TRANSFER,2025-06-03,بورسعيد,الاسكندرية سموحة,17729,0
EMP-12434,HIRE,2025-06-03,,القاهره المعادي,8117,0
EMP-12797,HIRE,2025-06-03,,الدقي,16331,0
EMP-16673,HIRE,2025-06-03,,القاهرة - التجمع الخامس,14453,0
EMP-15206,TRANSFER,2025-06-03,القاهرة - المعادي,بورسعيد,10660,0
EMP-11915,HIRE,2025-06-03,,الاسكندرية سموحة,17612,0
EMP-15706,HIRE,2025-06-03,,الاسكندرية سموحة,18556,0
EMP-11014,HIRE,2025-06-04,,الاسكندرية سموحة,11499,0
EMP-10567,PROMOTION,2025-06-04,19934,24895,24895,0
EMP-12627,HIRE,2025-06-04,,الجيزة - الدقي,14690,0
EMP-11463,PROMOTION,2025-06-04,17778,23793,23793,0
EMP-16244,HIRE,2025-06-04,,القاهرة - المعادي,8605,0
EMP-15981,HIRE,2025-06-04,,بورسعيد - الشرق,11634,0
EMP-16743,HIRE,2025-06-05,,الاسكندرية سموحة,9030,0
EMP-10900,HIRE,2025-06-05,,الاسكندرية سموحة,19431,0
EMP-13960,PROMOTION,2025-06-06,14573,21585,21585,0
EMP-10324,HIRE,2025-06-06,,التجمع,16143,0
EMP-14335,HIRE,2025-06-06,,بورسعيد,19130,0
EMP-11660,TRANSFER,2025-06-06,بورسعيد,الاسكندرية سموحة,10169,0
EMP-10154,TRANSFER,2025-06-06,الاسكندرية سموحة,فرع المعادي,19132,0
EMP-12683,HIRE,2025-06-06,,الإسكندرية - سموحة,12203,0
EMP-10540,HIRE,2025-06-07,,التجمع,12590,0
EMP-14116,HIRE,2025-06-07,,القاهرة - المعادي,19436,0
EMP-10565,TERMINATION,2025-06-07,ACTIVE,Relocation,16819,1
EMP-15332,HIRE,2025-06-07,,القاهره المعادي,16983,0
EMP-15022,PROMOTION,2025-06-08,18947,26008,26008,0
EMP-10049,HIRE,2025-06-08,,سموحة,18408,0
EMP-12798,HIRE,2025-06-08,,الدقي,19466,0
EMP-16861,PROMOTION,2025-06-08,14237,17315,17315,0
EMP-15138,TRANSFER,2025-06-09,فرع المعادي,سموحة,14594,0
EMP-15134,HIRE,2025-06-09,,فرع المعادي,12467,0
EMP-15037,PROMOTION,2025-06-10,10980,16455,16455,0
EMP-10714,TRANSFER,2025-06-10,الاسكندرية سموحة,القاهره المعادي,16105,0
EMP-13220,HIRE,2025-06-10,,بورسعيد - الشرق,11741,0
EMP-16570,TRANSFER,2025-06-10,الدقي,الاسكندرية سموحة,7068,0
EMP-10220,TRANSFER,2025-06-10,بورسعيد,القاهرة - المعادي,17683,0
EMP-10555,HIRE,2025-06-10,,الإسكندرية - سموحة,13580,0
EMP-15337,HIRE,2025-06-11,,الدقي,9239,0
EMP-15581,HIRE,2025-06-11,,سموحة,15266,0
EMP-16593,TRANSFER,2025-06-12,القاهرة - المعادي,فرع المعادي,20039,0
EMP-13341,HIRE,2025-06-12,,بورسعيد - الشرق,17728,0
EMP-15739,HIRE,2025-06-12,,القاهرة - المعادي,9491,0
EMP-16819,HIRE,2025-06-12,,الاسكندرية سموحة,13294,0
EMP-16747,HIRE,2025-06-13,,فرع المعادي,12876,0
EMP-12473,HIRE,2025-06-13,,فرع المعادي,7663,0
EMP-11447,HIRE,2025-06-14,,سموحة,19796,0
EMP-14852,HIRE,2025-06-14,,فرع المعادي,7763,0
EMP-13958,TRANSFER,2025-06-15,القاهره المعادي,الاسكندرية سموحة,7688,0
EMP-15180,TRANSFER,2025-06-15,الدقي,الاسكندرية سموحة,16106,0
EMP-16769,HIRE,2025-06-15,,التجمع,8116,0
EMP-15528,PROMOTION,2025-06-15,16993,21474,21474,0
EMP-16508,HIRE,2025-06-15,,الإسكندرية - سموحة,15648,0
EMP-14398,HIRE,2025-06-15,,الدقي,13803,0
EMP-15646,PROMOTION,2025-06-16,13456,19959,19959,0
EMP-16114,PROMOTION,2025-06-16,10019,17526,17526,0
EMP-10501,HIRE,2025-06-16,,الإسكندرية - سموحة,18926,0
EMP-11492,PROMOTION,2025-06-16,8006,12277,12277,0
EMP-16729,HIRE,2025-06-16,,الاسكندرية سموحة,11993,0
EMP-11155,TERMINATION,2025-06-16,ACTIVE,Resignation,11967,1
EMP-10147,HIRE,2025-06-16,,بورسعيد - الشرق,10073,0
EMP-11101,TRANSFER,2025-06-16,بورسعيد - الشرق,الجيزة - الدقي,11736,0
EMP-15208,HIRE,2025-06-16,,بورسعيد,8487,0
EMP-13185,HIRE,2025-06-16,,سموحة,7371,0
EMP-14821,HIRE,2025-06-17,,بورسعيد,19691,0
EMP-15224,HIRE,2025-06-17,,الجيزة - الدقي,12753,0
EMP-16208,PROMOTION,2025-06-18,8308,11910,11910,0
EMP-13523,HIRE,2025-06-18,,الإسكندرية - سموحة,16033,0
EMP-13116,PROMOTION,2025-06-18,12839,17800,17800,0
EMP-11207,PROMOTION,2025-06-18,18526,25835,25835,0
EMP-16825,HIRE,2025-06-18,,بورسعيد,15009,0
EMP-16672,HIRE,2025-06-18,,الدقي,8804,0
EMP-15203,TERMINATION,2025-06-18,ACTIVE,Fired,17927,1
EMP-12529,HIRE,2025-06-18,,بورسعيد,11037,0
EMP-15633,PROMOTION,2025-06-19,15881,23661,23661,0
EMP-11632,HIRE,2025-06-19,,فرع المعادي,19343,0
EMP-14392,PROMOTION,2025-06-19,16244,18822,18822,0
EMP-10783,HIRE,2025-06-19,,فرع المعادي,19563,0
EMP-13519,TERMINATION,2025-06-19,ACTIVE,NULL,11952,1
EMP-16245,HIRE,2025-06-19,,بورسعيد,18911,0
EMP-15550,HIRE,2025-06-19,,فرع المعادي,10994,0
EMP-16674,TERMINATION,2025-06-20,ACTIVE,Fired,13204,1
EMP-12630,HIRE,2025-06-20,,الإسكندرية - سموحة,13142,0
EMP-10160,HIRE,2025-06-20,,بورسعيد - الشرق,14042,0
EMP-14597,HIRE,2025-06-20,,القاهرة - المعادي,7586,0
EMP-15002,PROMOTION,2025-06-20,10229,15972,15972,0
EMP-11301,TERMINATION,2025-06-21,ACTIVE,NULL,10744,1
EMP-13515,TRANSFER,2025-06-21,بورسعيد,الإسكندرية - سموحة,17627,0
EMP-13515,TRANSFER,2025-06-21,بورسعيد,الإسكندرية - سموحة,17627,0
EMP-16599,PROMOTION,2025-06-21,18110,24632,24632,0
EMP-15835,HIRE,2025-06-21,,الاسكندرية سموحة,14626,0
EMP-15710,HIRE,2025-06-22,,بورسعيد - الشرق,18457,0
EMP-14889,PROMOTION,2025-06-22,17177,22444,22444,0
EMP-10825,HIRE,2025-06-22,,الإسكندرية - سموحة,11483,0
EMP-16702,TRANSFER,2025-06-22,الدقي,الإسكندرية - سموحة,7145,0
EMP-14912,TRANSFER,2025-06-22,القاهرة - التجمع الخامس,الإسكندرية - سموحة,8763,0
EMP-13734,PROMOTION,2025-06-22,13630,19736,19736,0
EMP-11311,TRANSFER,2025-06-23,الاسكندرية سموحة,الدقي,9217,0
EMP-11705,HIRE,2025-06-23,,القاهرة - المعادي,10378,0
EMP-10054,HIRE,2025-06-23,,القاهرة - التجمع الخامس,18701,0
EMP-15906,TRANSFER,2025-06-23,القاهرة - التجمع الخامس,القاهرة - المعادي,7752,0
EMP-14960,HIRE,2025-06-24,,القاهره المعادي,11416,0
EMP-16793,TRANSFER,2025-06-24,الدقي,بورسعيد,11497,0
EMP-12177,HIRE,2025-06-24,,الإسكندرية - سموحة,14510,0
EMP-11987,HIRE,2025-06-25,,القاهره المعادي,8229,0
EMP-14764,HIRE,2025-06-25,,القاهرة - التجمع الخامس,8438,0
EMP-13174,HIRE,2025-06-25,,فرع المعادي,11643,0
EMP-13026,TRANSFER,2025-06-25,التجمع,سموحة,13713,0
EMP-15954,HIRE,2025-06-26,,فرع المعادي,15655,0
EMP-14021,TRANSFER,2025-06-26,الدقي,بورسعيد,8490,0
EMP-10131,HIRE,2025-06-26,,بورسعيد,17093,0
EMP-11481,TRANSFER,2025-06-26,الجيزة - الدقي,الاسكندرية سموحة,19058,0
EMP-15387,PROMOTION,2025-06-27,15897,17951,17951,0
EMP-14776,HIRE,2025-06-27,,بورسعيد,7995,0
EMP-14053,PROMOTION,2025-06-27,13191,15280,15280,0
EMP-10373,PROMOTION,2025-06-27,17036,21015,21015,0
EMP-15917,PROMOTION,2025-06-27,12817,16528,16528,0
EMP-15812,HIRE,2025-06-28,,بورسعيد - الشرق,11943,0
EMP-12604,PROMOTION,2025-06-29,17838,20302,20302,0
EMP-16188,TRANSFER,2025-06-29,القاهرة - التجمع الخامس,سموحة,19228,0
EMP-11772,TERMINATION,2025-06-29,ACTIVE,NULL,16450,1
EMP-11145,HIRE,2025-06-30,,بورسعيد,16957,0
EMP-14477,PROMOTION,2025-06-30,7827,14689,14689,0
EMP-15641,HIRE,2025-06-30,,سموحة,17271,0
EMP-16533,HIRE,2025-06-30,,القاهرة - التجمع الخامس,12785,0
EMP-15094,PROMOTION,2025-06-30,7146,10357,10357,0
EMP-10142,HIRE,2025-06-30,,سموحة,15714,0
EMP-14615,HIRE,2025-07-01,,بورسعيد - الشرق,7725,0
EMP-11134,HIRE,2025-07-01,,فرع المعادي,14566,0
EMP-15394,PROMOTION,2025-07-01,18471,20891,20891,0
EMP-11886,HIRE,2025-07-01,,الإسكندرية - سموحة,19447,0
EMP-14732,PROMOTION,2025-07-01,21866,28916,28916,0
EMP-10893,HIRE,2025-07-01,,الدقي,10469,0
EMP-13659,HIRE,2025-07-02,,القاهره المعادي,18546,0
EMP-13841,PROMOTION,2025-07-02,10498,13537,13537,0
EMP-16423,HIRE,2025-07-02,,القاهرة - المعادي,8667,0
EMP-12878,PROMOTION,2025-07-03,8429,12865,12865,0
EMP-13813,TRANSFER,2025-07-03,بورسعيد - الشرق,سموحة,15846,0
EMP-14271,HIRE,2025-07-03,,الدقي,9339,0
EMP-11532,HIRE,2025-07-04,,الإسكندرية - سموحة,10124,0
EMP-16574,PROMOTION,2025-07-04,7572,13531,13531,0
EMP-11015,HIRE,2025-07-04,,الإسكندرية - سموحة,12478,0
EMP-13331,HIRE,2025-07-04,,بورسعيد,8147,0
EMP-12771,HIRE,2025-07-05,,التجمع,7813,0
EMP-15675,TERMINATION,2025-07-05,ACTIVE,Fired,13881,1
EMP-14541,TRANSFER,2025-07-06,بورسعيد,الدقي,8098,0
EMP-13910,TRANSFER,2025-07-06,الإسكندرية - سموحة,بورسعيد - الشرق,8408,0
EMP-14103,HIRE,2025-07-06,,سموحة,13137,0
EMP-13393,PROMOTION,2025-07-06,13069,17166,17166,0
EMP-12019,HIRE,2025-07-06,,سموحة,17690,0
EMP-12772,HIRE,2025-07-07,,القاهرة - التجمع الخامس,11110,0
EMP-14501,TRANSFER,2025-07-07,التجمع,القاهرة - التجمع الخامس,24580,0
EMP-14235,PROMOTION,2025-07-07,8878,16445,16445,0
EMP-15175,HIRE,2025-07-07,,بورسعيد,8151,0
EMP-14907,PROMOTION,2025-07-07,23524,26503,26503,0
EMP-12435,PROMOTION,2025-07-07,17877,20962,20962,0
EMP-11967,HIRE,2025-07-08,,بورسعيد - الشرق,9120,0
EMP-12501,HIRE,2025-07-08,,الاسكندرية سموحة,11872,0
EMP-12655,PROMOTION,2025-07-08,9893,17477,17477,0
EMP-10456,HIRE,2025-07-08,,الدقي,13168,0
EMP-16791,HIRE,2025-07-08,,الدقي,12673,0
EMP-15122,HIRE,2025-07-08,,فرع المعادي,8539,0
EMP-12311,PROMOTION,2025-07-09,8777,12606,12606,0
EMP-13389,HIRE,2025-07-09,,بورسعيد,10605,0
EMP-15046,TRANSFER,2025-07-09,القاهرة - المعادي,الإسكندرية - سموحة,14258,0
EMP-10552,HIRE,2025-07-09,,الدقي,18139,0
EMP-15570,HIRE,2025-07-10,,سموحة,17264,0
EMP-16200,HIRE,2025-07-10,,التجمع,12579,0
EMP-13359,TRANSFER,2025-07-10,القاهره المعادي,سموحة,8863,0
EMP-15405,TERMINATION,2025-07-11,ACTIVE,NULL,11028,1
EMP-11189,HIRE,2025-07-11,,القاهره المعادي,7591,0
EMP-13768,HIRE,2025-07-11,,التجمع,13172,0
EMP-11432,TERMINATION,2025-07-11,ACTIVE,Resignation,19007,1
EMP-15952,TRANSFER,2025-07-11,القاهرة - المعادي,القاهرة - المعادي,8481,0
EMP-15918,HIRE,2025-07-11,,الإسكندرية - سموحة,12325,0
EMP-15913,HIRE,2025-07-12,,فرع المعادي,9326,0
EMP-11507,HIRE,2025-07-13,,سموحة,12267,0
EMP-10695,TRANSFER,2025-07-13,الدقي,بورسعيد - الشرق,17031,0
EMP-15289,HIRE,2025-07-13,,القاهره المعادي,19191,0
EMP-11539,HIRE,2025-07-13,,الاسكندرية سموحة,9818,0
EMP-11737,HIRE,2025-07-14,,الدقي,13684,0
EMP-14172,HIRE,2025-07-14,,القاهرة - التجمع الخامس,9290,0
EMP-16654,TERMINATION,2025-07-14,ACTIVE,NULL,9118,1
EMP-11140,HIRE,2025-07-15,,القاهرة - المعادي,18683,0
EMP-10963,TERMINATION,2025-07-15,ACTIVE,Fired,22876,1
EMP-10679,HIRE,2025-07-15,,بورسعيد,18034,0
EMP-10611,HIRE,2025-07-15,,الإسكندرية - سموحة,10208,0
EMP-11140,HIRE,2025-07-15,,القاهرة - المعادي,18683,0
EMP-12545,HIRE,2025-07-15,,الدقي,18285,0
EMP-11307,TRANSFER,2025-07-15,القاهرة - المعادي,التجمع,19419,0
EMP-15422,HIRE,2025-07-16,,القاهرة - التجمع الخامس,11075,0
EMP-10779,PROMOTION,2025-07-16,9249,12111,12111,0
EMP-11775,HIRE,2025-07-16,,الجيزة - الدقي,12209,0
EMP-12973,HIRE,2025-07-16,,الجيزة - الدقي,15304,0
EMP-12524,HIRE,2025-07-17,,بورسعيد,11720,0
EMP-10370,HIRE,2025-07-17,,بورسعيد - الشرق,11895,0
EMP-11575,PROMOTION,2025-07-18,17779,22347,22347,0
EMP-13341,PROMOTION,2025-07-18,17728,25096,25096,0
EMP-10740,TRANSFER,2025-07-18,القاهره المعادي,الدقي,14676,0
EMP-15615,HIRE,2025-07-18,,القاهره المعادي,11475,0
EMP-11368,TRANSFER,2025-07-18,الدقي,القاهره المعادي,16916,0
EMP-13663,TRANSFER,2025-07-18,القاهره المعادي,القاهرة - المعادي,12483,0
EMP-14305,TRANSFER,2025-07-19,بورسعيد - الشرق,بورسعيد,18233,0
EMP-10244,HIRE,2025-07-19,,القاهرة - التجمع الخامس,9585,0
EMP-14586,HIRE,2025-07-19,,الدقي,18516,0
EMP-14338,TERMINATION,2025-07-20,ACTIVE,Fired,12487,1
EMP-11833,HIRE,2025-07-21,,القاهره المعادي,14436,0
EMP-14255,HIRE,2025-07-21,,بورسعيد - الشرق,12107,0
EMP-15144,HIRE,2025-07-22,,الإسكندرية - سموحة,19059,0
EMP-13696,HIRE,2025-07-22,,سموحة,16682,0
EMP-16391,TRANSFER,2025-07-22,التجمع,القاهرة - المعادي,12988,0
EMP-15144,HIRE,2025-07-22,,الإسكندرية - سموحة,19059,0
EMP-10055,HIRE,2025-07-22,,بورسعيد,9833,0
EMP-16071,PROMOTION,2025-07-22,16670,21336,21336,0
EMP-11862,HIRE,2025-07-23,,القاهرة - التجمع الخامس,15327,0
EMP-12329,HIRE,2025-07-23,,الدقي,8848,0
EMP-12026,TRANSFER,2025-07-23,الدقي,الجيزة - الدقي,7465,0
EMP-11707,TRANSFER,2025-07-24,القاهرة - المعادي,القاهره المعادي,24519,0
EMP-15981,TERMINATION,2025-07-24,ACTIVE,Fired,11634,1
EMP-12394,HIRE,2025-07-24,,القاهرة - المعادي,10579,0
EMP-10275,HIRE,2025-07-24,,الاسكندرية سموحة,15646,0
EMP-12666,HIRE,2025-07-24,,الجيزة - الدقي,7565,0
EMP-10429,HIRE,2025-07-25,,الإسكندرية - سموحة,18944,0
EMP-12761,HIRE,2025-07-25,,فرع المعادي,16749,0
EMP-14502,HIRE,2025-07-25,,القاهرة - المعادي,17055,0
EMP-11860,PROMOTION,2025-07-25,7594,15168,15168,0
EMP-16008,PROMOTION,2025-07-26,19518,23393,23393,0
EMP-11315,HIRE,2025-07-26,,القاهرة - التجمع الخامس,13853,0
EMP-10554,PROMOTION,2025-07-26,24451,30530,30530,0
EMP-15878,PROMOTION,2025-07-26,25528,30937,30937,0
EMP-14635,HIRE,2025-07-26,,الاسكندرية سموحة,9356,0
EMP-14438,HIRE,2025-07-26,,الإسكندرية - سموحة,17886,0
EMP-13002,HIRE,2025-07-27,,الإسكندرية - سموحة,12554,0
EMP-13793,HIRE,2025-07-27,,بورسعيد - الشرق,9851,0
EMP-13203,PROMOTION,2025-07-27,9372,16205,16205,0
EMP-16077,TERMINATION,2025-07-28,ACTIVE,NULL,16196,1
EMP-11846,HIRE,2025-07-28,,القاهرة - التجمع الخامس,18196,0
EMP-13333,HIRE,2025-07-28,,القاهره المعادي,10478,0
EMP-14447,TRANSFER,2025-07-29,سموحة,الاسكندرية سموحة,15434,0
EMP-12375,PROMOTION,2025-07-29,14266,17972,17972,0
EMP-14874,HIRE,2025-07-29,,سموحة,18813,0
EMP-15255,HIRE,2025-07-29,,القاهرة - التجمع الخامس,8534,0
EMP-12141,PROMOTION,2025-07-29,9121,12727,12727,0
EMP-12141,PROMOTION,2025-07-29,9121,12727,12727,0
EMP-13697,HIRE,2025-07-29,,بورسعيد - الشرق,17850,0
EMP-13967,HIRE,2025-07-30,,القاهرة - التجمع الخامس,16673,0
EMP-10437,HIRE,2025-07-30,,بورسعيد,8354,0
EMP-13947,HIRE,2025-07-30,,الاسكندرية سموحة,19066,0
EMP-15211,HIRE,2025-07-30,,الجيزة - الدقي,14212,0
EMP-13197,TERMINATION,2025-07-31,ACTIVE,Fired,22414,1
EMP-15572,HIRE,2025-07-31,,الاسكندرية سموحة,9375,0
EMP-13330,TRANSFER,2025-07-31,سموحة,القاهرة - المعادي,10007,0
EMP-15887,HIRE,2025-07-31,,الإسكندرية - سموحة,11603,0
EMP-12358,PROMOTION,2025-07-31,27143,34028,34028,0
EMP-15713,TERMINATION,2025-08-01,ACTIVE,Fired,31504,1
EMP-12633,HIRE,2025-08-01,,الجيزة - الدقي,15505,0
EMP-12308,TRANSFER,2025-08-01,الدقي,سموحة,19783,0
EMP-10914,TRANSFER,2025-08-02,فرع المعادي,بورسعيد - الشرق,9808,0
EMP-15932,PROMOTION,2025-08-02,22131,26253,26253,0
EMP-12870,HIRE,2025-08-02,,القاهرة - التجمع الخامس,10905,0
EMP-11776,HIRE,2025-08-02,,بورسعيد - الشرق,12322,0
EMP-14009,TRANSFER,2025-08-02,فرع المعادي,القاهرة - المعادي,16580,0
EMP-14194,TRANSFER,2025-08-02,فرع المعادي,التجمع,13388,0
EMP-14858,HIRE,2025-08-03,,الاسكندرية سموحة,8629,0
EMP-14645,HIRE,2025-08-03,,بورسعيد,13926,0
EMP-14898,TRANSFER,2025-08-03,الإسكندرية - سموحة,الاسكندرية سموحة,8058,0
EMP-14880,HIRE,2025-08-03,,فرع المعادي,17257,0
EMP-11895,HIRE,2025-08-03,,بورسعيد - الشرق,14961,0
EMP-14945,PROMOTION,2025-08-03,24442,30419,30419,0
EMP-12865,HIRE,2025-08-04,,التجمع,17784,0
EMP-15566,HIRE,2025-08-04,,الجيزة - الدقي,16525,0
EMP-11470,TRANSFER,2025-08-04,بورسعيد - الشرق,الإسكندرية - سموحة,18544,0
EMP-11669,TERMINATION,2025-08-04,ACTIVE,Fired,14592,1
EMP-11340,PROMOTION,2025-08-04,7978,15584,15584,0
EMP-15011,TERMINATION,2025-08-05,ACTIVE,NULL,15194,1
EMP-13267,HIRE,2025-08-05,,القاهرة - المعادي,9172,0
EMP-16446,TRANSFER,2025-08-06,القاهره المعادي,الاسكندرية سموحة,10787,0
EMP-15959,HIRE,2025-08-06,,الاسكندرية سموحة,15942,0
EMP-15177,HIRE,2025-08-06,,الإسكندرية - سموحة,14447,0
EMP-14105,HIRE,2025-08-06,,الإسكندرية - سموحة,19613,0
EMP-15794,PROMOTION,2025-08-07,8469,15331,15331,0
EMP-11232,HIRE,2025-08-07,,القاهرة - المعادي,17195,0
EMP-12109,HIRE,2025-08-07,,القاهره المعادي,12711,0
EMP-15993,PROMOTION,2025-08-07,7152,12369,12369,0
EMP-14463,HIRE,2025-08-08,,فرع المعادي,17324,0
EMP-14261,HIRE,2025-08-08,,الدقي,12530,0
EMP-11694,TRANSFER,2025-08-08,الاسكندرية سموحة,الجيزة - الدقي,16356,0
EMP-11395,HIRE,2025-08-08,,التجمع,12136,0
EMP-16572,HIRE,2025-08-09,,الإسكندرية - سموحة,12872,0
EMP-16070,TERMINATION,2025-08-09,ACTIVE,Resignation,16172,1
EMP-12002,HIRE,2025-08-09,,الإسكندرية - سموحة,16977,0
EMP-10902,HIRE,2025-08-10,,القاهره المعادي,16020,0
EMP-16304,HIRE,2025-08-10,,الدقي,8334,0
EMP-11026,HIRE,2025-08-10,,سموحة,16925,0
EMP-10284,TRANSFER,2025-08-10,سموحة,القاهرة - التجمع الخامس,16875,0
EMP-11971,HIRE,2025-08-10,,الاسكندرية سموحة,14097,0
EMP-14619,HIRE,2025-08-11,,التجمع,13871,0
EMP-16768,HIRE,2025-08-11,,الدقي,15248,0
EMP-10027,TRANSFER,2025-08-11,فرع المعادي,الاسكندرية سموحة,17457,0
EMP-10308,HIRE,2025-08-11,,الإسكندرية - سموحة,18638,0
EMP-12890,HIRE,2025-08-11,,القاهرة - التجمع الخامس,19028,0
EMP-15028,TRANSFER,2025-08-11,بورسعيد - الشرق,القاهرة - التجمع الخامس,13182,0
EMP-16376,PROMOTION,2025-08-11,16136,18285,18285,0
EMP-11750,HIRE,2025-08-12,,الجيزة - الدقي,9762,0
EMP-11752,HIRE,2025-08-12,,القاهرة - المعادي,17956,0
EMP-12475,HIRE,2025-08-12,,فرع المعادي,15005,0
EMP-12310,PROMOTION,2025-08-12,12789,16137,16137,0
EMP-11055,HIRE,2025-08-12,,سموحة,9485,0
EMP-15339,TRANSFER,2025-08-12,بورسعيد - الشرق,الإسكندرية - سموحة,19548,0
EMP-11750,HIRE,2025-08-12,,الجيزة - الدقي,9762,0
EMP-16760,HIRE,2025-08-12,,الإسكندرية - سموحة,13367,0
EMP-10260,HIRE,2025-08-13,,فرع المعادي,12359,0
EMP-14364,HIRE,2025-08-13,,بورسعيد,12760,0
EMP-15782,HIRE,2025-08-13,,التجمع,18311,0
EMP-15986,PROMOTION,2025-08-13,14523,20222,20222,0
EMP-15793,HIRE,2025-08-13,,القاهرة - المعادي,14580,0
EMP-14306,HIRE,2025-08-14,,فرع المعادي,12099,0
EMP-15550,TERMINATION,2025-08-14,ACTIVE,Fired,10994,1
EMP-16882,PROMOTION,2025-08-14,18301,22977,22977,0
EMP-11998,TERMINATION,2025-08-14,ACTIVE,Fired,8142,1
EMP-15684,TRANSFER,2025-08-15,الاسكندرية سموحة,التجمع,19059,0
EMP-14784,HIRE,2025-08-15,,الاسكندرية سموحة,18197,0
EMP-11929,HIRE,2025-08-16,,سموحة,17537,0
EMP-16014,PROMOTION,2025-08-16,18351,25469,25469,0
EMP-15744,HIRE,2025-08-16,,القاهره المعادي,19073,0
EMP-10273,TRANSFER,2025-08-16,القاهره المعادي,فرع المعادي,11065,0
EMP-14955,PROMOTION,2025-08-16,13838,16330,16330,0
EMP-12363,TRANSFER,2025-08-17,بورسعيد,الاسكندرية سموحة,19760,0
EMP-13326,TRANSFER,2025-08-17,الاسكندرية سموحة,الاسكندرية سموحة,13226,0
EMP-14064,TRANSFER,2025-08-18,سموحة,فرع المعادي,18652,0
EMP-12318,HIRE,2025-08-18,,القاهره المعادي,18457,0
EMP-15160,HIRE,2025-08-18,,الاسكندرية سموحة,7791,0
EMP-14639,PROMOTION,2025-08-19,10318,17255,17255,0
EMP-16848,HIRE,2025-08-19,,سموحة,17912,0
EMP-12225,TRANSFER,2025-08-19,الدقي,فرع المعادي,8709,0
EMP-14536,PROMOTION,2025-08-20,8227,15299,15299,0
EMP-16153,HIRE,2025-08-20,,القاهرة - المعادي,11931,0
EMP-14308,HIRE,2025-08-21,,الدقي,16543,0
EMP-16355,HIRE,2025-08-21,,التجمع,13931,0
EMP-11019,HIRE,2025-08-21,,سموحة,9379,0
EMP-11463,PROMOTION,2025-08-21,23793,28401,28401,0
EMP-12786,HIRE,2025-08-21,,سموحة,9014,0
EMP-10361,HIRE,2025-08-22,,القاهرة - المعادي,14085,0
EMP-13352,HIRE,2025-08-23,,القاهرة - المعادي,12617,0
EMP-16961,HIRE,2025-08-23,,الدقي,18969,0
EMP-11622,HIRE,2025-08-23,,الاسكندرية سموحة,7338,0
EMP-11622,HIRE,2025-08-23,,الاسكندرية سموحة,7338,0
EMP-13618,TRANSFER,2025-08-23,فرع المعادي,الاسكندرية سموحة,14023,0
EMP-16577,HIRE,2025-08-23,,بورسعيد - الشرق,17846,0
EMP-11223,HIRE,2025-08-24,,بورسعيد,10736,0
EMP-14000,HIRE,2025-08-24,,القاهره المعادي,10612,0
EMP-13376,TERMINATION,2025-08-24,ACTIVE,Fired,17013,1
EMP-14122,HIRE,2025-08-24,,الإسكندرية - سموحة,8272,0
EMP-14122,HIRE,2025-08-24,,الإسكندرية - سموحة,8272,0
EMP-15924,HIRE,2025-08-24,,الاسكندرية سموحة,7186,0
EMP-12875,HIRE,2025-08-25,,بورسعيد,15718,0
EMP-10321,TRANSFER,2025-08-25,بورسعيد,بورسعيد,18954,0
EMP-11676,HIRE,2025-08-25,,فرع المعادي,12206,0
EMP-11818,HIRE,2025-08-25,,القاهرة - المعادي,16037,0
EMP-14532,HIRE,2025-08-26,,الدقي,8830,0
EMP-14653,TERMINATION,2025-08-26,ACTIVE,NULL,16354,1
EMP-10736,TRANSFER,2025-08-27,التجمع,القاهره المعادي,17915,0
EMP-16764,HIRE,2025-08-27,,بورسعيد,15399,0
EMP-11643,HIRE,2025-08-27,,فرع المعادي,8603,0
EMP-12315,HIRE,2025-08-27,,فرع المعادي,15984,0
EMP-13236,TRANSFER,2025-08-28,الاسكندرية سموحة,الجيزة - الدقي,15271,0
EMP-11681,HIRE,2025-08-28,,فرع المعادي,12913,0
EMP-10032,PROMOTION,2025-08-28,16350,20605,20605,0
EMP-10735,HIRE,2025-08-28,,بورسعيد - الشرق,12000,0
EMP-11312,HIRE,2025-08-29,,القاهرة - المعادي,12726,0
EMP-16677,HIRE,2025-08-29,,القاهرة - التجمع الخامس,13773,0
EMP-14399,HIRE,2025-08-29,,الاسكندرية سموحة,18891,0
EMP-15963,HIRE,2025-08-30,,الإسكندرية - سموحة,15091,0
EMP-16720,TRANSFER,2025-08-30,التجمع,بورسعيد,15750,0
EMP-14743,HIRE,2025-08-30,,سموحة,12241,0
EMP-12395,HIRE,2025-08-30,,سموحة,11942,0
EMP-15183,HIRE,2025-08-31,,بورسعيد,14962,0
EMP-12839,HIRE,2025-08-31,,سموحة,11068,0
EMP-12598,HIRE,2025-09-01,,الدقي,16531,0
EMP-16960,HIRE,2025-09-01,,بورسعيد,7603,0
EMP-15091,PROMOTION,2025-09-01,15892,22201,22201,0
EMP-13392,PROMOTION,2025-09-01,12517,15034,15034,0
EMP-16215,HIRE,2025-09-01,,القاهرة - المعادي,7196,0
EMP-13758,PROMOTION,2025-09-02,15953,23415,23415,0
EMP-13648,HIRE,2025-09-02,,الإسكندرية - سموحة,7088,0
EMP-12850,HIRE,2025-09-02,,الدقي,17097,0
EMP-13421,PROMOTION,2025-09-02,23115,28386,28386,0
EMP-12850,HIRE,2025-09-02,,الدقي,17097,0
EMP-10051,HIRE,2025-09-02,,سموحة,9235,0
EMP-13612,TRANSFER,2025-09-03,فرع المعادي,الاسكندرية سموحة,8951,0
EMP-13541,HIRE,2025-09-03,,الاسكندرية سموحة,13468,0
EMP-13725,TRANSFER,2025-09-03,الإسكندرية - سموحة,القاهرة - المعادي,19707,0
EMP-16244,PROMOTION,2025-09-04,8605,14821,14821,0
EMP-16145,HIRE,2025-09-04,,التجمع,10650,0
EMP-16648,TERMINATION,2025-09-04,ACTIVE,Resignation,18215,1
EMP-13869,PROMOTION,2025-09-04,15421,22726,22726,0
EMP-15735,HIRE,2025-09-04,,القاهرة - التجمع الخامس,15231,0
EMP-12031,TRANSFER,2025-09-04,الجيزة - الدقي,الجيزة - الدقي,8130,0
EMP-16086,TRANSFER,2025-09-04,القاهرة - المعادي,الدقي,12540,0
EMP-13965,TRANSFER,2025-09-05,القاهره المعادي,القاهرة - التجمع الخامس,12126,0
EMP-16513,HIRE,2025-09-05,,الدقي,13561,0
EMP-12171,TRANSFER,2025-09-06,التجمع,القاهرة - التجمع الخامس,11400,0
EMP-15914,HIRE,2025-09-06,,القاهرة - المعادي,14329,0
EMP-15840,PROMOTION,2025-09-06,8940,14496,14496,0
EMP-13328,PROMOTION,2025-09-07,15517,19515,19515,0
EMP-14261,PROMOTION,2025-09-08,12530,19918,19918,0
EMP-11766,HIRE,2025-09-08,,القاهره المعادي,11289,0
EMP-13390,TRANSFER,2025-09-08,بورسعيد - الشرق,الدقي,10022,0
EMP-15501,HIRE,2025-09-08,,القاهرة - التجمع الخامس,17680,0
EMP-15114,HIRE,2025-09-08,,القاهره المعادي,17302,0
EMP-15510,HIRE,2025-09-08,,بورسعيد,16165,0
EMP-12092,TRANSFER,2025-09-09,القاهرة - المعادي,بورسعيد - الشرق,17901,0
EMP-11784,TRANSFER,2025-09-09,التجمع,القاهرة - المعادي,17365,0
EMP-10581,HIRE,2025-09-09,,القاهرة - المعادي,15967,0
EMP-13201,TRANSFER,2025-09-10,الإسكندرية - سموحة,القاهرة - المعادي,12955,0
EMP-16872,TRANSFER,2025-09-10,سموحة,الجيزة - الدقي,15216,0
EMP-14400,HIRE,2025-09-10,,الإسكندرية - سموحة,13350,0
EMP-13396,PROMOTION,2025-09-10,12622,16815,16815,0
EMP-12557,HIRE,2025-09-11,,الدقي,13515,0
EMP-13216,TRANSFER,2025-09-11,بورسعيد - الشرق,التجمع,7677,0
EMP-15126,TRANSFER,2025-09-11,القاهرة - التجمع الخامس,الاسكندرية سموحة,8648,0
EMP-15186,HIRE,2025-09-11,,القاهره المعادي,9352,0
EMP-10611,TERMINATION,2025-09-12,ACTIVE,Relocation,10208,1
EMP-15271,PROMOTION,2025-09-12,24693,26725,26725,0
EMP-12120,TRANSFER,2025-09-12,بورسعيد - الشرق,بورسعيد - الشرق,11750,0
EMP-11480,HIRE,2025-09-13,,القاهره المعادي,17864,0
EMP-13586,HIRE,2025-09-13,,القاهرة - التجمع الخامس,17473,0
EMP-12726,PROMOTION,2025-09-13,12328,17066,17066,0
EMP-10199,HIRE,2025-09-13,,الاسكندرية سموحة,7774,0
EMP-16076,PROMOTION,2025-09-13,13378,20275,20275,0
EMP-11863,PROMOTION,2025-09-13,18311,25886,25886,0
EMP-14123,HIRE,2025-09-13,,بورسعيد,11829,0
EMP-12143,HIRE,2025-09-13,,الاسكندرية سموحة,7874,0
EMP-14523,TRANSFER,2025-09-14,القاهرة - التجمع الخامس,الإسكندرية - سموحة,12123,0
EMP-14128,PROMOTION,2025-09-14,18606,23647,23647,0
EMP-10724,HIRE,2025-09-14,,التجمع,9502,0
EMP-12157,TRANSFER,2025-09-15,القاهره المعادي,سموحة,13171,0
EMP-11073,HIRE,2025-09-15,,بورسعيد - الشرق,16743,0
EMP-11592,HIRE,2025-09-15,,التجمع,14029,0
EMP-14208,PROMOTION,2025-09-15,15061,19087,19087,0
EMP-15989,HIRE,2025-09-15,,بورسعيد,8896,0
EMP-14975,HIRE,2025-09-15,,فرع المعادي,8300,0
EMP-12542,HIRE,2025-09-15,,الاسكندرية سموحة,13742,0
EMP-14310,HIRE,2025-09-16,,الدقي,19725,0
EMP-15401,HIRE,2025-09-16,,بورسعيد - الشرق,10478,0
EMP-12594,HIRE,2025-09-16,,الإسكندرية - سموحة,15346,0
EMP-15020,HIRE,2025-09-16,,القاهرة - المعادي,10241,0
EMP-12547,HIRE,2025-09-16,,الاسكندرية سموحة,8282,0
EMP-10809,HIRE,2025-09-16,,الاسكندرية سموحة,10076,0
EMP-16873,HIRE,2025-09-16,,الجيزة - الدقي,8331,0
EMP-16057,TRANSFER,2025-09-17,سموحة,القاهره المعادي,18139,0
EMP-14020,HIRE,2025-09-17,,فرع المعادي,11811,0
EMP-14316,HIRE,2025-09-17,,الإسكندرية - سموحة,14590,0
EMP-12206,TRANSFER,2025-09-17,الدقي,الجيزة - الدقي,8930,0
EMP-12701,HIRE,2025-09-18,,الإسكندرية - سموحة,16215,0
EMP-13977,HIRE,2025-09-18,,القاهرة - التجمع الخامس,8023,0
EMP-12951,HIRE,2025-09-18,,الإسكندرية - سموحة,19538,0
EMP-16246,HIRE,2025-09-18,,سموحة,19537,0
EMP-16934,HIRE,2025-09-19,,التجمع,17109,0
EMP-13601,HIRE,2025-09-19,,القاهرة - التجمع الخامس,9190,0
EMP-16698,PROMOTION,2025-09-19,19405,26997,26997,0
EMP-13141,PROMOTION,2025-09-20,8625,12748,12748,0
EMP-14820,TERMINATION,2025-09-20,ACTIVE,Fired,30706,1
EMP-12990,HIRE,2025-09-20,,القاهرة - التجمع الخامس,8248,0
EMP-10771,TRANSFER,2025-09-20,الدقي,القاهرة - المعادي,7406,0
EMP-11656,TERMINATION,2025-09-20,ACTIVE,NULL,14248,1
EMP-15385,HIRE,2025-09-21,,الجيزة - الدقي,10733,0
EMP-11396,PROMOTION,2025-09-21,16659,18764,18764,0
EMP-13391,HIRE,2025-09-21,,بورسعيد - الشرق,19344,0
EMP-12131,PROMOTION,2025-09-21,16125,18760,18760,0
EMP-10761,HIRE,2025-09-22,,القاهرة - المعادي,19030,0
EMP-10673,HIRE,2025-09-22,,الاسكندرية سموحة,8329,0
EMP-10774,HIRE,2025-09-22,,الجيزة - الدقي,14954,0
EMP-10197,HIRE,2025-09-22,,سموحة,18802,0
EMP-12225,PROMOTION,2025-09-23,8709,13038,13038,0
EMP-16504,PROMOTION,2025-09-23,18617,20947,20947,0
EMP-11611,PROMOTION,2025-09-23,7299,10583,10583,0
EMP-16809,HIRE,2025-09-24,,بورسعيد,13182,0
EMP-14916,HIRE,2025-09-24,,بورسعيد,17132,0
EMP-16231,HIRE,2025-09-24,,الجيزة - الدقي,16921,0
EMP-13845,TRANSFER,2025-09-24,الدقي,التجمع,7886,0
EMP-10938,HIRE,2025-09-24,,بورسعيد,16232,0
EMP-10711,PROMOTION,2025-09-24,16148,22228,22228,0
EMP-14539,HIRE,2025-09-24,,الدقي,19934,0
EMP-12384,TERMINATION,2025-09-25,ACTIVE,Resignation,14445,1
EMP-15039,HIRE,2025-09-25,,بورسعيد,16742,0
EMP-15497,TRANSFER,2025-09-26,الدقي,القاهرة - المعادي,10740,0
EMP-11125,HIRE,2025-09-26,,القاهره المعادي,14455,0
EMP-15134,TERMINATION,2025-09-26,ACTIVE,NULL,12467,1
EMP-12459,HIRE,2025-09-26,,الجيزة - الدقي,16817,0
EMP-15058,TERMINATION,2025-09-27,ACTIVE,NULL,9230,1
EMP-10543,HIRE,2025-09-27,,فرع المعادي,7987,0
EMP-13696,TRANSFER,2025-09-27,سموحة,سموحة,16682,0
EMP-16522,HIRE,2025-09-27,,الجيزة - الدقي,8288,0
EMP-12806,TRANSFER,2025-09-27,بورسعيد,فرع المعادي,8844,0
EMP-13641,HIRE,2025-09-28,,بورسعيد,8276,0
EMP-12891,HIRE,2025-09-28,,بورسعيد,17873,0
EMP-15982,HIRE,2025-09-28,,التجمع,9945,0
EMP-16129,PROMOTION,2025-09-28,13968,19833,19833,0
EMP-15723,HIRE,2025-09-28,,الجيزة - الدقي,8151,0
EMP-11722,PROMOTION,2025-09-28,7501,12177,12177,0
EMP-13475,PROMOTION,2025-09-28,9876,14522,14522,0
EMP-15419,HIRE,2025-09-28,,القاهرة - المعادي,18003,0
EMP-16115,TRANSFER,2025-09-28,سموحة,الإسكندرية - سموحة,9661,0
EMP-14706,TRANSFER,2025-09-29,الإسكندرية - سموحة,الإسكندرية - سموحة,11521,0
EMP-16766,HIRE,2025-09-29,,الاسكندرية سموحة,18332,0
EMP-10729,HIRE,2025-09-29,,الإسكندرية - سموحة,18624,0
EMP-10879,PROMOTION,2025-09-29,16377,21790,21790,0
EMP-11427,HIRE,2025-09-29,,الدقي,17911,0
EMP-15464,HIRE,2025-09-30,,بورسعيد,7674,0
EMP-16027,TRANSFER,2025-09-30,القاهرة - التجمع الخامس,فرع المعادي,13409,0
EMP-11508,HIRE,2025-09-30,,القاهرة - التجمع الخامس,10092,0
EMP-13552,TRANSFER,2025-09-30,التجمع,فرع المعادي,12989,0
EMP-16447,TRANSFER,2025-09-30,القاهرة - التجمع الخامس,الإسكندرية - سموحة,26721,0
EMP-13582,HIRE,2025-10-01,,الاسكندرية سموحة,11364,0
EMP-10339,HIRE,2025-10-01,,بورسعيد,13363,0
EMP-13456,HIRE,2025-10-01,,الدقي,18608,0
EMP-15194,TRANSFER,2025-10-01,بورسعيد - الشرق,فرع المعادي,17452,0
EMP-10068,HIRE,2025-10-01,,الدقي,7190,0
EMP-10140,HIRE,2025-10-01,,القاهرة - التجمع الخامس,11889,0
EMP-10802,HIRE,2025-10-02,,القاهرة - المعادي,10763,0
EMP-10117,HIRE,2025-10-02,,القاهرة - التجمع الخامس,11679,0
EMP-14131,HIRE,2025-10-02,,الاسكندرية سموحة,7984,0
EMP-10603,TRANSFER,2025-10-02,فرع المعادي,القاهرة - المعادي,11519,0
EMP-10788,PROMOTION,2025-10-02,14907,22235,22235,0
EMP-15080,HIRE,2025-10-03,,الجيزة - الدقي,8305,0
EMP-11542,HIRE,2025-10-03,,الدقي,11496,0
EMP-10616,HIRE,2025-10-03,,فرع المعادي,18313,0
EMP-16286,HIRE,2025-10-04,,الإسكندرية - سموحة,7565,0
EMP-13556,HIRE,2025-10-04,,التجمع,9133,0
EMP-13692,HIRE,2025-10-04,,بورسعيد,18521,0
EMP-13533,HIRE,2025-10-04,,الاسكندرية سموحة,10521,0
EMP-15461,PROMOTION,2025-10-04,19984,26495,26495,0
EMP-16830,PROMOTION,2025-10-05,18744,20916,20916,0
EMP-10312,HIRE,2025-10-05,,الإسكندرية - سموحة,8184,0
EMP-14673,HIRE,2025-10-05,,الإسكندرية - سموحة,12201,0
EMP-13723,HIRE,2025-10-05,,بورسعيد - الشرق,19020,0
EMP-15006,TERMINATION,2025-10-05,ACTIVE,Resignation,10764,1
EMP-10534,HIRE,2025-10-06,,بورسعيد - الشرق,10133,0
EMP-12391,PROMOTION,2025-10-06,17967,20297,20297,0
EMP-14834,PROMOTION,2025-10-06,7598,11731,11731,0
EMP-15874,HIRE,2025-10-07,,بورسعيد,13489,0
EMP-15377,PROMOTION,2025-10-07,13164,16311,16311,0
EMP-16149,HIRE,2025-10-07,,بورسعيد,13267,0
EMP-16058,PROMOTION,2025-10-08,17396,24368,24368,0
EMP-13087,HIRE,2025-10-08,,التجمع,7438,0
EMP-16453,HIRE,2025-10-08,,بورسعيد,16587,0
EMP-12331,PROMOTION,2025-10-08,19427,24948,24948,0
EMP-14537,HIRE,2025-10-08,,سموحة,8162,0
EMP-16810,HIRE,2025-10-08,,الاسكندرية سموحة,18237,0
EMP-14243,TRANSFER,2025-10-08,بورسعيد,الجيزة - الدقي,23795,0
EMP-13227,HIRE,2025-10-09,,الجيزة - الدقي,13051,0
EMP-15657,HIRE,2025-10-09,,الجيزة - الدقي,13374,0
EMP-11642,HIRE,2025-10-09,,الجيزة - الدقي,14568,0
EMP-11013,HIRE,2025-10-10,,القاهرة - التجمع الخامس,11540,0
EMP-10868,HIRE,2025-10-11,,سموحة,12823,0
EMP-10106,TRANSFER,2025-10-11,القاهرة - المعادي,فرع المعادي,25685,0
EMP-11689,HIRE,2025-10-11,,التجمع,11707,0
EMP-14507,HIRE,2025-10-12,,الاسكندرية سموحة,9218,0
EMP-12805,HIRE,2025-10-12,,الاسكندرية سموحة,12395,0
EMP-14300,TRANSFER,2025-10-12,الاسكندرية سموحة,الدقي,13319,0
EMP-15905,TERMINATION,2025-10-12,ACTIVE,Relocation,21419,1
EMP-15782,PROMOTION,2025-10-12,18311,25610,25610,0
EMP-15274,TRANSFER,2025-10-13,بورسعيد - الشرق,بورسعيد,14567,0
EMP-14000,PROMOTION,2025-10-13,10612,14028,14028,0
EMP-14906,HIRE,2025-10-14,,الاسكندرية سموحة,14515,0
EMP-11394,HIRE,2025-10-14,,سموحة,14916,0
EMP-16334,HIRE,2025-10-14,,الإسكندرية - سموحة,8426,0
EMP-16440,HIRE,2025-10-14,,القاهرة - التجمع الخامس,9162,0
EMP-13490,HIRE,2025-10-15,,القاهرة - التجمع الخامس,15432,0
EMP-11177,TERMINATION,2025-10-15,ACTIVE,NULL,15909,1
EMP-11055,TERMINATION,2025-10-16,ACTIVE,NULL,9485,1
EMP-16479,HIRE,2025-10-16,,القاهره المعادي,8408,0
EMP-14022,TRANSFER,2025-10-16,الاسكندرية سموحة,الدقي,13141,0
EMP-15270,HIRE,2025-10-16,,بورسعيد,18816,0
EMP-14857,TRANSFER,2025-10-17,بورسعيد,بورسعيد - الشرق,8293,0
EMP-16084,HIRE,2025-10-17,,القاهرة - المعادي,14475,0
EMP-16320,HIRE,2025-10-17,,القاهره المعادي,13055,0
EMP-10452,PROMOTION,2025-10-17,7783,15699,15699,0
EMP-10757,TRANSFER,2025-10-17,الاسكندرية سموحة,الاسكندرية سموحة,17457,0
EMP-11780,HIRE,2025-10-18,,القاهرة - التجمع الخامس,17776,0
EMP-10653,TRANSFER,2025-10-18,القاهرة - التجمع الخامس,الدقي,22196,0
EMP-14023,HIRE,2025-10-18,,الاسكندرية سموحة,12545,0
EMP-10472,TRANSFER,2025-10-18,الاسكندرية سموحة,القاهره المعادي,15432,0
EMP-12874,HIRE,2025-10-18,,التجمع,7058,0
EMP-11531,HIRE,2025-10-18,,سموحة,9598,0
EMP-12772,TRANSFER,2025-10-19,القاهرة - التجمع الخامس,القاهرة - التجمع الخامس,11110,0
EMP-12185,TERMINATION,2025-10-19,ACTIVE,Relocation,18189,1
EMP-16789,TRANSFER,2025-10-20,التجمع,الإسكندرية - سموحة,15157,0
EMP-11465,HIRE,2025-10-20,,القاهرة - المعادي,18662,0
EMP-14223,PROMOTION,2025-10-20,19724,24657,24657,0
EMP-12683,PROMOTION,2025-10-21,12203,18104,18104,0
EMP-15911,TRANSFER,2025-10-21,فرع المعادي,الجيزة - الدقي,15520,0
EMP-14629,TERMINATION,2025-10-21,ACTIVE,Fired,21013,1
EMP-11615,HIRE,2025-10-21,,القاهرة - المعادي,11141,0
EMP-16380,HIRE,2025-10-21,,القاهره المعادي,16810,0
EMP-10341,HIRE,2025-10-21,,بورسعيد,9957,0
EMP-12513,HIRE,2025-10-22,,بورسعيد - الشرق,17894,0
EMP-10227,PROMOTION,2025-10-22,7374,10430,10430,0
EMP-13009,HIRE,2025-10-22,,سموحة,19539,0
EMP-13594,TRANSFER,2025-10-23,القاهره المعادي,سموحة,26317,0
EMP-10769,HIRE,2025-10-23,,فرع المعادي,9756,0
EMP-10862,HIRE,2025-10-23,,الاسكندرية سموحة,13764,0
EMP-12501,PROMOTION,2025-10-23,11872,18121,18121,0
EMP-12649,TRANSFER,2025-10-24,سموحة,بورسعيد - الشرق,17494,0
EMP-12905,HIRE,2025-10-24,,القاهره المعادي,16694,0
EMP-15394,TRANSFER,2025-10-24,بورسعيد,بورسعيد,20891,0
EMP-11341,TRANSFER,2025-10-24,بورسعيد,القاهره المعادي,12175,0
EMP-13530,TRANSFER,2025-10-24,الاسكندرية سموحة,التجمع,14150,0
EMP-12019,TERMINATION,2025-10-24,ACTIVE,Relocation,17690,1
EMP-14614,TRANSFER,2025-10-24,بورسعيد,سموحة,14917,0
EMP-15641,TERMINATION,2025-10-24,ACTIVE,Relocation,17271,1
EMP-13772,HIRE,2025-10-24,,القاهرة - المعادي,11110,0
EMP-13540,TERMINATION,2025-10-25,ACTIVE,Fired,8772,1
EMP-10180,HIRE,2025-10-25,,بورسعيد - الشرق,19967,0
EMP-12608,TRANSFER,2025-10-25,القاهرة - المعادي,بورسعيد - الشرق,7704,0
EMP-16879,HIRE,2025-10-25,,سموحة,11944,0
EMP-13585,HIRE,2025-10-25,,سموحة,13423,0
EMP-11889,HIRE,2025-10-25,,الدقي,13337,0
EMP-13791,HIRE,2025-10-25,,القاهره المعادي,11393,0
EMP-10356,HIRE,2025-10-26,,التجمع,16451,0
EMP-15291,TERMINATION,2025-10-26,ACTIVE,Relocation,8800,1
EMP-10232,PROMOTION,2025-10-27,15728,22428,22428,0
EMP-11070,TERMINATION,2025-10-27,ACTIVE,Relocation,16188,1
EMP-13757,PROMOTION,2025-10-27,12265,15332,15332,0
EMP-10120,HIRE,2025-10-28,,سموحة,18270,0
EMP-11591,TERMINATION,2025-10-28,ACTIVE,NULL,13708,1
EMP-12445,HIRE,2025-10-28,,بورسعيد - الشرق,19049,0
EMP-15187,HIRE,2025-10-29,,سموحة,10051,0
EMP-11167,TERMINATION,2025-10-29,ACTIVE,NULL,13846,1
EMP-15982,PROMOTION,2025-10-30,9945,12868,12868,0
EMP-11488,TRANSFER,2025-10-30,الاسكندرية سموحة,الجيزة - الدقي,16854,0
EMP-11931,TERMINATION,2025-10-30,ACTIVE,NULL,23545,1
EMP-14787,HIRE,2025-10-30,,الدقي,17747,0
EMP-11475,PROMOTION,2025-10-30,16455,23054,23054,0
EMP-12508,HIRE,2025-10-31,,الاسكندرية سموحة,17089,0
EMP-16800,HIRE,2025-11-01,,بورسعيد,9764,0
EMP-13873,TERMINATION,2025-11-01,ACTIVE,Resignation,16634,1
EMP-10505,TRANSFER,2025-11-01,القاهرة - التجمع الخامس,فرع المعادي,8514,0
EMP-11858,HIRE,2025-11-01,,الدقي,11642,0
EMP-12245,TRANSFER,2025-11-01,القاهره المعادي,الجيزة - الدقي,11676,0
EMP-13690,HIRE,2025-11-01,,فرع المعادي,15740,0
EMP-16477,HIRE,2025-11-01,,فرع المعادي,19934,0
EMP-11750,TRANSFER,2025-11-01,الجيزة - الدقي,القاهرة - المعادي,9762,0
EMP-12714,HIRE,2025-11-01,,الإسكندرية - سموحة,13814,0
EMP-15227,PROMOTION,2025-11-02,18312,20716,20716,0
EMP-15308,HIRE,2025-11-02,,الاسكندرية سموحة,10251,0
EMP-16449,HIRE,2025-11-02,,القاهرة - التجمع الخامس,18159,0
EMP-12139,PROMOTION,2025-11-03,12527,17793,17793,0
EMP-13399,HIRE,2025-11-03,,الدقي,13750,0
EMP-12777,PROMOTION,2025-11-03,23350,25710,25710,0
EMP-12067,PROMOTION,2025-11-03,10403,15268,15268,0
EMP-12258,TRANSFER,2025-11-03,القاهرة - المعادي,القاهره المعادي,13565,0
EMP-16014,TRANSFER,2025-11-03,سموحة,القاهرة - التجمع الخامس,25469,0
EMP-14294,TRANSFER,2025-11-03,القاهره المعادي,القاهرة - المعادي,19088,0
EMP-10637,TERMINATION,2025-11-04,ACTIVE,Fired,13722,1
EMP-15408,TRANSFER,2025-11-04,بورسعيد,فرع المعادي,8532,0
EMP-13722,HIRE,2025-11-05,,القاهرة - المعادي,10571,0
EMP-10207,HIRE,2025-11-05,,فرع المعادي,10908,0
EMP-12000,HIRE,2025-11-05,,بورسعيد - الشرق,19715,0
EMP-10459,HIRE,2025-11-05,,القاهرة - التجمع الخامس,14176,0
EMP-11306,PROMOTION,2025-11-05,17074,23609,23609,0
EMP-10835,TRANSFER,2025-11-06,سموحة,الجيزة - الدقي,14905,0
EMP-14812,HIRE,2025-11-06,,القاهرة - المعادي,13828,0
EMP-13120,HIRE,2025-11-06,,بورسعيد,16371,0
EMP-14275,PROMOTION,2025-11-06,11993,19727,19727,0
EMP-11222,HIRE,2025-11-06,,القاهرة - التجمع الخامس,13700,0
EMP-14829,HIRE,2025-11-06,,القاهره المعادي,12527,0
EMP-15607,HIRE,2025-11-07,,بورسعيد - الشرق,19201,0
EMP-14181,TRANSFER,2025-11-07,الإسكندرية - سموحة,القاهرة - التجمع الخامس,11680,0
EMP-10636,HIRE,2025-11-07,,بورسعيد - الشرق,8127,0
EMP-11153,HIRE,2025-11-07,,فرع المعادي,19720,0
EMP-12498,TRANSFER,2025-11-07,الاسكندرية سموحة,القاهرة - التجمع الخامس,8784,0
EMP-11578,PROMOTION,2025-11-07,11157,16090,16090,0
EMP-15385,TERMINATION,2025-11-07,ACTIVE,NULL,10733,1
EMP-12571,HIRE,2025-11-07,,الاسكندرية سموحة,11825,0
EMP-10159,HIRE,2025-11-08,,القاهرة - التجمع الخامس,19356,0
EMP-16177,TRANSFER,2025-11-08,الاسكندرية سموحة,القاهرة - المعادي,10382,0
EMP-14289,HIRE,2025-11-08,,الاسكندرية سموحة,13891,0
EMP-16950,TRANSFER,2025-11-08,بورسعيد - الشرق,سموحة,18170,0
EMP-14395,HIRE,2025-11-08,,الإسكندرية - سموحة,15394,0
EMP-11740,HIRE,2025-11-09,,القاهرة - التجمع الخامس,15964,0
EMP-10627,HIRE,2025-11-10,,الدقي,15892,0
EMP-10624,HIRE,2025-11-10,,الاسكندرية سموحة,10252,0
EMP-13604,HIRE,2025-11-10,,القاهرة - التجمع الخامس,12638,0
EMP-15513,TRANSFER,2025-11-10,الإسكندرية - سموحة,التجمع,14925,0
EMP-13719,HIRE,2025-11-10,,الدقي,18753,0
EMP-12005,PROMOTION,2025-11-10,17078,24454,24454,0
EMP-10709,HIRE,2025-11-10,,فرع المعادي,11351,0
EMP-11702,TRANSFER,2025-11-11,الدقي,القاهرة - المعادي,12646,0
EMP-11702,TRANSFER,2025-11-11,الدقي,القاهرة - المعادي,12646,0
EMP-12945,HIRE,2025-11-11,,القاهره المعادي,15188,0
EMP-16491,PROMOTION,2025-11-11,14011,16345,16345,0
EMP-10463,HIRE,2025-11-11,,بورسعيد - الشرق,19151,0
EMP-14932,HIRE,2025-11-11,,بورسعيد - الشرق,8879,0
EMP-10181,PROMOTION,2025-11-12,10853,16877,16877,0
EMP-12177,TRANSFER,2025-11-12,الإسكندرية - سموحة,الجيزة - الدقي,14510,0
EMP-15978,HIRE,2025-11-12,,سموحة,19375,0
EMP-12168,HIRE,2025-11-12,,سموحة,19532,0
EMP-13001,HIRE,2025-11-13,,بورسعيد,8107,0
EMP-11918,HIRE,2025-11-13,,سموحة,15790,0
EMP-11986,PROMOTION,2025-11-13,18744,24472,24472,0
EMP-16659,HIRE,2025-11-13,,التجمع,12870,0
EMP-14310,TERMINATION,2025-11-13,ACTIVE,Relocation,19725,1
EMP-14588,HIRE,2025-11-14,,بورسعيد,18515,0
EMP-16821,HIRE,2025-11-14,,الجيزة - الدقي,17987,0
EMP-11400,TRANSFER,2025-11-14,القاهره المعادي,فرع المعادي,11569,0
EMP-14542,HIRE,2025-11-15,,الجيزة - الدقي,15736,0
EMP-13819,HIRE,2025-11-15,,القاهرة - التجمع الخامس,7413,0
EMP-10592,HIRE,2025-11-15,,التجمع,16026,0
EMP-13028,HIRE,2025-11-15,,الاسكندرية سموحة,7418,0
EMP-12547,TRANSFER,2025-11-15,الاسكندرية سموحة,الإسكندرية - سموحة,8282,0
EMP-16738,HIRE,2025-11-16,,بورسعيد,12559,0
EMP-11908,HIRE,2025-11-16,,الإسكندرية - سموحة,15387,0
EMP-12720,HIRE,2025-11-16,,القاهرة - التجمع الخامس,15723,0
EMP-11781,HIRE,2025-11-17,,بورسعيد - الشرق,15372,0
EMP-11085,HIRE,2025-11-17,,سموحة,14216,0
EMP-10312,TRANSFER,2025-11-17,الإسكندرية - سموحة,الإسكندرية - سموحة,8184,0
EMP-15580,HIRE,2025-11-17,,التجمع,12360,0
EMP-14845,HIRE,2025-11-17,,الدقي,11365,0
EMP-12416,HIRE,2025-11-18,,الإسكندرية - سموحة,11539,0
EMP-15769,TRANSFER,2025-11-18,القاهرة - المعادي,القاهرة - التجمع الخامس,13983,0
EMP-10282,HIRE,2025-11-19,,سموحة,12033,0
EMP-12022,HIRE,2025-11-19,,القاهرة - المعادي,11349,0
EMP-14466,HIRE,2025-11-19,,القاهرة - التجمع الخامس,14025,0
EMP-12794,PROMOTION,2025-11-20,11129,16718,16718,0
EMP-12557,TRANSFER,2025-11-20,الدقي,الدقي,13515,0
EMP-10686,HIRE,2025-11-20,,الاسكندرية سموحة,8194,0
EMP-10792,PROMOTION,2025-11-20,8899,11591,11591,0
EMP-12685,TRANSFER,2025-11-21,الإسكندرية - سموحة,القاهره المعادي,19171,0
EMP-12202,HIRE,2025-11-21,,سموحة,14508,0
EMP-12388,TRANSFER,2025-11-22,بورسعيد,التجمع,17572,0
EMP-11130,PROMOTION,2025-11-22,10812,15114,15114,0
EMP-12409,HIRE,2025-11-22,,الجيزة - الدقي,10809,0
EMP-15425,PROMOTION,2025-11-22,19759,26325,26325,0
EMP-16360,HIRE,2025-11-22,,الدقي,15538,0
EMP-11961,PROMOTION,2025-11-22,8143,11092,11092,0
EMP-15133,PROMOTION,2025-11-23,7312,15156,15156,0
EMP-13465,TRANSFER,2025-11-23,الإسكندرية - سموحة,فرع المعادي,14298,0
EMP-13696,TRANSFER,2025-11-24,سموحة,الإسكندرية - سموحة,16682,0
EMP-12405,HIRE,2025-11-24,,التجمع,17894,0
EMP-12262,HIRE,2025-11-24,,الإسكندرية - سموحة,17895,0
EMP-14336,PROMOTION,2025-11-25,19102,21758,21758,0
EMP-16915,TERMINATION,2025-11-25,ACTIVE,Resignation,17090,1
EMP-12710,HIRE,2025-11-25,,الجيزة - الدقي,13389,0
EMP-13177,PROMOTION,2025-11-26,11826,14942,14942,0
EMP-11964,HIRE,2025-11-26,,فرع المعادي,8294,0
EMP-11709,HIRE,2025-11-26,,الدقي,9773,0
EMP-15938,TRANSFER,2025-11-27,الجيزة - الدقي,الدقي,7346,0
EMP-11002,HIRE,2025-11-27,,بورسعيد,14159,0
EMP-15576,HIRE,2025-11-27,,القاهرة - التجمع الخامس,13658,0
EMP-10446,HIRE,2025-11-27,,بورسعيد,10781,0
EMP-13141,TERMINATION,2025-11-28,ACTIVE,Resignation,12748,1
EMP-12516,HIRE,2025-11-28,,القاهره المعادي,18235,0
EMP-14208,PROMOTION,2025-11-28,19087,24746,24746,0
EMP-16652,HIRE,2025-11-28,,القاهرة - التجمع الخامس,7858,0
EMP-16273,TRANSFER,2025-11-28,بورسعيد - الشرق,الجيزة - الدقي,7758,0
EMP-16346,HIRE,2025-11-28,,بورسعيد - الشرق,10335,0
EMP-16206,TRANSFER,2025-11-28,الجيزة - الدقي,الجيزة - الدقي,7067,0
EMP-10162,TERMINATION,2025-11-29,ACTIVE,NULL,8760,1
EMP-12197,HIRE,2025-11-29,,فرع المعادي,9514,0
EMP-16507,PROMOTION,2025-11-29,13480,17639,17639,0
EMP-12076,HIRE,2025-11-30,,الدقي,15250,0
EMP-15865,HIRE,2025-11-30,,بورسعيد - الشرق,11404,0
EMP-15501,TRANSFER,2025-11-30,القاهرة - التجمع الخامس,سموحة,17680,0
EMP-15950,HIRE,2025-11-30,,القاهرة - التجمع الخامس,7359,0
EMP-10241,HIRE,2025-11-30,,سموحة,9517,0
EMP-11942,HIRE,2025-11-30,,سموحة,14650,0
EMP-14631,PROMOTION,2025-11-30,19380,26129,26129,0
EMP-11800,HIRE,2025-12-01,,القاهره المعادي,17639,0
EMP-10161,HIRE,2025-12-01,,الجيزة - الدقي,18308,0
EMP-14602,TERMINATION,2025-12-01,ACTIVE,NULL,15651,1
EMP-10428,HIRE,2025-12-01,,الدقي,16653,0
EMP-16457,TERMINATION,2025-12-02,ACTIVE,Fired,8730,1
EMP-12368,PROMOTION,2025-12-02,13472,15868,15868,0
EMP-16526,HIRE,2025-12-02,,التجمع,18534,0
EMP-16154,HIRE,2025-12-02,,القاهره المعادي,14228,0
EMP-11335,HIRE,2025-12-02,,بورسعيد - الشرق,16187,0
EMP-10045,HIRE,2025-12-02,,بورسعيد,19212,0
EMP-15480,HIRE,2025-12-03,,الاسكندرية سموحة,7933,0
EMP-15402,HIRE,2025-12-03,,القاهره المعادي,11987,0
EMP-12446,TERMINATION,2025-12-03,ACTIVE,Relocation,11184,1
EMP-10316,PROMOTION,2025-12-03,12701,16611,16611,0
EMP-11563,PROMOTION,2025-12-03,8578,11876,11876,0
EMP-16663,HIRE,2025-12-04,,بورسعيد - الشرق,7155,0
EMP-11760,HIRE,2025-12-04,,القاهرة - المعادي,13689,0
EMP-15870,HIRE,2025-12-04,,سموحة,11644,0
EMP-14697,TRANSFER,2025-12-04,سموحة,الاسكندرية سموحة,13277,0
EMP-11676,TERMINATION,2025-12-04,ACTIVE,Fired,12206,1
EMP-10072,HIRE,2025-12-04,,بورسعيد,17505,0
EMP-11827,HIRE,2025-12-04,,التجمع,16579,0
EMP-12434,TRANSFER,2025-12-05,القاهره المعادي,الاسكندرية سموحة,8117,0
EMP-12987,HIRE,2025-12-05,,التجمع,16831,0
EMP-10744,TERMINATION,2025-12-05,ACTIVE,NULL,10970,1
EMP-10820,TRANSFER,2025-12-05,الجيزة - الدقي,سموحة,11896,0
EMP-15660,TRANSFER,2025-12-06,بورسعيد,الإسكندرية - سموحة,17853,0
EMP-13299,PROMOTION,2025-12-06,13297,21055,21055,0
EMP-15228,HIRE,2025-12-06,,بورسعيد - الشرق,8428,0
EMP-11444,PROMOTION,2025-12-06,10899,17067,17067,0
EMP-10949,HIRE,2025-12-06,,الإسكندرية - سموحة,16843,0
EMP-10026,PROMOTION,2025-12-07,11491,13782,13782,0
EMP-13287,HIRE,2025-12-08,,الإسكندرية - سموحة,8590,0
EMP-12908,HIRE,2025-12-08,,الجيزة - الدقي,13276,0
EMP-15002,TERMINATION,2025-12-08,ACTIVE,Fired,15972,1
EMP-15233,HIRE,2025-12-09,,الإسكندرية - سموحة,18867,0
EMP-16185,HIRE,2025-12-09,,الإسكندرية - سموحة,15330,0
EMP-11190,TRANSFER,2025-12-09,الجيزة - الدقي,سموحة,11974,0
EMP-16090,HIRE,2025-12-10,,الإسكندرية - سموحة,15594,0
EMP-15467,TRANSFER,2025-12-10,الجيزة - الدقي,الاسكندرية سموحة,18870,0
EMP-14612,HIRE,2025-12-10,,القاهره المعادي,12548,0
EMP-16801,HIRE,2025-12-10,,القاهرة - المعادي,16088,0
EMP-14575,HIRE,2025-12-11,,الإسكندرية - سموحة,7534,0
EMP-10532,HIRE,2025-12-11,,الإسكندرية - سموحة,12218,0
EMP-13390,TERMINATION,2025-12-11,ACTIVE,Resignation,10022,1
EMP-11766,TERMINATION,2025-12-11,ACTIVE,NULL,11289,1
EMP-14862,HIRE,2025-12-12,,التجمع,18605,0
EMP-12093,PROMOTION,2025-12-12,19596,27152,27152,0
EMP-15827,TRANSFER,2025-12-12,القاهرة - التجمع الخامس,فرع المعادي,17787,0
EMP-11187,TERMINATION,2025-12-13,ACTIVE,Relocation,15413,1
EMP-11833,TERMINATION,2025-12-13,ACTIVE,Relocation,14436,1
EMP-11551,HIRE,2025-12-13,,الاسكندرية سموحة,19140,0
EMP-10144,HIRE,2025-12-13,,بورسعيد - الشرق,19289,0
EMP-14229,HIRE,2025-12-14,,الإسكندرية - سموحة,11765,0
EMP-16725,TRANSFER,2025-12-14,الإسكندرية - سموحة,التجمع,20833,0
EMP-11907,HIRE,2025-12-14,,التجمع,11233,0
EMP-13991,PROMOTION,2025-12-15,12974,17170,17170,0
EMP-16215,TRANSFER,2025-12-15,القاهرة - المعادي,بورسعيد - الشرق,7196,0
EMP-14704,TRANSFER,2025-12-15,سموحة,الجيزة - الدقي,15850,0
EMP-15681,PROMOTION,2025-12-15,18506,26266,26266,0
EMP-10379,TRANSFER,2025-12-15,الاسكندرية سموحة,بورسعيد - الشرق,14411,0
EMP-15183,TERMINATION,2025-12-16,ACTIVE,Relocation,14962,1
EMP-11204,HIRE,2025-12-16,,الاسكندرية سموحة,14041,0
EMP-16073,HIRE,2025-12-16,,القاهرة - التجمع الخامس,10521,0
EMP-14079,HIRE,2025-12-16,,بورسعيد,16144,0
EMP-14079,HIRE,2025-12-16,,بورسعيد,16144,0
EMP-15677,HIRE,2025-12-16,,الإسكندرية - سموحة,15276,0
EMP-15832,PROMOTION,2025-12-17,12360,18317,18317,0
EMP-15146,HIRE,2025-12-17,,القاهرة - المعادي,16125,0
EMP-10036,PROMOTION,2025-12-17,19371,23338,23338,0
EMP-15832,PROMOTION,2025-12-17,12360,18317,18317,0
EMP-16629,PROMOTION,2025-12-17,19777,24641,24641,0
EMP-10323,PROMOTION,2025-12-17,22068,27160,27160,0
EMP-12140,TRANSFER,2025-12-17,الجيزة - الدقي,القاهره المعادي,19605,0
EMP-13485,HIRE,2025-12-18,,الإسكندرية - سموحة,10447,0
EMP-14367,HIRE,2025-12-18,,فرع المعادي,14422,0
EMP-14794,HIRE,2025-12-18,,بورسعيد - الشرق,7657,0
EMP-15780,HIRE,2025-12-18,,بورسعيد,14223,0
EMP-11191,TERMINATION,2025-12-19,ACTIVE,NULL,7482,1
EMP-15857,HIRE,2025-12-19,,الدقي,10561,0
EMP-11909,TERMINATION,2025-12-19,ACTIVE,Resignation,13716,1
EMP-10100,HIRE,2025-12-19,,بورسعيد - الشرق,18874,0
EMP-13216,TRANSFER,2025-12-20,التجمع,القاهرة - التجمع الخامس,7677,0
EMP-15974,PROMOTION,2025-12-20,18986,21210,21210,0
EMP-14499,HIRE,2025-12-20,,الاسكندرية سموحة,7392,0
EMP-16946,PROMOTION,2025-12-20,21668,24487,24487,0
EMP-11414,HIRE,2025-12-21,,بورسعيد,17021,0
EMP-13803,HIRE,2025-12-21,,القاهرة - المعادي,12931,0
EMP-16372,HIRE,2025-12-21,,الجيزة - الدقي,19022,0
EMP-16200,TERMINATION,2025-12-21,ACTIVE,NULL,12579,1
EMP-14302,TRANSFER,2025-12-21,الاسكندرية سموحة,الدقي,19668,0
EMP-13890,HIRE,2025-12-22,,القاهرة - المعادي,16699,0
EMP-12848,HIRE,2025-12-22,,سموحة,16358,0
EMP-13375,HIRE,2025-12-22,,بورسعيد - الشرق,14698,0
EMP-14481,PROMOTION,2025-12-22,9154,11168,11168,0
EMP-11404,HIRE,2025-12-22,,القاهرة - التجمع الخامس,8180,0
EMP-10458,HIRE,2025-12-22,,القاهره المعادي,10100,0
EMP-12142,TRANSFER,2025-12-23,الاسكندرية سموحة,الإسكندرية - سموحة,12491,0
EMP-15421,HIRE,2025-12-23,,التجمع,17464,0
EMP-11698,HIRE,2025-12-23,,بورسعيد,7959,0
EMP-11743,HIRE,2025-12-23,,القاهرة - التجمع الخامس,12467,0
EMP-10979,HIRE,2025-12-24,,بورسعيد,13810,0
EMP-13513,HIRE,2025-12-24,,بورسعيد - الشرق,13015,0
EMP-14415,PROMOTION,2025-12-24,19377,26456,26456,0
EMP-11214,PROMOTION,2025-12-24,18256,26212,26212,0
EMP-14141,TRANSFER,2025-12-25,القاهرة - التجمع الخامس,بورسعيد,13504,0
EMP-15695,HIRE,2025-12-26,,الدقي,14514,0
EMP-10879,TRANSFER,2025-12-26,فرع المعادي,القاهره المعادي,21790,0
EMP-11329,HIRE,2025-12-26,,القاهره المعادي,9690,0
EMP-14898,TRANSFER,2025-12-26,الاسكندرية سموحة,القاهره المعادي,8058,0
EMP-15437,PROMOTION,2025-12-27,18362,21610,21610,0
EMP-12917,HIRE,2025-12-28,,الدقي,13134,0
EMP-14391,TRANSFER,2025-12-28,الدقي,الاسكندرية سموحة,24508,0
EMP-13344,HIRE,2025-12-29,,فرع المعادي,14492,0
EMP-11992,PROMOTION,2025-12-29,19852,25101,25101,0
EMP-15952,TERMINATION,2025-12-29,ACTIVE,Fired,8481,1
EMP-10422,HIRE,2025-12-29,,الجيزة - الدقي,10937,0
EMP-14565,TRANSFER,2025-12-29,الاسكندرية سموحة,الجيزة - الدقي,22815,0
EMP-10370,PROMOTION,2025-12-29,11895,16317,16317,0
EMP-11855,HIRE,2025-12-30,,التجمع,9808,0
EMP-13262,PROMOTION,2025-12-30,9546,14890,14890,0
EMP-14406,HIRE,2025-12-30,,بورسعيد - الشرق,13871,0
EMP-14846,HIRE,2025-12-30,,القاهرة - التجمع الخامس,7731,0
EMP-14654,HIRE,2025-12-30,,الإسكندرية - سموحة,7173,0
EMP-14277,PROMOTION,2025-12-30,13547,17085,17085,0
EMP-15884,HIRE,2025-12-30,,سموحة,14736,0
EMP-16254,HIRE,2025-12-30,,فرع المعادي,17938,0
EMP-15949,HIRE,2025-12-30,,فرع المعادي,17998,0
EMP-15008,PROMOTION,2025-12-30,15864,20309,20309,0
EMP-15940,TERMINATION,2025-12-31,ACTIVE,Fired,13692,1
EMP-16950,TERMINATION,2025-12-31,ACTIVE,Relocation,18170,1
EMP-10199,TERMINATION,2025-12-31,ACTIVE,NULL,7774,1
EMP-14627,HIRE,2025-12-31,,التجمع,11088,0
EMP-14124,HIRE,2025-12-31,,الإسكندرية - سموحة,9680,0
EMP-10978,TRANSFER,2026-01-01,الدقي,سموحة,15009,0
EMP-12802,TRANSFER,2026-01-01,الدقي,الجيزة - الدقي,18553,0
EMP-16221,HIRE,2026-01-01,,القاهرة - المعادي,16354,0
EMP-12323,TERMINATION,2026-01-01,ACTIVE,Relocation,17729,1
EMP-14440,TRANSFER,2026-01-01,سموحة,الاسكندرية سموحة,7000,0
EMP-14192,TRANSFER,2026-01-02,القاهرة - المعادي,القاهرة - التجمع الخامس,11647,0
EMP-12850,TRANSFER,2026-01-02,الدقي,بورسعيد - الشرق,17097,0
EMP-11235,HIRE,2026-01-02,,القاهرة - المعادي,11187,0
EMP-16526,TRANSFER,2026-01-02,التجمع,بورسعيد - الشرق,18534,0
EMP-15468,HIRE,2026-01-02,,سموحة,10628,0
EMP-16658,PROMOTION,2026-01-02,15571,20319,20319,0
EMP-14205,HIRE,2026-01-02,,القاهره المعادي,17069,0
EMP-10393,HIRE,2026-01-03,,بورسعيد - الشرق,18177,0
EMP-10357,HIRE,2026-01-03,,القاهرة - التجمع الخامس,14493,0
EMP-11400,TERMINATION,2026-01-03,ACTIVE,Fired,11569,1
EMP-12356,HIRE,2026-01-03,,بورسعيد,18870,0
EMP-15143,HIRE,2026-01-03,,الدقي,14276,0
EMP-15075,TRANSFER,2026-01-03,الإسكندرية - سموحة,الجيزة - الدقي,13280,0
EMP-12234,HIRE,2026-01-03,,الجيزة - الدقي,14176,0
EMP-16540,PROMOTION,2026-01-04,17456,21179,21179,0
EMP-14245,PROMOTION,2026-01-04,10980,14008,14008,0
EMP-12488,HIRE,2026-01-04,,الاسكندرية سموحة,11339,0
EMP-15930,HIRE,2026-01-05,,الدقي,10846,0
EMP-13378,HIRE,2026-01-05,,الإسكندرية - سموحة,8356,0
EMP-14369,HIRE,2026-01-05,,القاهرة - التجمع الخامس,19900,0
EMP-16780,HIRE,2026-01-05,,الدقي,19340,0
EMP-10784,HIRE,2026-01-05,,فرع المعادي,7142,0
EMP-12430,TERMINATION,2026-01-06,ACTIVE,Resignation,13994,1
EMP-10479,HIRE,2026-01-06,,القاهره المعادي,19718,0
EMP-13723,TRANSFER,2026-01-06,بورسعيد - الشرق,سموحة,19020,0
EMP-13658,HIRE,2026-01-06,,فرع المعادي,9183,0
EMP-16555,HIRE,2026-01-06,,الجيزة - الدقي,11518,0
EMP-14923,HIRE,2026-01-06,,سموحة,15653,0
EMP-14706,TERMINATION,2026-01-06,ACTIVE,NULL,11521,1
EMP-10261,HIRE,2026-01-06,,فرع المعادي,19799,0
EMP-10479,HIRE,2026-01-06,,القاهره المعادي,19718,0
EMP-12599,HIRE,2026-01-06,,بورسعيد - الشرق,19015,0
EMP-14904,TRANSFER,2026-01-07,الجيزة - الدقي,الجيزة - الدقي,7102,0
EMP-14737,HIRE,2026-01-07,,بورسعيد - الشرق,9239,0
EMP-11063,PROMOTION,2026-01-07,8193,15711,15711,0
EMP-10976,HIRE,2026-01-08,,الإسكندرية - سموحة,16951,0
EMP-10017,HIRE,2026-01-08,,الجيزة - الدقي,12512,0
EMP-12067,TRANSFER,2026-01-08,بورسعيد,القاهرة - التجمع الخامس,15268,0
EMP-15401,PROMOTION,2026-01-08,10478,16777,16777,0
EMP-15653,HIRE,2026-01-09,,سموحة,12548,0
EMP-11099,HIRE,2026-01-09,,الدقي,14893,0
EMP-11175,TRANSFER,2026-01-09,الإسكندرية - سموحة,بورسعيد - الشرق,14586,0
EMP-13933,PROMOTION,2026-01-09,13356,19906,19906,0
EMP-14555,HIRE,2026-01-09,,سموحة,12967,0
EMP-12903,HIRE,2026-01-09,,الإسكندرية - سموحة,16030,0
EMP-12605,HIRE,2026-01-10,,الدقي,18069,0
EMP-10147,PROMOTION,2026-01-10,10073,12464,12464,0
EMP-16293,HIRE,2026-01-10,,بورسعيد - الشرق,10522,0
EMP-14649,HIRE,2026-01-10,,الجيزة - الدقي,16392,0
EMP-15990,PROMOTION,2026-01-10,19871,25599,25599,0
EMP-10767,PROMOTION,2026-01-10,9947,16192,16192,0
EMP-16789,PROMOTION,2026-01-10,15157,19653,19653,0
EMP-12788,PROMOTION,2026-01-10,17943,21656,21656,0
EMP-11146,TRANSFER,2026-01-11,الجيزة - الدقي,سموحة,16896,0
EMP-11368,PROMOTION,2026-01-11,16916,24720,24720,0
EMP-13516,TERMINATION,2026-01-11,ACTIVE,Relocation,16972,1
EMP-10950,HIRE,2026-01-11,,الاسكندرية سموحة,14207,0
EMP-11117,HIRE,2026-01-11,,بورسعيد,9279,0
EMP-13895,PROMOTION,2026-01-11,16450,21221,21221,0
EMP-13464,PROMOTION,2026-01-12,19559,22564,22564,0
EMP-14693,TRANSFER,2026-01-13,الجيزة - الدقي,الدقي,11453,0
EMP-16066,HIRE,2026-01-13,,القاهره المعادي,13367,0
EMP-13320,HIRE,2026-01-14,,التجمع,12684,0
EMP-14948,HIRE,2026-01-14,,التجمع,15015,0
EMP-16471,HIRE,2026-01-14,,بورسعيد - الشرق,14615,0
EMP-11477,TRANSFER,2026-01-14,الإسكندرية - سموحة,الدقي,23707,0
EMP-16564,HIRE,2026-01-14,,سموحة,18018,0
EMP-15213,HIRE,2026-01-15,,الجيزة - الدقي,7150,0
EMP-16044,TRANSFER,2026-01-15,التجمع,فرع المعادي,7718,0
EMP-15362,PROMOTION,2026-01-16,16740,22057,22057,0
EMP-11560,HIRE,2026-01-16,,الإسكندرية - سموحة,18840,0
EMP-16073,TRANSFER,2026-01-16,القاهرة - التجمع الخامس,سموحة,10521,0
EMP-11922,TERMINATION,2026-01-16,ACTIVE,Resignation,9784,1
EMP-12050,PROMOTION,2026-01-16,19803,22499,22499,0
EMP-13469,HIRE,2026-01-16,,سموحة,11225,0
EMP-16429,TERMINATION,2026-01-16,ACTIVE,Relocation,14841,1
EMP-14548,HIRE,2026-01-16,,الإسكندرية - سموحة,9760,0
EMP-13838,HIRE,2026-01-17,,القاهرة - المعادي,11724,0
EMP-15604,HIRE,2026-01-17,,الجيزة - الدقي,14007,0
EMP-10344,HIRE,2026-01-17,,القاهره المعادي,9881,0
EMP-10239,HIRE,2026-01-17,,سموحة,13443,0
EMP-10956,TRANSFER,2026-01-17,القاهره المعادي,الجيزة - الدقي,12102,0
EMP-12192,TRANSFER,2026-01-17,الدقي,الجيزة - الدقي,7466,0
EMP-15960,PROMOTION,2026-01-17,7710,15395,15395,0
EMP-13457,HIRE,2026-01-18,,بورسعيد - الشرق,13263,0
EMP-13187,PROMOTION,2026-01-18,10007,14087,14087,0
EMP-14878,HIRE,2026-01-18,,القاهرة - التجمع الخامس,16139,0
EMP-11363,HIRE,2026-01-18,,القاهرة - التجمع الخامس,17458,0
EMP-14189,HIRE,2026-01-18,,الدقي,13980,0
EMP-10754,PROMOTION,2026-01-18,15768,22259,22259,0
EMP-16223,HIRE,2026-01-18,,بورسعيد - الشرق,18131,0
EMP-11109,HIRE,2026-01-18,,القاهره المعادي,11757,0
EMP-13026,TRANSFER,2026-01-19,سموحة,فرع المعادي,13713,0
EMP-16838,HIRE,2026-01-19,,بورسعيد,19172,0
EMP-13271,HIRE,2026-01-19,,بورسعيد,18810,0
EMP-15976,HIRE,2026-01-19,,الدقي,13284,0
EMP-15299,HIRE,2026-01-19,,القاهرة - المعادي,13773,0
EMP-10707,HIRE,2026-01-19,,بورسعيد - الشرق,10544,0
EMP-15309,HIRE,2026-01-20,,الإسكندرية - سموحة,10261,0
EMP-12370,TRANSFER,2026-01-20,القاهرة - المعادي,التجمع,12163,0
EMP-13150,PROMOTION,2026-01-20,14282,20532,20532,0
EMP-10560,PROMOTION,2026-01-20,9046,16250,16250,0
EMP-12307,PROMOTION,2026-01-20,29595,32987,32987,0
EMP-16366,HIRE,2026-01-21,,فرع المعادي,11839,0
EMP-14086,HIRE,2026-01-21,,سموحة,8590,0
EMP-13166,HIRE,2026-01-21,,الاسكندرية سموحة,16348,0
EMP-16562,HIRE,2026-01-21,,الاسكندرية سموحة,10728,0
EMP-15012,HIRE,2026-01-21,,التجمع,13289,0
EMP-11990,HIRE,2026-01-22,,الإسكندرية - سموحة,18505,0
EMP-10155,HIRE,2026-01-22,,بورسعيد,16779,0
EMP-16048,HIRE,2026-01-22,,بورسعيد,7718,0
EMP-12608,PROMOTION,2026-01-22,7704,13129,13129,0
EMP-10396,HIRE,2026-01-23,,القاهرة - التجمع الخامس,14941,0
EMP-11800,PROMOTION,2026-01-23,17639,21849,21849,0
EMP-16953,TRANSFER,2026-01-23,الدقي,القاهرة - المعادي,9205,0
EMP-10100,PROMOTION,2026-01-24,18874,23415,23415,0
EMP-15691,PROMOTION,2026-01-24,11195,17520,17520,0
EMP-11014,TRANSFER,2026-01-24,الاسكندرية سموحة,فرع المعادي,11499,0
EMP-14096,HIRE,2026-01-24,,الجيزة - الدقي,13723,0
EMP-13844,TRANSFER,2026-01-24,الإسكندرية - سموحة,سموحة,11034,0
EMP-16814,HIRE,2026-01-24,,القاهره المعادي,7530,0
EMP-15111,PROMOTION,2026-01-24,14025,17953,17953,0
EMP-10587,HIRE,2026-01-24,,الجيزة - الدقي,10315,0
EMP-15440,HIRE,2026-01-25,,بورسعيد - الشرق,9440,0
EMP-11864,HIRE,2026-01-25,,الدقي,11870,0
EMP-14272,HIRE,2026-01-25,,القاهرة - المعادي,13993,0
EMP-11489,HIRE,2026-01-25,,الجيزة - الدقي,17979,0
EMP-13741,HIRE,2026-01-25,,بورسعيد,17457,0
EMP-13024,HIRE,2026-01-25,,الاسكندرية سموحة,16181,0
EMP-16624,HIRE,2026-01-26,,بورسعيد - الشرق,11248,0
EMP-14175,HIRE,2026-01-26,,فرع المعادي,7221,0
EMP-15211,TERMINATION,2026-01-26,ACTIVE,NULL,14212,1
EMP-11030,TRANSFER,2026-01-26,القاهره المعادي,سموحة,8506,0
EMP-14357,HIRE,2026-01-26,,الاسكندرية سموحة,12945,0
EMP-15533,PROMOTION,2026-01-26,17414,23051,23051,0
EMP-13876,TRANSFER,2026-01-27,الاسكندرية سموحة,الإسكندرية - سموحة,17830,0
EMP-12571,TRANSFER,2026-01-27,الاسكندرية سموحة,سموحة,11825,0
EMP-15433,HIRE,2026-01-27,,بورسعيد - الشرق,10473,0
EMP-16976,HIRE,2026-01-27,,التجمع,15383,0
EMP-11169,TRANSFER,2026-01-28,فرع المعادي,بورسعيد - الشرق,9585,0
EMP-11084,HIRE,2026-01-28,,الإسكندرية - سموحة,10343,0
EMP-14885,TRANSFER,2026-01-28,الجيزة - الدقي,الاسكندرية سموحة,18877,0
EMP-11535,TRANSFER,2026-01-28,فرع المعادي,القاهرة - التجمع الخامس,18157,0
EMP-15957,HIRE,2026-01-29,,الدقي,8230,0
EMP-14572,HIRE,2026-01-29,,التجمع,7901,0
EMP-12005,TRANSFER,2026-01-29,التجمع,سموحة,24454,0
EMP-13158,HIRE,2026-01-29,,القاهرة - التجمع الخامس,17016,0
EMP-10073,HIRE,2026-01-29,,القاهره المعادي,12942,0
EMP-10899,PROMOTION,2026-01-29,7094,10538,10538,0
EMP-16559,HIRE,2026-01-30,,سموحة,15732,0
EMP-12283,HIRE,2026-01-30,,الدقي,15119,0
EMP-14871,HIRE,2026-01-30,,الاسكندرية سموحة,15138,0
EMP-14177,HIRE,2026-01-30,,الدقي,18154,0
EMP-14088,PROMOTION,2026-01-30,7985,14872,14872,0
EMP-10949,TRANSFER,2026-01-30,الإسكندرية - سموحة,الجيزة - الدقي,16843,0
EMP-12867,HIRE,2026-01-31,,الدقي,14358,0
EMP-13406,PROMOTION,2026-01-31,18285,23196,23196,0
EMP-12081,HIRE,2026-02-01,,الإسكندرية - سموحة,7430,0
EMP-14292,PROMOTION,2026-02-01,16974,23945,23945,0
EMP-13775,TERMINATION,2026-02-01,ACTIVE,NULL,10336,1
EMP-11458,PROMOTION,2026-02-02,16909,24786,24786,0
EMP-10787,PROMOTION,2026-02-02,19902,27555,27555,0
EMP-13719,PROMOTION,2026-02-02,18753,23746,23746,0
EMP-12394,TERMINATION,2026-02-03,ACTIVE,NULL,10579,1
EMP-13089,TRANSFER,2026-02-03,الدقي,بورسعيد - الشرق,19586,0
EMP-16475,TRANSFER,2026-02-03,بورسعيد,القاهرة - التجمع الخامس,9345,0
EMP-12616,TRANSFER,2026-02-04,سموحة,فرع المعادي,16914,0
EMP-15067,HIRE,2026-02-04,,بورسعيد,17133,0
EMP-13852,PROMOTION,2026-02-04,9125,15393,15393,0
EMP-16450,HIRE,2026-02-05,,الدقي,13964,0
EMP-11609,HIRE,2026-02-05,,فرع المعادي,7549,0
EMP-12970,PROMOTION,2026-02-05,14620,22031,22031,0
EMP-15484,HIRE,2026-02-05,,بورسعيد,7102,0
EMP-14125,HIRE,2026-02-05,,الجيزة - الدقي,17465,0
EMP-11957,HIRE,2026-02-05,,القاهرة - التجمع الخامس,14502,0
EMP-12180,PROMOTION,2026-02-06,17491,23853,23853,0
EMP-12421,HIRE,2026-02-06,,فرع المعادي,8166,0
EMP-10254,TRANSFER,2026-02-06,القاهرة - التجمع الخامس,القاهرة - المعادي,7002,0
EMP-13808,HIRE,2026-02-06,,الاسكندرية سموحة,13817,0
EMP-13740,HIRE,2026-02-06,,بورسعيد,17246,0
EMP-13244,HIRE,2026-02-07,,الجيزة - الدقي,8659,0
EMP-13679,HIRE,2026-02-07,,القاهرة - التجمع الخامس,8886,0
EMP-14626,HIRE,2026-02-08,,بورسعيد - الشرق,7484,0
EMP-13383,HIRE,2026-02-08,,بورسعيد - الشرق,12120,0
EMP-10785,HIRE,2026-02-08,,الدقي,12101,0
EMP-11874,TERMINATION,2026-02-08,ACTIVE,Relocation,16189,1
EMP-11523,HIRE,2026-02-08,,فرع المعادي,16539,0
EMP-12584,HIRE,2026-02-10,,التجمع,14863,0
EMP-11096,HIRE,2026-02-10,,الجيزة - الدقي,19555,0
EMP-15674,TERMINATION,2026-02-10,ACTIVE,Resignation,16560,1
EMP-13686,HIRE,2026-02-10,,التجمع,13582,0
EMP-15774,HIRE,2026-02-11,,القاهرة - المعادي,12221,0
EMP-13822,HIRE,2026-02-11,,التجمع,7511,0
EMP-15896,HIRE,2026-02-11,,بورسعيد - الشرق,15199,0
EMP-14559,PROMOTION,2026-02-11,23638,26138,26138,0
EMP-13359,TRANSFER,2026-02-11,سموحة,القاهرة - المعادي,8863,0
EMP-15548,HIRE,2026-02-11,,بورسعيد - الشرق,11341,0
EMP-15262,HIRE,2026-02-12,,التجمع,19263,0
EMP-15901,PROMOTION,2026-02-12,8635,14310,14310,0
EMP-10419,PROMOTION,2026-02-12,23458,26170,26170,0
EMP-12462,HIRE,2026-02-12,,الإسكندرية - سموحة,11781,0
EMP-13607,HIRE,2026-02-12,,القاهره المعادي,8416,0
EMP-12287,TERMINATION,2026-02-13,ACTIVE,NULL,22990,1
EMP-13937,HIRE,2026-02-13,,الدقي,11187,0
EMP-16402,HIRE,2026-02-14,,الدقي,7875,0
EMP-11414,PROMOTION,2026-02-14,17021,20389,20389,0
EMP-14266,HIRE,2026-02-14,,الجيزة - الدقي,16060,0
EMP-16377,HIRE,2026-02-14,,القاهرة - التجمع الخامس,14814,0
EMP-14794,TERMINATION,2026-02-15,ACTIVE,NULL,7657,1
EMP-10757,PROMOTION,2026-02-15,17457,25300,25300,0
EMP-12673,HIRE,2026-02-16,,القاهرة - المعادي,17925,0
EMP-16522,TRANSFER,2026-02-16,الجيزة - الدقي,سموحة,8288,0
EMP-13793,TRANSFER,2026-02-17,بورسعيد - الشرق,بورسعيد,9851,0
EMP-14724,TERMINATION,2026-02-17,ACTIVE,Fired,15292,1
EMP-10585,HIRE,2026-02-17,,الإسكندرية - سموحة,16898,0
EMP-14182,HIRE,2026-02-17,,الدقي,8861,0
EMP-13965,TERMINATION,2026-02-17,ACTIVE,NULL,12126,1
EMP-16916,HIRE,2026-02-17,,الدقي,13704,0
EMP-16849,HIRE,2026-02-18,,الجيزة - الدقي,11726,0
EMP-11893,HIRE,2026-02-18,,القاهرة - التجمع الخامس,7712,0
EMP-10024,PROMOTION,2026-02-18,14188,16463,16463,0
EMP-10819,HIRE,2026-02-18,,القاهرة - المعادي,12985,0
EMP-12827,HIRE,2026-02-18,,سموحة,8274,0
EMP-16880,PROMOTION,2026-02-19,16327,24197,24197,0
EMP-14277,TRANSFER,2026-02-19,الدقي,الإسكندرية - سموحة,17085,0
EMP-11223,TRANSFER,2026-02-19,بورسعيد,فرع المعادي,10736,0
EMP-16880,PROMOTION,2026-02-19,16327,24197,24197,0
EMP-14546,TRANSFER,2026-02-19,بورسعيد,القاهرة - التجمع الخامس,14942,0
EMP-16688,HIRE,2026-02-19,,سموحة,16113,0
EMP-13313,PROMOTION,2026-02-20,16769,20103,20103,0
EMP-13751,HIRE,2026-02-20,,بورسعيد,12688,0
EMP-15794,TERMINATION,2026-02-21,ACTIVE,Resignation,15331,1
EMP-12206,TRANSFER,2026-02-22,الجيزة - الدقي,فرع المعادي,8930,0
EMP-12772,TRANSFER,2026-02-22,القاهرة - التجمع الخامس,الاسكندرية سموحة,11110,0
EMP-13851,TERMINATION,2026-02-22,ACTIVE,NULL,19965,1
EMP-12728,PROMOTION,2026-02-23,14408,19467,19467,0
EMP-10275,TERMINATION,2026-02-24,ACTIVE,Resignation,15646,1
EMP-13087,PROMOTION,2026-02-25,7438,9754,9754,0
EMP-15401,TRANSFER,2026-02-25,بورسعيد - الشرق,الاسكندرية سموحة,16777,0
EMP-10130,TRANSFER,2026-02-25,سموحة,القاهرة - التجمع الخامس,13162,0
EMP-10809,PROMOTION,2026-02-25,10076,16951,16951,0
EMP-14824,PROMOTION,2026-02-25,18292,24096,24096,0
EMP-13735,TERMINATION,2026-02-26,ACTIVE,Relocation,16114,1
EMP-12925,PROMOTION,2026-02-26,14124,16130,16130,0
EMP-11532,TRANSFER,2026-02-26,الإسكندرية - سموحة,بورسعيد,10124,0
EMP-14747,TRANSFER,2026-02-26,فرع المعادي,بورسعيد - الشرق,18864,0
EMP-12529,TRANSFER,2026-02-28,بورسعيد,فرع المعادي,11037,0
EMP-12258,TERMINATION,2026-02-28,ACTIVE,Relocation,13565,1
EMP-14619,PROMOTION,2026-03-01,13871,16575,16575,0
EMP-12574,PROMOTION,2026-03-01,12798,20429,20429,0
EMP-16796,PROMOTION,2026-03-01,13626,21123,21123,0
EMP-13497,TRANSFER,2026-03-01,فرع المعادي,القاهرة - التجمع الخامس,14829,0
EMP-15226,TERMINATION,2026-03-02,ACTIVE,Fired,19385,1
EMP-14623,PROMOTION,2026-03-02,9102,13139,13139,0
EMP-10228,TRANSFER,2026-03-02,فرع المعادي,بورسعيد,8741,0
EMP-12238,PROMOTION,2026-03-02,15444,21186,21186,0
EMP-16706,TRANSFER,2026-03-02,بورسعيد - الشرق,فرع المعادي,21639,0
EMP-13271,PROMOTION,2026-03-04,18810,25124,25124,0
EMP-15870,PROMOTION,2026-03-04,11644,19565,19565,0
EMP-16496,PROMOTION,2026-03-04,8518,12272,12272,0
EMP-14932,PROMOTION,2026-03-04,8879,13493,13493,0
EMP-10590,PROMOTION,2026-03-05,14885,19395,19395,0
EMP-15225,PROMOTION,2026-03-06,9688,12602,12602,0
EMP-10950,PROMOTION,2026-03-06,14207,20732,20732,0
EMP-13089,TERMINATION,2026-03-06,ACTIVE,Relocation,19586,1
EMP-16136,TERMINATION,2026-03-06,ACTIVE,Resignation,23283,1
EMP-12731,PROMOTION,2026-03-07,12668,20487,20487,0
EMP-14314,PROMOTION,2026-03-07,19646,25408,25408,0
EMP-14158,TRANSFER,2026-03-08,الدقي,القاهرة - المعادي,9772,0
EMP-12310,PROMOTION,2026-03-08,16137,21381,21381,0
EMP-13911,PROMOTION,2026-03-11,18688,21950,21950,0
EMP-11694,TRANSFER,2026-03-11,الجيزة - الدقي,الدقي,16356,0
EMP-13084,PROMOTION,2026-03-11,26324,31568,31568,0
EMP-16709,TERMINATION,2026-03-12,ACTIVE,Relocation,12613,1
EMP-10697,TRANSFER,2026-03-13,بورسعيد,القاهرة - المعادي,18644,0
EMP-14555,TRANSFER,2026-03-13,سموحة,الإسكندرية - سموحة,12967,0
EMP-14923,TERMINATION,2026-03-15,ACTIVE,Fired,15653,1
EMP-16945,PROMOTION,2026-03-16,15678,19857,19857,0
EMP-14115,TRANSFER,2026-03-17,الجيزة - الدقي,الدقي,13514,0
EMP-13789,PROMOTION,2026-03-17,14197,18502,18502,0
EMP-16256,TRANSFER,2026-03-18,بورسعيد - الشرق,القاهرة - المعادي,9245,0
EMP-15739,PROMOTION,2026-03-18,9491,17292,17292,0
EMP-15216,PROMOTION,2026-03-19,16654,20800,20800,0
EMP-11551,PROMOTION,2026-03-19,19140,22715,22715,0
EMP-12903,TERMINATION,2026-03-20,ACTIVE,NULL,16030,1
EMP-15835,PROMOTION,2026-03-20,14626,17228,17228,0
EMP-15181,TRANSFER,2026-03-20,القاهره المعادي,التجمع,11138,0
EMP-12126,TRANSFER,2026-03-21,بورسعيد,فرع المعادي,7997,0
EMP-14424,TERMINATION,2026-03-22,ACTIVE,NULL,21323,1
EMP-12536,PROMOTION,2026-03-22,18654,21597,21597,0
EMP-15056,PROMOTION,2026-03-22,19018,26429,26429,0
EMP-12026,PROMOTION,2026-03-22,7465,14586,14586,0
EMP-16438,TERMINATION,2026-03-22,ACTIVE,NULL,11581,1
EMP-15731,PROMOTION,2026-03-23,18871,26450,26450,0
EMP-16160,PROMOTION,2026-03-24,18286,20618,20618,0
EMP-16187,TERMINATION,2026-03-24,ACTIVE,Fired,12502,1
EMP-15695,PROMOTION,2026-03-26,14514,17658,17658,0
EMP-13804,PROMOTION,2026-03-26,13485,15672,15672,0
EMP-15595,TRANSFER,2026-03-27,سموحة,سموحة,19865,0
EMP-11465,TRANSFER,2026-03-27,القاهرة - المعادي,الإسكندرية - سموحة,18662,0
EMP-16815,TRANSFER,2026-03-28,بورسعيد - الشرق,التجمع,12792,0
EMP-10041,TRANSFER,2026-03-28,بورسعيد - الشرق,سموحة,18842,0
EMP-10117,TERMINATION,2026-03-28,ACTIVE,Fired,11679,1
EMP-15137,TERMINATION,2026-03-29,ACTIVE,Relocation,16154,1
EMP-12510,TRANSFER,2026-03-29,القاهرة - التجمع الخامس,سموحة,9437,0
EMP-11699,TERMINATION,2026-03-30,ACTIVE,NULL,13147,1
EMP-12284,PROMOTION,2026-03-30,14225,22087,22087,0
EMP-13917,TRANSFER,2026-03-31,بورسعيد,سموحة,19011,0
EMP-13189,TERMINATION,2026-03-31,ACTIVE,Fired,14027,1
EMP-13501,PROMOTION,2026-04-01,10819,15533,15533,0
EMP-11761,PROMOTION,2026-04-02,15927,21246,21246,0
EMP-15557,TRANSFER,2026-04-03,الاسكندرية سموحة,الجيزة - الدقي,16610,0
EMP-16609,TERMINATION,2026-04-04,ACTIVE,Fired,14983,1
EMP-10506,TRANSFER,2026-04-04,الاسكندرية سموحة,فرع المعادي,20570,0
EMP-15114,TRANSFER,2026-04-04,القاهره المعادي,بورسعيد,17302,0
EMP-14598,TERMINATION,2026-04-04,ACTIVE,NULL,20145,1
EMP-12949,PROMOTION,2026-04-06,17630,20889,20889,0
EMP-12526,PROMOTION,2026-04-07,13813,18663,18663,0
EMP-16636,TRANSFER,2026-04-08,سموحة,القاهرة - المعادي,7021,0
EMP-10767,PROMOTION,2026-04-08,16192,23472,23472,0
EMP-12325,PROMOTION,2026-04-10,16486,23934,23934,0
EMP-16427,PROMOTION,2026-04-10,17275,23176,23176,0
EMP-16960,TRANSFER,2026-04-11,بورسعيد,القاهرة - التجمع الخامس,7603,0
EMP-15607,TRANSFER,2026-04-11,بورسعيد - الشرق,بورسعيد,19201,0
EMP-10294,TRANSFER,2026-04-11,القاهرة - المعادي,القاهرة - المعادي,14730,0
EMP-11915,PROMOTION,2026-04-12,17612,20206,20206,0
EMP-15876,TERMINATION,2026-04-13,ACTIVE,Fired,14775,1
EMP-12183,TRANSFER,2026-04-13,بورسعيد - الشرق,القاهره المعادي,15475,0
EMP-11592,PROMOTION,2026-04-13,14029,19608,19608,0
EMP-15308,TRANSFER,2026-04-14,الاسكندرية سموحة,بورسعيد - الشرق,10251,0
EMP-16433,TRANSFER,2026-04-15,القاهرة - المعادي,التجمع,20414,0
EMP-15397,TRANSFER,2026-04-15,التجمع,القاهرة - المعادي,13343,0
EMP-11252,TRANSFER,2026-04-16,القاهرة - التجمع الخامس,سموحة,11717,0
EMP-15812,PROMOTION,2026-04-17,11943,15321,15321,0
EMP-15070,TRANSFER,2026-04-18,الاسكندرية سموحة,بورسعيد,12702,0
EMP-16396,PROMOTION,2026-04-18,16315,21110,21110,0
EMP-10707,TRANSFER,2026-04-18,بورسعيد - الشرق,الدقي,10544,0
EMP-11814,PROMOTION,2026-04-19,19905,23140,23140,0
EMP-13299,PROMOTION,2026-04-19,21055,25933,25933,0
EMP-10512,PROMOTION,2026-04-20,21173,25781,25781,0
EMP-13002,PROMOTION,2026-04-20,12554,16319,16319,0
EMP-11109,TRANSFER,2026-04-20,القاهره المعادي,الإسكندرية - سموحة,11757,0
EMP-14912,PROMOTION,2026-04-21,8763,13605,13605,0
EMP-14704,TRANSFER,2026-04-21,الجيزة - الدقي,الاسكندرية سموحة,15850,0
EMP-12262,PROMOTION,2026-04-22,17895,21351,21351,0
EMP-15190,TRANSFER,2026-04-22,الاسكندرية سموحة,الاسكندرية سموحة,14077,0
EMP-16738,PROMOTION,2026-04-23,12559,15112,15112,0
EMP-11076,PROMOTION,2026-04-24,9979,14206,14206,0
EMP-11096,TERMINATION,2026-04-24,ACTIVE,Relocation,19555,1
EMP-12740,TRANSFER,2026-04-24,الجيزة - الدقي,الاسكندرية سموحة,10366,0
EMP-11076,PROMOTION,2026-04-24,9979,14206,14206,0
EMP-15396,TRANSFER,2026-04-24,التجمع,الدقي,16753,0
EMP-14645,TRANSFER,2026-04-26,بورسعيد,الجيزة - الدقي,13926,0
EMP-16803,TRANSFER,2026-04-26,الجيزة - الدقي,بورسعيد - الشرق,8370,0
EMP-12556,TRANSFER,2026-04-26,سموحة,القاهرة - التجمع الخامس,19541,0
EMP-13959,TRANSFER,2026-04-26,بورسعيد,القاهره المعادي,22347,0
EMP-12647,TERMINATION,2026-04-29,ACTIVE,Relocation,18559,1
EMP-16809,TERMINATION,2026-04-29,ACTIVE,NULL,13182,1
EMP-15220,PROMOTION,2026-04-29,17631,20170,20170,0
EMP-10458,TERMINATION,2026-04-30,ACTIVE,NULL,10100,1
EMP-12880,TRANSFER,2026-04-30,القاهرة - التجمع الخامس,الاسكندرية سموحة,17838,0
EMP-12605,TERMINATION,2026-04-30,ACTIVE,Resignation,18069,1
EMP-15377,TERMINATION,2026-05-02,ACTIVE,Fired,16311,1
EMP-12907,PROMOTION,2026-05-04,8661,12141,12141,0
EMP-13170,TRANSFER,2026-05-04,بورسعيد,فرع المعادي,16460,0
EMP-13359,TRANSFER,2026-05-05,القاهرة - المعادي,التجمع,8863,0
EMP-11483,TRANSFER,2026-05-06,سموحة,سموحة,7863,0
EMP-13268,PROMOTION,2026-05-07,13677,18786,18786,0
EMP-13292,TRANSFER,2026-05-08,القاهره المعادي,الإسكندرية - سموحة,11520,0
EMP-13292,TRANSFER,2026-05-08,القاهره المعادي,الإسكندرية - سموحة,11520,0
EMP-12714,TRANSFER,2026-05-08,الإسكندرية - سموحة,القاهره المعادي,13814,0
EMP-16402,PROMOTION,2026-05-09,7875,15582,15582,0
EMP-10902,TERMINATION,2026-05-10,ACTIVE,Fired,16020,1
EMP-14515,TRANSFER,2026-05-11,التجمع,القاهره المعادي,14070,0
EMP-10552,TERMINATION,2026-05-11,ACTIVE,Fired,18139,1
EMP-13917,TRANSFER,2026-05-13,سموحة,القاهره المعادي,19011,0
EMP-12234,PROMOTION,2026-05-13,14176,21824,21824,0
EMP-10029,PROMOTION,2026-05-13,15710,23044,23044,0
EMP-10046,PROMOTION,2026-05-13,10514,13859,13859,0
EMP-11068,PROMOTION,2026-05-15,8168,10808,10808,0
EMP-10636,PROMOTION,2026-05-15,8127,12183,12183,0
EMP-10339,TERMINATION,2026-05-16,ACTIVE,NULL,13363,1
EMP-12518,PROMOTION,2026-05-16,28432,30634,30634,0
EMP-16725,TERMINATION,2026-05-16,ACTIVE,Fired,20833,1
EMP-11528,TRANSFER,2026-05-18,بورسعيد - الشرق,القاهرة - المعادي,14550,0
EMP-16662,PROMOTION,2026-05-18,15387,22447,22447,0
EMP-14229,TRANSFER,2026-05-20,الإسكندرية - سموحة,فرع المعادي,11765,0
EMP-11130,PROMOTION,2026-05-20,15114,21834,21834,0
EMP-15906,TRANSFER,2026-05-20,القاهرة - المعادي,القاهرة - التجمع الخامس,7752,0
EMP-14088,TERMINATION,2026-05-21,ACTIVE,NULL,14872,1
EMP-10227,PROMOTION,2026-05-21,10430,18179,18179,0
EMP-12976,PROMOTION,2026-05-22,10289,12847,12847,0
EMP-13806,TRANSFER,2026-05-22,بورسعيد - الشرق,فرع المعادي,14486,0
EMP-10422,TERMINATION,2026-05-23,ACTIVE,Relocation,10937,1
EMP-12905,TRANSFER,2026-05-23,القاهره المعادي,بورسعيد - الشرق,16694,0
EMP-12625,TRANSFER,2026-05-24,الإسكندرية - سموحة,الاسكندرية سموحة,13923,0
EMP-12120,TERMINATION,2026-05-24,ACTIVE,Resignation,11750,1
EMP-14542,TERMINATION,2026-05-24,ACTIVE,Resignation,15736,1
EMP-12307,TERMINATION,2026-05-25,ACTIVE,Relocation,32987,1
EMP-14749,TERMINATION,2026-05-25,ACTIVE,Resignation,14357,1
EMP-11567,TRANSFER,2026-05-26,الاسكندرية سموحة,بورسعيد - الشرق,8132,0
EMP-16961,PROMOTION,2026-05-27,18969,22577,22577,0
EMP-10001,PROMOTION,2026-05-27,17625,24556,24556,0
EMP-14168,PROMOTION,2026-05-27,15299,22985,22985,0
EMP-13757,TRANSFER,2026-05-27,القاهرة - المعادي,القاهرة - التجمع الخامس,15332,0
EMP-13389,TRANSFER,2026-05-29,بورسعيد,الاسكندرية سموحة,10605,0
EMP-14858,PROMOTION,2026-05-29,8629,15850,15850,0
EMP-13974,TRANSFER,2026-05-29,التجمع,بورسعيد - الشرق,9819,0
EMP-15913,TERMINATION,2026-05-29,ACTIVE,NULL,9326,1
EMP-12325,TRANSFER,2026-05-30,بورسعيد - الشرق,التجمع,23934,0
EMP-16058,TERMINATION,2026-05-30,ACTIVE,Resignation,24368,1
EMP-11318,TRANSFER,2026-05-30,القاهره المعادي,القاهرة - التجمع الخامس,20861,0
EMP-12325,TRANSFER,2026-05-30,بورسعيد - الشرق,التجمع,23934,0
EMP-12539,TRANSFER,2026-05-30,بورسعيد - الشرق,بورسعيد - الشرق,19726,0
EMP-14134,TRANSFER,2026-05-31,القاهرة - المعادي,الإسكندرية - سموحة,12888,0
EMP-16001,TRANSFER,2026-05-31,الجيزة - الدقي,الإسكندرية - سموحة,9686,0
