EmployeeID,CourseID,CourseName,SkillDomain,CompletionDate,Score,CertificationCost_EGP
EMP-10171,CRS-SOFT-02,Data-Driven Decision Making & Storytelling,Soft Skills,2025-07-15,97.6,3800.0
EMP-13122,CRS-LEAD-01,Strategic People Leadership & Coaching,Leadership,2025-03-27,95.5,8000.0
EMP-16615,CRS-SOFT-02,Data-Driven Decision Making & Storytelling,Soft Skills,2025-04-08,87.3,3800.0
EMP-13193,CRS-LEAD-02,Operational Excellence & Lean Six Sigma,Leadership,2025-03-15,85.4,9500.0
EMP-15364,CRS-SOFT-01,Executive Negotiation & Conflict Resolution,Soft Skills,2025-08-14,91.3,3200.0
EMP-10848,CRS-SOFT-02,Data-Driven Decision Making & Storytelling,Soft Skills,2025-10-20,92.3,3800.0
EMP-14962,CRS-TECH-02,Advanced SQL & Modern Data Warehousing,Tech,2025-03-01,86.2,5200.0
EMP-11858,CRS-SOFT-01,Executive Negotiation & Conflict Resolution,Soft Skills,2025-09-09,88.9,3200.0
EMP-16327,CRS-SOFT-01,Executive Negotiation & Conflict Resolution,Soft Skills,2025-03-23,76.4,3200.0
EMP-16414,CRS-TECH-01,Power BI & Enterprise DAX Modeling,Tech,2025-02-14,93.5,4500.0
EMP-13373,CRS-SOFT-01,Executive Negotiation & Conflict Resolution,Soft Skills,2025-02-21,76.6,3200.0
EMP-13699,CRS-TECH-01,Power BI & Enterprise DAX Modeling,Tech,2025-06-19,75.6,4500.0
EMP-11066,CRS-LEAD-02,Operational Excellence & Lean Six Sigma,Leadership,2025-11-17,95.1,9500.0
EMP-13265,CRS-LEAD-01,Strategic People Leadership & Coaching,Leadership,2025-01-11,86.4,8000.0
EMP-11603,CRS-TECH-01,Power BI & Enterprise DAX Modeling,Tech,2025-08-28,90.8,4500.0
EMP-10968,CRS-LEAD-01,Strategic People Leadership & Coaching,Leadership,2025-04-12,92.6,8000.0
EMP-14532,CRS-LEAD-02,Operational Excellence & Lean Six Sigma,Leadership,2025-02-02,78.6,9500.0
EMP-11557,CRS-LEAD-01,Strategic People Leadership & Coaching,Leadership,2025-06-27,90.7,8000.0
EMP-12256,CRS-LEAD-01,Strategic People Leadership & Coaching,Leadership,2025-09-05,91.6,8000.0
EMP-11951,CRS-LEAD-01,Strategic People Leadership & Coaching,Leadership,2025-09-18,91.9,8000.0
EMP-16258,CRS-TECH-01,Power BI & Enterprise DAX Modeling,Tech,2025-06-12,91.4,4500.0
EMP-12139,CRS-TECH-02,Advanced SQL & Modern Data Warehousing,Tech,2025-11-25,80.2,5200.0
EMP-16185,CRS-TECH-02,Advanced SQL & Modern Data Warehousing,Tech,2025-03-28,83.9,5200.0
EMP-10101,CRS-TECH-03,Python for Data Engineering & Analytics,Tech,2025-02-11,86.9,6000.0
EMP-14367,CRS-TECH-01,Power BI & Enterprise DAX Modeling,Tech,2025-04-16,64.6,4500.0
EMP-16721,CRS-COMP-02,Information Governance & GDPR/Data Protection,Compliance,2025-12-21,67.3,3000.0
EMP-16721,CRS-COMP-02,Information Governance & GDPR/Data Protection,Compliance,2026-01-26,86.0,1500.0
EMP-11721,CRS-COMP-02,Information Governance & GDPR/Data Protection,Compliance,2025-04-28,49.6,3000.0
EMP-13457,CRS-COMP-02,Information Governance & GDPR/Data Protection,Compliance,2025-02-10,96.0,3000.0
EMP-14715,CRS-TECH-01,Power BI & Enterprise DAX Modeling,Tech,2025-11-02,93.8,4500.0
EMP-16361,CRS-TECH-01,Power BI & Enterprise DAX Modeling,Tech,2025-06-25,95.2,4500.0
EMP-15123,CRS-TECH-04,Cloud Architecture & Cybersecurity Fundamentals,Tech,2025-06-15,51.8,7500.0
EMP-15123,CRS-TECH-04,Cloud Architecture & Cybersecurity Fundamentals,Tech,2025-07-09,85.1,3750.0
EMP-11887,CRS-SOFT-01,Executive Negotiation & Conflict Resolution,Soft Skills,2025-04-27,89.5,3200.0
EMP-14420,CRS-LEAD-02,Operational Excellence & Lean Six Sigma,Leadership,2025-06-13,73.4,9500.0
EMP-10748,CRS-LEAD-02,Operational Excellence & Lean Six Sigma,Leadership,2025-01-16,84.9,9500.0
EMP-12966,CRS-SOFT-01,Executive Negotiation & Conflict Resolution,Soft Skills,2025-04-04,96.7,3200.0
EMP-12686,CRS-COMP-02,Information Governance & GDPR/Data Protection,Compliance,2025-10-22,93.8,3000.0
EMP-11475,CRS-TECH-03,Python for Data Engineering & Analytics,Tech,2025-12-01,87.8,6000.0
EMP-15448,CRS-TECH-02,Advanced SQL & Modern Data Warehousing,Tech,2025-11-05,89.2,5200.0
EMP-16384,CRS-COMP-02,Information Governance & GDPR/Data Protection,Compliance,2025-07-13,80.3,3000.0
EMP-11545,CRS-TECH-02,Advanced SQL & Modern Data Warehousing,Tech,2025-05-13,87.2,5200.0
EMP-14700,CRS-LEAD-01,Strategic People Leadership & Coaching,Leadership,2025-10-05,92.4,8000.0
EMP-14476,CRS-LEAD-02,Operational Excellence & Lean Six Sigma,Leadership,2025-01-07,74.8,9500.0
EMP-10028,CRS-TECH-01,Power BI & Enterprise DAX Modeling,Tech,2025-03-02,81.5,4500.0
EMP-15279,CRS-TECH-03,Python for Data Engineering & Analytics,Tech,2025-04-16,42.7,6000.0
EMP-15279,CRS-TECH-03,Python for Data Engineering & Analytics,Tech,2025-05-21,79.6,3000.0
EMP-12110,CRS-TECH-02,Advanced SQL & Modern Data Warehousing,Tech,2025-01-27,77.2,5200.0
EMP-14221,CRS-LEAD-01,Strategic People Leadership & Coaching,Leadership,2025-04-26,76.4,8000.0
EMP-16647,CRS-TECH-04,Cloud Architecture & Cybersecurity Fundamentals,Tech,2025-10-01,96.1,7500.0
EMP-12195,CRS-TECH-01,Power BI & Enterprise DAX Modeling,Tech,2025-03-20,96.0,4500.0
EMP-10187,CRS-LEAD-01,Strategic People Leadership & Coaching,Leadership,2025-02-18,86.6,8000.0
EMP-16704,CRS-SOFT-01,Executive Negotiation & Conflict Resolution,Soft Skills,2025-09-13,81.5,3200.0
EMP-16323,CRS-LEAD-02,Operational Excellence & Lean Six Sigma,Leadership,2025-07-16,89.8,9500.0
EMP-15973,CRS-SOFT-01,Executive Negotiation & Conflict Resolution,Soft Skills,2025-05-03,84.1,3200.0
EMP-12370,CRS-SOFT-02,Data-Driven Decision Making & Storytelling,Soft Skills,2025-05-18,73.7,3800.0
EMP-14650,CRS-TECH-01,Power BI & Enterprise DAX Modeling,Tech,2025-07-18,85.7,4500.0
EMP-13140,CRS-LEAD-01,Strategic People Leadership & Coaching,Leadership,2025-01-03,77.6,8000.0
EMP-14662,CRS-SOFT-01,Executive Negotiation & Conflict Resolution,Soft Skills,2025-05-20,92.8,3200.0
EMP-16713,CRS-COMP-01,Enterprise Labor Law & Compliance 2026,Compliance,2025-07-12,85.6,2500.0
EMP-16983,CRS-LEAD-01,Strategic People Leadership & Coaching,Leadership,2025-10-28,81.7,8000.0
EMP-15055,CRS-SOFT-02,Data-Driven Decision Making & Storytelling,Soft Skills,2025-04-20,73.9,3800.0
EMP-13824,CRS-LEAD-02,Operational Excellence & Lean Six Sigma,Leadership,2025-03-03,58.4,9500.0
EMP-10419,CRS-LEAD-02,Operational Excellence & Lean Six Sigma,Leadership,2025-05-15,58.2,9500.0
EMP-10419,CRS-LEAD-02,Operational Excellence & Lean Six Sigma,Leadership,2025-06-08,87.8,4750.0
EMP-15743,CRS-TECH-02,Advanced SQL & Modern Data Warehousing,Tech,2025-04-27,87.3,5200.0
EMP-16266,CRS-TECH-03,Python for Data Engineering & Analytics,Tech,2025-02-18,55.1,6000.0
EMP-13792,CRS-LEAD-01,Strategic People Leadership & Coaching,Leadership,2025-01-05,91.2,8000.0
EMP-11226,CRS-SOFT-02,Data-Driven Decision Making & Storytelling,Soft Skills,2025-02-09,91.8,3800.0
EMP-10952,CRS-SOFT-01,Executive Negotiation & Conflict Resolution,Soft Skills,2025-06-07,95.9,3200.0
EMP-14897,CRS-LEAD-01,Strategic People Leadership & Coaching,Leadership,2025-11-13,66.7,8000.0
EMP-14897,CRS-LEAD-01,Strategic People Leadership & Coaching,Leadership,2025-12-02,83.9,4000.0
EMP-15416,CRS-SOFT-02,Data-Driven Decision Making & Storytelling,Soft Skills,2025-08-28,96.2,3800.0
EMP-13030,CRS-LEAD-02,Operational Excellence & Lean Six Sigma,Leadership,2025-01-15,87.5,9500.0
EMP-14741,CRS-TECH-01,Power BI & Enterprise DAX Modeling,Tech,2025-04-11,62.8,4500.0
EMP-11969,CRS-COMP-01,Enterprise Labor Law & Compliance 2026,Compliance,2025-02-01,54.8,2500.0
EMP-11969,CRS-COMP-01,Enterprise Labor Law & Compliance 2026,Compliance,2025-03-14,82.4,1250.0
EMP-13233,CRS-COMP-01,Enterprise Labor Law & Compliance 2026,Compliance,2025-10-23,90.5,2500.0
EMP-10715,CRS-TECH-04,Cloud Architecture & Cybersecurity Fundamentals,Tech,2025-08-23,90.5,7500.0
EMP-11893,CRS-COMP-01,Enterprise Labor Law & Compliance 2026,Compliance,2025-12-06,58.2,2500.0
EMP-11893,CRS-COMP-01,Enterprise Labor Law & Compliance 2026,Compliance,2026-01-07,90.0,1250.0
EMP-16622,CRS-LEAD-02,Operational Excellence & Lean Six Sigma,Leadership,2025-02-20,95.8,9500.0
EMP-10009,CRS-LEAD-02,Operational Excellence & Lean Six Sigma,Leadership,2025-05-11,73.1,9500.0
EMP-16259,CRS-SOFT-01,Executive Negotiation & Conflict Resolution,Soft Skills,2025-07-05,79.3,3200.0
EMP-10188,CRS-LEAD-01,Strategic People Leadership & Coaching,Leadership,2025-09-01,73.4,8000.0
EMP-14214,CRS-LEAD-02,Operational Excellence & Lean Six Sigma,Leadership,2025-03-11,83.9,9500.0
EMP-12356,CRS-COMP-01,Enterprise Labor Law & Compliance 2026,Compliance,2025-08-26,88.2,2500.0
EMP-14159,CRS-LEAD-01,Strategic People Leadership & Coaching,Leadership,2025-11-17,83.2,8000.0
EMP-10413,CRS-TECH-01,Power BI & Enterprise DAX Modeling,Tech,2025-01-06,81.4,4500.0
EMP-15587,CRS-SOFT-01,Executive Negotiation & Conflict Resolution,Soft Skills,2025-04-14,51.5,3200.0
EMP-15587,CRS-SOFT-01,Executive Negotiation & Conflict Resolution,Soft Skills,2025-05-23,80.7,1600.0
EMP-13550,CRS-SOFT-01,Executive Negotiation & Conflict Resolution,Soft Skills,2025-12-06,86.1,3200.0
EMP-13967,CRS-SOFT-01,Executive Negotiation & Conflict Resolution,Soft Skills,2025-10-18,74.5,3200.0
EMP-15303,CRS-TECH-01,Power BI & Enterprise DAX Modeling,Tech,2025-12-06,78.9,4500.0
EMP-15972,CRS-COMP-01,Enterprise Labor Law & Compliance 2026,Compliance,2025-07-20,88.0,2500.0
EMP-11623,CRS-COMP-02,Information Governance & GDPR/Data Protection,Compliance,2025-04-27,62.9,3000.0
EMP-10025,CRS-TECH-02,Advanced SQL & Modern Data Warehousing,Tech,2025-06-13,56.5,5200.0
EMP-15491,CRS-LEAD-01,Strategic People Leadership & Coaching,Leadership,2025-04-08,90.0,8000.0
EMP-13842,CRS-SOFT-01,Executive Negotiation & Conflict Resolution,Soft Skills,2025-11-17,96.3,3200.0
EMP-11591,CRS-SOFT-01,Executive Negotiation & Conflict Resolution,Soft Skills,2025-06-21,65.1,3200.0
EMP-11591,CRS-SOFT-01,Executive Negotiation & Conflict Resolution,Soft Skills,2025-08-05,81.2,1600.0
EMP-10218,CRS-TECH-01,Power BI & Enterprise DAX Modeling,Tech,2025-01-01,75.2,4500.0
EMP-13140,CRS-SOFT-01,Executive Negotiation & Conflict Resolution,Soft Skills,2025-12-20,43.5,3200.0
EMP-13140,CRS-SOFT-01,Executive Negotiation & Conflict Resolution,Soft Skills,2026-01-21,83.1,1600.0
EMP-16538,CRS-SOFT-01,Executive Negotiation & Conflict Resolution,Soft Skills,2025-05-19,83.1,3200.0
EMP-12541,CRS-TECH-04,Cloud Architecture & Cybersecurity Fundamentals,Tech,2025-06-25,90.7,7500.0
EMP-13857,CRS-SOFT-01,Executive Negotiation & Conflict Resolution,Soft Skills,2025-12-04,44.1,3200.0
EMP-13857,CRS-SOFT-01,Executive Negotiation & Conflict Resolution,Soft Skills,2026-01-28,77.1,1600.0
EMP-14304,CRS-LEAD-01,Strategic People Leadership & Coaching,Leadership,2025-05-19,87.8,8000.0
EMP-13539,CRS-TECH-01,Power BI & Enterprise DAX Modeling,Tech,2025-05-15,53.9,4500.0
EMP-14389,CRS-COMP-01,Enterprise Labor Law & Compliance 2026,Compliance,2025-12-03,73.4,2500.0
EMP-12881,CRS-LEAD-02,Operational Excellence & Lean Six Sigma,Leadership,2025-03-28,92.9,9500.0
EMP-12127,CRS-COMP-02,Information Governance & GDPR/Data Protection,Compliance,2025-01-09,90.4,3000.0
EMP-12269,CRS-TECH-01,Power BI & Enterprise DAX Modeling,Tech,2025-02-04,86.3,4500.0
EMP-10920,CRS-TECH-01,Power BI & Enterprise DAX Modeling,Tech,2025-05-22,76.8,4500.0
EMP-14650,CRS-SOFT-01,Executive Negotiation & Conflict Resolution,Soft Skills,2025-02-27,84.8,3200.0
EMP-13770,CRS-TECH-01,Power BI & Enterprise DAX Modeling,Tech,2025-01-03,82.8,4500.0
EMP-14457,CRS-TECH-01,Power BI & Enterprise DAX Modeling,Tech,2025-11-12,78.2,4500.0
EMP-15520,CRS-SOFT-02,Data-Driven Decision Making & Storytelling,Soft Skills,2025-08-06,97.8,3800.0
EMP-15505,CRS-TECH-01,Power BI & Enterprise DAX Modeling,Tech,2025-11-05,85.3,4500.0
EMP-11199,CRS-TECH-02,Advanced SQL & Modern Data Warehousing,Tech,2025-08-06,58.4,5200.0
EMP-11199,CRS-TECH-02,Advanced SQL & Modern Data Warehousing,Tech,2025-10-01,93.7,2600.0
EMP-16188,CRS-COMP-01,Enterprise Labor Law & Compliance 2026,Compliance,2025-12-14,88.9,2500.0
EMP-16504,CRS-SOFT-02,Data-Driven Decision Making & Storytelling,Soft Skills,2025-07-05,67.1,3800.0
EMP-16504,CRS-SOFT-02,Data-Driven Decision Making & Storytelling,Soft Skills,2025-08-01,76.3,1900.0
EMP-14589,CRS-TECH-04,Cloud Architecture & Cybersecurity Fundamentals,Tech,2025-05-18,76.3,7500.0
EMP-12425,CRS-SOFT-01,Executive Negotiation & Conflict Resolution,Soft Skills,2025-10-14,90.1,3200.0
EMP-13813,CRS-TECH-01,Power BI & Enterprise DAX Modeling,Tech,2025-01-19,79.8,4500.0
EMP-11629,CRS-LEAD-02,Operational Excellence & Lean Six Sigma,Leadership,2025-11-01,62.4,9500.0
EMP-12057,CRS-SOFT-02,Data-Driven Decision Making & Storytelling,Soft Skills,2025-04-10,82.2,3800.0
EMP-16671,CRS-SOFT-01,Executive Negotiation & Conflict Resolution,Soft Skills,2025-06-03,60.1,3200.0
EMP-16828,CRS-TECH-01,Power BI & Enterprise DAX Modeling,Tech,2025-02-22,87.3,4500.0
EMP-13165,CRS-SOFT-01,Executive Negotiation & Conflict Resolution,Soft Skills,2025-03-14,87.2,3200.0
EMP-11216,CRS-TECH-01,Power BI & Enterprise DAX Modeling,Tech,2025-10-16,91.7,4500.0
EMP-14909,CRS-TECH-03,Python for Data Engineering & Analytics,Tech,2025-08-14,97.1,6000.0
EMP-11852,CRS-COMP-01,Enterprise Labor Law & Compliance 2026,Compliance,2025-06-17,85.6,2500.0
EMP-16258,CRS-TECH-01,Power BI & Enterprise DAX Modeling,Tech,2025-04-11,93.0,4500.0
EMP-12213,CRS-TECH-02,Advanced SQL & Modern Data Warehousing,Tech,2025-03-22,56.2,5200.0
EMP-12213,CRS-TECH-02,Advanced SQL & Modern Data Warehousing,Tech,2025-05-12,92.6,2600.0
EMP-16944,CRS-TECH-01,Power BI & Enterprise DAX Modeling,Tech,2025-11-09,87.6,4500.0
EMP-10775,CRS-TECH-04,Cloud Architecture & Cybersecurity Fundamentals,Tech,2025-03-16,73.4,7500.0
EMP-12386,CRS-COMP-02,Information Governance & GDPR/Data Protection,Compliance,2025-05-02,97.5,3000.0
EMP-11427,CRS-COMP-01,Enterprise Labor Law & Compliance 2026,Compliance,2025-08-21,75.8,2500.0
EMP-11801,CRS-SOFT-01,Executive Negotiation & Conflict Resolution,Soft Skills,2025-11-12,54.5,3200.0
EMP-11801,CRS-SOFT-01,Executive Negotiation & Conflict Resolution,Soft Skills,2025-12-24,94.6,1600.0
EMP-12256,CRS-LEAD-01,Strategic People Leadership & Coaching,Leadership,2025-02-01,85.9,8000.0
EMP-10724,CRS-TECH-01,Power BI & Enterprise DAX Modeling,Tech,2025-12-13,82.1,4500.0
EMP-16522,CRS-LEAD-01,Strategic People Leadership & Coaching,Leadership,2025-11-20,51.5,8000.0
EMP-16809,CRS-LEAD-02,Operational Excellence & Lean Six Sigma,Leadership,2025-12-22,53.5,9500.0
EMP-13288,CRS-TECH-01,Power BI & Enterprise DAX Modeling,Tech,2025-03-10,82.8,4500.0
EMP-15055,CRS-SOFT-01,Executive Negotiation & Conflict Resolution,Soft Skills,2025-05-05,88.9,3200.0
EMP-15440,CRS-TECH-01,Power BI & Enterprise DAX Modeling,Tech,2025-05-12,87.6,4500.0
EMP-16483,CRS-LEAD-01,Strategic People Leadership & Coaching,Leadership,2025-02-08,55.2,8000.0
EMP-16483,CRS-LEAD-01,Strategic People Leadership & Coaching,Leadership,2025-04-03,83.8,4000.0
EMP-14061,CRS-TECH-01,Power BI & Enterprise DAX Modeling,Tech,2025-10-11,83.8,4500.0
EMP-15606,CRS-TECH-02,Advanced SQL & Modern Data Warehousing,Tech,2025-04-01,74.3,5200.0
EMP-10985,CRS-LEAD-01,Strategic People Leadership & Coaching,Leadership,2025-02-27,91.6,8000.0
EMP-15263,CRS-SOFT-02,Data-Driven Decision Making & Storytelling,Soft Skills,2025-08-13,90.1,3800.0
EMP-15576,CRS-COMP-01,Enterprise Labor Law & Compliance 2026,Compliance,2025-06-08,67.9,2500.0
EMP-15576,CRS-COMP-01,Enterprise Labor Law & Compliance 2026,Compliance,2025-07-12,75.9,1250.0
EMP-14986,CRS-COMP-02,Information Governance & GDPR/Data Protection,Compliance,2025-04-13,77.1,3000.0
EMP-12050,CRS-TECH-01,Power BI & Enterprise DAX Modeling,Tech,2025-07-19,54.9,4500.0
EMP-12050,CRS-TECH-01,Power BI & Enterprise DAX Modeling,Tech,2025-08-29,93.8,2250.0
EMP-13335,CRS-SOFT-01,Executive Negotiation & Conflict Resolution,Soft Skills,2025-06-02,56.6,3200.0
EMP-13335,CRS-SOFT-01,Executive Negotiation & Conflict Resolution,Soft Skills,2025-07-19,86.5,1600.0
EMP-14942,CRS-SOFT-01,Executive Negotiation & Conflict Resolution,Soft Skills,2025-10-09,85.1,3200.0
EMP-11219,CRS-TECH-02,Advanced SQL & Modern Data Warehousing,Tech,2025-06-06,86.1,5200.0
EMP-16515,CRS-COMP-01,Enterprise Labor Law & Compliance 2026,Compliance,2025-01-16,84.2,2500.0
EMP-11001,CRS-SOFT-01,Executive Negotiation & Conflict Resolution,Soft Skills,2025-02-10,51.1,3200.0
EMP-11001,CRS-SOFT-01,Executive Negotiation & Conflict Resolution,Soft Skills,2025-03-21,85.2,1600.0
EMP-14362,CRS-LEAD-02,Operational Excellence & Lean Six Sigma,Leadership,2025-03-10,73.1,9500.0
EMP-12597,CRS-TECH-01,Power BI & Enterprise DAX Modeling,Tech,2025-06-20,84.9,4500.0
EMP-15779,CRS-LEAD-01,Strategic People Leadership & Coaching,Leadership,2025-09-22,92.3,8000.0
EMP-14197,CRS-TECH-01,Power BI & Enterprise DAX Modeling,Tech,2025-02-20,60.7,4500.0
EMP-11805,CRS-TECH-01,Power BI & Enterprise DAX Modeling,Tech,2025-07-18,75.0,4500.0
EMP-11612,CRS-TECH-01,Power BI & Enterprise DAX Modeling,Tech,2025-10-17,84.7,4500.0
EMP-15295,CRS-LEAD-02,Operational Excellence & Lean Six Sigma,Leadership,2025-08-04,95.1,9500.0
EMP-10299,CRS-COMP-01,Enterprise Labor Law & Compliance 2026,Compliance,2025-08-28,94.4,2500.0
EMP-11628,CRS-TECH-01,Power BI & Enterprise DAX Modeling,Tech,2025-12-25,84.1,4500.0
EMP-16044,CRS-COMP-01,Enterprise Labor Law & Compliance 2026,Compliance,2025-12-24,89.4,2500.0
EMP-16493,CRS-SOFT-01,Executive Negotiation & Conflict Resolution,Soft Skills,2025-12-21,90.7,3200.0
EMP-10760,CRS-SOFT-01,Executive Negotiation & Conflict Resolution,Soft Skills,2025-04-22,88.1,3200.0
EMP-12175,CRS-LEAD-01,Strategic People Leadership & Coaching,Leadership,2025-09-10,92.6,8000.0
EMP-14581,CRS-COMP-01,Enterprise Labor Law & Compliance 2026,Compliance,2025-12-16,83.5,2500.0
EMP-12121,CRS-TECH-02,Advanced SQL & Modern Data Warehousing,Tech,2025-01-19,90.9,5200.0
EMP-11407,CRS-SOFT-01,Executive Negotiation & Conflict Resolution,Soft Skills,2025-02-13,77.3,3200.0
EMP-11292,CRS-SOFT-01,Executive Negotiation & Conflict Resolution,Soft Skills,2025-08-25,89.2,3200.0
EMP-13179,CRS-TECH-01,Power BI & Enterprise DAX Modeling,Tech,2025-06-15,95.1,4500.0
EMP-15373,CRS-TECH-01,Power BI & Enterprise DAX Modeling,Tech,2025-07-24,86.3,4500.0
EMP-13978,CRS-COMP-02,Information Governance & GDPR/Data Protection,Compliance,2025-03-25,82.9,3000.0
EMP-13367,CRS-TECH-01,Power BI & Enterprise DAX Modeling,Tech,2025-12-28,80.5,4500.0
EMP-10414,CRS-SOFT-02,Data-Driven Decision Making & Storytelling,Soft Skills,2025-03-05,92.9,3800.0
EMP-10530,CRS-TECH-01,Power BI & Enterprise DAX Modeling,Tech,2025-05-16,92.6,4500.0
EMP-13550,CRS-COMP-01,Enterprise Labor Law & Compliance 2026,Compliance,2025-11-10,83.8,2500.0
EMP-10256,CRS-TECH-01,Power BI & Enterprise DAX Modeling,Tech,2025-07-21,83.1,4500.0
EMP-16862,CRS-SOFT-01,Executive Negotiation & Conflict Resolution,Soft Skills,2025-10-22,97.4,3200.0
EMP-15839,CRS-TECH-01,Power BI & Enterprise DAX Modeling,Tech,2025-04-16,63.8,4500.0
EMP-15560,CRS-SOFT-02,Data-Driven Decision Making & Storytelling,Soft Skills,2025-05-17,85.7,3800.0
EMP-10343,CRS-SOFT-01,Executive Negotiation & Conflict Resolution,Soft Skills,2025-12-06,96.4,3200.0
EMP-11772,CRS-TECH-01,Power BI & Enterprise DAX Modeling,Tech,2025-07-11,78.0,4500.0
EMP-16554,CRS-SOFT-02,Data-Driven Decision Making & Storytelling,Soft Skills,2025-12-03,81.6,3800.0
EMP-13639,CRS-LEAD-01,Strategic People Leadership & Coaching,Leadership,2025-02-26,79.0,8000.0
EMP-11069,CRS-LEAD-02,Operational Excellence & Lean Six Sigma,Leadership,2025-01-17,89.4,9500.0
EMP-13166,CRS-TECH-01,Power BI & Enterprise DAX Modeling,Tech,2025-09-18,83.3,4500.0
EMP-15593,CRS-TECH-03,Python for Data Engineering & Analytics,Tech,2025-11-13,76.5,6000.0
EMP-10872,CRS-SOFT-02,Data-Driven Decision Making & Storytelling,Soft Skills,2025-07-03,95.9,3800.0
EMP-12825,CRS-TECH-01,Power BI & Enterprise DAX Modeling,Tech,2025-12-17,98.0,4500.0
EMP-15723,CRS-TECH-02,Advanced SQL & Modern Data Warehousing,Tech,2025-12-22,94.8,5200.0
EMP-14605,CRS-COMP-02,Information Governance & GDPR/Data Protection,Compliance,2025-02-28,82.5,3000.0
EMP-16290,CRS-COMP-01,Enterprise Labor Law & Compliance 2026,Compliance,2025-01-25,67.0,2500.0
EMP-16290,CRS-COMP-01,Enterprise Labor Law & Compliance 2026,Compliance,2025-03-11,92.3,1250.0
EMP-16182,CRS-SOFT-02,Data-Driven Decision Making & Storytelling,Soft Skills,2025-03-16,95.3,3800.0
EMP-16057,CRS-LEAD-01,Strategic People Leadership & Coaching,Leadership,2025-03-13,86.4,8000.0
EMP-14137,CRS-COMP-01,Enterprise Labor Law & Compliance 2026,Compliance,2025-03-27,87.8,2500.0
EMP-14877,CRS-LEAD-01,Strategic People Leadership & Coaching,Leadership,2025-06-16,87.2,8000.0
EMP-12618,CRS-LEAD-01,Strategic People Leadership & Coaching,Leadership,2025-03-16,93.7,8000.0
EMP-15535,CRS-TECH-01,Power BI & Enterprise DAX Modeling,Tech,2025-11-05,80.6,4500.0
EMP-12274,CRS-SOFT-02,Data-Driven Decision Making & Storytelling,Soft Skills,2025-07-12,66.6,3800.0
EMP-16222,CRS-TECH-01,Power BI & Enterprise DAX Modeling,Tech,2025-08-08,84.1,4500.0
EMP-12609,CRS-TECH-01,Power BI & Enterprise DAX Modeling,Tech,2025-01-25,95.4,4500.0
EMP-12886,CRS-TECH-01,Power BI & Enterprise DAX Modeling,Tech,2025-08-21,77.1,4500.0
EMP-13283,CRS-SOFT-01,Executive Negotiation & Conflict Resolution,Soft Skills,2025-10-09,86.3,3200.0
EMP-14350,CRS-TECH-01,Power BI & Enterprise DAX Modeling,Tech,2025-09-04,51.0,4500.0
EMP-10823,CRS-SOFT-02,Data-Driven Decision Making & Storytelling,Soft Skills,2025-02-27,93.3,3800.0
EMP-16943,CRS-LEAD-01,Strategic People Leadership & Coaching,Leadership,2025-07-24,75.5,8000.0
EMP-16581,CRS-TECH-01,Power BI & Enterprise DAX Modeling,Tech,2025-05-12,80.7,4500.0
EMP-16881,CRS-TECH-04,Cloud Architecture & Cybersecurity Fundamentals,Tech,2025-04-28,96.4,7500.0
EMP-14368,CRS-SOFT-01,Executive Negotiation & Conflict Resolution,Soft Skills,2025-05-15,89.1,3200.0
EMP-10130,CRS-SOFT-02,Data-Driven Decision Making & Storytelling,Soft Skills,2025-04-02,87.1,3800.0
EMP-12880,CRS-TECH-01,Power BI & Enterprise DAX Modeling,Tech,2025-04-18,90.9,4500.0
EMP-12617,CRS-TECH-02,Advanced SQL & Modern Data Warehousing,Tech,2025-07-16,73.2,5200.0
EMP-10179,CRS-LEAD-02,Operational Excellence & Lean Six Sigma,Leadership,2025-05-15,83.5,9500.0
EMP-13115,CRS-TECH-01,Power BI & Enterprise DAX Modeling,Tech,2025-04-03,89.0,4500.0
EMP-13188,CRS-COMP-02,Information Governance & GDPR/Data Protection,Compliance,2025-02-01,82.1,3000.0
EMP-13314,CRS-TECH-01,Power BI & Enterprise DAX Modeling,Tech,2025-01-07,78.2,4500.0
EMP-10343,CRS-COMP-01,Enterprise Labor Law & Compliance 2026,Compliance,2025-08-16,90.0,2500.0
EMP-10432,CRS-LEAD-01,Strategic People Leadership & Coaching,Leadership,2025-06-07,90.8,8000.0
EMP-12699,CRS-COMP-02,Information Governance & GDPR/Data Protection,Compliance,2025-07-18,93.3,3000.0
EMP-12329,CRS-TECH-01,Power BI & Enterprise DAX Modeling,Tech,2025-04-18,72.3,4500.0
EMP-15054,CRS-SOFT-01,Executive Negotiation & Conflict Resolution,Soft Skills,2025-03-13,88.6,3200.0
EMP-10484,CRS-SOFT-01,Executive Negotiation & Conflict Resolution,Soft Skills,2025-06-14,80.0,3200.0
EMP-12236,CRS-TECH-01,Power BI & Enterprise DAX Modeling,Tech,2025-04-01,50.0,4500.0
EMP-15054,CRS-TECH-01,Power BI & Enterprise DAX Modeling,Tech,2025-01-21,96.0,4500.0
EMP-11223,CRS-COMP-02,Information Governance & GDPR/Data Protection,Compliance,2025-03-09,96.3,3000.0
EMP-14066,CRS-SOFT-01,Executive Negotiation & Conflict Resolution,Soft Skills,2025-04-04,76.9,3200.0
EMP-10707,CRS-TECH-04,Cloud Architecture & Cybersecurity Fundamentals,Tech,2025-11-26,77.4,7500.0
EMP-14815,CRS-LEAD-02,Operational Excellence & Lean Six Sigma,Leadership,2025-09-27,89.0,9500.0
EMP-12159,CRS-LEAD-02,Operational Excellence & Lean Six Sigma,Leadership,2025-07-11,78.6,9500.0
EMP-15627,CRS-TECH-01,Power BI & Enterprise DAX Modeling,Tech,2025-05-14,74.5,4500.0
EMP-11606,CRS-LEAD-02,Operational Excellence & Lean Six Sigma,Leadership,2025-06-09,95.3,9500.0
EMP-13346,CRS-TECH-02,Advanced SQL & Modern Data Warehousing,Tech,2025-07-17,79.1,5200.0
EMP-15356,CRS-TECH-03,Python for Data Engineering & Analytics,Tech,2025-08-25,78.8,6000.0
EMP-15010,CRS-TECH-01,Power BI & Enterprise DAX Modeling,Tech,2025-07-21,87.8,4500.0
EMP-11191,CRS-SOFT-01,Executive Negotiation & Conflict Resolution,Soft Skills,2025-02-13,85.9,3200.0
EMP-12844,CRS-TECH-01,Power BI & Enterprise DAX Modeling,Tech,2025-11-13,75.5,4500.0
EMP-15199,CRS-LEAD-02,Operational Excellence & Lean Six Sigma,Leadership,2025-10-22,80.6,9500.0
EMP-13824,CRS-TECH-01,Power BI & Enterprise DAX Modeling,Tech,2025-12-05,75.8,4500.0
EMP-13191,CRS-TECH-02,Advanced SQL & Modern Data Warehousing,Tech,2025-01-11,88.8,5200.0
EMP-15014,CRS-TECH-03,Python for Data Engineering & Analytics,Tech,2025-10-25,94.0,6000.0
EMP-15847,CRS-TECH-01,Power BI & Enterprise DAX Modeling,Tech,2025-11-16,84.5,4500.0
EMP-12966,CRS-SOFT-01,Executive Negotiation & Conflict Resolution,Soft Skills,2025-09-26,84.2,3200.0
EMP-15373,CRS-LEAD-02,Operational Excellence & Lean Six Sigma,Leadership,2025-06-14,93.8,9500.0
EMP-10295,CRS-LEAD-02,Operational Excellence & Lean Six Sigma,Leadership,2025-02-03,81.6,9500.0
EMP-16873,CRS-COMP-01,Enterprise Labor Law & Compliance 2026,Compliance,2025-12-13,56.4,2500.0
EMP-14454,CRS-TECH-02,Advanced SQL & Modern Data Warehousing,Tech,2025-04-21,73.2,5200.0
EMP-14291,CRS-SOFT-02,Data-Driven Decision Making & Storytelling,Soft Skills,2025-05-18,88.7,3800.0
EMP-12139,CRS-TECH-01,Power BI & Enterprise DAX Modeling,Tech,2025-03-18,84.9,4500.0
EMP-15973,CRS-SOFT-01,Executive Negotiation & Conflict Resolution,Soft Skills,2025-04-28,93.9,3200.0
EMP-10508,CRS-LEAD-01,Strategic People Leadership & Coaching,Leadership,2025-02-10,80.0,8000.0
EMP-11035,CRS-SOFT-01,Executive Negotiation & Conflict Resolution,Soft Skills,2025-10-01,88.5,3200.0
EMP-10697,CRS-SOFT-01,Executive Negotiation & Conflict Resolution,Soft Skills,2025-03-21,96.7,3200.0
EMP-15303,CRS-TECH-03,Python for Data Engineering & Analytics,Tech,2025-01-03,75.0,6000.0
EMP-12175,CRS-LEAD-02,Operational Excellence & Lean Six Sigma,Leadership,2025-09-23,91.3,9500.0
EMP-12762,CRS-COMP-02,Information Governance & GDPR/Data Protection,Compliance,2025-07-28,71.3,3000.0
EMP-16042,CRS-TECH-01,Power BI & Enterprise DAX Modeling,Tech,2025-02-17,85.9,4500.0
EMP-15606,CRS-TECH-03,Python for Data Engineering & Analytics,Tech,2025-12-18,77.5,6000.0
EMP-14935,CRS-SOFT-01,Executive Negotiation & Conflict Resolution,Soft Skills,2025-09-08,73.6,3200.0
EMP-13186,CRS-TECH-03,Python for Data Engineering & Analytics,Tech,2025-04-16,74.2,6000.0
EMP-10866,CRS-TECH-01,Power BI & Enterprise DAX Modeling,Tech,2025-02-08,91.8,4500.0
EMP-10469,CRS-TECH-01,Power BI & Enterprise DAX Modeling,Tech,2025-08-03,96.0,4500.0
EMP-13404,CRS-LEAD-01,Strategic People Leadership & Coaching,Leadership,2025-12-05,58.1,8000.0
EMP-13404,CRS-LEAD-01,Strategic People Leadership & Coaching,Leadership,2025-12-23,86.7,4000.0
EMP-11603,CRS-LEAD-01,Strategic People Leadership & Coaching,Leadership,2025-07-17,93.4,8000.0
EMP-12763,CRS-SOFT-02,Data-Driven Decision Making & Storytelling,Soft Skills,2025-07-13,74.2,3800.0
EMP-15028,CRS-TECH-03,Python for Data Engineering & Analytics,Tech,2025-05-08,94.7,6000.0
EMP-14327,CRS-LEAD-02,Operational Excellence & Lean Six Sigma,Leadership,2025-01-23,83.3,9500.0
EMP-11568,CRS-TECH-01,Power BI & Enterprise DAX Modeling,Tech,2025-10-16,93.2,4500.0
EMP-10245,CRS-TECH-02,Advanced SQL & Modern Data Warehousing,Tech,2025-09-19,85.0,5200.0
EMP-16077,CRS-LEAD-02,Operational Excellence & Lean Six Sigma,Leadership,2025-11-21,91.5,9500.0
EMP-15304,CRS-TECH-02,Advanced SQL & Modern Data Warehousing,Tech,2025-11-07,84.5,5200.0
EMP-15491,CRS-TECH-01,Power BI & Enterprise DAX Modeling,Tech,2025-03-17,89.2,4500.0
EMP-11191,CRS-SOFT-02,Data-Driven Decision Making & Storytelling,Soft Skills,2025-02-08,82.2,3800.0
EMP-12676,CRS-LEAD-01,Strategic People Leadership & Coaching,Leadership,2025-05-08,83.6,8000.0
EMP-14616,CRS-COMP-01,Enterprise Labor Law & Compliance 2026,Compliance,2025-11-07,89.1,2500.0
EMP-15373,CRS-LEAD-01,Strategic People Leadership & Coaching,Leadership,2025-04-01,96.0,8000.0
EMP-12242,CRS-TECH-03,Python for Data Engineering & Analytics,Tech,2025-02-20,90.1,6000.0
EMP-14306,CRS-TECH-04,Cloud Architecture & Cybersecurity Fundamentals,Tech,2025-04-04,82.6,7500.0
EMP-11497,CRS-TECH-04,Cloud Architecture & Cybersecurity Fundamentals,Tech,2025-05-14,85.9,7500.0
EMP-11772,CRS-LEAD-02,Operational Excellence & Lean Six Sigma,Leadership,2025-05-28,75.4,9500.0
EMP-12823,CRS-TECH-01,Power BI & Enterprise DAX Modeling,Tech,2025-11-16,82.2,4500.0
EMP-11799,CRS-TECH-04,Cloud Architecture & Cybersecurity Fundamentals,Tech,2025-01-09,75.9,7500.0
EMP-14911,CRS-TECH-02,Advanced SQL & Modern Data Warehousing,Tech,2025-12-07,82.2,5200.0
EMP-13919,CRS-COMP-01,Enterprise Labor Law & Compliance 2026,Compliance,2025-06-24,88.0,2500.0
EMP-15192,CRS-TECH-04,Cloud Architecture & Cybersecurity Fundamentals,Tech,2025-08-06,82.1,7500.0
EMP-14163,CRS-LEAD-02,Operational Excellence & Lean Six Sigma,Leadership,2025-03-04,90.4,9500.0
EMP-13125,CRS-TECH-02,Advanced SQL & Modern Data Warehousing,Tech,2025-07-07,83.3,5200.0
EMP-16824,CRS-COMP-02,Information Governance & GDPR/Data Protection,Compliance,2025-09-02,88.5,3000.0
EMP-11495,CRS-TECH-01,Power BI & Enterprise DAX Modeling,Tech,2025-07-06,85.1,4500.0
EMP-11372,CRS-TECH-02,Advanced SQL & Modern Data Warehousing,Tech,2025-03-13,87.7,5200.0
EMP-15198,CRS-LEAD-02,Operational Excellence & Lean Six Sigma,Leadership,2025-09-07,76.2,9500.0
EMP-14558,CRS-LEAD-01,Strategic People Leadership & Coaching,Leadership,2025-10-25,84.4,8000.0
EMP-16747,CRS-TECH-02,Advanced SQL & Modern Data Warehousing,Tech,2025-05-26,86.2,5200.0
EMP-13663,CRS-TECH-01,Power BI & Enterprise DAX Modeling,Tech,2025-09-25,96.3,4500.0
EMP-14438,CRS-LEAD-02,Operational Excellence & Lean Six Sigma,Leadership,2025-12-09,91.1,9500.0
EMP-10806,CRS-TECH-02,Advanced SQL & Modern Data Warehousing,Tech,2025-09-14,90.9,5200.0
EMP-16331,CRS-TECH-02,Advanced SQL & Modern Data Warehousing,Tech,2025-09-12,77.2,5200.0
EMP-11259,CRS-TECH-01,Power BI & Enterprise DAX Modeling,Tech,2025-10-27,85.3,4500.0
EMP-15667,CRS-SOFT-01,Executive Negotiation & Conflict Resolution,Soft Skills,2025-02-04,86.7,3200.0
EMP-16721,CRS-TECH-02,Advanced SQL & Modern Data Warehousing,Tech,2025-07-04,89.6,5200.0
EMP-15373,CRS-LEAD-02,Operational Excellence & Lean Six Sigma,Leadership,2025-05-28,90.9,9500.0
EMP-16859,CRS-COMP-02,Information Governance & GDPR/Data Protection,Compliance,2025-10-21,94.7,3000.0
EMP-11701,CRS-TECH-02,Advanced SQL & Modern Data Warehousing,Tech,2025-10-02,63.5,5200.0
EMP-11701,CRS-TECH-02,Advanced SQL & Modern Data Warehousing,Tech,2025-10-22,92.1,2600.0
EMP-15788,CRS-SOFT-02,Data-Driven Decision Making & Storytelling,Soft Skills,2025-08-21,84.2,3800.0
EMP-10025,CRS-TECH-02,Advanced SQL & Modern Data Warehousing,Tech,2025-02-17,50.6,5200.0
EMP-13666,CRS-TECH-02,Advanced SQL & Modern Data Warehousing,Tech,2025-11-26,89.9,5200.0
EMP-10106,CRS-COMP-01,Enterprise Labor Law & Compliance 2026,Compliance,2025-10-25,90.0,2500.0
EMP-13805,CRS-SOFT-02,Data-Driven Decision Making & Storytelling,Soft Skills,2025-05-28,65.9,3800.0
EMP-13805,CRS-SOFT-02,Data-Driven Decision Making & Storytelling,Soft Skills,2025-07-15,80.7,1900.0
EMP-12155,CRS-TECH-01,Power BI & Enterprise DAX Modeling,Tech,2025-01-07,87.8,4500.0
EMP-12088,CRS-LEAD-01,Strategic People Leadership & Coaching,Leadership,2025-01-18,86.0,8000.0
EMP-13068,CRS-TECH-01,Power BI & Enterprise DAX Modeling,Tech,2025-08-23,86.8,4500.0
EMP-14708,CRS-TECH-01,Power BI & Enterprise DAX Modeling,Tech,2025-11-11,94.3,4500.0
EMP-12384,CRS-SOFT-01,Executive Negotiation & Conflict Resolution,Soft Skills,2025-07-12,93.1,3200.0
EMP-16704,CRS-SOFT-01,Executive Negotiation & Conflict Resolution,Soft Skills,2025-07-16,73.6,3200.0
EMP-16388,CRS-SOFT-02,Data-Driven Decision Making & Storytelling,Soft Skills,2025-09-09,86.2,3800.0
EMP-15079,CRS-LEAD-02,Operational Excellence & Lean Six Sigma,Leadership,2025-11-03,86.6,9500.0
EMP-13435,CRS-LEAD-02,Operational Excellence & Lean Six Sigma,Leadership,2025-03-10,62.3,9500.0
EMP-15018,CRS-TECH-02,Advanced SQL & Modern Data Warehousing,Tech,2025-09-19,97.5,5200.0
EMP-14656,CRS-LEAD-01,Strategic People Leadership & Coaching,Leadership,2025-08-22,96.8,8000.0
EMP-16786,CRS-TECH-01,Power BI & Enterprise DAX Modeling,Tech,2025-04-06,80.7,4500.0
EMP-13491,CRS-TECH-02,Advanced SQL & Modern Data Warehousing,Tech,2025-09-23,90.3,5200.0
EMP-14073,CRS-LEAD-01,Strategic People Leadership & Coaching,Leadership,2025-10-11,92.7,8000.0
EMP-15793,CRS-LEAD-02,Operational Excellence & Lean Six Sigma,Leadership,2025-04-26,82.3,9500.0
EMP-15494,CRS-COMP-01,Enterprise Labor Law & Compliance 2026,Compliance,2025-04-14,84.4,2500.0
EMP-15115,CRS-COMP-01,Enterprise Labor Law & Compliance 2026,Compliance,2025-02-16,73.5,2500.0
EMP-11405,CRS-LEAD-02,Operational Excellence & Lean Six Sigma,Leadership,2025-03-22,73.6,9500.0
EMP-11208,CRS-SOFT-02,Data-Driven Decision Making & Storytelling,Soft Skills,2025-08-18,83.1,3800.0
EMP-11219,CRS-TECH-02,Advanced SQL & Modern Data Warehousing,Tech,2025-05-05,95.1,5200.0
EMP-16330,CRS-LEAD-01,Strategic People Leadership & Coaching,Leadership,2025-05-28,92.4,8000.0
EMP-11587,CRS-LEAD-01,Strategic People Leadership & Coaching,Leadership,2025-01-08,66.8,8000.0
EMP-11587,CRS-LEAD-01,Strategic People Leadership & Coaching,Leadership,2025-02-20,87.7,4000.0
EMP-12172,CRS-TECH-01,Power BI & Enterprise DAX Modeling,Tech,2025-10-12,84.2,4500.0
EMP-16820,CRS-LEAD-01,Strategic People Leadership & Coaching,Leadership,2025-11-04,92.1,8000.0
EMP-10886,CRS-TECH-01,Power BI & Enterprise DAX Modeling,Tech,2025-08-03,85.4,4500.0
EMP-14860,CRS-COMP-01,Enterprise Labor Law & Compliance 2026,Compliance,2025-05-13,77.9,2500.0
EMP-12618,CRS-LEAD-01,Strategic People Leadership & Coaching,Leadership,2025-05-03,92.8,8000.0
EMP-13471,CRS-TECH-03,Python for Data Engineering & Analytics,Tech,2025-07-13,94.6,6000.0
EMP-16077,CRS-TECH-01,Power BI & Enterprise DAX Modeling,Tech,2025-07-25,73.2,4500.0
EMP-10376,CRS-TECH-01,Power BI & Enterprise DAX Modeling,Tech,2025-08-11,58.2,4500.0
EMP-10376,CRS-TECH-01,Power BI & Enterprise DAX Modeling,Tech,2025-09-14,86.1,2250.0
EMP-11799,CRS-TECH-02,Advanced SQL & Modern Data Warehousing,Tech,2025-02-22,76.8,5200.0
EMP-16092,CRS-LEAD-02,Operational Excellence & Lean Six Sigma,Leadership,2025-11-18,84.4,9500.0
EMP-14871,CRS-SOFT-01,Executive Negotiation & Conflict Resolution,Soft Skills,2025-01-16,88.2,3200.0
EMP-15116,CRS-SOFT-01,Executive Negotiation & Conflict Resolution,Soft Skills,2025-05-28,83.1,3200.0
EMP-16839,CRS-TECH-01,Power BI & Enterprise DAX Modeling,Tech,2025-07-18,86.6,4500.0
EMP-10920,CRS-TECH-02,Advanced SQL & Modern Data Warehousing,Tech,2025-03-12,75.7,5200.0
EMP-16236,CRS-SOFT-02,Data-Driven Decision Making & Storytelling,Soft Skills,2025-02-02,94.1,3800.0
EMP-13445,CRS-SOFT-01,Executive Negotiation & Conflict Resolution,Soft Skills,2025-08-06,88.4,3200.0
EMP-10093,CRS-LEAD-02,Operational Excellence & Lean Six Sigma,Leadership,2025-08-16,88.5,9500.0
EMP-11923,CRS-LEAD-02,Operational Excellence & Lean Six Sigma,Leadership,2025-06-09,86.0,9500.0
EMP-14019,CRS-COMP-02,Information Governance & GDPR/Data Protection,Compliance,2025-09-01,81.7,3000.0
EMP-10591,CRS-SOFT-01,Executive Negotiation & Conflict Resolution,Soft Skills,2025-09-16,83.3,3200.0
EMP-11921,CRS-LEAD-02,Operational Excellence & Lean Six Sigma,Leadership,2025-01-20,85.1,9500.0
EMP-14653,CRS-COMP-01,Enterprise Labor Law & Compliance 2026,Compliance,2025-08-07,97.4,2500.0
EMP-16584,CRS-TECH-01,Power BI & Enterprise DAX Modeling,Tech,2025-05-25,85.7,4500.0
EMP-16956,CRS-TECH-02,Advanced SQL & Modern Data Warehousing,Tech,2025-05-23,49.5,5200.0
EMP-16956,CRS-TECH-02,Advanced SQL & Modern Data Warehousing,Tech,2025-07-02,79.9,2600.0
EMP-11855,CRS-TECH-01,Power BI & Enterprise DAX Modeling,Tech,2025-02-14,75.1,4500.0
EMP-12366,CRS-TECH-02,Advanced SQL & Modern Data Warehousing,Tech,2025-08-25,66.8,5200.0
EMP-12366,CRS-TECH-02,Advanced SQL & Modern Data Warehousing,Tech,2025-10-21,91.3,2600.0
EMP-14304,CRS-COMP-01,Enterprise Labor Law & Compliance 2026,Compliance,2025-12-06,63.0,2500.0
EMP-14304,CRS-COMP-01,Enterprise Labor Law & Compliance 2026,Compliance,2026-01-22,75.8,1250.0
EMP-10332,CRS-LEAD-02,Operational Excellence & Lean Six Sigma,Leadership,2025-09-08,83.3,9500.0
EMP-12762,CRS-TECH-02,Advanced SQL & Modern Data Warehousing,Tech,2025-11-22,54.6,5200.0
EMP-12762,CRS-TECH-02,Advanced SQL & Modern Data Warehousing,Tech,2026-01-13,86.9,2600.0
EMP-14163,CRS-LEAD-01,Strategic People Leadership & Coaching,Leadership,2025-12-23,90.8,8000.0
EMP-11375,CRS-TECH-01,Power BI & Enterprise DAX Modeling,Tech,2025-12-10,57.5,4500.0
EMP-16679,CRS-LEAD-01,Strategic People Leadership & Coaching,Leadership,2025-02-04,74.5,8000.0
EMP-14825,CRS-LEAD-02,Operational Excellence & Lean Six Sigma,Leadership,2025-06-16,90.9,9500.0
EMP-14565,CRS-TECH-01,Power BI & Enterprise DAX Modeling,Tech,2025-09-08,83.4,4500.0
EMP-11941,CRS-LEAD-02,Operational Excellence & Lean Six Sigma,Leadership,2025-10-12,87.7,9500.0
EMP-16809,CRS-TECH-01,Power BI & Enterprise DAX Modeling,Tech,2025-04-27,46.0,4500.0
EMP-15228,CRS-COMP-01,Enterprise Labor Law & Compliance 2026,Compliance,2025-06-19,85.0,2500.0
EMP-10773,CRS-SOFT-01,Executive Negotiation & Conflict Resolution,Soft Skills,2025-12-02,92.3,3200.0
EMP-12325,CRS-LEAD-02,Operational Excellence & Lean Six Sigma,Leadership,2025-06-02,90.8,9500.0
EMP-16477,CRS-COMP-02,Information Governance & GDPR/Data Protection,Compliance,2025-07-02,87.1,3000.0
EMP-14048,CRS-SOFT-02,Data-Driven Decision Making & Storytelling,Soft Skills,2025-06-21,47.0,3800.0
EMP-12379,CRS-LEAD-01,Strategic People Leadership & Coaching,Leadership,2025-03-27,90.8,8000.0
EMP-11405,CRS-COMP-01,Enterprise Labor Law & Compliance 2026,Compliance,2025-05-16,80.0,2500.0
EMP-13387,CRS-SOFT-01,Executive Negotiation & Conflict Resolution,Soft Skills,2025-10-26,88.9,3200.0
EMP-11010,CRS-TECH-04,Cloud Architecture & Cybersecurity Fundamentals,Tech,2025-04-02,78.0,7500.0
EMP-14945,CRS-COMP-01,Enterprise Labor Law & Compliance 2026,Compliance,2025-04-28,75.8,2500.0
EMP-12256,CRS-LEAD-01,Strategic People Leadership & Coaching,Leadership,2025-06-09,96.7,8000.0
EMP-11403,CRS-TECH-02,Advanced SQL & Modern Data Warehousing,Tech,2025-03-06,79.5,5200.0
EMP-12715,CRS-TECH-01,Power BI & Enterprise DAX Modeling,Tech,2025-10-21,87.0,4500.0
EMP-16747,CRS-TECH-04,Cloud Architecture & Cybersecurity Fundamentals,Tech,2025-02-14,87.3,7500.0
EMP-10190,CRS-COMP-01,Enterprise Labor Law & Compliance 2026,Compliance,2025-05-06,92.2,2500.0
EMP-12783,CRS-SOFT-02,Data-Driven Decision Making & Storytelling,Soft Skills,2025-01-21,96.5,3800.0
EMP-10835,CRS-SOFT-01,Executive Negotiation & Conflict Resolution,Soft Skills,2025-12-18,94.4,3200.0
EMP-16751,CRS-TECH-04,Cloud Architecture & Cybersecurity Fundamentals,Tech,2025-04-13,97.0,7500.0
EMP-13476,CRS-TECH-02,Advanced SQL & Modern Data Warehousing,Tech,2025-02-21,82.4,5200.0
EMP-11498,CRS-TECH-02,Advanced SQL & Modern Data Warehousing,Tech,2025-05-19,97.2,5200.0
EMP-11843,CRS-TECH-02,Advanced SQL & Modern Data Warehousing,Tech,2025-07-28,81.3,5200.0
EMP-15016,CRS-COMP-01,Enterprise Labor Law & Compliance 2026,Compliance,2025-07-22,83.9,2500.0
EMP-12725,CRS-COMP-01,Enterprise Labor Law & Compliance 2026,Compliance,2025-11-01,51.7,2500.0
EMP-12725,CRS-COMP-01,Enterprise Labor Law & Compliance 2026,Compliance,2025-12-17,79.4,1250.0
EMP-16375,CRS-LEAD-01,Strategic People Leadership & Coaching,Leadership,2025-01-23,79.3,8000.0
EMP-12366,CRS-TECH-02,Advanced SQL & Modern Data Warehousing,Tech,2025-06-07,92.4,5200.0
EMP-10620,CRS-SOFT-01,Executive Negotiation & Conflict Resolution,Soft Skills,2025-07-06,74.8,3200.0
EMP-10562,CRS-TECH-02,Advanced SQL & Modern Data Warehousing,Tech,2025-11-20,73.1,5200.0
EMP-12066,CRS-TECH-02,Advanced SQL & Modern Data Warehousing,Tech,2025-06-27,92.5,5200.0
EMP-10744,CRS-LEAD-02,Operational Excellence & Lean Six Sigma,Leadership,2025-10-24,73.4,9500.0
EMP-11233,CRS-COMP-02,Information Governance & GDPR/Data Protection,Compliance,2025-06-23,74.0,3000.0
EMP-12418,CRS-SOFT-01,Executive Negotiation & Conflict Resolution,Soft Skills,2025-05-15,78.3,3200.0
EMP-13050,CRS-LEAD-01,Strategic People Leadership & Coaching,Leadership,2025-10-13,89.4,8000.0
EMP-15824,CRS-TECH-01,Power BI & Enterprise DAX Modeling,Tech,2025-04-15,51.5,4500.0
EMP-13588,CRS-LEAD-02,Operational Excellence & Lean Six Sigma,Leadership,2025-04-02,82.8,9500.0
EMP-10639,CRS-TECH-01,Power BI & Enterprise DAX Modeling,Tech,2025-08-15,61.4,4500.0
EMP-10639,CRS-TECH-01,Power BI & Enterprise DAX Modeling,Tech,2025-10-09,79.9,2250.0
EMP-16616,CRS-SOFT-01,Executive Negotiation & Conflict Resolution,Soft Skills,2025-05-27,86.0,3200.0
EMP-15115,CRS-SOFT-01,Executive Negotiation & Conflict Resolution,Soft Skills,2025-07-16,78.7,3200.0
EMP-11363,CRS-COMP-01,Enterprise Labor Law & Compliance 2026,Compliance,2025-04-08,54.6,2500.0
EMP-11363,CRS-COMP-01,Enterprise Labor Law & Compliance 2026,Compliance,2025-05-09,87.1,1250.0
EMP-13255,CRS-LEAD-02,Operational Excellence & Lean Six Sigma,Leadership,2025-07-17,84.6,9500.0
EMP-10811,CRS-TECH-01,Power BI & Enterprise DAX Modeling,Tech,2025-03-22,66.7,4500.0
EMP-10811,CRS-TECH-01,Power BI & Enterprise DAX Modeling,Tech,2025-05-13,75.2,2250.0
EMP-14476,CRS-LEAD-02,Operational Excellence & Lean Six Sigma,Leadership,2025-02-06,59.8,9500.0
EMP-14476,CRS-LEAD-02,Operational Excellence & Lean Six Sigma,Leadership,2025-02-24,82.7,4750.0
EMP-15851,CRS-SOFT-01,Executive Negotiation & Conflict Resolution,Soft Skills,2025-11-28,93.1,3200.0
EMP-16032,CRS-SOFT-02,Data-Driven Decision Making & Storytelling,Soft Skills,2025-07-17,86.1,3800.0
EMP-14768,CRS-COMP-02,Information Governance & GDPR/Data Protection,Compliance,2025-03-22,93.2,3000.0
EMP-14445,CRS-LEAD-02,Operational Excellence & Lean Six Sigma,Leadership,2025-08-05,80.6,9500.0
EMP-10813,CRS-SOFT-01,Executive Negotiation & Conflict Resolution,Soft Skills,2025-01-24,89.9,3200.0
EMP-10418,CRS-TECH-01,Power BI & Enterprise DAX Modeling,Tech,2025-10-23,97.3,4500.0
EMP-10760,CRS-LEAD-01,Strategic People Leadership & Coaching,Leadership,2025-11-10,87.1,8000.0
EMP-12589,CRS-SOFT-01,Executive Negotiation & Conflict Resolution,Soft Skills,2025-08-13,76.0,3200.0
EMP-16672,CRS-SOFT-01,Executive Negotiation & Conflict Resolution,Soft Skills,2025-12-14,83.6,3200.0
EMP-10250,CRS-LEAD-01,Strategic People Leadership & Coaching,Leadership,2025-04-12,86.4,8000.0
EMP-10937,CRS-TECH-02,Advanced SQL & Modern Data Warehousing,Tech,2025-01-15,89.5,5200.0
EMP-14500,CRS-LEAD-01,Strategic People Leadership & Coaching,Leadership,2025-02-08,62.1,8000.0
EMP-14500,CRS-LEAD-01,Strategic People Leadership & Coaching,Leadership,2025-02-23,77.1,4000.0
EMP-13853,CRS-TECH-02,Advanced SQL & Modern Data Warehousing,Tech,2025-08-16,94.7,5200.0
EMP-12781,CRS-TECH-01,Power BI & Enterprise DAX Modeling,Tech,2025-03-09,91.6,4500.0
EMP-11564,CRS-LEAD-01,Strategic People Leadership & Coaching,Leadership,2025-10-22,66.0,8000.0
EMP-11564,CRS-LEAD-01,Strategic People Leadership & Coaching,Leadership,2025-11-27,92.9,4000.0
EMP-12396,CRS-TECH-02,Advanced SQL & Modern Data Warehousing,Tech,2025-11-07,84.5,5200.0
EMP-12726,CRS-COMP-02,Information Governance & GDPR/Data Protection,Compliance,2025-09-06,85.4,3000.0
EMP-11809,CRS-TECH-01,Power BI & Enterprise DAX Modeling,Tech,2025-03-28,60.4,4500.0
EMP-11809,CRS-TECH-01,Power BI & Enterprise DAX Modeling,Tech,2025-04-14,79.2,2250.0
EMP-11554,CRS-TECH-02,Advanced SQL & Modern Data Warehousing,Tech,2025-06-21,96.5,5200.0
EMP-14151,CRS-COMP-01,Enterprise Labor Law & Compliance 2026,Compliance,2025-10-11,94.7,2500.0
EMP-13031,CRS-COMP-01,Enterprise Labor Law & Compliance 2026,Compliance,2025-03-13,81.7,2500.0
EMP-14470,CRS-LEAD-01,Strategic People Leadership & Coaching,Leadership,2025-01-20,92.5,8000.0
EMP-14476,CRS-COMP-01,Enterprise Labor Law & Compliance 2026,Compliance,2025-07-21,76.2,2500.0
EMP-15586,CRS-TECH-01,Power BI & Enterprise DAX Modeling,Tech,2025-12-22,87.9,4500.0
EMP-11005,CRS-SOFT-01,Executive Negotiation & Conflict Resolution,Soft Skills,2025-10-27,87.3,3200.0
EMP-14048,CRS-SOFT-01,Executive Negotiation & Conflict Resolution,Soft Skills,2025-03-12,58.8,3200.0
EMP-16926,CRS-LEAD-02,Operational Excellence & Lean Six Sigma,Leadership,2025-11-23,63.4,9500.0
EMP-14517,CRS-TECH-01,Power BI & Enterprise DAX Modeling,Tech,2025-09-16,51.7,4500.0
EMP-14517,CRS-TECH-01,Power BI & Enterprise DAX Modeling,Tech,2025-10-30,93.3,2250.0
EMP-13844,CRS-SOFT-01,Executive Negotiation & Conflict Resolution,Soft Skills,2025-07-08,89.3,3200.0
EMP-16052,CRS-TECH-01,Power BI & Enterprise DAX Modeling,Tech,2025-01-13,97.4,4500.0
EMP-16165,CRS-SOFT-01,Executive Negotiation & Conflict Resolution,Soft Skills,2025-04-21,83.5,3200.0
EMP-13663,CRS-TECH-03,Python for Data Engineering & Analytics,Tech,2025-11-24,85.2,6000.0
EMP-10923,CRS-TECH-03,Python for Data Engineering & Analytics,Tech,2025-12-03,97.4,6000.0
EMP-10965,CRS-SOFT-01,Executive Negotiation & Conflict Resolution,Soft Skills,2025-02-12,80.9,3200.0
EMP-13558,CRS-TECH-01,Power BI & Enterprise DAX Modeling,Tech,2025-06-18,87.1,4500.0
EMP-13666,CRS-COMP-02,Information Governance & GDPR/Data Protection,Compliance,2025-03-06,96.1,3000.0
EMP-14234,CRS-COMP-02,Information Governance & GDPR/Data Protection,Compliance,2025-09-05,84.7,3000.0
EMP-16712,CRS-COMP-01,Enterprise Labor Law & Compliance 2026,Compliance,2025-09-04,86.3,2500.0
EMP-13932,CRS-SOFT-01,Executive Negotiation & Conflict Resolution,Soft Skills,2025-09-20,74.7,3200.0
EMP-12901,CRS-TECH-01,Power BI & Enterprise DAX Modeling,Tech,2025-11-02,87.0,4500.0
EMP-16911,CRS-COMP-02,Information Governance & GDPR/Data Protection,Compliance,2025-09-25,74.3,3000.0
EMP-13230,CRS-TECH-02,Advanced SQL & Modern Data Warehousing,Tech,2025-03-24,84.7,5200.0
EMP-13332,CRS-TECH-02,Advanced SQL & Modern Data Warehousing,Tech,2025-11-14,83.0,5200.0
EMP-16262,CRS-LEAD-02,Operational Excellence & Lean Six Sigma,Leadership,2025-02-10,96.1,9500.0
EMP-12481,CRS-TECH-03,Python for Data Engineering & Analytics,Tech,2025-09-17,91.3,6000.0
EMP-14520,CRS-SOFT-01,Executive Negotiation & Conflict Resolution,Soft Skills,2025-02-22,89.9,3200.0
EMP-14191,CRS-COMP-01,Enterprise Labor Law & Compliance 2026,Compliance,2025-11-16,83.8,2500.0
EMP-12399,CRS-TECH-01,Power BI & Enterprise DAX Modeling,Tech,2025-09-04,92.9,4500.0
EMP-13000,CRS-COMP-02,Information Governance & GDPR/Data Protection,Compliance,2025-07-15,85.9,3000.0
EMP-14218,CRS-COMP-01,Enterprise Labor Law & Compliance 2026,Compliance,2025-03-26,88.1,2500.0
EMP-16581,CRS-COMP-02,Information Governance & GDPR/Data Protection,Compliance,2025-08-06,72.2,3000.0
EMP-15159,CRS-LEAD-01,Strategic People Leadership & Coaching,Leadership,2025-01-17,85.0,8000.0
EMP-11270,CRS-COMP-01,Enterprise Labor Law & Compliance 2026,Compliance,2025-06-26,57.3,2500.0
EMP-11270,CRS-COMP-01,Enterprise Labor Law & Compliance 2026,Compliance,2025-08-24,76.6,1250.0
EMP-13556,CRS-TECH-01,Power BI & Enterprise DAX Modeling,Tech,2025-01-05,89.7,4500.0
EMP-10457,CRS-LEAD-01,Strategic People Leadership & Coaching,Leadership,2025-04-08,80.7,8000.0
EMP-15685,CRS-TECH-01,Power BI & Enterprise DAX Modeling,Tech,2025-09-03,81.6,4500.0
EMP-11198,CRS-TECH-02,Advanced SQL & Modern Data Warehousing,Tech,2025-07-15,86.0,5200.0
EMP-10074,CRS-COMP-01,Enterprise Labor Law & Compliance 2026,Compliance,2025-12-01,85.3,2500.0
EMP-12196,CRS-TECH-01,Power BI & Enterprise DAX Modeling,Tech,2025-08-01,85.1,4500.0
EMP-13166,CRS-SOFT-01,Executive Negotiation & Conflict Resolution,Soft Skills,2025-02-18,92.8,3200.0
EMP-12372,CRS-COMP-01,Enterprise Labor Law & Compliance 2026,Compliance,2025-10-16,73.0,2500.0
EMP-12881,CRS-TECH-01,Power BI & Enterprise DAX Modeling,Tech,2025-05-27,85.9,4500.0
EMP-11675,CRS-SOFT-02,Data-Driven Decision Making & Storytelling,Soft Skills,2025-12-06,84.8,3800.0
EMP-14587,CRS-LEAD-01,Strategic People Leadership & Coaching,Leadership,2025-05-07,82.3,8000.0
EMP-14182,CRS-SOFT-01,Executive Negotiation & Conflict Resolution,Soft Skills,2025-11-27,84.2,3200.0
EMP-12107,CRS-SOFT-01,Executive Negotiation & Conflict Resolution,Soft Skills,2025-12-15,90.4,3200.0
EMP-16359,CRS-LEAD-01,Strategic People Leadership & Coaching,Leadership,2025-07-18,86.5,8000.0
EMP-16716,CRS-SOFT-02,Data-Driven Decision Making & Storytelling,Soft Skills,2025-07-27,53.1,3800.0
EMP-16716,CRS-SOFT-02,Data-Driven Decision Making & Storytelling,Soft Skills,2025-09-03,89.6,1900.0
EMP-11300,CRS-TECH-01,Power BI & Enterprise DAX Modeling,Tech,2025-05-18,80.7,4500.0
EMP-10965,CRS-SOFT-01,Executive Negotiation & Conflict Resolution,Soft Skills,2025-02-08,87.7,3200.0
EMP-12346,CRS-SOFT-01,Executive Negotiation & Conflict Resolution,Soft Skills,2025-04-14,51.3,3200.0
EMP-11734,CRS-SOFT-01,Executive Negotiation & Conflict Resolution,Soft Skills,2025-04-11,90.3,3200.0
EMP-13777,CRS-COMP-02,Information Governance & GDPR/Data Protection,Compliance,2025-07-25,91.4,3000.0
EMP-16974,CRS-SOFT-01,Executive Negotiation & Conflict Resolution,Soft Skills,2025-07-20,91.1,3200.0
EMP-13918,CRS-TECH-01,Power BI & Enterprise DAX Modeling,Tech,2025-06-18,82.8,4500.0
EMP-15080,CRS-LEAD-02,Operational Excellence & Lean Six Sigma,Leadership,2025-07-28,73.6,9500.0
EMP-10773,CRS-COMP-01,Enterprise Labor Law & Compliance 2026,Compliance,2025-08-24,82.8,2500.0
EMP-11562,CRS-COMP-02,Information Governance & GDPR/Data Protection,Compliance,2025-05-20,73.4,3000.0
EMP-14163,CRS-LEAD-01,Strategic People Leadership & Coaching,Leadership,2025-06-07,97.5,8000.0
EMP-12194,CRS-SOFT-01,Executive Negotiation & Conflict Resolution,Soft Skills,2025-10-28,75.8,3200.0
EMP-13751,CRS-TECH-01,Power BI & Enterprise DAX Modeling,Tech,2025-06-24,84.9,4500.0
EMP-12481,CRS-TECH-01,Power BI & Enterprise DAX Modeling,Tech,2025-11-26,94.1,4500.0
EMP-12396,CRS-TECH-01,Power BI & Enterprise DAX Modeling,Tech,2025-11-12,95.1,4500.0
EMP-12107,CRS-SOFT-01,Executive Negotiation & Conflict Resolution,Soft Skills,2025-02-01,83.7,3200.0
EMP-11322,CRS-LEAD-01,Strategic People Leadership & Coaching,Leadership,2025-01-10,88.1,8000.0
EMP-14270,CRS-COMP-02,Information Governance & GDPR/Data Protection,Compliance,2025-11-23,87.7,3000.0
EMP-11209,CRS-TECH-02,Advanced SQL & Modern Data Warehousing,Tech,2025-05-06,59.4,5200.0
EMP-11219,CRS-TECH-01,Power BI & Enterprise DAX Modeling,Tech,2025-04-21,84.3,4500.0
EMP-16952,CRS-COMP-01,Enterprise Labor Law & Compliance 2026,Compliance,2025-04-13,86.7,2500.0
EMP-13233,CRS-COMP-01,Enterprise Labor Law & Compliance 2026,Compliance,2025-05-21,68.0,2500.0
EMP-13233,CRS-COMP-01,Enterprise Labor Law & Compliance 2026,Compliance,2025-06-23,77.9,1250.0
EMP-14704,CRS-TECH-02,Advanced SQL & Modern Data Warehousing,Tech,2025-03-08,85.9,5200.0
EMP-16739,CRS-TECH-02,Advanced SQL & Modern Data Warehousing,Tech,2025-05-03,79.8,5200.0
EMP-14647,CRS-COMP-01,Enterprise Labor Law & Compliance 2026,Compliance,2025-12-15,87.3,2500.0
EMP-10189,CRS-COMP-01,Enterprise Labor Law & Compliance 2026,Compliance,2025-08-08,84.3,2500.0
EMP-13144,CRS-LEAD-02,Operational Excellence & Lean Six Sigma,Leadership,2025-11-21,90.8,9500.0
EMP-15480,CRS-SOFT-01,Executive Negotiation & Conflict Resolution,Soft Skills,2025-06-03,94.1,3200.0
EMP-12302,CRS-SOFT-01,Executive Negotiation & Conflict Resolution,Soft Skills,2025-12-27,91.1,3200.0
EMP-14233,CRS-TECH-01,Power BI & Enterprise DAX Modeling,Tech,2025-12-10,78.2,4500.0
EMP-14169,CRS-TECH-01,Power BI & Enterprise DAX Modeling,Tech,2025-06-17,74.8,4500.0
EMP-14665,CRS-LEAD-01,Strategic People Leadership & Coaching,Leadership,2025-09-12,89.2,8000.0
EMP-12227,CRS-SOFT-02,Data-Driven Decision Making & Storytelling,Soft Skills,2025-10-18,91.5,3800.0
EMP-12393,CRS-COMP-02,Information Governance & GDPR/Data Protection,Compliance,2025-11-12,87.5,3000.0
EMP-10872,CRS-TECH-01,Power BI & Enterprise DAX Modeling,Tech,2025-06-21,92.9,4500.0
EMP-13290,CRS-COMP-01,Enterprise Labor Law & Compliance 2026,Compliance,2025-06-11,73.6,2500.0
EMP-16057,CRS-TECH-01,Power BI & Enterprise DAX Modeling,Tech,2025-07-13,83.3,4500.0
EMP-11815,CRS-SOFT-01,Executive Negotiation & Conflict Resolution,Soft Skills,2025-01-02,94.5,3200.0
EMP-15141,CRS-SOFT-01,Executive Negotiation & Conflict Resolution,Soft Skills,2025-05-12,88.8,3200.0
EMP-14242,CRS-TECH-02,Advanced SQL & Modern Data Warehousing,Tech,2025-03-04,81.9,5200.0
EMP-15251,CRS-SOFT-02,Data-Driven Decision Making & Storytelling,Soft Skills,2025-06-12,75.8,3800.0
EMP-10580,CRS-SOFT-01,Executive Negotiation & Conflict Resolution,Soft Skills,2025-05-22,55.8,3200.0
EMP-10580,CRS-SOFT-01,Executive Negotiation & Conflict Resolution,Soft Skills,2025-06-22,93.2,1600.0
EMP-11285,CRS-LEAD-02,Operational Excellence & Lean Six Sigma,Leadership,2025-06-27,79.6,9500.0
EMP-15092,CRS-LEAD-01,Strategic People Leadership & Coaching,Leadership,2025-03-24,67.7,8000.0
EMP-15092,CRS-LEAD-01,Strategic People Leadership & Coaching,Leadership,2025-04-14,75.1,4000.0
EMP-13326,CRS-TECH-04,Cloud Architecture & Cybersecurity Fundamentals,Tech,2025-08-11,74.7,7500.0
EMP-10289,CRS-TECH-02,Advanced SQL & Modern Data Warehousing,Tech,2025-02-03,65.0,5200.0
EMP-10289,CRS-TECH-02,Advanced SQL & Modern Data Warehousing,Tech,2025-03-07,93.4,2600.0
EMP-10076,CRS-TECH-01,Power BI & Enterprise DAX Modeling,Tech,2025-04-13,87.4,4500.0
EMP-12393,CRS-COMP-02,Information Governance & GDPR/Data Protection,Compliance,2025-07-11,92.1,3000.0
EMP-13275,CRS-TECH-01,Power BI & Enterprise DAX Modeling,Tech,2025-07-01,92.6,4500.0
EMP-15925,CRS-COMP-02,Information Governance & GDPR/Data Protection,Compliance,2025-05-27,80.2,3000.0
EMP-15106,CRS-TECH-02,Advanced SQL & Modern Data Warehousing,Tech,2025-01-07,54.3,5200.0
EMP-15106,CRS-TECH-02,Advanced SQL & Modern Data Warehousing,Tech,2025-01-31,94.5,2600.0
EMP-14974,CRS-TECH-01,Power BI & Enterprise DAX Modeling,Tech,2025-04-11,64.4,4500.0
EMP-14974,CRS-TECH-01,Power BI & Enterprise DAX Modeling,Tech,2025-05-04,88.5,2250.0
EMP-14361,CRS-COMP-02,Information Governance & GDPR/Data Protection,Compliance,2025-08-13,62.4,3000.0
EMP-14361,CRS-COMP-02,Information Governance & GDPR/Data Protection,Compliance,2025-09-07,89.9,1500.0
EMP-12447,CRS-TECH-02,Advanced SQL & Modern Data Warehousing,Tech,2025-12-08,56.1,5200.0
EMP-12447,CRS-TECH-02,Advanced SQL & Modern Data Warehousing,Tech,2026-01-15,77.1,2600.0
EMP-12196,CRS-TECH-01,Power BI & Enterprise DAX Modeling,Tech,2025-04-07,84.2,4500.0
EMP-11995,CRS-COMP-01,Enterprise Labor Law & Compliance 2026,Compliance,2025-04-18,94.1,2500.0
EMP-15601,CRS-SOFT-01,Executive Negotiation & Conflict Resolution,Soft Skills,2025-05-14,86.0,3200.0
EMP-11529,CRS-LEAD-01,Strategic People Leadership & Coaching,Leadership,2025-08-07,56.6,8000.0
EMP-11529,CRS-LEAD-01,Strategic People Leadership & Coaching,Leadership,2025-09-08,75.7,4000.0
EMP-12524,CRS-SOFT-01,Executive Negotiation & Conflict Resolution,Soft Skills,2025-04-19,90.3,3200.0
EMP-14654,CRS-COMP-01,Enterprise Labor Law & Compliance 2026,Compliance,2025-03-14,84.4,2500.0
EMP-13952,CRS-LEAD-02,Operational Excellence & Lean Six Sigma,Leadership,2025-01-27,73.3,9500.0
EMP-14218,CRS-COMP-01,Enterprise Labor Law & Compliance 2026,Compliance,2025-01-02,85.1,2500.0
EMP-12091,CRS-LEAD-01,Strategic People Leadership & Coaching,Leadership,2025-08-05,84.4,8000.0
EMP-16792,CRS-LEAD-02,Operational Excellence & Lean Six Sigma,Leadership,2025-11-24,75.8,9500.0
EMP-11374,CRS-SOFT-01,Executive Negotiation & Conflict Resolution,Soft Skills,2025-04-03,67.1,3200.0
EMP-12463,CRS-TECH-03,Python for Data Engineering & Analytics,Tech,2025-08-05,88.0,6000.0
EMP-14242,CRS-TECH-02,Advanced SQL & Modern Data Warehousing,Tech,2025-12-25,53.0,5200.0
EMP-14242,CRS-TECH-02,Advanced SQL & Modern Data Warehousing,Tech,2026-02-18,80.9,2600.0
EMP-14061,CRS-SOFT-02,Data-Driven Decision Making & Storytelling,Soft Skills,2025-12-02,94.8,3800.0
EMP-12575,CRS-TECH-01,Power BI & Enterprise DAX Modeling,Tech,2025-07-04,65.0,4500.0
EMP-12575,CRS-TECH-01,Power BI & Enterprise DAX Modeling,Tech,2025-08-24,83.6,2250.0
EMP-10258,CRS-LEAD-01,Strategic People Leadership & Coaching,Leadership,2025-11-22,94.0,8000.0
EMP-10841,CRS-COMP-01,Enterprise Labor Law & Compliance 2026,Compliance,2025-03-07,65.0,2500.0
EMP-10841,CRS-COMP-01,Enterprise Labor Law & Compliance 2026,Compliance,2025-04-11,89.6,1250.0
EMP-16439,CRS-TECH-01,Power BI & Enterprise DAX Modeling,Tech,2025-02-21,73.7,4500.0
EMP-14294,CRS-LEAD-02,Operational Excellence & Lean Six Sigma,Leadership,2025-06-06,89.8,9500.0
EMP-12628,CRS-SOFT-02,Data-Driven Decision Making & Storytelling,Soft Skills,2025-03-13,92.9,3800.0
EMP-15359,CRS-SOFT-01,Executive Negotiation & Conflict Resolution,Soft Skills,2025-12-06,83.0,3200.0
EMP-11993,CRS-COMP-01,Enterprise Labor Law & Compliance 2026,Compliance,2025-05-11,82.2,2500.0
EMP-11481,CRS-SOFT-01,Executive Negotiation & Conflict Resolution,Soft Skills,2025-04-23,86.8,3200.0
EMP-11434,CRS-COMP-01,Enterprise Labor Law & Compliance 2026,Compliance,2025-04-07,58.0,2500.0
EMP-11434,CRS-COMP-01,Enterprise Labor Law & Compliance 2026,Compliance,2025-05-15,79.3,1250.0
EMP-15215,CRS-LEAD-01,Strategic People Leadership & Coaching,Leadership,2025-08-09,86.8,8000.0
EMP-16416,CRS-COMP-01,Enterprise Labor Law & Compliance 2026,Compliance,2025-01-12,75.0,2500.0
EMP-12069,CRS-COMP-02,Information Governance & GDPR/Data Protection,Compliance,2025-02-05,55.6,3000.0
EMP-12069,CRS-COMP-02,Information Governance & GDPR/Data Protection,Compliance,2025-03-05,81.7,1500.0
EMP-15788,CRS-SOFT-01,Executive Negotiation & Conflict Resolution,Soft Skills,2025-02-02,82.2,3200.0
EMP-15615,CRS-LEAD-01,Strategic People Leadership & Coaching,Leadership,2025-01-08,89.9,8000.0
EMP-15399,CRS-SOFT-02,Data-Driven Decision Making & Storytelling,Soft Skills,2025-04-12,89.2,3800.0
EMP-12919,CRS-TECH-01,Power BI & Enterprise DAX Modeling,Tech,2025-01-21,73.9,4500.0
EMP-10253,CRS-TECH-01,Power BI & Enterprise DAX Modeling,Tech,2025-06-23,91.8,4500.0
EMP-13891,CRS-TECH-01,Power BI & Enterprise DAX Modeling,Tech,2025-01-16,82.1,4500.0
EMP-16929,CRS-SOFT-01,Executive Negotiation & Conflict Resolution,Soft Skills,2025-08-26,78.6,3200.0
EMP-16328,CRS-TECH-02,Advanced SQL & Modern Data Warehousing,Tech,2025-12-03,97.2,5200.0
EMP-13116,CRS-TECH-01,Power BI & Enterprise DAX Modeling,Tech,2025-09-12,90.4,4500.0
EMP-15793,CRS-TECH-01,Power BI & Enterprise DAX Modeling,Tech,2025-08-12,87.9,4500.0
EMP-16886,CRS-TECH-01,Power BI & Enterprise DAX Modeling,Tech,2025-12-13,85.4,4500.0
EMP-15304,CRS-TECH-04,Cloud Architecture & Cybersecurity Fundamentals,Tech,2025-03-24,88.5,7500.0
EMP-12885,CRS-COMP-01,Enterprise Labor Law & Compliance 2026,Compliance,2025-07-06,96.6,2500.0
EMP-10311,CRS-TECH-01,Power BI & Enterprise DAX Modeling,Tech,2025-10-07,51.0,4500.0
EMP-10311,CRS-TECH-01,Power BI & Enterprise DAX Modeling,Tech,2025-11-09,86.2,2250.0
EMP-10286,CRS-LEAD-02,Operational Excellence & Lean Six Sigma,Leadership,2025-01-05,72.0,9500.0
EMP-14862,CRS-SOFT-01,Executive Negotiation & Conflict Resolution,Soft Skills,2025-12-19,62.9,3200.0
EMP-14232,CRS-TECH-01,Power BI & Enterprise DAX Modeling,Tech,2025-08-16,77.8,4500.0
EMP-16465,CRS-SOFT-01,Executive Negotiation & Conflict Resolution,Soft Skills,2025-02-27,83.4,3200.0
EMP-11570,CRS-LEAD-02,Operational Excellence & Lean Six Sigma,Leadership,2025-06-19,74.0,9500.0
EMP-14655,CRS-TECH-01,Power BI & Enterprise DAX Modeling,Tech,2025-12-23,66.8,4500.0
EMP-15291,CRS-TECH-04,Cloud Architecture & Cybersecurity Fundamentals,Tech,2025-01-05,88.5,7500.0
EMP-13115,CRS-TECH-01,Power BI & Enterprise DAX Modeling,Tech,2025-03-23,85.7,4500.0
EMP-10625,CRS-TECH-04,Cloud Architecture & Cybersecurity Fundamentals,Tech,2025-03-21,47.7,7500.0
EMP-10625,CRS-TECH-04,Cloud Architecture & Cybersecurity Fundamentals,Tech,2025-05-15,81.9,3750.0
EMP-10392,CRS-TECH-02,Advanced SQL & Modern Data Warehousing,Tech,2025-05-03,73.4,5200.0
EMP-12863,CRS-TECH-01,Power BI & Enterprise DAX Modeling,Tech,2025-12-15,84.4,4500.0
EMP-10577,CRS-COMP-01,Enterprise Labor Law & Compliance 2026,Compliance,2025-02-05,53.7,2500.0
EMP-10577,CRS-COMP-01,Enterprise Labor Law & Compliance 2026,Compliance,2025-02-25,89.6,1250.0
EMP-15016,CRS-SOFT-01,Executive Negotiation & Conflict Resolution,Soft Skills,2025-10-02,87.0,3200.0
EMP-15782,CRS-LEAD-01,Strategic People Leadership & Coaching,Leadership,2025-12-04,57.2,8000.0
EMP-15782,CRS-LEAD-01,Strategic People Leadership & Coaching,Leadership,2025-12-23,93.6,4000.0
EMP-11596,CRS-COMP-01,Enterprise Labor Law & Compliance 2026,Compliance,2025-08-04,90.5,2500.0
EMP-12403,CRS-TECH-02,Advanced SQL & Modern Data Warehousing,Tech,2025-03-14,90.9,5200.0
EMP-14402,CRS-LEAD-01,Strategic People Leadership & Coaching,Leadership,2025-06-21,93.8,8000.0
EMP-13818,CRS-LEAD-01,Strategic People Leadership & Coaching,Leadership,2025-01-06,74.5,8000.0
EMP-11987,CRS-COMP-02,Information Governance & GDPR/Data Protection,Compliance,2025-07-04,79.5,3000.0
EMP-16493,CRS-SOFT-01,Executive Negotiation & Conflict Resolution,Soft Skills,2025-08-03,92.0,3200.0
EMP-14594,CRS-LEAD-02,Operational Excellence & Lean Six Sigma,Leadership,2025-10-18,87.6,9500.0
EMP-12030,CRS-TECH-04,Cloud Architecture & Cybersecurity Fundamentals,Tech,2025-05-09,83.7,7500.0
EMP-12046,CRS-TECH-01,Power BI & Enterprise DAX Modeling,Tech,2025-08-07,80.5,4500.0
EMP-16462,CRS-TECH-02,Advanced SQL & Modern Data Warehousing,Tech,2025-06-23,95.7,5200.0
EMP-15644,CRS-TECH-04,Cloud Architecture & Cybersecurity Fundamentals,Tech,2025-04-19,89.8,7500.0
EMP-15161,CRS-TECH-01,Power BI & Enterprise DAX Modeling,Tech,2025-04-23,82.2,4500.0
EMP-10715,CRS-TECH-01,Power BI & Enterprise DAX Modeling,Tech,2025-11-06,79.4,4500.0
EMP-11920,CRS-SOFT-01,Executive Negotiation & Conflict Resolution,Soft Skills,2025-07-07,82.3,3200.0
EMP-12006,CRS-SOFT-01,Executive Negotiation & Conflict Resolution,Soft Skills,2025-03-15,84.0,3200.0
EMP-16713,CRS-COMP-01,Enterprise Labor Law & Compliance 2026,Compliance,2025-09-15,89.2,2500.0
EMP-14643,CRS-TECH-01,Power BI & Enterprise DAX Modeling,Tech,2025-11-10,85.9,4500.0
EMP-16587,CRS-LEAD-02,Operational Excellence & Lean Six Sigma,Leadership,2025-05-17,65.0,9500.0
EMP-16587,CRS-LEAD-02,Operational Excellence & Lean Six Sigma,Leadership,2025-06-26,77.6,4750.0
EMP-15462,CRS-TECH-01,Power BI & Enterprise DAX Modeling,Tech,2025-06-15,94.1,4500.0
EMP-11790,CRS-TECH-03,Python for Data Engineering & Analytics,Tech,2025-04-18,94.3,6000.0
EMP-14911,CRS-TECH-02,Advanced SQL & Modern Data Warehousing,Tech,2025-12-13,86.6,5200.0
EMP-11335,CRS-LEAD-01,Strategic People Leadership & Coaching,Leadership,2025-05-05,80.8,8000.0
EMP-10064,CRS-SOFT-01,Executive Negotiation & Conflict Resolution,Soft Skills,2025-04-04,95.1,3200.0
EMP-13472,CRS-SOFT-01,Executive Negotiation & Conflict Resolution,Soft Skills,2025-05-01,64.0,3200.0
EMP-13472,CRS-SOFT-01,Executive Negotiation & Conflict Resolution,Soft Skills,2025-06-24,80.2,1600.0
EMP-16515,CRS-LEAD-02,Operational Excellence & Lean Six Sigma,Leadership,2025-10-07,72.4,9500.0
EMP-14151,CRS-SOFT-01,Executive Negotiation & Conflict Resolution,Soft Skills,2025-07-21,85.8,3200.0
EMP-16178,CRS-TECH-02,Advanced SQL & Modern Data Warehousing,Tech,2025-08-02,92.1,5200.0
EMP-15480,CRS-COMP-01,Enterprise Labor Law & Compliance 2026,Compliance,2025-07-21,97.8,2500.0
EMP-11844,CRS-LEAD-02,Operational Excellence & Lean Six Sigma,Leadership,2025-07-27,54.0,9500.0
EMP-11844,CRS-LEAD-02,Operational Excellence & Lean Six Sigma,Leadership,2025-09-12,80.5,4750.0
EMP-11805,CRS-SOFT-01,Executive Negotiation & Conflict Resolution,Soft Skills,2025-09-03,42.0,3200.0
EMP-11805,CRS-SOFT-01,Executive Negotiation & Conflict Resolution,Soft Skills,2025-10-05,93.8,1600.0
EMP-16210,CRS-LEAD-01,Strategic People Leadership & Coaching,Leadership,2025-03-14,84.6,8000.0
EMP-16669,CRS-LEAD-02,Operational Excellence & Lean Six Sigma,Leadership,2025-01-18,95.7,9500.0
EMP-12761,CRS-SOFT-01,Executive Negotiation & Conflict Resolution,Soft Skills,2025-12-28,86.6,3200.0
EMP-15392,CRS-TECH-04,Cloud Architecture & Cybersecurity Fundamentals,Tech,2025-06-15,74.3,7500.0
EMP-12766,CRS-TECH-01,Power BI & Enterprise DAX Modeling,Tech,2025-04-04,86.9,4500.0
EMP-13000,CRS-TECH-01,Power BI & Enterprise DAX Modeling,Tech,2025-12-15,90.6,4500.0
EMP-15392,CRS-TECH-02,Advanced SQL & Modern Data Warehousing,Tech,2025-03-28,78.6,5200.0
EMP-16328,CRS-TECH-04,Cloud Architecture & Cybersecurity Fundamentals,Tech,2025-07-21,89.4,7500.0
EMP-12232,CRS-LEAD-01,Strategic People Leadership & Coaching,Leadership,2025-06-28,93.0,8000.0
EMP-12778,CRS-COMP-01,Enterprise Labor Law & Compliance 2026,Compliance,2025-05-09,83.7,2500.0
EMP-14080,CRS-LEAD-01,Strategic People Leadership & Coaching,Leadership,2025-03-16,81.6,8000.0
EMP-10619,CRS-SOFT-01,Executive Negotiation & Conflict Resolution,Soft Skills,2025-05-10,66.2,3200.0
EMP-10619,CRS-SOFT-01,Executive Negotiation & Conflict Resolution,Soft Skills,2025-06-04,75.9,1600.0
EMP-13639,CRS-SOFT-01,Executive Negotiation & Conflict Resolution,Soft Skills,2025-05-25,52.5,3200.0
EMP-13639,CRS-SOFT-01,Executive Negotiation & Conflict Resolution,Soft Skills,2025-07-24,79.7,1600.0
EMP-12881,CRS-TECH-01,Power BI & Enterprise DAX Modeling,Tech,2025-07-15,90.6,4500.0
EMP-12967,CRS-LEAD-02,Operational Excellence & Lean Six Sigma,Leadership,2025-10-24,86.9,9500.0
EMP-12461,CRS-COMP-01,Enterprise Labor Law & Compliance 2026,Compliance,2025-03-05,74.2,2500.0
EMP-12060,CRS-TECH-02,Advanced SQL & Modern Data Warehousing,Tech,2025-05-24,93.6,5200.0
EMP-12101,CRS-TECH-01,Power BI & Enterprise DAX Modeling,Tech,2025-05-24,66.9,4500.0
EMP-12101,CRS-TECH-01,Power BI & Enterprise DAX Modeling,Tech,2025-07-01,79.7,2250.0
EMP-13722,CRS-TECH-02,Advanced SQL & Modern Data Warehousing,Tech,2025-10-28,96.2,5200.0
EMP-11191,CRS-TECH-01,Power BI & Enterprise DAX Modeling,Tech,2025-04-04,90.5,4500.0
EMP-11879,CRS-COMP-01,Enterprise Labor Law & Compliance 2026,Compliance,2025-05-07,97.6,2500.0
EMP-14327,CRS-LEAD-01,Strategic People Leadership & Coaching,Leadership,2025-04-03,80.9,8000.0
EMP-10625,CRS-TECH-03,Python for Data Engineering & Analytics,Tech,2025-03-08,82.8,6000.0
EMP-16284,CRS-SOFT-01,Executive Negotiation & Conflict Resolution,Soft Skills,2025-02-23,91.0,3200.0
EMP-15713,CRS-LEAD-02,Operational Excellence & Lean Six Sigma,Leadership,2025-12-06,87.7,9500.0
EMP-14169,CRS-SOFT-02,Data-Driven Decision Making & Storytelling,Soft Skills,2025-06-25,72.9,3800.0
EMP-14291,CRS-TECH-01,Power BI & Enterprise DAX Modeling,Tech,2025-11-09,83.7,4500.0
EMP-12172,CRS-TECH-02,Advanced SQL & Modern Data Warehousing,Tech,2025-10-17,73.5,5200.0
EMP-11209,CRS-COMP-02,Information Governance & GDPR/Data Protection,Compliance,2025-09-13,54.8,3000.0
EMP-14266,CRS-TECH-01,Power BI & Enterprise DAX Modeling,Tech,2025-04-17,89.1,4500.0
EMP-12403,CRS-COMP-02,Information Governance & GDPR/Data Protection,Compliance,2025-02-09,93.1,3000.0
EMP-12751,CRS-TECH-03,Python for Data Engineering & Analytics,Tech,2025-11-12,61.0,6000.0
EMP-12751,CRS-TECH-03,Python for Data Engineering & Analytics,Tech,2025-12-17,94.5,3000.0
EMP-12086,CRS-SOFT-01,Executive Negotiation & Conflict Resolution,Soft Skills,2025-05-26,73.2,3200.0
EMP-12945,CRS-TECH-02,Advanced SQL & Modern Data Warehousing,Tech,2025-05-03,61.3,5200.0
EMP-12945,CRS-TECH-02,Advanced SQL & Modern Data Warehousing,Tech,2025-06-27,89.8,2600.0
EMP-11159,CRS-COMP-02,Information Governance & GDPR/Data Protection,Compliance,2025-02-26,90.5,3000.0
EMP-13770,CRS-TECH-01,Power BI & Enterprise DAX Modeling,Tech,2025-03-06,86.2,4500.0
EMP-10446,CRS-TECH-01,Power BI & Enterprise DAX Modeling,Tech,2025-01-23,90.8,4500.0
EMP-16832,CRS-LEAD-02,Operational Excellence & Lean Six Sigma,Leadership,2025-12-10,75.4,9500.0
EMP-16494,CRS-LEAD-01,Strategic People Leadership & Coaching,Leadership,2025-11-08,90.5,8000.0
EMP-11719,CRS-TECH-01,Power BI & Enterprise DAX Modeling,Tech,2025-06-18,95.6,4500.0
EMP-10531,CRS-COMP-01,Enterprise Labor Law & Compliance 2026,Compliance,2025-04-21,59.6,2500.0
EMP-10531,CRS-COMP-01,Enterprise Labor Law & Compliance 2026,Compliance,2025-06-20,86.2,1250.0
EMP-14647,CRS-COMP-01,Enterprise Labor Law & Compliance 2026,Compliance,2025-08-04,97.8,2500.0
EMP-11721,CRS-COMP-02,Information Governance & GDPR/Data Protection,Compliance,2025-09-18,51.7,3000.0
EMP-11721,CRS-COMP-02,Information Governance & GDPR/Data Protection,Compliance,2025-10-22,76.4,1500.0
EMP-14135,CRS-LEAD-02,Operational Excellence & Lean Six Sigma,Leadership,2025-03-07,84.5,9500.0
EMP-12724,CRS-COMP-01,Enterprise Labor Law & Compliance 2026,Compliance,2025-09-26,83.9,2500.0
EMP-15643,CRS-TECH-01,Power BI & Enterprise DAX Modeling,Tech,2025-06-14,81.2,4500.0
EMP-13409,CRS-TECH-02,Advanced SQL & Modern Data Warehousing,Tech,2025-07-05,84.9,5200.0
EMP-11859,CRS-LEAD-02,Operational Excellence & Lean Six Sigma,Leadership,2025-10-28,86.8,9500.0
EMP-12707,CRS-TECH-03,Python for Data Engineering & Analytics,Tech,2025-03-01,82.5,6000.0
EMP-12268,CRS-LEAD-01,Strategic People Leadership & Coaching,Leadership,2025-12-23,82.0,8000.0
EMP-14520,CRS-SOFT-01,Executive Negotiation & Conflict Resolution,Soft Skills,2025-12-03,74.6,3200.0
EMP-16555,CRS-TECH-04,Cloud Architecture & Cybersecurity Fundamentals,Tech,2025-09-18,76.2,7500.0
EMP-15551,CRS-COMP-01,Enterprise Labor Law & Compliance 2026,Compliance,2025-11-28,72.3,2500.0
EMP-13605,CRS-LEAD-01,Strategic People Leadership & Coaching,Leadership,2025-04-11,48.7,8000.0
EMP-16416,CRS-SOFT-01,Executive Negotiation & Conflict Resolution,Soft Skills,2025-11-24,79.3,3200.0
EMP-16172,CRS-TECH-01,Power BI & Enterprise DAX Modeling,Tech,2025-07-21,74.3,4500.0
EMP-11846,CRS-COMP-01,Enterprise Labor Law & Compliance 2026,Compliance,2025-01-07,86.8,2500.0
EMP-10267,CRS-TECH-03,Python for Data Engineering & Analytics,Tech,2025-07-05,90.6,6000.0
EMP-10818,CRS-SOFT-01,Executive Negotiation & Conflict Resolution,Soft Skills,2025-12-16,83.2,3200.0
EMP-15105,CRS-TECH-01,Power BI & Enterprise DAX Modeling,Tech,2025-07-08,67.2,4500.0
EMP-15105,CRS-TECH-01,Power BI & Enterprise DAX Modeling,Tech,2025-08-01,77.3,2250.0
EMP-10021,CRS-TECH-04,Cloud Architecture & Cybersecurity Fundamentals,Tech,2025-03-23,94.0,7500.0
EMP-12781,CRS-TECH-01,Power BI & Enterprise DAX Modeling,Tech,2025-02-14,91.2,4500.0
EMP-14421,CRS-TECH-01,Power BI & Enterprise DAX Modeling,Tech,2025-08-14,67.4,4500.0
EMP-14421,CRS-TECH-01,Power BI & Enterprise DAX Modeling,Tech,2025-09-17,76.1,2250.0
EMP-11245,CRS-COMP-02,Information Governance & GDPR/Data Protection,Compliance,2025-04-25,91.1,3000.0
EMP-10886,CRS-TECH-04,Cloud Architecture & Cybersecurity Fundamentals,Tech,2025-11-14,87.3,7500.0
EMP-12889,CRS-TECH-01,Power BI & Enterprise DAX Modeling,Tech,2025-09-20,85.9,4500.0
EMP-11399,CRS-COMP-01,Enterprise Labor Law & Compliance 2026,Compliance,2025-04-21,96.0,2500.0
EMP-16614,CRS-LEAD-02,Operational Excellence & Lean Six Sigma,Leadership,2025-06-21,77.4,9500.0
EMP-10218,CRS-SOFT-01,Executive Negotiation & Conflict Resolution,Soft Skills,2025-08-21,91.2,3200.0
EMP-13173,CRS-SOFT-02,Data-Driven Decision Making & Storytelling,Soft Skills,2025-08-10,65.0,3800.0
EMP-10764,CRS-SOFT-01,Executive Negotiation & Conflict Resolution,Soft Skills,2025-02-05,86.0,3200.0
EMP-11879,CRS-SOFT-01,Executive Negotiation & Conflict Resolution,Soft Skills,2025-09-16,82.4,3200.0
EMP-12313,CRS-SOFT-02,Data-Driven Decision Making & Storytelling,Soft Skills,2025-03-27,96.3,3800.0
EMP-10171,CRS-TECH-01,Power BI & Enterprise DAX Modeling,Tech,2025-05-27,88.7,4500.0
EMP-11564,CRS-LEAD-02,Operational Excellence & Lean Six Sigma,Leadership,2025-10-28,89.6,9500.0
EMP-14445,CRS-LEAD-02,Operational Excellence & Lean Six Sigma,Leadership,2025-07-16,75.9,9500.0
EMP-10311,CRS-TECH-01,Power BI & Enterprise DAX Modeling,Tech,2025-06-19,77.0,4500.0
EMP-15642,CRS-TECH-01,Power BI & Enterprise DAX Modeling,Tech,2025-12-15,84.7,4500.0
EMP-14015,CRS-TECH-04,Cloud Architecture & Cybersecurity Fundamentals,Tech,2025-10-08,91.7,7500.0
EMP-16473,CRS-TECH-01,Power BI & Enterprise DAX Modeling,Tech,2025-01-01,97.7,4500.0
EMP-16716,CRS-TECH-01,Power BI & Enterprise DAX Modeling,Tech,2025-06-13,77.5,4500.0
EMP-11497,CRS-TECH-02,Advanced SQL & Modern Data Warehousing,Tech,2025-05-26,90.7,5200.0
EMP-15092,CRS-COMP-01,Enterprise Labor Law & Compliance 2026,Compliance,2025-05-15,88.0,2500.0
EMP-16005,CRS-TECH-01,Power BI & Enterprise DAX Modeling,Tech,2025-01-04,82.0,4500.0
EMP-15499,CRS-SOFT-01,Executive Negotiation & Conflict Resolution,Soft Skills,2025-02-10,74.4,3200.0
EMP-15379,CRS-SOFT-01,Executive Negotiation & Conflict Resolution,Soft Skills,2025-06-07,90.3,3200.0
EMP-10047,CRS-LEAD-01,Strategic People Leadership & Coaching,Leadership,2025-08-28,86.8,8000.0
EMP-12755,CRS-TECH-01,Power BI & Enterprise DAX Modeling,Tech,2025-01-13,93.7,4500.0
EMP-15830,CRS-TECH-01,Power BI & Enterprise DAX Modeling,Tech,2025-03-06,72.4,4500.0
EMP-14952,CRS-COMP-01,Enterprise Labor Law & Compliance 2026,Compliance,2025-12-11,59.9,2500.0
EMP-14952,CRS-COMP-01,Enterprise Labor Law & Compliance 2026,Compliance,2025-12-27,89.1,1250.0
EMP-12213,CRS-TECH-01,Power BI & Enterprise DAX Modeling,Tech,2025-04-02,49.2,4500.0
EMP-12213,CRS-TECH-01,Power BI & Enterprise DAX Modeling,Tech,2025-05-16,86.3,2250.0
EMP-11608,CRS-TECH-01,Power BI & Enterprise DAX Modeling,Tech,2025-07-13,93.0,4500.0
EMP-14805,CRS-SOFT-01,Executive Negotiation & Conflict Resolution,Soft Skills,2025-02-17,59.3,3200.0
EMP-14191,CRS-LEAD-02,Operational Excellence & Lean Six Sigma,Leadership,2025-11-24,88.0,9500.0
EMP-12309,CRS-TECH-01,Power BI & Enterprise DAX Modeling,Tech,2025-02-12,56.4,4500.0
EMP-12309,CRS-TECH-01,Power BI & Enterprise DAX Modeling,Tech,2025-03-31,75.1,2250.0
EMP-12288,CRS-SOFT-02,Data-Driven Decision Making & Storytelling,Soft Skills,2025-03-24,65.4,3800.0
EMP-12288,CRS-SOFT-02,Data-Driven Decision Making & Storytelling,Soft Skills,2025-04-11,76.6,1900.0
EMP-16733,CRS-TECH-01,Power BI & Enterprise DAX Modeling,Tech,2025-04-04,75.0,4500.0
EMP-16358,CRS-TECH-02,Advanced SQL & Modern Data Warehousing,Tech,2025-10-26,73.6,5200.0
EMP-12991,CRS-TECH-01,Power BI & Enterprise DAX Modeling,Tech,2025-04-07,94.4,4500.0
EMP-14015,CRS-TECH-03,Python for Data Engineering & Analytics,Tech,2025-06-22,87.6,6000.0
EMP-15407,CRS-SOFT-01,Executive Negotiation & Conflict Resolution,Soft Skills,2025-11-26,94.0,3200.0
EMP-14162,CRS-TECH-01,Power BI & Enterprise DAX Modeling,Tech,2025-12-02,94.8,4500.0
EMP-14049,CRS-SOFT-02,Data-Driven Decision Making & Storytelling,Soft Skills,2025-04-01,83.4,3800.0
EMP-11493,CRS-TECH-02,Advanced SQL & Modern Data Warehousing,Tech,2025-01-11,86.5,5200.0
EMP-12225,CRS-TECH-03,Python for Data Engineering & Analytics,Tech,2025-03-15,83.0,6000.0
EMP-12686,CRS-TECH-02,Advanced SQL & Modern Data Warehousing,Tech,2025-02-01,89.2,5200.0
EMP-14891,CRS-SOFT-01,Executive Negotiation & Conflict Resolution,Soft Skills,2025-08-18,77.3,3200.0
EMP-10972,CRS-LEAD-01,Strategic People Leadership & Coaching,Leadership,2025-08-18,80.4,8000.0
EMP-16246,CRS-TECH-01,Power BI & Enterprise DAX Modeling,Tech,2025-02-17,64.5,4500.0
EMP-14751,CRS-LEAD-02,Operational Excellence & Lean Six Sigma,Leadership,2025-04-21,97.1,9500.0
EMP-12761,CRS-LEAD-02,Operational Excellence & Lean Six Sigma,Leadership,2025-03-24,75.4,9500.0
EMP-16439,CRS-SOFT-01,Executive Negotiation & Conflict Resolution,Soft Skills,2025-02-06,85.9,3200.0
EMP-14999,CRS-TECH-02,Advanced SQL & Modern Data Warehousing,Tech,2025-03-07,84.9,5200.0
EMP-10960,CRS-SOFT-01,Executive Negotiation & Conflict Resolution,Soft Skills,2025-03-23,83.7,3200.0
EMP-16914,CRS-TECH-01,Power BI & Enterprise DAX Modeling,Tech,2025-01-23,53.3,4500.0
EMP-16914,CRS-TECH-01,Power BI & Enterprise DAX Modeling,Tech,2025-02-15,90.3,2250.0
EMP-14686,CRS-TECH-01,Power BI & Enterprise DAX Modeling,Tech,2025-05-05,89.2,4500.0
EMP-10717,CRS-TECH-04,Cloud Architecture & Cybersecurity Fundamentals,Tech,2025-12-27,63.6,7500.0
EMP-10717,CRS-TECH-04,Cloud Architecture & Cybersecurity Fundamentals,Tech,2026-02-17,85.5,3750.0
EMP-16518,CRS-TECH-02,Advanced SQL & Modern Data Warehousing,Tech,2025-01-01,74.9,5200.0
EMP-11545,CRS-TECH-01,Power BI & Enterprise DAX Modeling,Tech,2025-10-16,96.1,4500.0
EMP-12210,CRS-SOFT-01,Executive Negotiation & Conflict Resolution,Soft Skills,2025-08-19,86.7,3200.0
EMP-11568,CRS-TECH-02,Advanced SQL & Modern Data Warehousing,Tech,2025-11-20,64.1,5200.0
EMP-13230,CRS-TECH-04,Cloud Architecture & Cybersecurity Fundamentals,Tech,2025-08-11,82.2,7500.0
EMP-16592,CRS-LEAD-01,Strategic People Leadership & Coaching,Leadership,2025-02-10,80.0,8000.0
EMP-14942,CRS-COMP-01,Enterprise Labor Law & Compliance 2026,Compliance,2025-10-07,84.0,2500.0
EMP-12500,CRS-SOFT-02,Data-Driven Decision Making & Storytelling,Soft Skills,2025-03-17,93.7,3800.0
EMP-10025,CRS-TECH-03,Python for Data Engineering & Analytics,Tech,2025-07-28,78.8,6000.0
EMP-14954,CRS-TECH-01,Power BI & Enterprise DAX Modeling,Tech,2025-11-08,79.8,4500.0
EMP-15644,CRS-TECH-02,Advanced SQL & Modern Data Warehousing,Tech,2025-01-18,86.7,5200.0
EMP-16842,CRS-LEAD-01,Strategic People Leadership & Coaching,Leadership,2025-02-23,52.2,8000.0
EMP-16842,CRS-LEAD-01,Strategic People Leadership & Coaching,Leadership,2025-03-31,84.6,4000.0
EMP-14038,CRS-COMP-02,Information Governance & GDPR/Data Protection,Compliance,2025-09-18,88.8,3000.0
EMP-11800,CRS-LEAD-02,Operational Excellence & Lean Six Sigma,Leadership,2025-01-03,94.5,9500.0
EMP-11135,CRS-SOFT-01,Executive Negotiation & Conflict Resolution,Soft Skills,2025-04-01,54.6,3200.0
EMP-15789,CRS-TECH-02,Advanced SQL & Modern Data Warehousing,Tech,2025-03-25,90.3,5200.0
EMP-12989,CRS-SOFT-01,Executive Negotiation & Conflict Resolution,Soft Skills,2025-06-08,89.1,3200.0
EMP-14219,CRS-TECH-01,Power BI & Enterprise DAX Modeling,Tech,2025-03-16,94.4,4500.0
EMP-12461,CRS-SOFT-01,Executive Negotiation & Conflict Resolution,Soft Skills,2025-03-03,83.0,3200.0
EMP-15707,CRS-LEAD-01,Strategic People Leadership & Coaching,Leadership,2025-07-07,90.2,8000.0
EMP-14525,CRS-LEAD-01,Strategic People Leadership & Coaching,Leadership,2025-02-07,95.1,8000.0
EMP-16786,CRS-SOFT-02,Data-Driven Decision Making & Storytelling,Soft Skills,2025-09-04,76.6,3800.0
EMP-14724,CRS-LEAD-02,Operational Excellence & Lean Six Sigma,Leadership,2025-04-08,96.2,9500.0
EMP-12781,CRS-TECH-02,Advanced SQL & Modern Data Warehousing,Tech,2025-06-25,91.3,5200.0
EMP-12575,CRS-TECH-04,Cloud Architecture & Cybersecurity Fundamentals,Tech,2025-07-04,90.8,7500.0
EMP-11618,CRS-TECH-01,Power BI & Enterprise DAX Modeling,Tech,2025-06-14,89.2,4500.0
EMP-10437,CRS-TECH-01,Power BI & Enterprise DAX Modeling,Tech,2025-03-18,74.8,4500.0
EMP-16911,CRS-COMP-02,Information Governance & GDPR/Data Protection,Compliance,2025-06-10,78.9,3000.0
EMP-11427,CRS-LEAD-02,Operational Excellence & Lean Six Sigma,Leadership,2025-02-25,87.2,9500.0
EMP-16839,CRS-TECH-02,Advanced SQL & Modern Data Warehousing,Tech,2025-09-26,56.8,5200.0
EMP-13367,CRS-TECH-02,Advanced SQL & Modern Data Warehousing,Tech,2025-05-23,91.4,5200.0
EMP-15505,CRS-COMP-02,Information Governance & GDPR/Data Protection,Compliance,2025-03-07,84.1,3000.0
EMP-16908,CRS-COMP-02,Information Governance & GDPR/Data Protection,Compliance,2025-01-10,82.9,3000.0
EMP-16525,CRS-TECH-01,Power BI & Enterprise DAX Modeling,Tech,2025-09-23,86.7,4500.0
EMP-12536,CRS-COMP-02,Information Governance & GDPR/Data Protection,Compliance,2025-05-07,77.3,3000.0
EMP-14303,CRS-LEAD-01,Strategic People Leadership & Coaching,Leadership,2025-10-25,91.1,8000.0
EMP-12154,CRS-COMP-01,Enterprise Labor Law & Compliance 2026,Compliance,2025-07-17,84.5,2500.0
EMP-13144,CRS-TECH-01,Power BI & Enterprise DAX Modeling,Tech,2025-04-03,82.6,4500.0
EMP-15092,CRS-SOFT-01,Executive Negotiation & Conflict Resolution,Soft Skills,2025-11-15,58.7,3200.0
EMP-15092,CRS-SOFT-01,Executive Negotiation & Conflict Resolution,Soft Skills,2025-12-15,90.4,1600.0
EMP-14122,CRS-COMP-02,Information Governance & GDPR/Data Protection,Compliance,2025-06-09,83.8,3000.0
EMP-14201,CRS-SOFT-01,Executive Negotiation & Conflict Resolution,Soft Skills,2025-04-08,75.0,3200.0
EMP-10794,CRS-TECH-04,Cloud Architecture & Cybersecurity Fundamentals,Tech,2025-08-11,53.6,7500.0
EMP-14688,CRS-SOFT-01,Executive Negotiation & Conflict Resolution,Soft Skills,2025-12-20,89.6,3200.0
EMP-14520,CRS-SOFT-01,Executive Negotiation & Conflict Resolution,Soft Skills,2025-05-19,77.1,3200.0
EMP-15106,CRS-TECH-03,Python for Data Engineering & Analytics,Tech,2025-06-17,86.5,6000.0
EMP-15169,CRS-COMP-01,Enterprise Labor Law & Compliance 2026,Compliance,2025-10-03,88.2,2500.0
EMP-15080,CRS-LEAD-01,Strategic People Leadership & Coaching,Leadership,2025-04-09,84.5,8000.0
EMP-14815,CRS-LEAD-01,Strategic People Leadership & Coaching,Leadership,2025-08-03,82.2,8000.0
EMP-16720,CRS-LEAD-02,Operational Excellence & Lean Six Sigma,Leadership,2025-06-06,86.9,9500.0
EMP-14295,CRS-TECH-03,Python for Data Engineering & Analytics,Tech,2025-03-21,87.1,6000.0
EMP-13614,CRS-SOFT-01,Executive Negotiation & Conflict Resolution,Soft Skills,2025-04-07,94.0,3200.0
EMP-13735,CRS-COMP-01,Enterprise Labor Law & Compliance 2026,Compliance,2025-05-13,91.1,2500.0
EMP-13842,CRS-LEAD-01,Strategic People Leadership & Coaching,Leadership,2025-01-01,83.7,8000.0
EMP-16217,CRS-SOFT-01,Executive Negotiation & Conflict Resolution,Soft Skills,2025-07-28,88.0,3200.0
EMP-16241,CRS-TECH-01,Power BI & Enterprise DAX Modeling,Tech,2025-04-10,86.7,4500.0
EMP-11263,CRS-TECH-01,Power BI & Enterprise DAX Modeling,Tech,2025-06-05,84.6,4500.0
EMP-15708,CRS-LEAD-02,Operational Excellence & Lean Six Sigma,Leadership,2025-01-18,83.5,9500.0
EMP-14781,CRS-SOFT-01,Executive Negotiation & Conflict Resolution,Soft Skills,2025-03-10,63.3,3200.0
EMP-14781,CRS-SOFT-01,Executive Negotiation & Conflict Resolution,Soft Skills,2025-05-06,88.0,1600.0
EMP-13253,CRS-SOFT-01,Executive Negotiation & Conflict Resolution,Soft Skills,2025-09-22,90.4,3200.0
EMP-12093,CRS-TECH-04,Cloud Architecture & Cybersecurity Fundamentals,Tech,2025-07-17,83.4,7500.0
EMP-10324,CRS-COMP-01,Enterprise Labor Law & Compliance 2026,Compliance,2025-03-19,96.5,2500.0
EMP-16406,CRS-COMP-01,Enterprise Labor Law & Compliance 2026,Compliance,2025-08-07,89.5,2500.0
EMP-13691,CRS-TECH-02,Advanced SQL & Modern Data Warehousing,Tech,2025-11-19,90.3,5200.0
EMP-14633,CRS-TECH-01,Power BI & Enterprise DAX Modeling,Tech,2025-12-09,60.9,4500.0
EMP-14633,CRS-TECH-01,Power BI & Enterprise DAX Modeling,Tech,2026-01-19,90.0,2250.0
EMP-16943,CRS-LEAD-02,Operational Excellence & Lean Six Sigma,Leadership,2025-09-14,83.5,9500.0
EMP-15105,CRS-TECH-01,Power BI & Enterprise DAX Modeling,Tech,2025-08-11,83.6,4500.0
EMP-12246,CRS-SOFT-01,Executive Negotiation & Conflict Resolution,Soft Skills,2025-08-23,88.1,3200.0
EMP-15549,CRS-LEAD-02,Operational Excellence & Lean Six Sigma,Leadership,2025-05-26,95.7,9500.0
EMP-11774,CRS-TECH-02,Advanced SQL & Modern Data Warehousing,Tech,2025-03-05,73.4,5200.0
EMP-14383,CRS-TECH-01,Power BI & Enterprise DAX Modeling,Tech,2025-07-28,82.6,4500.0
EMP-11469,CRS-TECH-01,Power BI & Enterprise DAX Modeling,Tech,2025-06-07,83.1,4500.0
EMP-11925,CRS-TECH-01,Power BI & Enterprise DAX Modeling,Tech,2025-05-19,88.4,4500.0
EMP-13663,CRS-TECH-03,Python for Data Engineering & Analytics,Tech,2025-11-01,94.1,6000.0
EMP-12294,CRS-LEAD-01,Strategic People Leadership & Coaching,Leadership,2025-05-23,80.5,8000.0
EMP-15601,CRS-SOFT-02,Data-Driven Decision Making & Storytelling,Soft Skills,2025-10-08,85.2,3800.0
EMP-14481,CRS-TECH-04,Cloud Architecture & Cybersecurity Fundamentals,Tech,2025-03-10,84.1,7500.0
EMP-14425,CRS-TECH-01,Power BI & Enterprise DAX Modeling,Tech,2025-10-27,77.1,4500.0
EMP-12250,CRS-TECH-02,Advanced SQL & Modern Data Warehousing,Tech,2025-12-28,83.7,5200.0
EMP-10834,CRS-TECH-02,Advanced SQL & Modern Data Warehousing,Tech,2025-03-07,78.9,5200.0
EMP-13303,CRS-TECH-01,Power BI & Enterprise DAX Modeling,Tech,2025-05-18,59.9,4500.0
EMP-13303,CRS-TECH-01,Power BI & Enterprise DAX Modeling,Tech,2025-06-04,82.4,2250.0
EMP-14439,CRS-TECH-01,Power BI & Enterprise DAX Modeling,Tech,2025-06-17,92.8,4500.0
EMP-13046,CRS-SOFT-01,Executive Negotiation & Conflict Resolution,Soft Skills,2025-01-09,86.7,3200.0
EMP-12574,CRS-SOFT-01,Executive Negotiation & Conflict Resolution,Soft Skills,2025-10-02,95.0,3200.0
EMP-12329,CRS-LEAD-02,Operational Excellence & Lean Six Sigma,Leadership,2025-05-01,56.5,9500.0
EMP-12329,CRS-LEAD-02,Operational Excellence & Lean Six Sigma,Leadership,2025-06-08,93.4,4750.0
EMP-14709,CRS-SOFT-01,Executive Negotiation & Conflict Resolution,Soft Skills,2025-05-13,80.1,3200.0
EMP-13127,CRS-TECH-02,Advanced SQL & Modern Data Warehousing,Tech,2025-09-18,76.6,5200.0
EMP-11200,CRS-TECH-03,Python for Data Engineering & Analytics,Tech,2025-09-01,93.5,6000.0
EMP-11843,CRS-TECH-01,Power BI & Enterprise DAX Modeling,Tech,2025-01-19,80.0,4500.0
EMP-11983,CRS-SOFT-01,Executive Negotiation & Conflict Resolution,Soft Skills,2025-06-02,76.2,3200.0
EMP-12035,CRS-TECH-01,Power BI & Enterprise DAX Modeling,Tech,2025-05-24,90.2,4500.0
EMP-12901,CRS-SOFT-02,Data-Driven Decision Making & Storytelling,Soft Skills,2025-04-20,58.6,3800.0
EMP-12901,CRS-SOFT-02,Data-Driven Decision Making & Storytelling,Soft Skills,2025-06-07,83.0,1900.0
EMP-12730,CRS-COMP-01,Enterprise Labor Law & Compliance 2026,Compliance,2025-01-11,80.3,2500.0
EMP-11410,CRS-TECH-01,Power BI & Enterprise DAX Modeling,Tech,2025-06-17,81.9,4500.0
EMP-10146,CRS-COMP-01,Enterprise Labor Law & Compliance 2026,Compliance,2025-02-14,91.7,2500.0
EMP-12083,CRS-LEAD-02,Operational Excellence & Lean Six Sigma,Leadership,2025-11-02,91.4,9500.0
EMP-13782,CRS-SOFT-01,Executive Negotiation & Conflict Resolution,Soft Skills,2025-08-02,83.3,3200.0
EMP-12427,CRS-LEAD-02,Operational Excellence & Lean Six Sigma,Leadership,2025-07-03,95.8,9500.0
EMP-16952,CRS-COMP-01,Enterprise Labor Law & Compliance 2026,Compliance,2025-01-13,87.0,2500.0
EMP-11223,CRS-TECH-02,Advanced SQL & Modern Data Warehousing,Tech,2025-12-04,97.1,5200.0
EMP-12383,CRS-TECH-03,Python for Data Engineering & Analytics,Tech,2025-09-24,83.4,6000.0
EMP-12825,CRS-LEAD-01,Strategic People Leadership & Coaching,Leadership,2025-12-19,88.4,8000.0
EMP-15777,CRS-LEAD-02,Operational Excellence & Lean Six Sigma,Leadership,2025-01-16,80.8,9500.0
EMP-14235,CRS-SOFT-02,Data-Driven Decision Making & Storytelling,Soft Skills,2025-09-18,92.3,3800.0
EMP-14565,CRS-LEAD-02,Operational Excellence & Lean Six Sigma,Leadership,2025-06-26,75.6,9500.0
EMP-16490,CRS-TECH-01,Power BI & Enterprise DAX Modeling,Tech,2025-03-01,83.8,4500.0
EMP-12425,CRS-COMP-01,Enterprise Labor Law & Compliance 2026,Compliance,2025-12-04,89.4,2500.0
EMP-11035,CRS-COMP-01,Enterprise Labor Law & Compliance 2026,Compliance,2025-02-10,85.8,2500.0
EMP-15187,CRS-SOFT-01,Executive Negotiation & Conflict Resolution,Soft Skills,2025-01-06,63.0,3200.0
EMP-15187,CRS-SOFT-01,Executive Negotiation & Conflict Resolution,Soft Skills,2025-01-29,87.9,1600.0
EMP-12611,CRS-SOFT-02,Data-Driven Decision Making & Storytelling,Soft Skills,2025-12-09,88.7,3800.0
EMP-14242,CRS-TECH-02,Advanced SQL & Modern Data Warehousing,Tech,2025-08-27,80.9,5200.0
EMP-14135,CRS-TECH-01,Power BI & Enterprise DAX Modeling,Tech,2025-06-09,92.0,4500.0
EMP-12217,CRS-TECH-01,Power BI & Enterprise DAX Modeling,Tech,2025-12-11,83.0,4500.0
EMP-10983,CRS-TECH-03,Python for Data Engineering & Analytics,Tech,2025-12-06,83.3,6000.0
EMP-14163,CRS-TECH-01,Power BI & Enterprise DAX Modeling,Tech,2025-12-13,89.0,4500.0
EMP-11719,CRS-LEAD-01,Strategic People Leadership & Coaching,Leadership,2025-07-12,93.9,8000.0
EMP-15520,CRS-SOFT-02,Data-Driven Decision Making & Storytelling,Soft Skills,2025-01-09,88.3,3800.0
EMP-12847,CRS-COMP-01,Enterprise Labor Law & Compliance 2026,Compliance,2025-07-28,83.4,2500.0
EMP-11346,CRS-COMP-02,Information Governance & GDPR/Data Protection,Compliance,2025-01-11,72.8,3000.0
EMP-14775,CRS-TECH-01,Power BI & Enterprise DAX Modeling,Tech,2025-01-27,91.0,4500.0
EMP-16538,CRS-COMP-01,Enterprise Labor Law & Compliance 2026,Compliance,2025-02-08,94.1,2500.0
EMP-13963,CRS-LEAD-02,Operational Excellence & Lean Six Sigma,Leadership,2025-06-14,80.2,9500.0
EMP-12540,CRS-SOFT-02,Data-Driven Decision Making & Storytelling,Soft Skills,2025-04-02,90.8,3800.0
EMP-14882,CRS-LEAD-01,Strategic People Leadership & Coaching,Leadership,2025-05-07,83.6,8000.0
EMP-11497,CRS-TECH-04,Cloud Architecture & Cybersecurity Fundamentals,Tech,2025-07-20,87.0,7500.0
EMP-16157,CRS-COMP-02,Information Governance & GDPR/Data Protection,Compliance,2025-11-23,78.2,3000.0
EMP-15722,CRS-LEAD-01,Strategic People Leadership & Coaching,Leadership,2025-07-01,79.9,8000.0
EMP-15521,CRS-TECH-01,Power BI & Enterprise DAX Modeling,Tech,2025-11-03,59.8,4500.0
EMP-12544,CRS-TECH-01,Power BI & Enterprise DAX Modeling,Tech,2025-02-22,74.0,4500.0
EMP-11428,CRS-LEAD-02,Operational Excellence & Lean Six Sigma,Leadership,2025-10-13,88.8,9500.0
EMP-16358,CRS-COMP-02,Information Governance & GDPR/Data Protection,Compliance,2025-11-16,84.9,3000.0
EMP-13166,CRS-SOFT-02,Data-Driven Decision Making & Storytelling,Soft Skills,2025-04-25,93.3,3800.0
EMP-13276,CRS-SOFT-01,Executive Negotiation & Conflict Resolution,Soft Skills,2025-07-13,91.1,3200.0
EMP-13674,CRS-LEAD-01,Strategic People Leadership & Coaching,Leadership,2025-04-23,72.4,8000.0
EMP-16465,CRS-COMP-01,Enterprise Labor Law & Compliance 2026,Compliance,2025-07-21,83.9,2500.0
EMP-14218,CRS-LEAD-01,Strategic People Leadership & Coaching,Leadership,2025-06-24,90.4,8000.0
EMP-13330,CRS-TECH-01,Power BI & Enterprise DAX Modeling,Tech,2025-09-04,88.7,4500.0
EMP-10964,CRS-TECH-01,Power BI & Enterprise DAX Modeling,Tech,2025-11-23,53.9,4500.0
EMP-10964,CRS-TECH-01,Power BI & Enterprise DAX Modeling,Tech,2026-01-14,85.0,2250.0
EMP-14835,CRS-TECH-02,Advanced SQL & Modern Data Warehousing,Tech,2025-01-19,88.6,5200.0
EMP-16236,CRS-SOFT-01,Executive Negotiation & Conflict Resolution,Soft Skills,2025-09-10,88.4,3200.0
EMP-12403,CRS-TECH-02,Advanced SQL & Modern Data Warehousing,Tech,2025-08-22,88.8,5200.0
EMP-16842,CRS-LEAD-01,Strategic People Leadership & Coaching,Leadership,2025-02-27,87.1,8000.0
EMP-12823,CRS-TECH-02,Advanced SQL & Modern Data Warehousing,Tech,2025-03-21,94.4,5200.0
EMP-13742,CRS-COMP-01,Enterprise Labor Law & Compliance 2026,Compliance,2025-07-26,74.2,2500.0
EMP-14559,CRS-TECH-01,Power BI & Enterprise DAX Modeling,Tech,2025-12-08,67.1,4500.0
EMP-16342,CRS-TECH-04,Cloud Architecture & Cybersecurity Fundamentals,Tech,2025-06-25,84.4,7500.0
EMP-10614,CRS-COMP-01,Enterprise Labor Law & Compliance 2026,Compliance,2025-12-05,91.9,2500.0
EMP-12268,CRS-COMP-01,Enterprise Labor Law & Compliance 2026,Compliance,2025-08-19,92.5,2500.0
EMP-12346,CRS-TECH-01,Power BI & Enterprise DAX Modeling,Tech,2025-07-07,73.9,4500.0
EMP-14888,CRS-SOFT-01,Executive Negotiation & Conflict Resolution,Soft Skills,2025-11-28,75.4,3200.0
EMP-10940,CRS-SOFT-02,Data-Driven Decision Making & Storytelling,Soft Skills,2025-01-22,84.8,3800.0
EMP-16859,CRS-TECH-01,Power BI & Enterprise DAX Modeling,Tech,2025-11-28,96.2,4500.0
EMP-15169,CRS-LEAD-01,Strategic People Leadership & Coaching,Leadership,2025-01-17,89.3,8000.0
EMP-12914,CRS-TECH-03,Python for Data Engineering & Analytics,Tech,2025-04-25,82.0,6000.0
EMP-10446,CRS-TECH-02,Advanced SQL & Modern Data Warehousing,Tech,2025-02-07,88.5,5200.0
EMP-16331,CRS-TECH-02,Advanced SQL & Modern Data Warehousing,Tech,2025-10-15,85.1,5200.0
EMP-10010,CRS-SOFT-01,Executive Negotiation & Conflict Resolution,Soft Skills,2025-12-10,79.5,3200.0
EMP-11432,CRS-TECH-02,Advanced SQL & Modern Data Warehousing,Tech,2025-06-26,97.0,5200.0
EMP-14945,CRS-COMP-01,Enterprise Labor Law & Compliance 2026,Compliance,2025-01-28,77.6,2500.0
EMP-12664,CRS-LEAD-01,Strategic People Leadership & Coaching,Leadership,2025-03-28,92.0,8000.0
EMP-16383,CRS-TECH-01,Power BI & Enterprise DAX Modeling,Tech,2025-10-23,74.8,4500.0
EMP-12313,CRS-SOFT-02,Data-Driven Decision Making & Storytelling,Soft Skills,2025-08-20,92.6,3800.0
EMP-12017,CRS-TECH-01,Power BI & Enterprise DAX Modeling,Tech,2025-06-10,82.7,4500.0
EMP-11969,CRS-LEAD-01,Strategic People Leadership & Coaching,Leadership,2025-02-17,45.0,8000.0
EMP-11969,CRS-LEAD-01,Strategic People Leadership & Coaching,Leadership,2025-04-11,75.1,4000.0
EMP-16647,CRS-TECH-02,Advanced SQL & Modern Data Warehousing,Tech,2025-07-19,91.0,5200.0
EMP-11193,CRS-LEAD-01,Strategic People Leadership & Coaching,Leadership,2025-09-17,97.7,8000.0
EMP-11653,CRS-TECH-01,Power BI & Enterprise DAX Modeling,Tech,2025-06-23,75.7,4500.0
EMP-15037,CRS-SOFT-01,Executive Negotiation & Conflict Resolution,Soft Skills,2025-07-12,91.3,3200.0
EMP-11391,CRS-TECH-04,Cloud Architecture & Cybersecurity Fundamentals,Tech,2025-10-26,83.2,7500.0
EMP-12548,CRS-TECH-04,Cloud Architecture & Cybersecurity Fundamentals,Tech,2025-12-04,76.7,7500.0
EMP-13290,CRS-COMP-01,Enterprise Labor Law & Compliance 2026,Compliance,2025-03-03,59.1,2500.0
EMP-12202,CRS-SOFT-01,Executive Negotiation & Conflict Resolution,Soft Skills,2025-12-25,60.4,3200.0
EMP-12202,CRS-SOFT-01,Executive Negotiation & Conflict Resolution,Soft Skills,2026-02-21,75.9,1600.0
EMP-15777,CRS-COMP-01,Enterprise Labor Law & Compliance 2026,Compliance,2025-09-16,78.0,2500.0
EMP-12069,CRS-TECH-02,Advanced SQL & Modern Data Warehousing,Tech,2025-04-04,67.2,5200.0
EMP-14091,CRS-LEAD-02,Operational Excellence & Lean Six Sigma,Leadership,2025-07-13,77.5,9500.0
EMP-12782,CRS-SOFT-01,Executive Negotiation & Conflict Resolution,Soft Skills,2025-02-20,85.2,3200.0
EMP-12175,CRS-TECH-01,Power BI & Enterprise DAX Modeling,Tech,2025-08-28,94.5,4500.0
EMP-10573,CRS-COMP-01,Enterprise Labor Law & Compliance 2026,Compliance,2025-08-19,82.8,2500.0
EMP-16407,CRS-SOFT-02,Data-Driven Decision Making & Storytelling,Soft Skills,2025-02-27,95.1,3800.0
EMP-13768,CRS-TECH-01,Power BI & Enterprise DAX Modeling,Tech,2025-09-22,72.7,4500.0
EMP-15321,CRS-TECH-01,Power BI & Enterprise DAX Modeling,Tech,2025-07-03,74.6,4500.0
EMP-13401,CRS-LEAD-02,Operational Excellence & Lean Six Sigma,Leadership,2025-01-17,95.4,9500.0
EMP-12948,CRS-TECH-01,Power BI & Enterprise DAX Modeling,Tech,2025-03-27,92.8,4500.0
EMP-14565,CRS-LEAD-01,Strategic People Leadership & Coaching,Leadership,2025-10-28,82.9,8000.0
EMP-15908,CRS-TECH-01,Power BI & Enterprise DAX Modeling,Tech,2025-05-19,82.1,4500.0
EMP-10794,CRS-TECH-03,Python for Data Engineering & Analytics,Tech,2025-04-01,61.5,6000.0
EMP-10794,CRS-TECH-03,Python for Data Engineering & Analytics,Tech,2025-05-29,81.8,3000.0
EMP-14236,CRS-TECH-01,Power BI & Enterprise DAX Modeling,Tech,2025-10-26,79.1,4500.0
EMP-12723,CRS-TECH-02,Advanced SQL & Modern Data Warehousing,Tech,2025-10-16,75.8,5200.0
EMP-14337,CRS-SOFT-01,Executive Negotiation & Conflict Resolution,Soft Skills,2025-02-25,93.5,3200.0
EMP-16585,CRS-TECH-01,Power BI & Enterprise DAX Modeling,Tech,2025-05-23,95.6,4500.0
EMP-13257,CRS-SOFT-01,Executive Negotiation & Conflict Resolution,Soft Skills,2025-06-21,88.3,3200.0
EMP-14195,CRS-LEAD-01,Strategic People Leadership & Coaching,Leadership,2025-08-15,94.5,8000.0
EMP-12568,CRS-COMP-01,Enterprise Labor Law & Compliance 2026,Compliance,2025-01-13,97.9,2500.0
EMP-10093,CRS-SOFT-01,Executive Negotiation & Conflict Resolution,Soft Skills,2025-02-05,85.0,3200.0
EMP-14235,CRS-SOFT-01,Executive Negotiation & Conflict Resolution,Soft Skills,2025-05-01,96.2,3200.0
EMP-10025,CRS-TECH-04,Cloud Architecture & Cybersecurity Fundamentals,Tech,2025-11-24,78.9,7500.0
EMP-10101,CRS-TECH-01,Power BI & Enterprise DAX Modeling,Tech,2025-01-26,83.5,4500.0
EMP-10794,CRS-TECH-01,Power BI & Enterprise DAX Modeling,Tech,2025-08-09,57.9,4500.0
EMP-10794,CRS-TECH-01,Power BI & Enterprise DAX Modeling,Tech,2025-08-29,94.1,2250.0
EMP-10008,CRS-TECH-01,Power BI & Enterprise DAX Modeling,Tech,2025-08-24,77.7,4500.0
EMP-15440,CRS-LEAD-02,Operational Excellence & Lean Six Sigma,Leadership,2025-02-02,87.8,9500.0
EMP-14962,CRS-TECH-02,Advanced SQL & Modern Data Warehousing,Tech,2025-02-26,76.7,5200.0
EMP-12111,CRS-TECH-01,Power BI & Enterprise DAX Modeling,Tech,2025-08-25,43.0,4500.0
EMP-12111,CRS-TECH-01,Power BI & Enterprise DAX Modeling,Tech,2025-09-21,85.6,2250.0
EMP-15364,CRS-LEAD-02,Operational Excellence & Lean Six Sigma,Leadership,2025-08-22,84.9,9500.0
EMP-14897,CRS-TECH-01,Power BI & Enterprise DAX Modeling,Tech,2025-08-26,77.0,4500.0
EMP-11578,CRS-LEAD-01,Strategic People Leadership & Coaching,Leadership,2025-02-24,93.7,8000.0
EMP-14601,CRS-LEAD-01,Strategic People Leadership & Coaching,Leadership,2025-10-09,85.8,8000.0
EMP-11096,CRS-COMP-01,Enterprise Labor Law & Compliance 2026,Compliance,2025-12-23,86.5,2500.0
EMP-10253,CRS-SOFT-01,Executive Negotiation & Conflict Resolution,Soft Skills,2025-11-24,90.1,3200.0
EMP-12164,CRS-TECH-01,Power BI & Enterprise DAX Modeling,Tech,2025-10-07,79.6,4500.0
EMP-16739,CRS-TECH-04,Cloud Architecture & Cybersecurity Fundamentals,Tech,2025-07-06,58.1,7500.0
EMP-16739,CRS-TECH-04,Cloud Architecture & Cybersecurity Fundamentals,Tech,2025-08-07,78.3,3750.0
EMP-16217,CRS-LEAD-01,Strategic People Leadership & Coaching,Leadership,2025-02-24,96.5,8000.0
EMP-15986,CRS-COMP-01,Enterprise Labor Law & Compliance 2026,Compliance,2025-07-04,74.1,2500.0
EMP-11250,CRS-TECH-01,Power BI & Enterprise DAX Modeling,Tech,2025-11-18,95.8,4500.0
EMP-12481,CRS-TECH-01,Power BI & Enterprise DAX Modeling,Tech,2025-11-15,87.2,4500.0
EMP-10269,CRS-TECH-02,Advanced SQL & Modern Data Warehousing,Tech,2025-08-06,64.7,5200.0
EMP-10269,CRS-TECH-02,Advanced SQL & Modern Data Warehousing,Tech,2025-08-31,90.1,2600.0
EMP-12060,CRS-TECH-01,Power BI & Enterprise DAX Modeling,Tech,2025-04-08,86.5,4500.0
EMP-15779,CRS-LEAD-01,Strategic People Leadership & Coaching,Leadership,2025-05-19,97.5,8000.0
EMP-13727,CRS-TECH-02,Advanced SQL & Modern Data Warehousing,Tech,2025-05-18,87.4,5200.0
EMP-11719,CRS-LEAD-01,Strategic People Leadership & Coaching,Leadership,2025-09-04,95.0,8000.0
EMP-11410,CRS-TECH-02,Advanced SQL & Modern Data Warehousing,Tech,2025-08-27,77.8,5200.0
EMP-14849,CRS-LEAD-01,Strategic People Leadership & Coaching,Leadership,2025-02-28,93.2,8000.0
EMP-10264,CRS-TECH-01,Power BI & Enterprise DAX Modeling,Tech,2025-03-12,70.6,4500.0
EMP-10330,CRS-TECH-02,Advanced SQL & Modern Data Warehousing,Tech,2025-01-26,51.9,5200.0
EMP-10330,CRS-TECH-02,Advanced SQL & Modern Data Warehousing,Tech,2025-03-02,79.0,2600.0
EMP-14949,CRS-TECH-04,Cloud Architecture & Cybersecurity Fundamentals,Tech,2025-06-10,75.5,7500.0
EMP-14252,CRS-SOFT-01,Executive Negotiation & Conflict Resolution,Soft Skills,2025-07-04,76.1,3200.0
EMP-10424,CRS-COMP-01,Enterprise Labor Law & Compliance 2026,Compliance,2025-12-17,76.1,2500.0
EMP-10170,CRS-TECH-04,Cloud Architecture & Cybersecurity Fundamentals,Tech,2025-08-12,94.9,7500.0
EMP-10147,CRS-COMP-02,Information Governance & GDPR/Data Protection,Compliance,2025-09-12,72.3,3000.0
EMP-16042,CRS-TECH-02,Advanced SQL & Modern Data Warehousing,Tech,2025-10-23,83.3,5200.0
EMP-10673,CRS-SOFT-01,Executive Negotiation & Conflict Resolution,Soft Skills,2025-03-03,46.0,3200.0
EMP-10673,CRS-SOFT-01,Executive Negotiation & Conflict Resolution,Soft Skills,2025-04-02,85.5,1600.0
EMP-14539,CRS-TECH-02,Advanced SQL & Modern Data Warehousing,Tech,2025-11-28,83.6,5200.0
EMP-14038,CRS-COMP-02,Information Governance & GDPR/Data Protection,Compliance,2025-01-10,90.7,3000.0
EMP-16261,CRS-LEAD-02,Operational Excellence & Lean Six Sigma,Leadership,2025-07-03,82.1,9500.0
EMP-13013,CRS-TECH-04,Cloud Architecture & Cybersecurity Fundamentals,Tech,2025-12-15,87.1,7500.0
EMP-12918,CRS-LEAD-01,Strategic People Leadership & Coaching,Leadership,2025-06-01,92.6,8000.0
EMP-14408,CRS-LEAD-01,Strategic People Leadership & Coaching,Leadership,2025-07-12,82.6,8000.0
EMP-12681,CRS-TECH-01,Power BI & Enterprise DAX Modeling,Tech,2025-06-23,85.5,4500.0
EMP-15550,CRS-LEAD-01,Strategic People Leadership & Coaching,Leadership,2025-05-18,91.8,8000.0
EMP-12111,CRS-TECH-04,Cloud Architecture & Cybersecurity Fundamentals,Tech,2025-07-16,49.8,7500.0
EMP-12083,CRS-SOFT-01,Executive Negotiation & Conflict Resolution,Soft Skills,2025-04-11,61.5,3200.0
EMP-16305,CRS-COMP-01,Enterprise Labor Law & Compliance 2026,Compliance,2025-11-23,86.3,2500.0
EMP-16916,CRS-TECH-03,Python for Data Engineering & Analytics,Tech,2025-09-04,97.3,6000.0
EMP-15585,CRS-TECH-04,Cloud Architecture & Cybersecurity Fundamentals,Tech,2025-08-04,95.8,7500.0
EMP-11784,CRS-SOFT-01,Executive Negotiation & Conflict Resolution,Soft Skills,2025-02-24,81.6,3200.0
EMP-14539,CRS-TECH-02,Advanced SQL & Modern Data Warehousing,Tech,2025-06-12,87.7,5200.0
EMP-12336,CRS-LEAD-02,Operational Excellence & Lean Six Sigma,Leadership,2025-06-19,87.6,9500.0
EMP-11249,CRS-SOFT-02,Data-Driven Decision Making & Storytelling,Soft Skills,2025-04-17,63.9,3800.0
EMP-14339,CRS-TECH-01,Power BI & Enterprise DAX Modeling,Tech,2025-06-03,92.6,4500.0
EMP-10887,CRS-TECH-03,Python for Data Engineering & Analytics,Tech,2025-03-17,88.1,6000.0
EMP-11398,CRS-LEAD-01,Strategic People Leadership & Coaching,Leadership,2025-11-15,57.2,8000.0
EMP-12073,CRS-TECH-02,Advanced SQL & Modern Data Warehousing,Tech,2025-08-19,75.8,5200.0
EMP-16956,CRS-COMP-02,Information Governance & GDPR/Data Protection,Compliance,2025-10-11,73.9,3000.0
EMP-15910,CRS-LEAD-02,Operational Excellence & Lean Six Sigma,Leadership,2025-02-10,89.4,9500.0
EMP-10922,CRS-SOFT-01,Executive Negotiation & Conflict Resolution,Soft Skills,2025-08-06,67.5,3200.0
EMP-10922,CRS-SOFT-01,Executive Negotiation & Conflict Resolution,Soft Skills,2025-09-02,89.7,1600.0
EMP-13303,CRS-TECH-02,Advanced SQL & Modern Data Warehousing,Tech,2025-08-17,57.3,5200.0
EMP-10841,CRS-SOFT-01,Executive Negotiation & Conflict Resolution,Soft Skills,2025-07-27,87.4,3200.0
EMP-12110,CRS-TECH-04,Cloud Architecture & Cybersecurity Fundamentals,Tech,2025-06-16,77.2,7500.0
EMP-14247,CRS-SOFT-01,Executive Negotiation & Conflict Resolution,Soft Skills,2025-04-24,88.8,3200.0
EMP-14481,CRS-TECH-01,Power BI & Enterprise DAX Modeling,Tech,2025-07-27,85.4,4500.0
EMP-11335,CRS-LEAD-02,Operational Excellence & Lean Six Sigma,Leadership,2025-07-13,65.7,9500.0
EMP-11335,CRS-LEAD-02,Operational Excellence & Lean Six Sigma,Leadership,2025-08-14,93.2,4750.0
EMP-16222,CRS-TECH-02,Advanced SQL & Modern Data Warehousing,Tech,2025-03-12,76.9,5200.0
EMP-15134,CRS-TECH-01,Power BI & Enterprise DAX Modeling,Tech,2025-09-01,87.8,4500.0
EMP-13517,CRS-TECH-01,Power BI & Enterprise DAX Modeling,Tech,2025-11-18,92.8,4500.0
EMP-11429,CRS-TECH-01,Power BI & Enterprise DAX Modeling,Tech,2025-06-16,84.6,4500.0
EMP-13526,CRS-SOFT-02,Data-Driven Decision Making & Storytelling,Soft Skills,2025-04-01,77.8,3800.0
EMP-14616,CRS-SOFT-01,Executive Negotiation & Conflict Resolution,Soft Skills,2025-11-20,82.8,3200.0
EMP-11557,CRS-LEAD-02,Operational Excellence & Lean Six Sigma,Leadership,2025-11-05,88.4,9500.0
EMP-15202,CRS-LEAD-01,Strategic People Leadership & Coaching,Leadership,2025-01-15,73.8,8000.0
EMP-11665,CRS-LEAD-02,Operational Excellence & Lean Six Sigma,Leadership,2025-09-04,95.5,9500.0
EMP-14271,CRS-LEAD-01,Strategic People Leadership & Coaching,Leadership,2025-06-05,85.1,8000.0
EMP-10420,CRS-COMP-02,Information Governance & GDPR/Data Protection,Compliance,2025-08-10,96.7,3000.0
EMP-15410,CRS-TECH-01,Power BI & Enterprise DAX Modeling,Tech,2025-06-15,96.2,4500.0
EMP-15343,CRS-TECH-01,Power BI & Enterprise DAX Modeling,Tech,2025-07-13,80.6,4500.0
EMP-16554,CRS-TECH-01,Power BI & Enterprise DAX Modeling,Tech,2025-11-25,75.1,4500.0
EMP-15926,CRS-LEAD-01,Strategic People Leadership & Coaching,Leadership,2025-04-14,94.9,8000.0
EMP-10411,CRS-TECH-01,Power BI & Enterprise DAX Modeling,Tech,2025-09-15,81.0,4500.0
EMP-11347,CRS-TECH-02,Advanced SQL & Modern Data Warehousing,Tech,2025-05-12,85.5,5200.0
EMP-12734,CRS-SOFT-02,Data-Driven Decision Making & Storytelling,Soft Skills,2025-01-02,76.2,3800.0
EMP-15092,CRS-LEAD-01,Strategic People Leadership & Coaching,Leadership,2025-05-01,88.5,8000.0
EMP-11944,CRS-TECH-01,Power BI & Enterprise DAX Modeling,Tech,2025-12-13,91.0,4500.0
EMP-16149,CRS-COMP-02,Information Governance & GDPR/Data Protection,Compliance,2025-08-13,73.6,3000.0
EMP-11941,CRS-COMP-01,Enterprise Labor Law & Compliance 2026,Compliance,2025-02-16,91.6,2500.0
EMP-10460,CRS-COMP-01,Enterprise Labor Law & Compliance 2026,Compliance,2025-04-15,90.0,2500.0
EMP-12922,CRS-TECH-01,Power BI & Enterprise DAX Modeling,Tech,2025-01-27,81.6,4500.0
EMP-14700,CRS-TECH-01,Power BI & Enterprise DAX Modeling,Tech,2025-08-15,82.9,4500.0
EMP-14584,CRS-TECH-01,Power BI & Enterprise DAX Modeling,Tech,2025-06-22,63.2,4500.0
EMP-14584,CRS-TECH-01,Power BI & Enterprise DAX Modeling,Tech,2025-08-13,88.9,2250.0
EMP-12344,CRS-SOFT-01,Executive Negotiation & Conflict Resolution,Soft Skills,2025-12-27,86.1,3200.0
EMP-13264,CRS-LEAD-01,Strategic People Leadership & Coaching,Leadership,2025-05-10,85.1,8000.0
EMP-15161,CRS-SOFT-02,Data-Driven Decision Making & Storytelling,Soft Skills,2025-09-04,72.6,3800.0
EMP-15845,CRS-TECH-01,Power BI & Enterprise DAX Modeling,Tech,2025-05-04,75.6,4500.0
EMP-14337,CRS-COMP-01,Enterprise Labor Law & Compliance 2026,Compliance,2025-03-07,91.4,2500.0
EMP-14958,CRS-TECH-01,Power BI & Enterprise DAX Modeling,Tech,2025-06-07,89.2,4500.0
EMP-12108,CRS-SOFT-01,Executive Negotiation & Conflict Resolution,Soft Skills,2025-03-10,84.5,3200.0
EMP-13970,CRS-LEAD-01,Strategic People Leadership & Coaching,Leadership,2025-09-06,84.3,8000.0
EMP-14995,CRS-LEAD-01,Strategic People Leadership & Coaching,Leadership,2025-02-05,76.8,8000.0
EMP-11627,CRS-SOFT-01,Executive Negotiation & Conflict Resolution,Soft Skills,2025-07-15,85.4,3200.0
EMP-14491,CRS-COMP-01,Enterprise Labor Law & Compliance 2026,Compliance,2025-05-01,95.5,2500.0
EMP-16181,CRS-LEAD-01,Strategic People Leadership & Coaching,Leadership,2025-04-22,59.9,8000.0
EMP-16181,CRS-LEAD-01,Strategic People Leadership & Coaching,Leadership,2025-05-17,86.7,4000.0
EMP-12919,CRS-TECH-03,Python for Data Engineering & Analytics,Tech,2025-05-10,72.6,6000.0
EMP-15901,CRS-TECH-01,Power BI & Enterprise DAX Modeling,Tech,2025-02-11,93.7,4500.0
EMP-10199,CRS-TECH-01,Power BI & Enterprise DAX Modeling,Tech,2025-01-07,67.0,4500.0
EMP-16799,CRS-TECH-01,Power BI & Enterprise DAX Modeling,Tech,2025-05-28,86.0,4500.0
EMP-16059,CRS-TECH-04,Cloud Architecture & Cybersecurity Fundamentals,Tech,2025-04-26,53.6,7500.0
EMP-16059,CRS-TECH-04,Cloud Architecture & Cybersecurity Fundamentals,Tech,2025-06-18,87.2,3750.0
EMP-11794,CRS-COMP-02,Information Governance & GDPR/Data Protection,Compliance,2025-12-11,89.6,3000.0
EMP-10554,CRS-TECH-02,Advanced SQL & Modern Data Warehousing,Tech,2025-12-13,73.3,5200.0
EMP-16859,CRS-TECH-01,Power BI & Enterprise DAX Modeling,Tech,2025-05-03,93.2,4500.0
EMP-11603,CRS-LEAD-01,Strategic People Leadership & Coaching,Leadership,2025-10-02,94.5,8000.0
EMP-15059,CRS-LEAD-02,Operational Excellence & Lean Six Sigma,Leadership,2025-06-24,86.6,9500.0
EMP-14235,CRS-SOFT-01,Executive Negotiation & Conflict Resolution,Soft Skills,2025-12-23,65.6,3200.0
EMP-14235,CRS-SOFT-01,Executive Negotiation & Conflict Resolution,Soft Skills,2026-01-26,92.5,1600.0
EMP-16853,CRS-TECH-01,Power BI & Enterprise DAX Modeling,Tech,2025-10-08,92.3,4500.0
EMP-12699,CRS-TECH-02,Advanced SQL & Modern Data Warehousing,Tech,2025-08-03,92.4,5200.0
EMP-10878,CRS-TECH-02,Advanced SQL & Modern Data Warehousing,Tech,2025-07-11,84.2,5200.0
EMP-11064,CRS-TECH-04,Cloud Architecture & Cybersecurity Fundamentals,Tech,2025-04-07,83.9,7500.0
EMP-12236,CRS-SOFT-02,Data-Driven Decision Making & Storytelling,Soft Skills,2025-06-27,64.5,3800.0
EMP-16873,CRS-LEAD-01,Strategic People Leadership & Coaching,Leadership,2025-07-12,61.7,8000.0
EMP-11001,CRS-LEAD-02,Operational Excellence & Lean Six Sigma,Leadership,2025-09-04,74.4,9500.0
EMP-16695,CRS-TECH-03,Python for Data Engineering & Analytics,Tech,2025-04-01,92.1,6000.0
EMP-12234,CRS-TECH-03,Python for Data Engineering & Analytics,Tech,2025-07-22,86.5,6000.0
EMP-12017,CRS-TECH-01,Power BI & Enterprise DAX Modeling,Tech,2025-04-05,93.6,4500.0
EMP-10392,CRS-TECH-02,Advanced SQL & Modern Data Warehousing,Tech,2025-02-02,77.1,5200.0
EMP-13768,CRS-SOFT-01,Executive Negotiation & Conflict Resolution,Soft Skills,2025-06-18,75.1,3200.0
EMP-14458,CRS-SOFT-01,Executive Negotiation & Conflict Resolution,Soft Skills,2025-09-23,67.3,3200.0
EMP-14458,CRS-SOFT-01,Executive Negotiation & Conflict Resolution,Soft Skills,2025-11-04,89.4,1600.0
EMP-10246,CRS-COMP-01,Enterprise Labor Law & Compliance 2026,Compliance,2025-12-05,73.5,2500.0
EMP-12486,CRS-TECH-01,Power BI & Enterprise DAX Modeling,Tech,2025-07-10,85.8,4500.0
EMP-11164,CRS-TECH-02,Advanced SQL & Modern Data Warehousing,Tech,2025-02-15,73.6,5200.0
EMP-14219,CRS-SOFT-02,Data-Driven Decision Making & Storytelling,Soft Skills,2025-01-17,97.4,3800.0
EMP-15405,CRS-TECH-01,Power BI & Enterprise DAX Modeling,Tech,2025-04-10,74.0,4500.0
EMP-11558,CRS-LEAD-01,Strategic People Leadership & Coaching,Leadership,2025-06-06,86.6,8000.0
EMP-15521,CRS-SOFT-02,Data-Driven Decision Making & Storytelling,Soft Skills,2025-05-08,80.0,3800.0
EMP-16926,CRS-LEAD-02,Operational Excellence & Lean Six Sigma,Leadership,2025-08-02,82.8,9500.0
EMP-12086,CRS-COMP-01,Enterprise Labor Law & Compliance 2026,Compliance,2025-01-26,42.2,2500.0
EMP-12049,CRS-TECH-02,Advanced SQL & Modern Data Warehousing,Tech,2025-02-24,81.3,5200.0
EMP-12614,CRS-TECH-03,Python for Data Engineering & Analytics,Tech,2025-11-13,77.5,6000.0
EMP-14082,CRS-LEAD-01,Strategic People Leadership & Coaching,Leadership,2025-07-21,84.3,8000.0
EMP-12730,CRS-SOFT-01,Executive Negotiation & Conflict Resolution,Soft Skills,2025-05-25,80.7,3200.0
EMP-12759,CRS-TECH-01,Power BI & Enterprise DAX Modeling,Tech,2025-03-06,77.9,4500.0
EMP-14675,CRS-LEAD-01,Strategic People Leadership & Coaching,Leadership,2025-09-10,73.7,8000.0
EMP-16193,CRS-LEAD-01,Strategic People Leadership & Coaching,Leadership,2025-10-15,81.7,8000.0
EMP-11135,CRS-SOFT-02,Data-Driven Decision Making & Storytelling,Soft Skills,2025-09-25,80.1,3800.0
EMP-12155,CRS-TECH-02,Advanced SQL & Modern Data Warehousing,Tech,2025-02-21,95.6,5200.0
EMP-11300,CRS-TECH-01,Power BI & Enterprise DAX Modeling,Tech,2025-07-21,89.7,4500.0
EMP-14264,CRS-LEAD-02,Operational Excellence & Lean Six Sigma,Leadership,2025-07-11,66.5,9500.0
EMP-14264,CRS-LEAD-02,Operational Excellence & Lean Six Sigma,Leadership,2025-08-25,81.1,4750.0
EMP-15559,CRS-SOFT-01,Executive Negotiation & Conflict Resolution,Soft Skills,2025-10-17,82.4,3200.0
EMP-10764,CRS-COMP-01,Enterprise Labor Law & Compliance 2026,Compliance,2025-06-05,97.3,2500.0
EMP-10187,CRS-SOFT-01,Executive Negotiation & Conflict Resolution,Soft Skills,2025-09-03,87.8,3200.0
EMP-11314,CRS-COMP-01,Enterprise Labor Law & Compliance 2026,Compliance,2025-06-25,89.2,2500.0
EMP-16859,CRS-TECH-02,Advanced SQL & Modern Data Warehousing,Tech,2025-06-06,95.7,5200.0
EMP-13089,CRS-TECH-02,Advanced SQL & Modern Data Warehousing,Tech,2025-01-15,89.0,5200.0
EMP-11096,CRS-COMP-01,Enterprise Labor Law & Compliance 2026,Compliance,2025-01-15,84.3,2500.0
EMP-14467,CRS-LEAD-01,Strategic People Leadership & Coaching,Leadership,2025-01-12,87.9,8000.0
EMP-12550,CRS-SOFT-01,Executive Negotiation & Conflict Resolution,Soft Skills,2025-03-14,77.6,3200.0
EMP-15547,CRS-LEAD-02,Operational Excellence & Lean Six Sigma,Leadership,2025-08-01,82.4,9500.0
EMP-15846,CRS-SOFT-01,Executive Negotiation & Conflict Resolution,Soft Skills,2025-10-10,84.7,3200.0
EMP-15916,CRS-TECH-01,Power BI & Enterprise DAX Modeling,Tech,2025-02-11,90.9,4500.0
EMP-16042,CRS-TECH-02,Advanced SQL & Modern Data Warehousing,Tech,2025-02-12,97.9,5200.0
EMP-13814,CRS-COMP-02,Information Governance & GDPR/Data Protection,Compliance,2025-04-02,94.9,3000.0
EMP-13785,CRS-LEAD-02,Operational Excellence & Lean Six Sigma,Leadership,2025-12-16,78.1,9500.0
EMP-16517,CRS-COMP-01,Enterprise Labor Law & Compliance 2026,Compliance,2025-11-21,84.8,2500.0
EMP-10219,CRS-LEAD-02,Operational Excellence & Lean Six Sigma,Leadership,2025-11-15,89.6,9500.0
EMP-15386,CRS-LEAD-02,Operational Excellence & Lean Six Sigma,Leadership,2025-04-12,82.1,9500.0
EMP-16807,CRS-COMP-02,Information Governance & GDPR/Data Protection,Compliance,2025-10-19,91.9,3000.0
EMP-14741,CRS-SOFT-02,Data-Driven Decision Making & Storytelling,Soft Skills,2025-08-13,55.7,3800.0
EMP-14741,CRS-SOFT-02,Data-Driven Decision Making & Storytelling,Soft Skills,2025-09-16,90.2,1900.0
EMP-12953,CRS-TECH-01,Power BI & Enterprise DAX Modeling,Tech,2025-06-23,80.4,4500.0
EMP-16792,CRS-LEAD-01,Strategic People Leadership & Coaching,Leadership,2025-02-07,85.8,8000.0
EMP-10823,CRS-SOFT-02,Data-Driven Decision Making & Storytelling,Soft Skills,2025-05-08,91.6,3800.0
EMP-10036,CRS-COMP-01,Enterprise Labor Law & Compliance 2026,Compliance,2025-09-07,46.9,2500.0
EMP-10036,CRS-COMP-01,Enterprise Labor Law & Compliance 2026,Compliance,2025-09-28,77.4,1250.0
EMP-14184,CRS-COMP-02,Information Governance & GDPR/Data Protection,Compliance,2025-08-18,83.4,3000.0
EMP-14425,CRS-COMP-02,Information Governance & GDPR/Data Protection,Compliance,2025-10-12,78.3,3000.0
EMP-11347,CRS-TECH-01,Power BI & Enterprise DAX Modeling,Tech,2025-06-19,83.6,4500.0
EMP-16807,CRS-TECH-01,Power BI & Enterprise DAX Modeling,Tech,2025-11-07,96.2,4500.0
EMP-13746,CRS-COMP-02,Information Governance & GDPR/Data Protection,Compliance,2025-08-21,97.7,3000.0
EMP-11967,CRS-COMP-02,Information Governance & GDPR/Data Protection,Compliance,2025-07-10,71.0,3000.0
EMP-11627,CRS-COMP-01,Enterprise Labor Law & Compliance 2026,Compliance,2025-10-09,86.5,2500.0
EMP-10301,CRS-COMP-01,Enterprise Labor Law & Compliance 2026,Compliance,2025-12-06,95.2,2500.0
EMP-14136,CRS-COMP-01,Enterprise Labor Law & Compliance 2026,Compliance,2025-02-16,74.3,2500.0
EMP-10755,CRS-LEAD-02,Operational Excellence & Lean Six Sigma,Leadership,2025-04-16,86.3,9500.0
EMP-14815,CRS-TECH-01,Power BI & Enterprise DAX Modeling,Tech,2025-10-01,94.7,4500.0
EMP-15914,CRS-TECH-01,Power BI & Enterprise DAX Modeling,Tech,2025-12-05,82.0,4500.0
EMP-15782,CRS-TECH-01,Power BI & Enterprise DAX Modeling,Tech,2025-04-11,52.5,4500.0
EMP-15782,CRS-TECH-01,Power BI & Enterprise DAX Modeling,Tech,2025-05-12,92.5,2250.0
EMP-15310,CRS-LEAD-01,Strategic People Leadership & Coaching,Leadership,2025-07-08,85.1,8000.0
EMP-14038,CRS-TECH-01,Power BI & Enterprise DAX Modeling,Tech,2025-02-23,96.7,4500.0
EMP-15267,CRS-TECH-01,Power BI & Enterprise DAX Modeling,Tech,2025-01-15,83.6,4500.0
EMP-11324,CRS-TECH-01,Power BI & Enterprise DAX Modeling,Tech,2025-11-01,85.9,4500.0
EMP-16873,CRS-SOFT-01,Executive Negotiation & Conflict Resolution,Soft Skills,2025-08-27,65.7,3200.0
EMP-16873,CRS-SOFT-01,Executive Negotiation & Conflict Resolution,Soft Skills,2025-09-22,81.6,1600.0
EMP-13040,CRS-COMP-01,Enterprise Labor Law & Compliance 2026,Compliance,2025-02-09,88.2,2500.0
EMP-10927,CRS-SOFT-01,Executive Negotiation & Conflict Resolution,Soft Skills,2025-05-06,84.1,3200.0
EMP-10699,CRS-SOFT-01,Executive Negotiation & Conflict Resolution,Soft Skills,2025-12-16,97.5,3200.0
EMP-10841,CRS-LEAD-01,Strategic People Leadership & Coaching,Leadership,2025-04-28,86.0,8000.0
EMP-12017,CRS-TECH-01,Power BI & Enterprise DAX Modeling,Tech,2025-12-22,85.8,4500.0
EMP-15288,CRS-COMP-01,Enterprise Labor Law & Compliance 2026,Compliance,2025-05-13,96.2,2500.0
EMP-10934,CRS-LEAD-02,Operational Excellence & Lean Six Sigma,Leadership,2025-04-25,89.2,9500.0
EMP-10663,CRS-TECH-01,Power BI & Enterprise DAX Modeling,Tech,2025-11-04,79.0,4500.0
EMP-14118,CRS-LEAD-01,Strategic People Leadership & Coaching,Leadership,2025-08-12,75.3,8000.0
EMP-16603,CRS-TECH-01,Power BI & Enterprise DAX Modeling,Tech,2025-09-14,65.9,4500.0
EMP-16603,CRS-TECH-01,Power BI & Enterprise DAX Modeling,Tech,2025-10-18,94.2,2250.0
EMP-12985,CRS-LEAD-02,Operational Excellence & Lean Six Sigma,Leadership,2025-05-10,91.4,9500.0
EMP-13508,CRS-TECH-01,Power BI & Enterprise DAX Modeling,Tech,2025-01-23,84.7,4500.0
EMP-13684,CRS-SOFT-02,Data-Driven Decision Making & Storytelling,Soft Skills,2025-01-10,90.4,3800.0
EMP-10131,CRS-TECH-02,Advanced SQL & Modern Data Warehousing,Tech,2025-02-05,66.6,5200.0
EMP-10131,CRS-TECH-02,Advanced SQL & Modern Data Warehousing,Tech,2025-03-18,83.3,2600.0
EMP-12858,CRS-TECH-01,Power BI & Enterprise DAX Modeling,Tech,2025-06-16,75.0,4500.0
EMP-10413,CRS-TECH-01,Power BI & Enterprise DAX Modeling,Tech,2025-06-01,82.3,4500.0
EMP-10441,CRS-TECH-02,Advanced SQL & Modern Data Warehousing,Tech,2025-09-20,46.0,5200.0
EMP-10441,CRS-TECH-02,Advanced SQL & Modern Data Warehousing,Tech,2025-10-18,76.9,2600.0
EMP-14205,CRS-SOFT-01,Executive Negotiation & Conflict Resolution,Soft Skills,2025-11-05,95.9,3200.0
EMP-13409,CRS-TECH-04,Cloud Architecture & Cybersecurity Fundamentals,Tech,2025-04-18,79.9,7500.0
EMP-13747,CRS-LEAD-02,Operational Excellence & Lean Six Sigma,Leadership,2025-02-28,65.7,9500.0
EMP-13747,CRS-LEAD-02,Operational Excellence & Lean Six Sigma,Leadership,2025-04-06,94.2,4750.0
EMP-13828,CRS-TECH-03,Python for Data Engineering & Analytics,Tech,2025-10-19,96.4,6000.0
EMP-13875,CRS-LEAD-01,Strategic People Leadership & Coaching,Leadership,2025-02-19,74.5,8000.0
EMP-11363,CRS-SOFT-01,Executive Negotiation & Conflict Resolution,Soft Skills,2025-02-25,87.4,3200.0
EMP-10719,CRS-COMP-01,Enterprise Labor Law & Compliance 2026,Compliance,2025-10-09,70.1,2500.0
EMP-11592,CRS-TECH-01,Power BI & Enterprise DAX Modeling,Tech,2025-07-23,87.6,4500.0
EMP-12133,CRS-COMP-02,Information Governance & GDPR/Data Protection,Compliance,2025-07-11,90.4,3000.0
EMP-11923,CRS-LEAD-02,Operational Excellence & Lean Six Sigma,Leadership,2025-09-02,95.5,9500.0
EMP-16087,CRS-COMP-01,Enterprise Labor Law & Compliance 2026,Compliance,2025-03-13,95.6,2500.0
EMP-11665,CRS-LEAD-01,Strategic People Leadership & Coaching,Leadership,2025-07-17,96.8,8000.0
EMP-11557,CRS-LEAD-02,Operational Excellence & Lean Six Sigma,Leadership,2025-11-18,87.7,9500.0
EMP-13389,CRS-SOFT-02,Data-Driven Decision Making & Storytelling,Soft Skills,2025-10-20,82.8,3800.0
EMP-13026,CRS-TECH-04,Cloud Architecture & Cybersecurity Fundamentals,Tech,2025-07-12,71.9,7500.0
EMP-14629,CRS-LEAD-02,Operational Excellence & Lean Six Sigma,Leadership,2025-11-15,90.0,9500.0
EMP-12904,CRS-TECH-04,Cloud Architecture & Cybersecurity Fundamentals,Tech,2025-08-10,66.8,7500.0
EMP-12825,CRS-TECH-01,Power BI & Enterprise DAX Modeling,Tech,2025-09-14,87.3,4500.0
EMP-12079,CRS-TECH-01,Power BI & Enterprise DAX Modeling,Tech,2025-10-26,85.8,4500.0
EMP-11606,CRS-COMP-01,Enterprise Labor Law & Compliance 2026,Compliance,2025-03-18,91.7,2500.0
EMP-12775,CRS-TECH-01,Power BI & Enterprise DAX Modeling,Tech,2025-03-16,93.6,4500.0
EMP-15473,CRS-SOFT-02,Data-Driven Decision Making & Storytelling,Soft Skills,2025-08-21,85.6,3800.0
EMP-15564,CRS-LEAD-01,Strategic People Leadership & Coaching,Leadership,2025-11-03,54.0,8000.0
EMP-15564,CRS-LEAD-01,Strategic People Leadership & Coaching,Leadership,2025-12-20,80.0,4000.0
EMP-14073,CRS-SOFT-01,Executive Negotiation & Conflict Resolution,Soft Skills,2025-02-19,95.2,3200.0
EMP-16832,CRS-TECH-01,Power BI & Enterprise DAX Modeling,Tech,2025-11-11,72.6,4500.0
EMP-13115,CRS-TECH-02,Advanced SQL & Modern Data Warehousing,Tech,2025-05-24,95.0,5200.0
EMP-14313,CRS-LEAD-01,Strategic People Leadership & Coaching,Leadership,2025-12-24,64.7,8000.0
EMP-11832,CRS-TECH-02,Advanced SQL & Modern Data Warehousing,Tech,2025-01-08,87.8,5200.0
EMP-11647,CRS-TECH-04,Cloud Architecture & Cybersecurity Fundamentals,Tech,2025-12-14,91.4,7500.0
EMP-10888,CRS-LEAD-02,Operational Excellence & Lean Six Sigma,Leadership,2025-03-05,85.6,9500.0
EMP-12103,CRS-SOFT-02,Data-Driven Decision Making & Storytelling,Soft Skills,2025-01-07,89.5,3800.0
EMP-11876,CRS-LEAD-02,Operational Excellence & Lean Six Sigma,Leadership,2025-12-21,60.8,9500.0
EMP-11876,CRS-LEAD-02,Operational Excellence & Lean Six Sigma,Leadership,2026-02-01,91.9,4750.0
EMP-13814,CRS-TECH-02,Advanced SQL & Modern Data Warehousing,Tech,2025-10-02,91.8,5200.0
EMP-11570,CRS-LEAD-02,Operational Excellence & Lean Six Sigma,Leadership,2025-09-03,63.2,9500.0
EMP-11570,CRS-LEAD-02,Operational Excellence & Lean Six Sigma,Leadership,2025-10-13,75.5,4750.0
EMP-12100,CRS-COMP-01,Enterprise Labor Law & Compliance 2026,Compliance,2025-10-02,60.1,2500.0
EMP-14882,CRS-LEAD-01,Strategic People Leadership & Coaching,Leadership,2025-06-02,67.8,8000.0
EMP-14882,CRS-LEAD-01,Strategic People Leadership & Coaching,Leadership,2025-06-21,82.2,4000.0
EMP-16339,CRS-TECH-02,Advanced SQL & Modern Data Warehousing,Tech,2025-04-09,83.6,5200.0
EMP-13437,CRS-SOFT-01,Executive Negotiation & Conflict Resolution,Soft Skills,2025-06-21,57.3,3200.0
EMP-14665,CRS-LEAD-01,Strategic People Leadership & Coaching,Leadership,2025-12-26,90.8,8000.0
EMP-14250,CRS-SOFT-02,Data-Driven Decision Making & Storytelling,Soft Skills,2025-01-05,90.1,3800.0
EMP-13482,CRS-LEAD-02,Operational Excellence & Lean Six Sigma,Leadership,2025-02-12,83.5,9500.0
EMP-10211,CRS-SOFT-02,Data-Driven Decision Making & Storytelling,Soft Skills,2025-07-20,63.7,3800.0
EMP-16101,CRS-SOFT-01,Executive Negotiation & Conflict Resolution,Soft Skills,2025-03-08,89.4,3200.0
EMP-15665,CRS-TECH-01,Power BI & Enterprise DAX Modeling,Tech,2025-06-16,87.0,4500.0
EMP-14865,CRS-TECH-01,Power BI & Enterprise DAX Modeling,Tech,2025-04-26,84.9,4500.0
EMP-16026,CRS-TECH-01,Power BI & Enterprise DAX Modeling,Tech,2025-12-07,90.7,4500.0
EMP-12075,CRS-LEAD-01,Strategic People Leadership & Coaching,Leadership,2025-01-10,83.7,8000.0
EMP-16747,CRS-TECH-04,Cloud Architecture & Cybersecurity Fundamentals,Tech,2025-06-10,84.4,7500.0
EMP-16407,CRS-SOFT-01,Executive Negotiation & Conflict Resolution,Soft Skills,2025-08-15,84.2,3200.0
EMP-13413,CRS-LEAD-01,Strategic People Leadership & Coaching,Leadership,2025-06-18,86.3,8000.0
EMP-11549,CRS-SOFT-02,Data-Driven Decision Making & Storytelling,Soft Skills,2025-07-01,57.8,3800.0
EMP-11549,CRS-SOFT-02,Data-Driven Decision Making & Storytelling,Soft Skills,2025-08-01,84.5,1900.0
EMP-10540,CRS-COMP-01,Enterprise Labor Law & Compliance 2026,Compliance,2025-07-19,86.6,2500.0
EMP-12234,CRS-TECH-01,Power BI & Enterprise DAX Modeling,Tech,2025-06-10,92.8,4500.0
EMP-14228,CRS-TECH-02,Advanced SQL & Modern Data Warehousing,Tech,2025-12-09,87.2,5200.0
EMP-14775,CRS-SOFT-01,Executive Negotiation & Conflict Resolution,Soft Skills,2025-04-22,85.9,3200.0
EMP-16920,CRS-TECH-02,Advanced SQL & Modern Data Warehousing,Tech,2025-03-12,86.9,5200.0
EMP-13807,CRS-SOFT-01,Executive Negotiation & Conflict Resolution,Soft Skills,2025-10-03,89.0,3200.0
EMP-14196,CRS-COMP-02,Information Governance & GDPR/Data Protection,Compliance,2025-06-03,88.4,3000.0
EMP-15386,CRS-LEAD-02,Operational Excellence & Lean Six Sigma,Leadership,2025-10-01,95.6,9500.0
EMP-16889,CRS-TECH-03,Python for Data Engineering & Analytics,Tech,2025-11-08,91.8,6000.0
EMP-15466,CRS-LEAD-02,Operational Excellence & Lean Six Sigma,Leadership,2025-01-23,93.0,9500.0
EMP-15161,CRS-TECH-01,Power BI & Enterprise DAX Modeling,Tech,2025-05-23,65.9,4500.0
EMP-16566,CRS-TECH-01,Power BI & Enterprise DAX Modeling,Tech,2025-06-07,77.3,4500.0
EMP-11249,CRS-SOFT-01,Executive Negotiation & Conflict Resolution,Soft Skills,2025-08-14,90.5,3200.0
EMP-10076,CRS-TECH-01,Power BI & Enterprise DAX Modeling,Tech,2025-06-03,82.6,4500.0
EMP-14688,CRS-COMP-01,Enterprise Labor Law & Compliance 2026,Compliance,2025-09-14,90.4,2500.0
EMP-10777,CRS-LEAD-01,Strategic People Leadership & Coaching,Leadership,2025-09-18,80.2,8000.0
EMP-11920,CRS-LEAD-02,Operational Excellence & Lean Six Sigma,Leadership,2025-02-20,86.3,9500.0
EMP-12919,CRS-TECH-02,Advanced SQL & Modern Data Warehousing,Tech,2025-03-01,74.9,5200.0
EMP-11391,CRS-TECH-04,Cloud Architecture & Cybersecurity Fundamentals,Tech,2025-08-27,97.9,7500.0
EMP-13807,CRS-LEAD-01,Strategic People Leadership & Coaching,Leadership,2025-11-13,84.4,8000.0
EMP-15169,CRS-COMP-01,Enterprise Labor Law & Compliance 2026,Compliance,2025-03-28,92.2,2500.0
EMP-11209,CRS-TECH-02,Advanced SQL & Modern Data Warehousing,Tech,2025-06-22,82.6,5200.0
EMP-12886,CRS-TECH-01,Power BI & Enterprise DAX Modeling,Tech,2025-06-11,76.2,4500.0
EMP-15410,CRS-TECH-04,Cloud Architecture & Cybersecurity Fundamentals,Tech,2025-07-23,83.6,7500.0
EMP-11667,CRS-TECH-01,Power BI & Enterprise DAX Modeling,Tech,2025-07-20,51.4,4500.0
EMP-11667,CRS-TECH-01,Power BI & Enterprise DAX Modeling,Tech,2025-09-07,79.8,2250.0
EMP-10418,CRS-TECH-02,Advanced SQL & Modern Data Warehousing,Tech,2025-05-28,82.7,5200.0
EMP-16086,CRS-TECH-02,Advanced SQL & Modern Data Warehousing,Tech,2025-10-13,89.2,5200.0
EMP-13051,CRS-TECH-02,Advanced SQL & Modern Data Warehousing,Tech,2025-07-23,64.5,5200.0
EMP-16597,CRS-TECH-01,Power BI & Enterprise DAX Modeling,Tech,2025-08-28,72.9,4500.0
EMP-12599,CRS-TECH-02,Advanced SQL & Modern Data Warehousing,Tech,2025-02-14,87.6,5200.0
EMP-12088,CRS-COMP-01,Enterprise Labor Law & Compliance 2026,Compliance,2025-03-20,93.5,2500.0
EMP-12641,CRS-TECH-02,Advanced SQL & Modern Data Warehousing,Tech,2025-01-01,89.4,5200.0
EMP-16853,CRS-TECH-01,Power BI & Enterprise DAX Modeling,Tech,2025-07-14,63.1,4500.0
EMP-11410,CRS-COMP-02,Information Governance & GDPR/Data Protection,Compliance,2025-07-11,76.6,3000.0
EMP-16245,CRS-COMP-01,Enterprise Labor Law & Compliance 2026,Compliance,2025-07-14,96.1,2500.0
EMP-16996,CRS-TECH-02,Advanced SQL & Modern Data Warehousing,Tech,2025-06-01,93.5,5200.0
EMP-11790,CRS-TECH-03,Python for Data Engineering & Analytics,Tech,2025-07-16,90.6,6000.0
EMP-11557,CRS-LEAD-01,Strategic People Leadership & Coaching,Leadership,2025-06-03,83.4,8000.0
EMP-16526,CRS-LEAD-02,Operational Excellence & Lean Six Sigma,Leadership,2025-03-06,95.1,9500.0
EMP-13090,CRS-SOFT-01,Executive Negotiation & Conflict Resolution,Soft Skills,2025-12-02,94.6,3200.0
EMP-12344,CRS-SOFT-01,Executive Negotiation & Conflict Resolution,Soft Skills,2025-10-27,50.8,3200.0
EMP-14772,CRS-TECH-02,Advanced SQL & Modern Data Warehousing,Tech,2025-02-28,94.5,5200.0
EMP-16383,CRS-TECH-02,Advanced SQL & Modern Data Warehousing,Tech,2025-10-08,56.4,5200.0
EMP-16383,CRS-TECH-02,Advanced SQL & Modern Data Warehousing,Tech,2025-11-22,93.6,2600.0
EMP-16412,CRS-COMP-01,Enterprise Labor Law & Compliance 2026,Compliance,2025-07-11,79.7,2500.0
EMP-14846,CRS-LEAD-02,Operational Excellence & Lean Six Sigma,Leadership,2025-12-27,87.7,9500.0
EMP-15386,CRS-TECH-01,Power BI & Enterprise DAX Modeling,Tech,2025-03-01,90.6,4500.0
EMP-12639,CRS-TECH-04,Cloud Architecture & Cybersecurity Fundamentals,Tech,2025-10-14,81.9,7500.0
EMP-16412,CRS-COMP-01,Enterprise Labor Law & Compliance 2026,Compliance,2025-07-09,58.6,2500.0
EMP-16412,CRS-COMP-01,Enterprise Labor Law & Compliance 2026,Compliance,2025-09-04,92.8,1250.0
EMP-14894,CRS-TECH-01,Power BI & Enterprise DAX Modeling,Tech,2025-09-05,94.8,4500.0
EMP-10386,CRS-COMP-01,Enterprise Labor Law & Compliance 2026,Compliance,2025-02-13,82.4,2500.0
EMP-11558,CRS-SOFT-01,Executive Negotiation & Conflict Resolution,Soft Skills,2025-09-21,82.3,3200.0
EMP-16734,CRS-LEAD-01,Strategic People Leadership & Coaching,Leadership,2025-07-17,91.5,8000.0
EMP-13589,CRS-LEAD-01,Strategic People Leadership & Coaching,Leadership,2025-05-27,88.3,8000.0
EMP-14714,CRS-SOFT-01,Executive Negotiation & Conflict Resolution,Soft Skills,2025-10-04,74.7,3200.0
EMP-15846,CRS-LEAD-02,Operational Excellence & Lean Six Sigma,Leadership,2025-03-11,87.1,9500.0
EMP-14935,CRS-TECH-01,Power BI & Enterprise DAX Modeling,Tech,2025-09-26,85.5,4500.0
EMP-16910,CRS-TECH-04,Cloud Architecture & Cybersecurity Fundamentals,Tech,2025-07-11,89.7,7500.0
EMP-16832,CRS-LEAD-01,Strategic People Leadership & Coaching,Leadership,2025-01-18,73.9,8000.0
EMP-10699,CRS-TECH-01,Power BI & Enterprise DAX Modeling,Tech,2025-06-18,85.1,4500.0
EMP-13952,CRS-SOFT-01,Executive Negotiation & Conflict Resolution,Soft Skills,2025-06-12,72.7,3200.0
EMP-12877,CRS-SOFT-01,Executive Negotiation & Conflict Resolution,Soft Skills,2025-10-04,91.1,3200.0
EMP-15407,CRS-LEAD-01,Strategic People Leadership & Coaching,Leadership,2025-12-04,89.3,8000.0
EMP-12904,CRS-TECH-03,Python for Data Engineering & Analytics,Tech,2025-08-09,50.8,6000.0
EMP-12904,CRS-TECH-03,Python for Data Engineering & Analytics,Tech,2025-09-26,86.6,3000.0
EMP-11855,CRS-COMP-02,Information Governance & GDPR/Data Protection,Compliance,2025-12-27,91.3,3000.0
EMP-13396,CRS-SOFT-01,Executive Negotiation & Conflict Resolution,Soft Skills,2025-05-20,89.3,3200.0
EMP-10918,CRS-COMP-01,Enterprise Labor Law & Compliance 2026,Compliance,2025-07-03,71.4,2500.0
EMP-14914,CRS-TECH-01,Power BI & Enterprise DAX Modeling,Tech,2025-09-01,82.4,4500.0
EMP-10106,CRS-COMP-01,Enterprise Labor Law & Compliance 2026,Compliance,2025-06-01,87.6,2500.0
EMP-12046,CRS-TECH-01,Power BI & Enterprise DAX Modeling,Tech,2025-04-21,83.1,4500.0
EMP-14306,CRS-TECH-02,Advanced SQL & Modern Data Warehousing,Tech,2025-06-04,51.0,5200.0
EMP-14306,CRS-TECH-02,Advanced SQL & Modern Data Warehousing,Tech,2025-07-30,82.1,2600.0
EMP-13223,CRS-LEAD-01,Strategic People Leadership & Coaching,Leadership,2025-12-12,90.2,8000.0
EMP-11913,CRS-TECH-04,Cloud Architecture & Cybersecurity Fundamentals,Tech,2025-09-12,83.4,7500.0
EMP-11227,CRS-SOFT-01,Executive Negotiation & Conflict Resolution,Soft Skills,2025-06-21,78.0,3200.0
EMP-14320,CRS-TECH-01,Power BI & Enterprise DAX Modeling,Tech,2025-03-16,90.3,4500.0
EMP-15588,CRS-TECH-02,Advanced SQL & Modern Data Warehousing,Tech,2025-04-13,96.4,5200.0
EMP-12175,CRS-LEAD-02,Operational Excellence & Lean Six Sigma,Leadership,2025-05-08,82.0,9500.0
EMP-14816,CRS-TECH-02,Advanced SQL & Modern Data Warehousing,Tech,2025-10-25,85.6,5200.0
EMP-15839,CRS-LEAD-01,Strategic People Leadership & Coaching,Leadership,2025-09-09,89.8,8000.0
EMP-16829,CRS-TECH-02,Advanced SQL & Modern Data Warehousing,Tech,2025-10-01,67.3,5200.0
EMP-16829,CRS-TECH-02,Advanced SQL & Modern Data Warehousing,Tech,2025-11-28,92.7,2600.0
EMP-13812,CRS-TECH-01,Power BI & Enterprise DAX Modeling,Tech,2025-12-06,96.8,4500.0
EMP-12691,CRS-COMP-02,Information Governance & GDPR/Data Protection,Compliance,2025-09-20,89.4,3000.0
EMP-11910,CRS-SOFT-01,Executive Negotiation & Conflict Resolution,Soft Skills,2025-12-10,85.9,3200.0
EMP-11095,CRS-TECH-02,Advanced SQL & Modern Data Warehousing,Tech,2025-03-27,84.7,5200.0
EMP-16842,CRS-COMP-01,Enterprise Labor Law & Compliance 2026,Compliance,2025-11-13,79.6,2500.0
EMP-16866,CRS-LEAD-02,Operational Excellence & Lean Six Sigma,Leadership,2025-11-01,66.5,9500.0
EMP-16866,CRS-LEAD-02,Operational Excellence & Lean Six Sigma,Leadership,2025-12-05,88.5,4750.0
EMP-13330,CRS-SOFT-01,Executive Negotiation & Conflict Resolution,Soft Skills,2025-08-23,81.0,3200.0
EMP-10376,CRS-SOFT-02,Data-Driven Decision Making & Storytelling,Soft Skills,2025-06-06,91.8,3800.0
EMP-16756,CRS-COMP-01,Enterprise Labor Law & Compliance 2026,Compliance,2025-09-17,84.4,2500.0
EMP-10460,CRS-SOFT-01,Executive Negotiation & Conflict Resolution,Soft Skills,2025-03-03,85.1,3200.0
EMP-12197,CRS-SOFT-02,Data-Driven Decision Making & Storytelling,Soft Skills,2025-05-15,88.8,3800.0
EMP-12922,CRS-TECH-01,Power BI & Enterprise DAX Modeling,Tech,2025-11-08,73.7,4500.0
EMP-13424,CRS-TECH-01,Power BI & Enterprise DAX Modeling,Tech,2025-09-10,73.2,4500.0
EMP-11635,CRS-SOFT-01,Executive Negotiation & Conflict Resolution,Soft Skills,2025-01-07,84.3,3200.0
EMP-11826,CRS-SOFT-01,Executive Negotiation & Conflict Resolution,Soft Skills,2025-06-11,94.0,3200.0
EMP-15115,CRS-COMP-01,Enterprise Labor Law & Compliance 2026,Compliance,2025-09-23,81.5,2500.0
EMP-12929,CRS-SOFT-01,Executive Negotiation & Conflict Resolution,Soft Skills,2025-04-21,92.5,3200.0
EMP-16742,CRS-LEAD-02,Operational Excellence & Lean Six Sigma,Leadership,2025-04-14,90.8,9500.0
EMP-11951,CRS-SOFT-01,Executive Negotiation & Conflict Resolution,Soft Skills,2025-11-19,88.2,3200.0
EMP-14277,CRS-COMP-01,Enterprise Labor Law & Compliance 2026,Compliance,2025-07-27,88.2,2500.0
EMP-15106,CRS-TECH-02,Advanced SQL & Modern Data Warehousing,Tech,2025-11-10,86.5,5200.0
EMP-10121,CRS-COMP-01,Enterprise Labor Law & Compliance 2026,Compliance,2025-12-22,78.6,2500.0
EMP-12722,CRS-COMP-02,Information Governance & GDPR/Data Protection,Compliance,2025-05-10,58.4,3000.0
EMP-12722,CRS-COMP-02,Information Governance & GDPR/Data Protection,Compliance,2025-06-17,85.7,1500.0
EMP-11216,CRS-TECH-03,Python for Data Engineering & Analytics,Tech,2025-02-02,84.6,6000.0
EMP-13810,CRS-LEAD-01,Strategic People Leadership & Coaching,Leadership,2025-09-18,95.6,8000.0
EMP-10225,CRS-SOFT-01,Executive Negotiation & Conflict Resolution,Soft Skills,2025-07-04,82.0,3200.0
EMP-15667,CRS-LEAD-02,Operational Excellence & Lean Six Sigma,Leadership,2025-05-10,50.9,9500.0
EMP-14870,CRS-TECH-01,Power BI & Enterprise DAX Modeling,Tech,2025-10-01,81.1,4500.0
EMP-13461,CRS-LEAD-01,Strategic People Leadership & Coaching,Leadership,2025-02-24,77.1,8000.0
EMP-16531,CRS-SOFT-01,Executive Negotiation & Conflict Resolution,Soft Skills,2025-01-13,85.7,3200.0
EMP-13792,CRS-COMP-01,Enterprise Labor Law & Compliance 2026,Compliance,2025-02-07,87.9,2500.0
EMP-13413,CRS-COMP-01,Enterprise Labor Law & Compliance 2026,Compliance,2025-06-23,83.7,2500.0
EMP-15593,CRS-TECH-02,Advanced SQL & Modern Data Warehousing,Tech,2025-10-03,87.7,5200.0
EMP-11923,CRS-LEAD-01,Strategic People Leadership & Coaching,Leadership,2025-09-14,86.8,8000.0
EMP-14458,CRS-LEAD-01,Strategic People Leadership & Coaching,Leadership,2025-06-17,45.8,8000.0
EMP-13327,CRS-TECH-02,Advanced SQL & Modern Data Warehousing,Tech,2025-06-10,82.3,5200.0
EMP-11346,CRS-TECH-02,Advanced SQL & Modern Data Warehousing,Tech,2025-08-01,88.9,5200.0
EMP-14188,CRS-TECH-02,Advanced SQL & Modern Data Warehousing,Tech,2025-09-12,58.9,5200.0
EMP-14188,CRS-TECH-02,Advanced SQL & Modern Data Warehousing,Tech,2025-10-12,75.3,2600.0
EMP-11370,CRS-COMP-01,Enterprise Labor Law & Compliance 2026,Compliance,2025-08-14,59.8,2500.0
EMP-11910,CRS-LEAD-01,Strategic People Leadership & Coaching,Leadership,2025-11-12,53.8,8000.0
EMP-11910,CRS-LEAD-01,Strategic People Leadership & Coaching,Leadership,2025-12-03,78.4,4000.0
EMP-10397,CRS-SOFT-01,Executive Negotiation & Conflict Resolution,Soft Skills,2025-01-22,77.0,3200.0
EMP-13026,CRS-TECH-04,Cloud Architecture & Cybersecurity Fundamentals,Tech,2025-11-22,73.6,7500.0
EMP-14271,CRS-LEAD-01,Strategic People Leadership & Coaching,Leadership,2025-07-16,86.8,8000.0
EMP-12030,CRS-TECH-01,Power BI & Enterprise DAX Modeling,Tech,2025-01-02,74.5,4500.0
EMP-10588,CRS-SOFT-01,Executive Negotiation & Conflict Resolution,Soft Skills,2025-04-03,84.6,3200.0
EMP-12762,CRS-COMP-02,Information Governance & GDPR/Data Protection,Compliance,2025-08-04,81.0,3000.0
EMP-10297,CRS-LEAD-01,Strategic People Leadership & Coaching,Leadership,2025-12-10,65.2,8000.0
EMP-10297,CRS-LEAD-01,Strategic People Leadership & Coaching,Leadership,2026-01-20,92.1,4000.0
EMP-16672,CRS-SOFT-01,Executive Negotiation & Conflict Resolution,Soft Skills,2025-03-20,84.4,3200.0
EMP-16245,CRS-SOFT-01,Executive Negotiation & Conflict Resolution,Soft Skills,2025-06-11,86.6,3200.0
EMP-13507,CRS-LEAD-01,Strategic People Leadership & Coaching,Leadership,2025-07-17,76.5,8000.0
EMP-11858,CRS-COMP-01,Enterprise Labor Law & Compliance 2026,Compliance,2025-11-05,89.4,2500.0
EMP-15685,CRS-LEAD-01,Strategic People Leadership & Coaching,Leadership,2025-09-09,76.0,8000.0
EMP-13332,CRS-TECH-01,Power BI & Enterprise DAX Modeling,Tech,2025-07-05,97.0,4500.0
EMP-13776,CRS-TECH-01,Power BI & Enterprise DAX Modeling,Tech,2025-01-26,63.4,4500.0
EMP-12734,CRS-TECH-01,Power BI & Enterprise DAX Modeling,Tech,2025-04-18,85.0,4500.0
EMP-15237,CRS-TECH-03,Python for Data Engineering & Analytics,Tech,2025-08-07,75.7,6000.0
EMP-11219,CRS-TECH-01,Power BI & Enterprise DAX Modeling,Tech,2025-11-13,85.2,4500.0
EMP-16549,CRS-TECH-01,Power BI & Enterprise DAX Modeling,Tech,2025-10-12,86.5,4500.0
EMP-15063,CRS-TECH-02,Advanced SQL & Modern Data Warehousing,Tech,2025-12-24,89.5,5200.0
EMP-16584,CRS-TECH-03,Python for Data Engineering & Analytics,Tech,2025-01-04,87.4,6000.0
EMP-10649,CRS-COMP-01,Enterprise Labor Law & Compliance 2026,Compliance,2025-08-22,84.6,2500.0
EMP-14313,CRS-LEAD-02,Operational Excellence & Lean Six Sigma,Leadership,2025-03-05,91.5,9500.0
EMP-13264,CRS-TECH-01,Power BI & Enterprise DAX Modeling,Tech,2025-08-15,92.6,4500.0
EMP-14454,CRS-TECH-03,Python for Data Engineering & Analytics,Tech,2025-06-12,55.2,6000.0
EMP-14454,CRS-TECH-03,Python for Data Engineering & Analytics,Tech,2025-07-22,90.3,3000.0
EMP-15203,CRS-LEAD-02,Operational Excellence & Lean Six Sigma,Leadership,2025-11-07,91.6,9500.0
EMP-16969,CRS-LEAD-02,Operational Excellence & Lean Six Sigma,Leadership,2025-12-12,55.4,9500.0
EMP-12390,CRS-SOFT-01,Executive Negotiation & Conflict Resolution,Soft Skills,2025-10-28,83.7,3200.0
EMP-13399,CRS-COMP-02,Information Governance & GDPR/Data Protection,Compliance,2025-01-05,73.0,3000.0
EMP-16807,CRS-TECH-01,Power BI & Enterprise DAX Modeling,Tech,2025-03-22,93.3,4500.0
EMP-11972,CRS-TECH-01,Power BI & Enterprise DAX Modeling,Tech,2025-07-14,91.9,4500.0
EMP-16416,CRS-LEAD-01,Strategic People Leadership & Coaching,Leadership,2025-10-21,79.9,8000.0
EMP-10524,CRS-TECH-01,Power BI & Enterprise DAX Modeling,Tech,2025-06-11,89.5,4500.0
EMP-15994,CRS-LEAD-02,Operational Excellence & Lean Six Sigma,Leadership,2025-12-08,82.6,9500.0
EMP-16598,CRS-SOFT-01,Executive Negotiation & Conflict Resolution,Soft Skills,2025-12-24,85.4,3200.0
EMP-16693,CRS-COMP-02,Information Governance & GDPR/Data Protection,Compliance,2025-08-14,83.5,3000.0
EMP-16163,CRS-TECH-01,Power BI & Enterprise DAX Modeling,Tech,2025-10-20,82.7,4500.0
EMP-12695,CRS-TECH-04,Cloud Architecture & Cybersecurity Fundamentals,Tech,2025-09-01,86.7,7500.0
EMP-10457,CRS-LEAD-01,Strategic People Leadership & Coaching,Leadership,2025-03-11,83.3,8000.0
EMP-10109,CRS-SOFT-02,Data-Driven Decision Making & Storytelling,Soft Skills,2025-01-24,83.5,3800.0
EMP-10639,CRS-TECH-02,Advanced SQL & Modern Data Warehousing,Tech,2025-07-19,89.1,5200.0
EMP-13472,CRS-LEAD-02,Operational Excellence & Lean Six Sigma,Leadership,2025-02-08,97.4,9500.0
EMP-14510,CRS-TECH-02,Advanced SQL & Modern Data Warehousing,Tech,2025-06-10,91.8,5200.0
EMP-16450,CRS-COMP-01,Enterprise Labor Law & Compliance 2026,Compliance,2025-09-27,84.5,2500.0
EMP-11346,CRS-COMP-02,Information Governance & GDPR/Data Protection,Compliance,2025-08-05,62.7,3000.0
EMP-11346,CRS-COMP-02,Information Governance & GDPR/Data Protection,Compliance,2025-08-21,78.6,1500.0
EMP-14666,CRS-TECH-01,Power BI & Enterprise DAX Modeling,Tech,2025-11-12,88.8,4500.0
EMP-12175,CRS-TECH-01,Power BI & Enterprise DAX Modeling,Tech,2025-08-11,87.2,4500.0
EMP-11741,CRS-TECH-03,Python for Data Engineering & Analytics,Tech,2025-12-13,91.4,6000.0
EMP-11335,CRS-LEAD-01,Strategic People Leadership & Coaching,Leadership,2025-07-23,82.2,8000.0
EMP-15502,CRS-SOFT-02,Data-Driven Decision Making & Storytelling,Soft Skills,2025-08-08,63.4,3800.0
EMP-16441,CRS-TECH-03,Python for Data Engineering & Analytics,Tech,2025-01-21,74.5,6000.0
EMP-10773,CRS-LEAD-02,Operational Excellence & Lean Six Sigma,Leadership,2025-05-23,97.4,9500.0
EMP-15364,CRS-COMP-01,Enterprise Labor Law & Compliance 2026,Compliance,2025-12-25,86.7,2500.0
EMP-13193,CRS-LEAD-02,Operational Excellence & Lean Six Sigma,Leadership,2025-11-23,96.1,9500.0
EMP-10401,CRS-SOFT-01,Executive Negotiation & Conflict Resolution,Soft Skills,2025-02-26,87.8,3200.0
EMP-14124,CRS-SOFT-01,Executive Negotiation & Conflict Resolution,Soft Skills,2025-02-16,83.4,3200.0
EMP-14898,CRS-COMP-01,Enterprise Labor Law & Compliance 2026,Compliance,2025-06-27,80.3,2500.0
EMP-12574,CRS-SOFT-01,Executive Negotiation & Conflict Resolution,Soft Skills,2025-05-03,97.6,3200.0
EMP-15410,CRS-TECH-02,Advanced SQL & Modern Data Warehousing,Tech,2025-10-09,94.7,5200.0
EMP-16241,CRS-TECH-02,Advanced SQL & Modern Data Warehousing,Tech,2025-05-21,85.5,5200.0
EMP-13939,CRS-LEAD-02,Operational Excellence & Lean Six Sigma,Leadership,2025-09-25,82.1,9500.0
EMP-14627,CRS-TECH-03,Python for Data Engineering & Analytics,Tech,2025-04-10,95.9,6000.0
EMP-14915,CRS-COMP-02,Information Governance & GDPR/Data Protection,Compliance,2025-08-20,94.3,3000.0
EMP-12073,CRS-TECH-01,Power BI & Enterprise DAX Modeling,Tech,2025-05-16,73.9,4500.0
EMP-10940,CRS-SOFT-01,Executive Negotiation & Conflict Resolution,Soft Skills,2025-03-21,89.2,3200.0
EMP-16530,CRS-SOFT-02,Data-Driven Decision Making & Storytelling,Soft Skills,2025-09-22,92.4,3800.0
EMP-14162,CRS-COMP-02,Information Governance & GDPR/Data Protection,Compliance,2025-04-11,85.1,3000.0
EMP-14402,CRS-COMP-01,Enterprise Labor Law & Compliance 2026,Compliance,2025-07-14,83.4,2500.0
EMP-11372,CRS-TECH-04,Cloud Architecture & Cybersecurity Fundamentals,Tech,2025-05-04,95.9,7500.0
EMP-15448,CRS-COMP-02,Information Governance & GDPR/Data Protection,Compliance,2025-12-22,85.3,3000.0
EMP-12099,CRS-TECH-04,Cloud Architecture & Cybersecurity Fundamentals,Tech,2025-10-05,84.3,7500.0
EMP-11100,CRS-TECH-01,Power BI & Enterprise DAX Modeling,Tech,2025-02-14,54.2,4500.0
EMP-15448,CRS-TECH-02,Advanced SQL & Modern Data Warehousing,Tech,2025-11-06,97.9,5200.0
EMP-14212,CRS-COMP-02,Information Governance & GDPR/Data Protection,Compliance,2025-08-28,84.2,3000.0
EMP-16416,CRS-SOFT-01,Executive Negotiation & Conflict Resolution,Soft Skills,2025-02-11,48.9,3200.0
EMP-16416,CRS-SOFT-01,Executive Negotiation & Conflict Resolution,Soft Skills,2025-04-06,76.7,1600.0
EMP-11629,CRS-LEAD-01,Strategic People Leadership & Coaching,Leadership,2025-09-15,87.3,8000.0
EMP-16734,CRS-LEAD-01,Strategic People Leadership & Coaching,Leadership,2025-04-11,75.6,8000.0
EMP-15379,CRS-SOFT-01,Executive Negotiation & Conflict Resolution,Soft Skills,2025-02-02,64.8,3200.0
EMP-15379,CRS-SOFT-01,Executive Negotiation & Conflict Resolution,Soft Skills,2025-02-24,88.8,1600.0
EMP-11375,CRS-LEAD-01,Strategic People Leadership & Coaching,Leadership,2025-12-06,86.1,8000.0
EMP-12803,CRS-COMP-02,Information Governance & GDPR/Data Protection,Compliance,2025-02-22,82.7,3000.0
EMP-16818,CRS-SOFT-02,Data-Driven Decision Making & Storytelling,Soft Skills,2025-06-07,80.8,3800.0
EMP-12727,CRS-TECH-01,Power BI & Enterprise DAX Modeling,Tech,2025-07-22,74.4,4500.0
EMP-15668,CRS-TECH-02,Advanced SQL & Modern Data Warehousing,Tech,2025-12-20,97.8,5200.0
EMP-12154,CRS-COMP-01,Enterprise Labor Law & Compliance 2026,Compliance,2025-03-05,97.7,2500.0
EMP-11712,CRS-TECH-01,Power BI & Enterprise DAX Modeling,Tech,2025-08-10,84.8,4500.0
EMP-12776,CRS-SOFT-01,Executive Negotiation & Conflict Resolution,Soft Skills,2025-01-15,90.5,3200.0
EMP-13507,CRS-LEAD-02,Operational Excellence & Lean Six Sigma,Leadership,2025-08-11,79.9,9500.0
EMP-16245,CRS-COMP-01,Enterprise Labor Law & Compliance 2026,Compliance,2025-08-20,89.9,2500.0
EMP-13478,CRS-LEAD-01,Strategic People Leadership & Coaching,Leadership,2025-04-23,76.7,8000.0
EMP-12697,CRS-LEAD-02,Operational Excellence & Lean Six Sigma,Leadership,2025-04-28,78.7,9500.0
EMP-10968,CRS-LEAD-01,Strategic People Leadership & Coaching,Leadership,2025-03-25,82.5,8000.0
EMP-15255,CRS-SOFT-01,Executive Negotiation & Conflict Resolution,Soft Skills,2025-02-12,91.9,3200.0
EMP-12227,CRS-TECH-01,Power BI & Enterprise DAX Modeling,Tech,2025-11-11,87.0,4500.0
EMP-16550,CRS-COMP-01,Enterprise Labor Law & Compliance 2026,Compliance,2025-07-04,90.7,2500.0
EMP-16246,CRS-LEAD-02,Operational Excellence & Lean Six Sigma,Leadership,2025-06-03,76.7,9500.0
EMP-14882,CRS-COMP-01,Enterprise Labor Law & Compliance 2026,Compliance,2025-08-13,91.5,2500.0
EMP-12370,CRS-TECH-01,Power BI & Enterprise DAX Modeling,Tech,2025-10-14,74.7,4500.0
EMP-10601,CRS-LEAD-01,Strategic People Leadership & Coaching,Leadership,2025-12-18,92.8,8000.0
EMP-12269,CRS-TECH-04,Cloud Architecture & Cybersecurity Fundamentals,Tech,2025-11-05,86.3,7500.0
EMP-11894,CRS-SOFT-02,Data-Driven Decision Making & Storytelling,Soft Skills,2025-03-15,79.7,3800.0
EMP-12195,CRS-COMP-02,Information Governance & GDPR/Data Protection,Compliance,2025-12-16,64.9,3000.0
EMP-12195,CRS-COMP-02,Information Governance & GDPR/Data Protection,Compliance,2026-01-07,76.2,1500.0
EMP-14670,CRS-TECH-02,Advanced SQL & Modern Data Warehousing,Tech,2025-05-26,86.9,5200.0
EMP-11164,CRS-TECH-02,Advanced SQL & Modern Data Warehousing,Tech,2025-05-07,52.1,5200.0
EMP-11164,CRS-TECH-02,Advanced SQL & Modern Data Warehousing,Tech,2025-06-11,77.2,2600.0
EMP-14544,CRS-COMP-01,Enterprise Labor Law & Compliance 2026,Compliance,2025-12-22,94.3,2500.0
EMP-15798,CRS-COMP-01,Enterprise Labor Law & Compliance 2026,Compliance,2025-01-20,83.6,2500.0
EMP-15947,CRS-TECH-01,Power BI & Enterprise DAX Modeling,Tech,2025-11-18,91.6,4500.0
EMP-16646,CRS-TECH-01,Power BI & Enterprise DAX Modeling,Tech,2025-10-20,90.7,4500.0
EMP-13362,CRS-TECH-01,Power BI & Enterprise DAX Modeling,Tech,2025-01-04,85.8,4500.0
EMP-16246,CRS-LEAD-02,Operational Excellence & Lean Six Sigma,Leadership,2025-01-09,81.6,9500.0
EMP-12312,CRS-TECH-01,Power BI & Enterprise DAX Modeling,Tech,2025-04-20,89.1,4500.0
EMP-14675,CRS-LEAD-01,Strategic People Leadership & Coaching,Leadership,2025-08-20,84.3,8000.0
EMP-10548,CRS-LEAD-01,Strategic People Leadership & Coaching,Leadership,2025-03-23,76.9,8000.0
EMP-16890,CRS-SOFT-01,Executive Negotiation & Conflict Resolution,Soft Skills,2025-03-19,61.3,3200.0
EMP-16890,CRS-SOFT-01,Executive Negotiation & Conflict Resolution,Soft Skills,2025-05-16,76.2,1600.0
EMP-13886,CRS-COMP-02,Information Governance & GDPR/Data Protection,Compliance,2025-03-23,83.1,3000.0
EMP-10067,CRS-TECH-04,Cloud Architecture & Cybersecurity Fundamentals,Tech,2025-04-07,82.7,7500.0
EMP-15259,CRS-TECH-01,Power BI & Enterprise DAX Modeling,Tech,2025-10-26,84.5,4500.0
EMP-14915,CRS-COMP-02,Information Governance & GDPR/Data Protection,Compliance,2025-11-21,90.6,3000.0
EMP-16798,CRS-COMP-02,Information Governance & GDPR/Data Protection,Compliance,2025-07-26,93.0,3000.0
EMP-16323,CRS-TECH-01,Power BI & Enterprise DAX Modeling,Tech,2025-10-11,91.2,4500.0
EMP-15685,CRS-TECH-01,Power BI & Enterprise DAX Modeling,Tech,2025-09-21,74.1,4500.0
EMP-12761,CRS-LEAD-02,Operational Excellence & Lean Six Sigma,Leadership,2025-09-21,87.1,9500.0
EMP-10817,CRS-SOFT-01,Executive Negotiation & Conflict Resolution,Soft Skills,2025-01-14,97.0,3200.0
EMP-13127,CRS-COMP-02,Information Governance & GDPR/Data Protection,Compliance,2025-03-04,54.0,3000.0
EMP-11968,CRS-TECH-01,Power BI & Enterprise DAX Modeling,Tech,2025-07-04,88.6,4500.0
EMP-14266,CRS-SOFT-01,Executive Negotiation & Conflict Resolution,Soft Skills,2025-01-11,90.0,3200.0
EMP-13669,CRS-TECH-01,Power BI & Enterprise DAX Modeling,Tech,2025-09-06,91.6,4500.0
EMP-13699,CRS-TECH-03,Python for Data Engineering & Analytics,Tech,2025-08-18,72.2,6000.0
EMP-10320,CRS-COMP-01,Enterprise Labor Law & Compliance 2026,Compliance,2025-04-20,76.8,2500.0
EMP-12819,CRS-LEAD-02,Operational Excellence & Lean Six Sigma,Leadership,2025-06-19,68.0,9500.0
EMP-12819,CRS-LEAD-02,Operational Excellence & Lean Six Sigma,Leadership,2025-07-31,93.0,4750.0
EMP-15644,CRS-TECH-01,Power BI & Enterprise DAX Modeling,Tech,2025-07-05,87.0,4500.0
EMP-16335,CRS-TECH-04,Cloud Architecture & Cybersecurity Fundamentals,Tech,2025-07-24,96.7,7500.0
EMP-13600,CRS-LEAD-01,Strategic People Leadership & Coaching,Leadership,2025-06-15,94.8,8000.0
EMP-10925,CRS-TECH-01,Power BI & Enterprise DAX Modeling,Tech,2025-01-05,74.6,4500.0
EMP-15723,CRS-TECH-01,Power BI & Enterprise DAX Modeling,Tech,2025-12-27,93.0,4500.0
EMP-13413,CRS-COMP-01,Enterprise Labor Law & Compliance 2026,Compliance,2025-02-19,84.8,2500.0
EMP-12382,CRS-SOFT-01,Executive Negotiation & Conflict Resolution,Soft Skills,2025-03-14,83.4,3200.0
EMP-11372,CRS-TECH-01,Power BI & Enterprise DAX Modeling,Tech,2025-06-16,87.4,4500.0
EMP-15586,CRS-COMP-02,Information Governance & GDPR/Data Protection,Compliance,2025-04-14,93.2,3000.0
EMP-14451,CRS-COMP-02,Information Governance & GDPR/Data Protection,Compliance,2025-05-07,89.8,3000.0
EMP-16130,CRS-LEAD-01,Strategic People Leadership & Coaching,Leadership,2025-07-21,86.1,8000.0
EMP-10567,CRS-SOFT-01,Executive Negotiation & Conflict Resolution,Soft Skills,2025-07-25,97.6,3200.0
EMP-13934,CRS-TECH-01,Power BI & Enterprise DAX Modeling,Tech,2025-09-13,64.9,4500.0
EMP-13934,CRS-TECH-01,Power BI & Enterprise DAX Modeling,Tech,2025-10-12,81.8,2250.0
EMP-15039,CRS-TECH-02,Advanced SQL & Modern Data Warehousing,Tech,2025-10-28,59.1,5200.0
EMP-15039,CRS-TECH-02,Advanced SQL & Modern Data Warehousing,Tech,2025-11-21,80.9,2600.0
EMP-13810,CRS-SOFT-01,Executive Negotiation & Conflict Resolution,Soft Skills,2025-12-28,93.0,3200.0
EMP-12761,CRS-SOFT-01,Executive Negotiation & Conflict Resolution,Soft Skills,2025-07-14,58.8,3200.0
EMP-12761,CRS-SOFT-01,Executive Negotiation & Conflict Resolution,Soft Skills,2025-08-07,77.1,1600.0
EMP-13068,CRS-SOFT-02,Data-Driven Decision Making & Storytelling,Soft Skills,2025-11-16,86.1,3800.0
EMP-14401,CRS-LEAD-02,Operational Excellence & Lean Six Sigma,Leadership,2025-06-14,72.6,9500.0
EMP-15615,CRS-LEAD-01,Strategic People Leadership & Coaching,Leadership,2025-02-13,87.9,8000.0
EMP-13751,CRS-TECH-01,Power BI & Enterprise DAX Modeling,Tech,2025-02-23,63.7,4500.0
EMP-13751,CRS-TECH-01,Power BI & Enterprise DAX Modeling,Tech,2025-04-07,79.3,2250.0
EMP-14966,CRS-TECH-01,Power BI & Enterprise DAX Modeling,Tech,2025-05-03,88.0,4500.0
EMP-11385,CRS-SOFT-01,Executive Negotiation & Conflict Resolution,Soft Skills,2025-08-18,83.7,3200.0
EMP-13435,CRS-TECH-01,Power BI & Enterprise DAX Modeling,Tech,2025-06-05,79.3,4500.0
EMP-13812,CRS-COMP-02,Information Governance & GDPR/Data Protection,Compliance,2025-03-21,91.3,3000.0
EMP-13322,CRS-COMP-01,Enterprise Labor Law & Compliance 2026,Compliance,2025-05-02,81.0,2500.0
EMP-16261,CRS-SOFT-01,Executive Negotiation & Conflict Resolution,Soft Skills,2025-02-17,90.8,3200.0
EMP-13960,CRS-LEAD-02,Operational Excellence & Lean Six Sigma,Leadership,2025-11-06,75.5,9500.0
EMP-16599,CRS-LEAD-02,Operational Excellence & Lean Six Sigma,Leadership,2025-06-15,80.5,9500.0
EMP-10299,CRS-LEAD-02,Operational Excellence & Lean Six Sigma,Leadership,2025-04-24,92.8,9500.0
EMP-14571,CRS-SOFT-02,Data-Driven Decision Making & Storytelling,Soft Skills,2025-08-15,84.6,3800.0
EMP-15164,CRS-LEAD-01,Strategic People Leadership & Coaching,Leadership,2025-04-05,75.5,8000.0
EMP-14708,CRS-TECH-02,Advanced SQL & Modern Data Warehousing,Tech,2025-05-27,94.1,5200.0
EMP-10064,CRS-COMP-01,Enterprise Labor Law & Compliance 2026,Compliance,2025-08-04,91.1,2500.0
EMP-12641,CRS-TECH-02,Advanced SQL & Modern Data Warehousing,Tech,2025-01-06,55.2,5200.0
EMP-12641,CRS-TECH-02,Advanced SQL & Modern Data Warehousing,Tech,2025-01-26,82.4,2600.0
EMP-15925,CRS-TECH-02,Advanced SQL & Modern Data Warehousing,Tech,2025-10-16,80.7,5200.0
EMP-12751,CRS-TECH-03,Python for Data Engineering & Analytics,Tech,2025-04-20,46.8,6000.0
EMP-12751,CRS-TECH-03,Python for Data Engineering & Analytics,Tech,2025-05-23,82.3,3000.0
EMP-11635,CRS-COMP-01,Enterprise Labor Law & Compliance 2026,Compliance,2025-03-11,91.7,2500.0
EMP-15255,CRS-COMP-01,Enterprise Labor Law & Compliance 2026,Compliance,2025-05-12,91.0,2500.0
EMP-16956,CRS-COMP-02,Information Governance & GDPR/Data Protection,Compliance,2025-11-16,50.8,3000.0
EMP-16956,CRS-COMP-02,Information Governance & GDPR/Data Protection,Compliance,2025-12-25,90.6,1500.0
EMP-16321,CRS-TECH-02,Advanced SQL & Modern Data Warehousing,Tech,2025-05-06,60.1,5200.0
EMP-16321,CRS-TECH-02,Advanced SQL & Modern Data Warehousing,Tech,2025-06-16,79.8,2600.0
EMP-12254,CRS-SOFT-01,Executive Negotiation & Conflict Resolution,Soft Skills,2025-03-19,90.5,3200.0
EMP-11248,CRS-SOFT-01,Executive Negotiation & Conflict Resolution,Soft Skills,2025-08-28,65.2,3200.0
EMP-11248,CRS-SOFT-01,Executive Negotiation & Conflict Resolution,Soft Skills,2025-09-28,84.1,1600.0
EMP-15055,CRS-SOFT-02,Data-Driven Decision Making & Storytelling,Soft Skills,2025-09-13,85.7,3800.0
EMP-12641,CRS-TECH-01,Power BI & Enterprise DAX Modeling,Tech,2025-03-09,84.8,4500.0
EMP-15506,CRS-LEAD-02,Operational Excellence & Lean Six Sigma,Leadership,2025-02-10,47.7,9500.0
EMP-15506,CRS-LEAD-02,Operational Excellence & Lean Six Sigma,Leadership,2025-03-20,75.5,4750.0
EMP-12690,CRS-COMP-01,Enterprise Labor Law & Compliance 2026,Compliance,2025-08-22,77.9,2500.0
EMP-16983,CRS-LEAD-01,Strategic People Leadership & Coaching,Leadership,2025-09-22,74.5,8000.0
EMP-11672,CRS-COMP-01,Enterprise Labor Law & Compliance 2026,Compliance,2025-01-20,78.5,2500.0
EMP-12699,CRS-TECH-01,Power BI & Enterprise DAX Modeling,Tech,2025-10-25,89.2,4500.0
EMP-11950,CRS-COMP-02,Information Governance & GDPR/Data Protection,Compliance,2025-07-23,75.6,3000.0
EMP-10036,CRS-COMP-01,Enterprise Labor Law & Compliance 2026,Compliance,2025-01-19,54.8,2500.0
EMP-10036,CRS-COMP-01,Enterprise Labor Law & Compliance 2026,Compliance,2025-03-09,83.1,1250.0
EMP-12728,CRS-COMP-02,Information Governance & GDPR/Data Protection,Compliance,2025-12-23,93.7,3000.0
EMP-16814,CRS-SOFT-01,Executive Negotiation & Conflict Resolution,Soft Skills,2025-11-17,93.6,3200.0
EMP-14805,CRS-SOFT-02,Data-Driven Decision Making & Storytelling,Soft Skills,2025-11-10,82.8,3800.0
EMP-16296,CRS-SOFT-02,Data-Driven Decision Making & Storytelling,Soft Skills,2025-12-09,66.6,3800.0
EMP-16296,CRS-SOFT-02,Data-Driven Decision Making & Storytelling,Soft Skills,2026-01-03,82.9,1900.0
EMP-16620,CRS-TECH-02,Advanced SQL & Modern Data Warehousing,Tech,2025-10-21,66.3,5200.0
EMP-16829,CRS-TECH-02,Advanced SQL & Modern Data Warehousing,Tech,2025-06-25,73.3,5200.0
EMP-14049,CRS-SOFT-02,Data-Driven Decision Making & Storytelling,Soft Skills,2025-03-27,97.5,3800.0
EMP-14053,CRS-TECH-01,Power BI & Enterprise DAX Modeling,Tech,2025-02-15,79.4,4500.0
EMP-10562,CRS-TECH-02,Advanced SQL & Modern Data Warehousing,Tech,2025-05-07,75.4,5200.0
EMP-11868,CRS-TECH-01,Power BI & Enterprise DAX Modeling,Tech,2025-06-06,85.8,4500.0
EMP-10170,CRS-TECH-02,Advanced SQL & Modern Data Warehousing,Tech,2025-04-02,66.7,5200.0
EMP-13944,CRS-LEAD-01,Strategic People Leadership & Coaching,Leadership,2025-02-16,63.3,8000.0
EMP-11844,CRS-LEAD-01,Strategic People Leadership & Coaching,Leadership,2025-08-15,84.3,8000.0
EMP-16257,CRS-LEAD-02,Operational Excellence & Lean Six Sigma,Leadership,2025-12-28,73.5,9500.0
EMP-15301,CRS-SOFT-02,Data-Driven Decision Making & Storytelling,Soft Skills,2025-11-17,82.8,3800.0
EMP-10294,CRS-COMP-02,Information Governance & GDPR/Data Protection,Compliance,2025-12-22,82.3,3000.0
EMP-13341,CRS-LEAD-02,Operational Excellence & Lean Six Sigma,Leadership,2025-12-09,61.4,9500.0
EMP-14184,CRS-TECH-02,Advanced SQL & Modern Data Warehousing,Tech,2025-04-06,96.6,5200.0
EMP-16829,CRS-TECH-02,Advanced SQL & Modern Data Warehousing,Tech,2025-08-14,91.9,5200.0
EMP-13478,CRS-SOFT-01,Executive Negotiation & Conflict Resolution,Soft Skills,2025-11-08,85.8,3200.0
EMP-13874,CRS-SOFT-01,Executive Negotiation & Conflict Resolution,Soft Skills,2025-09-08,94.6,3200.0
EMP-16907,CRS-SOFT-01,Executive Negotiation & Conflict Resolution,Soft Skills,2025-05-04,54.0,3200.0
EMP-16907,CRS-SOFT-01,Executive Negotiation & Conflict Resolution,Soft Skills,2025-05-31,86.2,1600.0
EMP-16639,CRS-LEAD-01,Strategic People Leadership & Coaching,Leadership,2025-02-17,93.3,8000.0
EMP-12416,CRS-TECH-04,Cloud Architecture & Cybersecurity Fundamentals,Tech,2025-04-16,92.7,7500.0
EMP-10599,CRS-TECH-01,Power BI & Enterprise DAX Modeling,Tech,2025-01-21,94.4,4500.0
EMP-14091,CRS-LEAD-02,Operational Excellence & Lean Six Sigma,Leadership,2025-11-25,72.6,9500.0
EMP-16531,CRS-SOFT-01,Executive Negotiation & Conflict Resolution,Soft Skills,2025-03-13,88.8,3200.0
EMP-12308,CRS-LEAD-01,Strategic People Leadership & Coaching,Leadership,2025-09-02,90.0,8000.0
EMP-13875,CRS-LEAD-02,Operational Excellence & Lean Six Sigma,Leadership,2025-04-18,75.2,9500.0
EMP-16267,CRS-SOFT-01,Executive Negotiation & Conflict Resolution,Soft Skills,2025-08-26,81.1,3200.0
EMP-10760,CRS-COMP-01,Enterprise Labor Law & Compliance 2026,Compliance,2025-05-16,76.9,2500.0
EMP-12599,CRS-COMP-02,Information Governance & GDPR/Data Protection,Compliance,2025-02-25,92.2,3000.0
EMP-15255,CRS-SOFT-01,Executive Negotiation & Conflict Resolution,Soft Skills,2025-01-26,86.1,3200.0
EMP-12242,CRS-TECH-01,Power BI & Enterprise DAX Modeling,Tech,2025-09-18,97.3,4500.0
EMP-14243,CRS-TECH-01,Power BI & Enterprise DAX Modeling,Tech,2025-01-04,63.9,4500.0
EMP-14243,CRS-TECH-01,Power BI & Enterprise DAX Modeling,Tech,2025-02-04,84.9,2250.0
EMP-12832,CRS-SOFT-01,Executive Negotiation & Conflict Resolution,Soft Skills,2025-01-22,90.4,3200.0
EMP-11596,CRS-LEAD-02,Operational Excellence & Lean Six Sigma,Leadership,2025-01-13,73.7,9500.0
EMP-10597,CRS-TECH-03,Python for Data Engineering & Analytics,Tech,2025-07-27,86.7,6000.0
EMP-16456,CRS-TECH-01,Power BI & Enterprise DAX Modeling,Tech,2025-08-26,82.9,4500.0
EMP-11562,CRS-COMP-02,Information Governance & GDPR/Data Protection,Compliance,2025-05-08,80.7,3000.0
EMP-12784,CRS-LEAD-01,Strategic People Leadership & Coaching,Leadership,2025-01-06,90.0,8000.0
EMP-13970,CRS-LEAD-02,Operational Excellence & Lean Six Sigma,Leadership,2025-09-21,82.1,9500.0
EMP-16446,CRS-COMP-02,Information Governance & GDPR/Data Protection,Compliance,2025-02-21,85.9,3000.0
EMP-15338,CRS-SOFT-02,Data-Driven Decision Making & Storytelling,Soft Skills,2025-02-09,82.7,3800.0
EMP-16222,CRS-TECH-02,Advanced SQL & Modern Data Warehousing,Tech,2025-09-06,89.0,5200.0
EMP-14521,CRS-SOFT-01,Executive Negotiation & Conflict Resolution,Soft Skills,2025-12-20,88.5,3200.0
EMP-12003,CRS-TECH-01,Power BI & Enterprise DAX Modeling,Tech,2025-11-09,75.3,4500.0
EMP-13407,CRS-COMP-01,Enterprise Labor Law & Compliance 2026,Compliance,2025-06-12,63.1,2500.0
EMP-13407,CRS-COMP-01,Enterprise Labor Law & Compliance 2026,Compliance,2025-08-10,85.1,1250.0
EMP-15448,CRS-TECH-01,Power BI & Enterprise DAX Modeling,Tech,2025-02-14,83.2,4500.0
EMP-10155,CRS-SOFT-01,Executive Negotiation & Conflict Resolution,Soft Skills,2025-01-28,89.5,3200.0
EMP-10415,CRS-COMP-02,Information Governance & GDPR/Data Protection,Compliance,2025-03-02,87.7,3000.0
EMP-15271,CRS-TECH-04,Cloud Architecture & Cybersecurity Fundamentals,Tech,2025-03-02,92.4,7500.0
EMP-14938,CRS-COMP-02,Information Governance & GDPR/Data Protection,Compliance,2025-05-19,79.4,3000.0
EMP-11193,CRS-COMP-01,Enterprise Labor Law & Compliance 2026,Compliance,2025-11-03,97.0,2500.0
EMP-10893,CRS-COMP-01,Enterprise Labor Law & Compliance 2026,Compliance,2025-11-22,78.2,2500.0
EMP-16786,CRS-TECH-01,Power BI & Enterprise DAX Modeling,Tech,2025-12-22,79.3,4500.0
EMP-12414,CRS-SOFT-02,Data-Driven Decision Making & Storytelling,Soft Skills,2025-12-16,82.3,3800.0
EMP-13746,CRS-TECH-01,Power BI & Enterprise DAX Modeling,Tech,2025-06-13,97.9,4500.0
EMP-16130,CRS-TECH-01,Power BI & Enterprise DAX Modeling,Tech,2025-10-19,95.1,4500.0
EMP-15824,CRS-SOFT-01,Executive Negotiation & Conflict Resolution,Soft Skills,2025-06-20,74.9,3200.0
EMP-11316,CRS-TECH-02,Advanced SQL & Modern Data Warehousing,Tech,2025-02-23,85.1,5200.0
EMP-13867,CRS-COMP-01,Enterprise Labor Law & Compliance 2026,Compliance,2025-07-18,50.2,2500.0
EMP-11164,CRS-COMP-02,Information Governance & GDPR/Data Protection,Compliance,2025-07-04,88.3,3000.0
EMP-10206,CRS-TECH-03,Python for Data Engineering & Analytics,Tech,2025-04-11,95.7,6000.0
EMP-16996,CRS-TECH-01,Power BI & Enterprise DAX Modeling,Tech,2025-12-05,85.7,4500.0
EMP-10952,CRS-LEAD-02,Operational Excellence & Lean Six Sigma,Leadership,2025-12-02,93.5,9500.0
EMP-12588,CRS-SOFT-01,Executive Negotiation & Conflict Resolution,Soft Skills,2025-04-26,90.7,3200.0
EMP-12101,CRS-TECH-01,Power BI & Enterprise DAX Modeling,Tech,2025-04-19,85.5,4500.0
EMP-11741,CRS-TECH-01,Power BI & Enterprise DAX Modeling,Tech,2025-09-16,84.7,4500.0
EMP-15879,CRS-TECH-01,Power BI & Enterprise DAX Modeling,Tech,2025-01-17,71.2,4500.0
EMP-12781,CRS-TECH-02,Advanced SQL & Modern Data Warehousing,Tech,2025-01-27,85.4,5200.0
EMP-15966,CRS-LEAD-01,Strategic People Leadership & Coaching,Leadership,2025-10-22,75.5,8000.0
EMP-15642,CRS-TECH-01,Power BI & Enterprise DAX Modeling,Tech,2025-11-03,90.1,4500.0
EMP-10332,CRS-LEAD-02,Operational Excellence & Lean Six Sigma,Leadership,2025-05-13,94.5,9500.0
EMP-12110,CRS-TECH-03,Python for Data Engineering & Analytics,Tech,2025-03-12,91.9,6000.0
EMP-11937,CRS-COMP-02,Information Governance & GDPR/Data Protection,Compliance,2025-04-08,84.0,3000.0
EMP-15590,CRS-LEAD-02,Operational Excellence & Lean Six Sigma,Leadership,2025-03-24,80.7,9500.0
EMP-11790,CRS-TECH-04,Cloud Architecture & Cybersecurity Fundamentals,Tech,2025-02-23,88.3,7500.0
EMP-15789,CRS-TECH-04,Cloud Architecture & Cybersecurity Fundamentals,Tech,2025-02-09,97.7,7500.0
EMP-11233,CRS-TECH-02,Advanced SQL & Modern Data Warehousing,Tech,2025-11-24,73.2,5200.0
EMP-12832,CRS-SOFT-02,Data-Driven Decision Making & Storytelling,Soft Skills,2025-04-24,93.6,3800.0
EMP-14911,CRS-TECH-01,Power BI & Enterprise DAX Modeling,Tech,2025-12-01,65.2,4500.0
EMP-14911,CRS-TECH-01,Power BI & Enterprise DAX Modeling,Tech,2026-01-19,87.3,2250.0
EMP-11133,CRS-TECH-01,Power BI & Enterprise DAX Modeling,Tech,2025-06-16,76.5,4500.0
EMP-15368,CRS-LEAD-02,Operational Excellence & Lean Six Sigma,Leadership,2025-09-17,95.9,9500.0
EMP-10573,CRS-COMP-01,Enterprise Labor Law & Compliance 2026,Compliance,2025-05-13,85.8,2500.0
EMP-14707,CRS-TECH-01,Power BI & Enterprise DAX Modeling,Tech,2025-09-23,75.5,4500.0
EMP-12005,CRS-COMP-01,Enterprise Labor Law & Compliance 2026,Compliance,2025-08-05,90.6,2500.0
EMP-12256,CRS-TECH-01,Power BI & Enterprise DAX Modeling,Tech,2025-02-14,90.5,4500.0
EMP-16487,CRS-COMP-02,Information Governance & GDPR/Data Protection,Compliance,2025-11-20,85.7,3000.0
EMP-15466,CRS-SOFT-01,Executive Negotiation & Conflict Resolution,Soft Skills,2025-03-01,87.7,3200.0
EMP-16866,CRS-LEAD-02,Operational Excellence & Lean Six Sigma,Leadership,2025-10-14,85.3,9500.0
EMP-14439,CRS-TECH-01,Power BI & Enterprise DAX Modeling,Tech,2025-03-23,90.5,4500.0
EMP-15851,CRS-TECH-01,Power BI & Enterprise DAX Modeling,Tech,2025-07-02,83.2,4500.0
EMP-11467,CRS-COMP-02,Information Governance & GDPR/Data Protection,Compliance,2025-02-21,64.5,3000.0
EMP-14995,CRS-LEAD-01,Strategic People Leadership & Coaching,Leadership,2025-02-20,88.6,8000.0
EMP-16441,CRS-TECH-03,Python for Data Engineering & Analytics,Tech,2025-04-17,81.3,6000.0
EMP-13507,CRS-LEAD-01,Strategic People Leadership & Coaching,Leadership,2025-11-02,72.3,8000.0
EMP-15429,CRS-SOFT-01,Executive Negotiation & Conflict Resolution,Soft Skills,2025-11-03,90.9,3200.0
EMP-10922,CRS-SOFT-01,Executive Negotiation & Conflict Resolution,Soft Skills,2025-11-03,84.5,3200.0
EMP-14280,CRS-SOFT-01,Executive Negotiation & Conflict Resolution,Soft Skills,2025-10-08,86.8,3200.0
EMP-11972,CRS-TECH-02,Advanced SQL & Modern Data Warehousing,Tech,2025-05-10,83.9,5200.0
EMP-16034,CRS-TECH-01,Power BI & Enterprise DAX Modeling,Tech,2025-07-16,79.1,4500.0
EMP-10193,CRS-SOFT-01,Executive Negotiation & Conflict Resolution,Soft Skills,2025-05-11,72.6,3200.0
EMP-10068,CRS-COMP-01,Enterprise Labor Law & Compliance 2026,Compliance,2025-03-26,95.8,2500.0
EMP-14594,CRS-SOFT-01,Executive Negotiation & Conflict Resolution,Soft Skills,2025-09-22,87.0,3200.0
EMP-15561,CRS-TECH-01,Power BI & Enterprise DAX Modeling,Tech,2025-03-01,78.5,4500.0
EMP-15434,CRS-TECH-01,Power BI & Enterprise DAX Modeling,Tech,2025-01-04,89.1,4500.0
EMP-14849,CRS-LEAD-01,Strategic People Leadership & Coaching,Leadership,2025-07-08,83.0,8000.0
EMP-14481,CRS-TECH-02,Advanced SQL & Modern Data Warehousing,Tech,2025-11-27,93.6,5200.0
EMP-10234,CRS-COMP-01,Enterprise Labor Law & Compliance 2026,Compliance,2025-12-20,73.0,2500.0
EMP-14368,CRS-TECH-01,Power BI & Enterprise DAX Modeling,Tech,2025-03-19,74.3,4500.0
EMP-13694,CRS-TECH-01,Power BI & Enterprise DAX Modeling,Tech,2025-11-20,53.2,4500.0
EMP-15021,CRS-TECH-01,Power BI & Enterprise DAX Modeling,Tech,2025-10-25,83.0,4500.0
EMP-15946,CRS-COMP-02,Information Governance & GDPR/Data Protection,Compliance,2025-02-08,88.0,3000.0
EMP-15222,CRS-SOFT-01,Executive Negotiation & Conflict Resolution,Soft Skills,2025-02-05,86.4,3200.0
EMP-14851,CRS-SOFT-01,Executive Negotiation & Conflict Resolution,Soft Skills,2025-12-06,81.3,3200.0
EMP-13521,CRS-SOFT-02,Data-Driven Decision Making & Storytelling,Soft Skills,2025-04-23,90.4,3800.0
EMP-11785,CRS-TECH-02,Advanced SQL & Modern Data Warehousing,Tech,2025-02-07,87.8,5200.0
EMP-14606,CRS-LEAD-01,Strategic People Leadership & Coaching,Leadership,2025-04-28,63.5,8000.0
EMP-14606,CRS-LEAD-01,Strategic People Leadership & Coaching,Leadership,2025-06-02,82.3,4000.0
EMP-12560,CRS-SOFT-02,Data-Driven Decision Making & Storytelling,Soft Skills,2025-05-08,82.5,3800.0
EMP-16709,CRS-SOFT-02,Data-Driven Decision Making & Storytelling,Soft Skills,2025-01-08,85.4,3800.0
EMP-12823,CRS-COMP-02,Information Governance & GDPR/Data Protection,Compliance,2025-07-25,94.8,3000.0
EMP-16742,CRS-LEAD-01,Strategic People Leadership & Coaching,Leadership,2025-11-28,84.2,8000.0
EMP-13088,CRS-TECH-04,Cloud Architecture & Cybersecurity Fundamentals,Tech,2025-05-20,83.9,7500.0
EMP-11993,CRS-LEAD-01,Strategic People Leadership & Coaching,Leadership,2025-11-08,79.7,8000.0
EMP-12783,CRS-SOFT-02,Data-Driven Decision Making & Storytelling,Soft Skills,2025-10-25,94.4,3800.0
EMP-14956,CRS-TECH-03,Python for Data Engineering & Analytics,Tech,2025-06-06,80.9,6000.0
EMP-10866,CRS-TECH-03,Python for Data Engineering & Analytics,Tech,2025-09-17,62.8,6000.0
EMP-14643,CRS-TECH-01,Power BI & Enterprise DAX Modeling,Tech,2025-06-16,83.6,4500.0
EMP-11621,CRS-SOFT-01,Executive Negotiation & Conflict Resolution,Soft Skills,2025-02-06,77.4,3200.0
EMP-10989,CRS-TECH-02,Advanced SQL & Modern Data Warehousing,Tech,2025-11-16,82.6,5200.0
EMP-13818,CRS-SOFT-01,Executive Negotiation & Conflict Resolution,Soft Skills,2025-09-12,60.4,3200.0
EMP-16359,CRS-SOFT-01,Executive Negotiation & Conflict Resolution,Soft Skills,2025-01-09,83.6,3200.0
EMP-12164,CRS-TECH-02,Advanced SQL & Modern Data Warehousing,Tech,2025-11-16,80.9,5200.0
EMP-10727,CRS-TECH-02,Advanced SQL & Modern Data Warehousing,Tech,2025-04-04,79.4,5200.0
EMP-16267,CRS-SOFT-02,Data-Driven Decision Making & Storytelling,Soft Skills,2025-04-24,85.4,3800.0
EMP-12259,CRS-COMP-01,Enterprise Labor Law & Compliance 2026,Compliance,2025-01-06,86.4,2500.0
EMP-13233,CRS-COMP-01,Enterprise Labor Law & Compliance 2026,Compliance,2025-07-14,85.2,2500.0
EMP-12106,CRS-SOFT-01,Executive Negotiation & Conflict Resolution,Soft Skills,2025-05-25,84.3,3200.0
EMP-16463,CRS-TECH-01,Power BI & Enterprise DAX Modeling,Tech,2025-12-03,90.9,4500.0
EMP-14320,CRS-SOFT-01,Executive Negotiation & Conflict Resolution,Soft Skills,2025-02-19,77.0,3200.0
EMP-13407,CRS-SOFT-01,Executive Negotiation & Conflict Resolution,Soft Skills,2025-05-02,85.5,3200.0
EMP-13842,CRS-COMP-01,Enterprise Labor Law & Compliance 2026,Compliance,2025-04-12,85.4,2500.0
EMP-11599,CRS-TECH-02,Advanced SQL & Modern Data Warehousing,Tech,2025-06-28,83.4,5200.0
EMP-16877,CRS-SOFT-01,Executive Negotiation & Conflict Resolution,Soft Skills,2025-03-07,60.7,3200.0
EMP-16877,CRS-SOFT-01,Executive Negotiation & Conflict Resolution,Soft Skills,2025-04-22,85.2,1600.0
EMP-12269,CRS-TECH-01,Power BI & Enterprise DAX Modeling,Tech,2025-01-25,91.0,4500.0
EMP-14621,CRS-SOFT-02,Data-Driven Decision Making & Storytelling,Soft Skills,2025-10-25,64.1,3800.0
EMP-14621,CRS-SOFT-02,Data-Driven Decision Making & Storytelling,Soft Skills,2025-12-16,89.3,1900.0
EMP-12948,CRS-TECH-02,Advanced SQL & Modern Data Warehousing,Tech,2025-12-26,95.3,5200.0
EMP-16519,CRS-SOFT-01,Executive Negotiation & Conflict Resolution,Soft Skills,2025-04-20,87.7,3200.0
EMP-13014,CRS-TECH-01,Power BI & Enterprise DAX Modeling,Tech,2025-03-21,84.0,4500.0
EMP-14041,CRS-TECH-02,Advanced SQL & Modern Data Warehousing,Tech,2025-04-26,89.1,5200.0
EMP-11627,CRS-SOFT-01,Executive Negotiation & Conflict Resolution,Soft Skills,2025-01-03,94.9,3200.0
EMP-12614,CRS-TECH-01,Power BI & Enterprise DAX Modeling,Tech,2025-07-11,62.6,4500.0
EMP-12967,CRS-LEAD-01,Strategic People Leadership & Coaching,Leadership,2025-09-02,91.7,8000.0
EMP-13231,CRS-SOFT-01,Executive Negotiation & Conflict Resolution,Soft Skills,2025-07-10,84.8,3200.0
EMP-12129,CRS-SOFT-02,Data-Driven Decision Making & Storytelling,Soft Skills,2025-06-12,97.7,3800.0
EMP-16375,CRS-LEAD-02,Operational Excellence & Lean Six Sigma,Leadership,2025-07-02,74.1,9500.0
EMP-13824,CRS-TECH-01,Power BI & Enterprise DAX Modeling,Tech,2025-03-19,79.2,4500.0
EMP-13411,CRS-SOFT-01,Executive Negotiation & Conflict Resolution,Soft Skills,2025-09-20,82.6,3200.0
EMP-11922,CRS-TECH-04,Cloud Architecture & Cybersecurity Fundamentals,Tech,2025-08-18,64.7,7500.0
EMP-11922,CRS-TECH-04,Cloud Architecture & Cybersecurity Fundamentals,Tech,2025-09-23,94.0,3750.0
EMP-12763,CRS-SOFT-02,Data-Driven Decision Making & Storytelling,Soft Skills,2025-09-04,91.3,3800.0
EMP-10798,CRS-COMP-01,Enterprise Labor Law & Compliance 2026,Compliance,2025-05-26,67.3,2500.0
EMP-14457,CRS-TECH-01,Power BI & Enterprise DAX Modeling,Tech,2025-10-28,74.9,4500.0
EMP-11066,CRS-LEAD-02,Operational Excellence & Lean Six Sigma,Leadership,2025-09-12,85.5,9500.0
EMP-14779,CRS-COMP-01,Enterprise Labor Law & Compliance 2026,Compliance,2025-07-06,75.8,2500.0
EMP-10215,CRS-TECH-01,Power BI & Enterprise DAX Modeling,Tech,2025-08-13,71.2,4500.0
EMP-13699,CRS-TECH-02,Advanced SQL & Modern Data Warehousing,Tech,2025-02-03,75.0,5200.0
EMP-15793,CRS-TECH-01,Power BI & Enterprise DAX Modeling,Tech,2025-06-19,85.3,4500.0
EMP-10984,CRS-SOFT-01,Executive Negotiation & Conflict Resolution,Soft Skills,2025-07-22,63.9,3200.0
EMP-10984,CRS-SOFT-01,Executive Negotiation & Conflict Resolution,Soft Skills,2025-08-23,94.6,1600.0
EMP-10300,CRS-COMP-01,Enterprise Labor Law & Compliance 2026,Compliance,2025-06-19,89.2,2500.0
EMP-12050,CRS-SOFT-01,Executive Negotiation & Conflict Resolution,Soft Skills,2025-01-19,75.0,3200.0
EMP-16060,CRS-LEAD-01,Strategic People Leadership & Coaching,Leadership,2025-01-13,90.7,8000.0
EMP-14539,CRS-TECH-02,Advanced SQL & Modern Data Warehousing,Tech,2025-11-16,83.5,5200.0
EMP-10351,CRS-SOFT-01,Executive Negotiation & Conflict Resolution,Soft Skills,2025-08-17,86.7,3200.0
EMP-16091,CRS-TECH-01,Power BI & Enterprise DAX Modeling,Tech,2025-09-07,55.2,4500.0
EMP-16091,CRS-TECH-01,Power BI & Enterprise DAX Modeling,Tech,2025-11-06,90.4,2250.0
EMP-10102,CRS-COMP-01,Enterprise Labor Law & Compliance 2026,Compliance,2025-07-13,90.4,2500.0
EMP-15520,CRS-TECH-01,Power BI & Enterprise DAX Modeling,Tech,2025-10-01,95.8,4500.0
EMP-12676,CRS-SOFT-01,Executive Negotiation & Conflict Resolution,Soft Skills,2025-02-14,73.0,3200.0
EMP-12966,CRS-SOFT-01,Executive Negotiation & Conflict Resolution,Soft Skills,2025-06-02,91.8,3200.0
EMP-14451,CRS-TECH-02,Advanced SQL & Modern Data Warehousing,Tech,2025-08-06,91.4,5200.0
EMP-14942,CRS-LEAD-02,Operational Excellence & Lean Six Sigma,Leadership,2025-06-21,72.6,9500.0
EMP-10893,CRS-LEAD-02,Operational Excellence & Lean Six Sigma,Leadership,2025-01-08,86.3,9500.0
EMP-14458,CRS-SOFT-01,Executive Negotiation & Conflict Resolution,Soft Skills,2025-02-13,60.7,3200.0
EMP-14458,CRS-SOFT-01,Executive Negotiation & Conflict Resolution,Soft Skills,2025-03-12,79.5,1600.0
EMP-15055,CRS-TECH-01,Power BI & Enterprise DAX Modeling,Tech,2025-05-06,80.8,4500.0
EMP-15312,CRS-COMP-01,Enterprise Labor Law & Compliance 2026,Compliance,2025-05-23,49.1,2500.0
EMP-15312,CRS-COMP-01,Enterprise Labor Law & Compliance 2026,Compliance,2025-06-19,93.3,1250.0
EMP-12671,CRS-COMP-01,Enterprise Labor Law & Compliance 2026,Compliance,2025-03-11,91.0,2500.0
EMP-15939,CRS-TECH-01,Power BI & Enterprise DAX Modeling,Tech,2025-01-23,92.2,4500.0
EMP-15665,CRS-SOFT-02,Data-Driven Decision Making & Storytelling,Soft Skills,2025-02-17,86.8,3800.0
EMP-11799,CRS-TECH-04,Cloud Architecture & Cybersecurity Fundamentals,Tech,2025-01-04,83.2,7500.0
EMP-15620,CRS-LEAD-02,Operational Excellence & Lean Six Sigma,Leadership,2025-11-09,83.3,9500.0
EMP-16483,CRS-COMP-01,Enterprise Labor Law & Compliance 2026,Compliance,2025-07-10,50.8,2500.0
EMP-16483,CRS-COMP-01,Enterprise Labor Law & Compliance 2026,Compliance,2025-08-15,83.2,1250.0
EMP-12567,CRS-TECH-04,Cloud Architecture & Cybersecurity Fundamentals,Tech,2025-07-19,73.4,7500.0
EMP-14355,CRS-SOFT-02,Data-Driven Decision Making & Storytelling,Soft Skills,2025-02-08,90.1,3800.0
EMP-12684,CRS-COMP-01,Enterprise Labor Law & Compliance 2026,Compliance,2025-03-19,96.7,2500.0
EMP-16559,CRS-COMP-01,Enterprise Labor Law & Compliance 2026,Compliance,2025-10-21,96.2,2500.0
EMP-16155,CRS-TECH-02,Advanced SQL & Modern Data Warehousing,Tech,2025-05-12,80.8,5200.0
EMP-16151,CRS-TECH-01,Power BI & Enterprise DAX Modeling,Tech,2025-04-14,84.4,4500.0
EMP-15321,CRS-TECH-02,Advanced SQL & Modern Data Warehousing,Tech,2025-10-06,83.5,5200.0
EMP-16520,CRS-LEAD-01,Strategic People Leadership & Coaching,Leadership,2025-02-07,74.3,8000.0
EMP-14053,CRS-COMP-02,Information Governance & GDPR/Data Protection,Compliance,2025-07-05,82.6,3000.0
EMP-10608,CRS-TECH-02,Advanced SQL & Modern Data Warehousing,Tech,2025-07-19,87.5,5200.0
EMP-13471,CRS-TECH-02,Advanced SQL & Modern Data Warehousing,Tech,2025-02-10,83.5,5200.0
EMP-16019,CRS-LEAD-01,Strategic People Leadership & Coaching,Leadership,2025-08-10,91.5,8000.0
EMP-14425,CRS-TECH-02,Advanced SQL & Modern Data Warehousing,Tech,2025-07-26,79.7,5200.0
EMP-15812,CRS-LEAD-02,Operational Excellence & Lean Six Sigma,Leadership,2025-07-01,90.0,9500.0
EMP-14301,CRS-TECH-01,Power BI & Enterprise DAX Modeling,Tech,2025-08-07,92.3,4500.0
EMP-14558,CRS-COMP-01,Enterprise Labor Law & Compliance 2026,Compliance,2025-02-07,81.2,2500.0
EMP-14575,CRS-TECH-03,Python for Data Engineering & Analytics,Tech,2025-10-16,82.6,6000.0
EMP-11375,CRS-TECH-01,Power BI & Enterprise DAX Modeling,Tech,2025-03-25,59.0,4500.0
EMP-11375,CRS-TECH-01,Power BI & Enterprise DAX Modeling,Tech,2025-05-15,83.8,2250.0
EMP-11341,CRS-TECH-01,Power BI & Enterprise DAX Modeling,Tech,2025-02-09,95.9,4500.0
EMP-15793,CRS-LEAD-02,Operational Excellence & Lean Six Sigma,Leadership,2025-12-25,77.4,9500.0
EMP-12111,CRS-TECH-01,Power BI & Enterprise DAX Modeling,Tech,2025-03-05,67.4,4500.0
EMP-16742,CRS-LEAD-02,Operational Excellence & Lean Six Sigma,Leadership,2025-02-20,93.6,9500.0
EMP-16345,CRS-COMP-01,Enterprise Labor Law & Compliance 2026,Compliance,2025-10-28,90.2,2500.0
EMP-15324,CRS-SOFT-01,Executive Negotiation & Conflict Resolution,Soft Skills,2025-01-12,56.1,3200.0
EMP-12693,CRS-SOFT-01,Executive Negotiation & Conflict Resolution,Soft Skills,2025-08-27,79.4,3200.0
EMP-15410,CRS-TECH-04,Cloud Architecture & Cybersecurity Fundamentals,Tech,2025-03-14,84.7,7500.0
EMP-11372,CRS-TECH-04,Cloud Architecture & Cybersecurity Fundamentals,Tech,2025-09-06,97.3,7500.0
EMP-13000,CRS-TECH-02,Advanced SQL & Modern Data Warehousing,Tech,2025-03-04,93.5,5200.0
EMP-16431,CRS-LEAD-02,Operational Excellence & Lean Six Sigma,Leadership,2025-08-03,77.7,9500.0
EMP-12083,CRS-SOFT-01,Executive Negotiation & Conflict Resolution,Soft Skills,2025-12-11,77.5,3200.0
EMP-12112,CRS-TECH-04,Cloud Architecture & Cybersecurity Fundamentals,Tech,2025-07-11,87.0,7500.0
EMP-13257,CRS-SOFT-02,Data-Driven Decision Making & Storytelling,Soft Skills,2025-01-25,96.1,3800.0
EMP-15551,CRS-SOFT-01,Executive Negotiation & Conflict Resolution,Soft Skills,2025-04-27,67.6,3200.0
EMP-15551,CRS-SOFT-01,Executive Negotiation & Conflict Resolution,Soft Skills,2025-06-05,89.4,1600.0
EMP-10577,CRS-COMP-01,Enterprise Labor Law & Compliance 2026,Compliance,2025-01-18,86.3,2500.0
EMP-14184,CRS-COMP-02,Information Governance & GDPR/Data Protection,Compliance,2025-10-12,90.6,3000.0
EMP-10171,CRS-TECH-01,Power BI & Enterprise DAX Modeling,Tech,2025-02-09,85.3,4500.0
EMP-15288,CRS-COMP-01,Enterprise Labor Law & Compliance 2026,Compliance,2025-03-05,90.6,2500.0
EMP-12329,CRS-LEAD-02,Operational Excellence & Lean Six Sigma,Leadership,2025-10-18,57.1,9500.0
EMP-12329,CRS-LEAD-02,Operational Excellence & Lean Six Sigma,Leadership,2025-11-10,82.0,4750.0
EMP-15879,CRS-TECH-04,Cloud Architecture & Cybersecurity Fundamentals,Tech,2025-03-09,62.3,7500.0
EMP-15879,CRS-TECH-04,Cloud Architecture & Cybersecurity Fundamentals,Tech,2025-05-01,87.6,3750.0
EMP-14396,CRS-COMP-01,Enterprise Labor Law & Compliance 2026,Compliance,2025-12-15,73.9,2500.0
EMP-14573,CRS-LEAD-01,Strategic People Leadership & Coaching,Leadership,2025-02-02,82.7,8000.0
EMP-15615,CRS-SOFT-01,Executive Negotiation & Conflict Resolution,Soft Skills,2025-01-25,85.7,3200.0
EMP-13940,CRS-TECH-02,Advanced SQL & Modern Data Warehousing,Tech,2025-12-24,73.7,5200.0
EMP-12015,CRS-SOFT-01,Executive Negotiation & Conflict Resolution,Soft Skills,2025-01-19,86.1,3200.0
EMP-12003,CRS-TECH-03,Python for Data Engineering & Analytics,Tech,2025-03-16,80.1,6000.0
EMP-15556,CRS-LEAD-02,Operational Excellence & Lean Six Sigma,Leadership,2025-02-22,95.3,9500.0
EMP-16800,CRS-TECH-02,Advanced SQL & Modern Data Warehousing,Tech,2025-03-25,72.3,5200.0
EMP-10025,CRS-TECH-01,Power BI & Enterprise DAX Modeling,Tech,2025-03-11,75.1,4500.0
EMP-14327,CRS-TECH-01,Power BI & Enterprise DAX Modeling,Tech,2025-08-26,90.1,4500.0
EMP-14280,CRS-SOFT-01,Executive Negotiation & Conflict Resolution,Soft Skills,2025-08-06,80.3,3200.0
EMP-11336,CRS-TECH-02,Advanced SQL & Modern Data Warehousing,Tech,2025-01-02,78.4,5200.0
EMP-16646,CRS-TECH-02,Advanced SQL & Modern Data Warehousing,Tech,2025-09-26,68.0,5200.0
EMP-16646,CRS-TECH-02,Advanced SQL & Modern Data Warehousing,Tech,2025-10-22,90.9,2600.0
EMP-15923,CRS-COMP-02,Information Governance & GDPR/Data Protection,Compliance,2025-04-14,93.5,3000.0
EMP-15590,CRS-TECH-01,Power BI & Enterprise DAX Modeling,Tech,2025-09-25,81.2,4500.0
EMP-11135,CRS-SOFT-02,Data-Driven Decision Making & Storytelling,Soft Skills,2025-11-13,53.7,3800.0
EMP-11135,CRS-SOFT-02,Data-Driven Decision Making & Storytelling,Soft Skills,2025-12-20,92.6,1900.0
EMP-14481,CRS-TECH-04,Cloud Architecture & Cybersecurity Fundamentals,Tech,2025-07-24,63.5,7500.0
EMP-10156,CRS-SOFT-02,Data-Driven Decision Making & Storytelling,Soft Skills,2025-06-22,94.4,3800.0
EMP-11749,CRS-COMP-02,Information Governance & GDPR/Data Protection,Compliance,2025-03-10,58.1,3000.0
EMP-10777,CRS-LEAD-01,Strategic People Leadership & Coaching,Leadership,2025-06-06,88.0,8000.0
EMP-11529,CRS-TECH-01,Power BI & Enterprise DAX Modeling,Tech,2025-10-17,90.2,4500.0
EMP-14825,CRS-COMP-01,Enterprise Labor Law & Compliance 2026,Compliance,2025-06-02,87.3,2500.0
EMP-13807,CRS-SOFT-01,Executive Negotiation & Conflict Resolution,Soft Skills,2025-01-13,85.3,3200.0
EMP-15466,CRS-SOFT-01,Executive Negotiation & Conflict Resolution,Soft Skills,2025-07-21,89.3,3200.0
EMP-12256,CRS-LEAD-02,Operational Excellence & Lean Six Sigma,Leadership,2025-05-05,87.2,9500.0
EMP-13974,CRS-SOFT-01,Executive Negotiation & Conflict Resolution,Soft Skills,2025-10-18,86.4,3200.0
EMP-14314,CRS-SOFT-01,Executive Negotiation & Conflict Resolution,Soft Skills,2025-12-28,94.2,3200.0
EMP-10250,CRS-COMP-01,Enterprise Labor Law & Compliance 2026,Compliance,2025-01-26,92.7,2500.0
EMP-14400,CRS-LEAD-01,Strategic People Leadership & Coaching,Leadership,2025-06-20,89.2,8000.0
EMP-11791,CRS-SOFT-01,Executive Negotiation & Conflict Resolution,Soft Skills,2025-02-20,63.2,3200.0
EMP-12325,CRS-LEAD-01,Strategic People Leadership & Coaching,Leadership,2025-07-13,86.5,8000.0
EMP-16258,CRS-TECH-03,Python for Data Engineering & Analytics,Tech,2025-06-08,90.7,6000.0
EMP-13792,CRS-LEAD-01,Strategic People Leadership & Coaching,Leadership,2025-08-26,88.1,8000.0
EMP-11858,CRS-LEAD-01,Strategic People Leadership & Coaching,Leadership,2025-08-25,79.4,8000.0
EMP-15326,CRS-TECH-01,Power BI & Enterprise DAX Modeling,Tech,2025-06-20,92.4,4500.0
EMP-14851,CRS-SOFT-02,Data-Driven Decision Making & Storytelling,Soft Skills,2025-04-10,72.8,3800.0
EMP-12726,CRS-COMP-02,Information Governance & GDPR/Data Protection,Compliance,2025-04-08,93.1,3000.0
EMP-15934,CRS-LEAD-02,Operational Excellence & Lean Six Sigma,Leadership,2025-07-23,89.3,9500.0
EMP-14665,CRS-LEAD-01,Strategic People Leadership & Coaching,Leadership,2025-11-06,87.7,8000.0
EMP-10285,CRS-COMP-01,Enterprise Labor Law & Compliance 2026,Compliance,2025-07-26,78.7,2500.0
EMP-12778,CRS-COMP-01,Enterprise Labor Law & Compliance 2026,Compliance,2025-11-26,85.2,2500.0
EMP-14633,CRS-TECH-01,Power BI & Enterprise DAX Modeling,Tech,2025-01-18,88.4,4500.0
EMP-12060,CRS-TECH-01,Power BI & Enterprise DAX Modeling,Tech,2025-01-10,91.4,4500.0
EMP-10713,CRS-COMP-02,Information Governance & GDPR/Data Protection,Compliance,2025-04-09,60.8,3000.0
EMP-11066,CRS-COMP-01,Enterprise Labor Law & Compliance 2026,Compliance,2025-07-10,85.8,2500.0
EMP-12550,CRS-LEAD-01,Strategic People Leadership & Coaching,Leadership,2025-07-11,77.0,8000.0
EMP-16554,CRS-TECH-01,Power BI & Enterprise DAX Modeling,Tech,2025-09-19,76.8,4500.0
EMP-13367,CRS-TECH-03,Python for Data Engineering & Analytics,Tech,2025-10-18,77.1,6000.0
EMP-13486,CRS-TECH-01,Power BI & Enterprise DAX Modeling,Tech,2025-07-15,87.9,4500.0
EMP-15494,CRS-LEAD-02,Operational Excellence & Lean Six Sigma,Leadership,2025-07-27,95.4,9500.0
EMP-13229,CRS-TECH-01,Power BI & Enterprise DAX Modeling,Tech,2025-06-26,84.4,4500.0
EMP-16470,CRS-COMP-02,Information Governance & GDPR/Data Protection,Compliance,2025-12-22,74.4,3000.0
EMP-13857,CRS-SOFT-01,Executive Negotiation & Conflict Resolution,Soft Skills,2025-02-12,81.3,3200.0
EMP-11256,CRS-TECH-01,Power BI & Enterprise DAX Modeling,Tech,2025-07-13,71.5,4500.0
EMP-14887,CRS-COMP-01,Enterprise Labor Law & Compliance 2026,Compliance,2025-12-24,95.9,2500.0
EMP-15414,CRS-TECH-01,Power BI & Enterprise DAX Modeling,Tech,2025-08-28,82.3,4500.0
EMP-10058,CRS-LEAD-02,Operational Excellence & Lean Six Sigma,Leadership,2025-09-05,81.9,9500.0
EMP-11627,CRS-LEAD-02,Operational Excellence & Lean Six Sigma,Leadership,2025-11-25,95.3,9500.0
EMP-14425,CRS-TECH-02,Advanced SQL & Modern Data Warehousing,Tech,2025-07-13,56.6,5200.0
EMP-13785,CRS-SOFT-01,Executive Negotiation & Conflict Resolution,Soft Skills,2025-12-12,90.1,3200.0
EMP-16222,CRS-TECH-01,Power BI & Enterprise DAX Modeling,Tech,2025-04-06,82.0,4500.0
EMP-10424,CRS-LEAD-02,Operational Excellence & Lean Six Sigma,Leadership,2025-11-22,80.0,9500.0
EMP-16259,CRS-SOFT-02,Data-Driven Decision Making & Storytelling,Soft Skills,2025-04-02,79.8,3800.0
EMP-16693,CRS-TECH-02,Advanced SQL & Modern Data Warehousing,Tech,2025-09-26,78.6,5200.0
EMP-14949,CRS-TECH-01,Power BI & Enterprise DAX Modeling,Tech,2025-04-07,87.0,4500.0
EMP-12825,CRS-TECH-01,Power BI & Enterprise DAX Modeling,Tech,2025-11-15,95.9,4500.0
EMP-16890,CRS-LEAD-02,Operational Excellence & Lean Six Sigma,Leadership,2025-10-13,76.2,9500.0
EMP-13445,CRS-COMP-01,Enterprise Labor Law & Compliance 2026,Compliance,2025-02-24,82.9,2500.0
EMP-14879,CRS-TECH-02,Advanced SQL & Modern Data Warehousing,Tech,2025-11-15,82.6,5200.0
EMP-15462,CRS-TECH-02,Advanced SQL & Modern Data Warehousing,Tech,2025-12-01,84.3,5200.0
EMP-12135,CRS-LEAD-02,Operational Excellence & Lean Six Sigma,Leadership,2025-10-15,84.2,9500.0
EMP-15468,CRS-COMP-01,Enterprise Labor Law & Compliance 2026,Compliance,2025-04-13,80.2,2500.0
EMP-11798,CRS-SOFT-01,Executive Negotiation & Conflict Resolution,Soft Skills,2025-07-07,96.7,3200.0
EMP-15642,CRS-TECH-02,Advanced SQL & Modern Data Warehousing,Tech,2025-08-27,66.9,5200.0
EMP-15642,CRS-TECH-02,Advanced SQL & Modern Data Warehousing,Tech,2025-10-11,76.0,2600.0
EMP-10010,CRS-SOFT-01,Executive Negotiation & Conflict Resolution,Soft Skills,2025-01-23,74.3,3200.0
EMP-13005,CRS-LEAD-02,Operational Excellence & Lean Six Sigma,Leadership,2025-12-15,74.1,9500.0
EMP-12727,CRS-LEAD-01,Strategic People Leadership & Coaching,Leadership,2025-08-05,76.5,8000.0
EMP-15685,CRS-TECH-01,Power BI & Enterprise DAX Modeling,Tech,2025-11-12,80.6,4500.0
EMP-14086,CRS-COMP-01,Enterprise Labor Law & Compliance 2026,Compliance,2025-12-03,84.1,2500.0
EMP-16151,CRS-TECH-02,Advanced SQL & Modern Data Warehousing,Tech,2025-09-22,87.4,5200.0
EMP-11091,CRS-LEAD-01,Strategic People Leadership & Coaching,Leadership,2025-04-12,93.3,8000.0
EMP-15053,CRS-TECH-01,Power BI & Enterprise DAX Modeling,Tech,2025-07-15,76.4,4500.0
EMP-16005,CRS-TECH-01,Power BI & Enterprise DAX Modeling,Tech,2025-02-01,80.8,4500.0
EMP-13445,CRS-SOFT-01,Executive Negotiation & Conflict Resolution,Soft Skills,2025-10-09,88.1,3200.0
EMP-11067,CRS-SOFT-02,Data-Driven Decision Making & Storytelling,Soft Skills,2025-12-03,95.1,3800.0
EMP-11181,CRS-COMP-01,Enterprise Labor Law & Compliance 2026,Compliance,2025-10-07,76.3,2500.0
EMP-15274,CRS-TECH-01,Power BI & Enterprise DAX Modeling,Tech,2025-11-12,94.0,4500.0
EMP-12075,CRS-SOFT-01,Executive Negotiation & Conflict Resolution,Soft Skills,2025-03-20,87.8,3200.0
EMP-15840,CRS-COMP-01,Enterprise Labor Law & Compliance 2026,Compliance,2025-03-17,93.8,2500.0
EMP-16708,CRS-SOFT-02,Data-Driven Decision Making & Storytelling,Soft Skills,2025-11-07,84.6,3800.0
EMP-16179,CRS-SOFT-01,Executive Negotiation & Conflict Resolution,Soft Skills,2025-02-19,97.6,3200.0
EMP-12536,CRS-COMP-02,Information Governance & GDPR/Data Protection,Compliance,2025-01-27,85.0,3000.0
EMP-11093,CRS-COMP-02,Information Governance & GDPR/Data Protection,Compliance,2025-02-11,93.6,3000.0
EMP-16890,CRS-SOFT-01,Executive Negotiation & Conflict Resolution,Soft Skills,2025-05-03,50.3,3200.0
EMP-16890,CRS-SOFT-01,Executive Negotiation & Conflict Resolution,Soft Skills,2025-06-20,79.4,1600.0
EMP-11951,CRS-LEAD-01,Strategic People Leadership & Coaching,Leadership,2025-10-06,85.2,8000.0
EMP-11404,CRS-LEAD-01,Strategic People Leadership & Coaching,Leadership,2025-09-16,83.6,8000.0
EMP-13514,CRS-LEAD-02,Operational Excellence & Lean Six Sigma,Leadership,2025-02-24,81.6,9500.0
EMP-12083,CRS-COMP-01,Enterprise Labor Law & Compliance 2026,Compliance,2025-01-18,91.6,2500.0
EMP-13699,CRS-TECH-02,Advanced SQL & Modern Data Warehousing,Tech,2025-11-07,89.0,5200.0
EMP-15798,CRS-LEAD-01,Strategic People Leadership & Coaching,Leadership,2025-03-06,56.9,8000.0
EMP-16990,CRS-TECH-02,Advanced SQL & Modern Data Warehousing,Tech,2025-11-12,80.4,5200.0
EMP-11989,CRS-SOFT-01,Executive Negotiation & Conflict Resolution,Soft Skills,2025-08-13,88.9,3200.0
EMP-15115,CRS-COMP-01,Enterprise Labor Law & Compliance 2026,Compliance,2025-05-24,61.5,2500.0
EMP-15414,CRS-TECH-01,Power BI & Enterprise DAX Modeling,Tech,2025-12-16,85.1,4500.0
EMP-11623,CRS-TECH-01,Power BI & Enterprise DAX Modeling,Tech,2025-07-03,74.4,4500.0
EMP-15859,CRS-COMP-02,Information Governance & GDPR/Data Protection,Compliance,2025-11-05,88.7,3000.0
EMP-16266,CRS-TECH-04,Cloud Architecture & Cybersecurity Fundamentals,Tech,2025-09-01,73.0,7500.0
EMP-11706,CRS-TECH-01,Power BI & Enterprise DAX Modeling,Tech,2025-11-25,81.7,4500.0
EMP-15301,CRS-SOFT-01,Executive Negotiation & Conflict Resolution,Soft Skills,2025-03-17,97.2,3200.0
EMP-16089,CRS-TECH-03,Python for Data Engineering & Analytics,Tech,2025-05-18,64.1,6000.0
EMP-10965,CRS-TECH-01,Power BI & Enterprise DAX Modeling,Tech,2025-02-09,89.8,4500.0
EMP-16330,CRS-LEAD-01,Strategic People Leadership & Coaching,Leadership,2025-01-18,82.9,8000.0
EMP-11790,CRS-TECH-01,Power BI & Enterprise DAX Modeling,Tech,2025-08-05,90.2,4500.0
EMP-14015,CRS-TECH-01,Power BI & Enterprise DAX Modeling,Tech,2025-09-26,94.5,4500.0
EMP-10564,CRS-TECH-01,Power BI & Enterprise DAX Modeling,Tech,2025-01-21,91.8,4500.0
EMP-12877,CRS-SOFT-01,Executive Negotiation & Conflict Resolution,Soft Skills,2025-12-04,94.4,3200.0
EMP-13985,CRS-COMP-02,Information Governance & GDPR/Data Protection,Compliance,2025-01-26,67.9,3000.0
EMP-13985,CRS-COMP-02,Information Governance & GDPR/Data Protection,Compliance,2025-02-15,76.2,1500.0
EMP-12427,CRS-LEAD-02,Operational Excellence & Lean Six Sigma,Leadership,2025-11-14,89.0,9500.0
EMP-16990,CRS-TECH-01,Power BI & Enterprise DAX Modeling,Tech,2025-09-06,85.8,4500.0
EMP-14952,CRS-COMP-01,Enterprise Labor Law & Compliance 2026,Compliance,2025-12-07,53.7,2500.0
EMP-13700,CRS-COMP-01,Enterprise Labor Law & Compliance 2026,Compliance,2025-11-08,89.7,2500.0
EMP-11910,CRS-COMP-01,Enterprise Labor Law & Compliance 2026,Compliance,2025-04-03,90.3,2500.0
EMP-11069,CRS-LEAD-01,Strategic People Leadership & Coaching,Leadership,2025-01-16,90.6,8000.0
EMP-14670,CRS-TECH-02,Advanced SQL & Modern Data Warehousing,Tech,2025-09-16,84.2,5200.0
EMP-12091,CRS-COMP-01,Enterprise Labor Law & Compliance 2026,Compliance,2025-02-24,67.3,2500.0
EMP-12091,CRS-COMP-01,Enterprise Labor Law & Compliance 2026,Compliance,2025-03-12,87.6,1250.0
EMP-16417,CRS-COMP-02,Information Governance & GDPR/Data Protection,Compliance,2025-01-17,82.6,3000.0
EMP-15300,CRS-LEAD-01,Strategic People Leadership & Coaching,Leadership,2025-05-22,88.1,8000.0
EMP-11025,CRS-LEAD-01,Strategic People Leadership & Coaching,Leadership,2025-10-07,95.1,8000.0
EMP-15010,CRS-COMP-02,Information Governance & GDPR/Data Protection,Compliance,2025-09-11,92.7,3000.0
EMP-15202,CRS-SOFT-01,Executive Negotiation & Conflict Resolution,Soft Skills,2025-04-26,60.2,3200.0
EMP-15202,CRS-SOFT-01,Executive Negotiation & Conflict Resolution,Soft Skills,2025-05-16,86.6,1600.0
EMP-14633,CRS-TECH-01,Power BI & Enterprise DAX Modeling,Tech,2025-07-21,75.8,4500.0
EMP-12127,CRS-COMP-02,Information Governance & GDPR/Data Protection,Compliance,2025-01-28,84.5,3000.0
EMP-11115,CRS-SOFT-02,Data-Driven Decision Making & Storytelling,Soft Skills,2025-07-13,54.0,3800.0
EMP-12697,CRS-TECH-01,Power BI & Enterprise DAX Modeling,Tech,2025-10-22,62.6,4500.0
EMP-12697,CRS-TECH-01,Power BI & Enterprise DAX Modeling,Tech,2025-12-09,85.0,2250.0
EMP-14491,CRS-LEAD-02,Operational Excellence & Lean Six Sigma,Leadership,2025-07-23,87.3,9500.0
EMP-13513,CRS-SOFT-01,Executive Negotiation & Conflict Resolution,Soft Skills,2025-04-10,54.6,3200.0
EMP-14156,CRS-COMP-01,Enterprise Labor Law & Compliance 2026,Compliance,2025-05-22,88.6,2500.0
EMP-10025,CRS-TECH-01,Power BI & Enterprise DAX Modeling,Tech,2025-07-19,83.4,4500.0
EMP-16968,CRS-SOFT-01,Executive Negotiation & Conflict Resolution,Soft Skills,2025-08-23,85.2,3200.0
EMP-10555,CRS-TECH-02,Advanced SQL & Modern Data Warehousing,Tech,2025-08-12,82.6,5200.0
EMP-15364,CRS-LEAD-02,Operational Excellence & Lean Six Sigma,Leadership,2025-05-17,92.9,9500.0
EMP-10923,CRS-TECH-04,Cloud Architecture & Cybersecurity Fundamentals,Tech,2025-03-05,92.3,7500.0
EMP-10061,CRS-TECH-02,Advanced SQL & Modern Data Warehousing,Tech,2025-06-20,51.0,5200.0
EMP-10061,CRS-TECH-02,Advanced SQL & Modern Data Warehousing,Tech,2025-08-05,83.5,2600.0
EMP-14708,CRS-TECH-02,Advanced SQL & Modern Data Warehousing,Tech,2025-01-24,83.7,5200.0
EMP-12164,CRS-TECH-04,Cloud Architecture & Cybersecurity Fundamentals,Tech,2025-08-22,90.9,7500.0
EMP-11612,CRS-TECH-01,Power BI & Enterprise DAX Modeling,Tech,2025-12-01,82.1,4500.0
EMP-10332,CRS-LEAD-01,Strategic People Leadership & Coaching,Leadership,2025-10-06,89.7,8000.0
EMP-10653,CRS-TECH-04,Cloud Architecture & Cybersecurity Fundamentals,Tech,2025-08-05,80.4,7500.0
EMP-12205,CRS-SOFT-02,Data-Driven Decision Making & Storytelling,Soft Skills,2025-07-02,92.1,3800.0
EMP-15914,CRS-TECH-02,Advanced SQL & Modern Data Warehousing,Tech,2025-10-06,91.4,5200.0
EMP-16911,CRS-COMP-02,Information Governance & GDPR/Data Protection,Compliance,2025-05-14,76.3,3000.0
EMP-14973,CRS-TECH-02,Advanced SQL & Modern Data Warehousing,Tech,2025-08-28,91.2,5200.0
EMP-15279,CRS-TECH-04,Cloud Architecture & Cybersecurity Fundamentals,Tech,2025-07-04,73.2,7500.0
EMP-10531,CRS-LEAD-01,Strategic People Leadership & Coaching,Leadership,2025-03-17,86.3,8000.0
EMP-12262,CRS-SOFT-02,Data-Driven Decision Making & Storytelling,Soft Skills,2025-12-16,86.6,3800.0
EMP-13242,CRS-LEAD-02,Operational Excellence & Lean Six Sigma,Leadership,2025-07-09,83.8,9500.0
EMP-12853,CRS-TECH-01,Power BI & Enterprise DAX Modeling,Tech,2025-05-12,86.0,4500.0
EMP-16944,CRS-SOFT-01,Executive Negotiation & Conflict Resolution,Soft Skills,2025-02-13,64.1,3200.0
EMP-10330,CRS-COMP-02,Information Governance & GDPR/Data Protection,Compliance,2025-08-06,83.4,3000.0
EMP-16091,CRS-SOFT-01,Executive Negotiation & Conflict Resolution,Soft Skills,2025-12-09,73.4,3200.0
EMP-10016,CRS-TECH-02,Advanced SQL & Modern Data Warehousing,Tech,2025-09-03,93.9,5200.0
EMP-14239,CRS-SOFT-01,Executive Negotiation & Conflict Resolution,Soft Skills,2025-11-07,86.6,3200.0
EMP-16157,CRS-TECH-02,Advanced SQL & Modern Data Warehousing,Tech,2025-09-07,88.8,5200.0
EMP-14571,CRS-SOFT-01,Executive Negotiation & Conflict Resolution,Soft Skills,2025-06-10,87.8,3200.0
EMP-11776,CRS-LEAD-01,Strategic People Leadership & Coaching,Leadership,2025-10-16,61.5,8000.0
EMP-15379,CRS-SOFT-02,Data-Driven Decision Making & Storytelling,Soft Skills,2025-11-07,85.6,3800.0
EMP-12755,CRS-LEAD-02,Operational Excellence & Lean Six Sigma,Leadership,2025-01-08,86.0,9500.0
EMP-15887,CRS-TECH-04,Cloud Architecture & Cybersecurity Fundamentals,Tech,2025-02-19,53.9,7500.0
EMP-15887,CRS-TECH-04,Cloud Architecture & Cybersecurity Fundamentals,Tech,2025-03-20,77.4,3750.0
EMP-15092,CRS-SOFT-01,Executive Negotiation & Conflict Resolution,Soft Skills,2025-08-26,83.7,3200.0
EMP-10312,CRS-TECH-01,Power BI & Enterprise DAX Modeling,Tech,2025-04-06,73.1,4500.0
EMP-12294,CRS-TECH-01,Power BI & Enterprise DAX Modeling,Tech,2025-11-27,82.9,4500.0
EMP-13967,CRS-LEAD-01,Strategic People Leadership & Coaching,Leadership,2025-11-08,78.6,8000.0
EMP-12464,CRS-SOFT-01,Executive Negotiation & Conflict Resolution,Soft Skills,2025-08-22,76.0,3200.0
EMP-12664,CRS-COMP-01,Enterprise Labor Law & Compliance 2026,Compliance,2025-03-14,86.4,2500.0
EMP-14626,CRS-LEAD-02,Operational Excellence & Lean Six Sigma,Leadership,2025-11-09,91.3,9500.0
EMP-10093,CRS-SOFT-01,Executive Negotiation & Conflict Resolution,Soft Skills,2025-05-13,94.7,3200.0
EMP-15300,CRS-COMP-01,Enterprise Labor Law & Compliance 2026,Compliance,2025-04-14,79.4,2500.0
EMP-11925,CRS-TECH-04,Cloud Architecture & Cybersecurity Fundamentals,Tech,2025-12-21,97.6,7500.0
EMP-10179,CRS-LEAD-01,Strategic People Leadership & Coaching,Leadership,2025-02-21,75.2,8000.0
EMP-11797,CRS-LEAD-02,Operational Excellence & Lean Six Sigma,Leadership,2025-10-02,93.5,9500.0
EMP-16140,CRS-SOFT-01,Executive Negotiation & Conflict Resolution,Soft Skills,2025-06-11,87.0,3200.0
EMP-11234,CRS-TECH-04,Cloud Architecture & Cybersecurity Fundamentals,Tech,2025-02-11,96.7,7500.0
EMP-11043,CRS-SOFT-02,Data-Driven Decision Making & Storytelling,Soft Skills,2025-12-20,79.9,3800.0
EMP-15187,CRS-SOFT-02,Data-Driven Decision Making & Storytelling,Soft Skills,2025-04-04,84.9,3800.0
EMP-12338,CRS-SOFT-02,Data-Driven Decision Making & Storytelling,Soft Skills,2025-10-16,83.3,3800.0
EMP-11564,CRS-LEAD-02,Operational Excellence & Lean Six Sigma,Leadership,2025-12-05,76.3,9500.0
EMP-11719,CRS-LEAD-01,Strategic People Leadership & Coaching,Leadership,2025-09-09,82.3,8000.0
EMP-10225,CRS-COMP-01,Enterprise Labor Law & Compliance 2026,Compliance,2025-04-01,82.2,2500.0
EMP-16199,CRS-TECH-02,Advanced SQL & Modern Data Warehousing,Tech,2025-09-14,58.5,5200.0
EMP-16199,CRS-TECH-02,Advanced SQL & Modern Data Warehousing,Tech,2025-10-09,84.9,2600.0
EMP-13654,CRS-LEAD-01,Strategic People Leadership & Coaching,Leadership,2025-03-21,91.7,8000.0
EMP-16709,CRS-TECH-01,Power BI & Enterprise DAX Modeling,Tech,2025-06-25,88.5,4500.0
EMP-12730,CRS-SOFT-01,Executive Negotiation & Conflict Resolution,Soft Skills,2025-09-20,75.6,3200.0
EMP-10146,CRS-SOFT-01,Executive Negotiation & Conflict Resolution,Soft Skills,2025-03-21,88.1,3200.0
EMP-12784,CRS-TECH-01,Power BI & Enterprise DAX Modeling,Tech,2025-02-19,87.9,4500.0
EMP-10957,CRS-LEAD-02,Operational Excellence & Lean Six Sigma,Leadership,2025-11-11,93.5,9500.0
EMP-14666,CRS-SOFT-02,Data-Driven Decision Making & Storytelling,Soft Skills,2025-07-22,93.4,3800.0
EMP-15274,CRS-LEAD-01,Strategic People Leadership & Coaching,Leadership,2025-05-06,82.2,8000.0
EMP-10036,CRS-LEAD-02,Operational Excellence & Lean Six Sigma,Leadership,2025-09-18,62.7,9500.0
EMP-10036,CRS-LEAD-02,Operational Excellence & Lean Six Sigma,Leadership,2025-10-04,78.9,4750.0
EMP-10909,CRS-LEAD-01,Strategic People Leadership & Coaching,Leadership,2025-12-04,91.7,8000.0
EMP-14768,CRS-TECH-01,Power BI & Enterprise DAX Modeling,Tech,2025-11-12,94.8,4500.0
EMP-15486,CRS-LEAD-01,Strategic People Leadership & Coaching,Leadership,2025-05-27,79.9,8000.0
EMP-10231,CRS-TECH-02,Advanced SQL & Modern Data Warehousing,Tech,2025-04-20,85.1,5200.0
EMP-16947,CRS-SOFT-01,Executive Negotiation & Conflict Resolution,Soft Skills,2025-01-07,85.0,3200.0
EMP-15535,CRS-COMP-02,Information Governance & GDPR/Data Protection,Compliance,2025-02-01,56.7,3000.0
EMP-15535,CRS-COMP-02,Information Governance & GDPR/Data Protection,Compliance,2025-04-01,84.0,1500.0
EMP-15559,CRS-LEAD-02,Operational Excellence & Lean Six Sigma,Leadership,2025-04-16,89.6,9500.0
EMP-15556,CRS-SOFT-01,Executive Negotiation & Conflict Resolution,Soft Skills,2025-05-25,84.1,3200.0
EMP-10440,CRS-SOFT-01,Executive Negotiation & Conflict Resolution,Soft Skills,2025-06-11,84.3,3200.0
EMP-14984,CRS-TECH-03,Python for Data Engineering & Analytics,Tech,2025-02-18,92.5,6000.0
EMP-10797,CRS-LEAD-01,Strategic People Leadership & Coaching,Leadership,2025-05-26,84.9,8000.0
EMP-14984,CRS-TECH-02,Advanced SQL & Modern Data Warehousing,Tech,2025-08-18,83.4,5200.0
EMP-11175,CRS-TECH-01,Power BI & Enterprise DAX Modeling,Tech,2025-10-08,90.1,4500.0
EMP-13881,CRS-COMP-01,Enterprise Labor Law & Compliance 2026,Compliance,2025-04-25,85.7,2500.0
EMP-11490,CRS-LEAD-02,Operational Excellence & Lean Six Sigma,Leadership,2025-03-16,96.8,9500.0
EMP-10094,CRS-SOFT-02,Data-Driven Decision Making & Storytelling,Soft Skills,2025-03-11,85.4,3800.0
EMP-14775,CRS-SOFT-01,Executive Negotiation & Conflict Resolution,Soft Skills,2025-10-03,65.2,3200.0
EMP-14775,CRS-SOFT-01,Executive Negotiation & Conflict Resolution,Soft Skills,2025-10-25,80.8,1600.0
EMP-12766,CRS-COMP-02,Information Governance & GDPR/Data Protection,Compliance,2025-12-06,92.0,3000.0
EMP-10442,CRS-TECH-01,Power BI & Enterprise DAX Modeling,Tech,2025-07-10,96.7,4500.0
EMP-14554,CRS-LEAD-01,Strategic People Leadership & Coaching,Leadership,2025-08-05,49.2,8000.0
EMP-14554,CRS-LEAD-01,Strategic People Leadership & Coaching,Leadership,2025-09-07,93.3,4000.0
EMP-14846,CRS-LEAD-01,Strategic People Leadership & Coaching,Leadership,2025-01-06,84.5,8000.0
EMP-12102,CRS-SOFT-01,Executive Negotiation & Conflict Resolution,Soft Skills,2025-11-26,95.7,3200.0
EMP-12704,CRS-COMP-02,Information Governance & GDPR/Data Protection,Compliance,2025-07-11,72.5,3000.0
EMP-13818,CRS-SOFT-01,Executive Negotiation & Conflict Resolution,Soft Skills,2025-07-26,89.8,3200.0
EMP-11419,CRS-SOFT-01,Executive Negotiation & Conflict Resolution,Soft Skills,2025-06-17,86.6,3200.0
EMP-12597,CRS-TECH-01,Power BI & Enterprise DAX Modeling,Tech,2025-08-05,79.9,4500.0
EMP-14771,CRS-LEAD-02,Operational Excellence & Lean Six Sigma,Leadership,2025-06-03,97.0,9500.0
EMP-11602,CRS-TECH-01,Power BI & Enterprise DAX Modeling,Tech,2025-04-23,85.8,4500.0
EMP-12809,CRS-TECH-01,Power BI & Enterprise DAX Modeling,Tech,2025-12-24,83.2,4500.0
EMP-15451,CRS-SOFT-02,Data-Driven Decision Making & Storytelling,Soft Skills,2025-01-15,94.1,3800.0
EMP-12254,CRS-COMP-01,Enterprise Labor Law & Compliance 2026,Compliance,2025-06-10,90.6,2500.0
EMP-11105,CRS-SOFT-01,Executive Negotiation & Conflict Resolution,Soft Skills,2025-09-03,77.4,3200.0
EMP-11568,CRS-TECH-03,Python for Data Engineering & Analytics,Tech,2025-03-03,91.7,6000.0
EMP-14337,CRS-COMP-01,Enterprise Labor Law & Compliance 2026,Compliance,2025-05-12,90.6,2500.0
EMP-10058,CRS-SOFT-01,Executive Negotiation & Conflict Resolution,Soft Skills,2025-03-28,86.9,3200.0
EMP-15274,CRS-TECH-01,Power BI & Enterprise DAX Modeling,Tech,2025-11-16,85.2,4500.0
EMP-11481,CRS-SOFT-01,Executive Negotiation & Conflict Resolution,Soft Skills,2025-08-22,97.0,3200.0
EMP-12809,CRS-TECH-02,Advanced SQL & Modern Data Warehousing,Tech,2025-03-02,91.8,5200.0
EMP-16592,CRS-TECH-01,Power BI & Enterprise DAX Modeling,Tech,2025-08-13,81.0,4500.0
EMP-10231,CRS-TECH-03,Python for Data Engineering & Analytics,Tech,2025-11-24,74.1,6000.0
EMP-14836,CRS-TECH-02,Advanced SQL & Modern Data Warehousing,Tech,2025-03-18,88.0,5200.0
EMP-16557,CRS-LEAD-01,Strategic People Leadership & Coaching,Leadership,2025-06-18,86.5,8000.0
EMP-12130,CRS-COMP-02,Information Governance & GDPR/Data Protection,Compliance,2025-08-09,67.0,3000.0
EMP-12072,CRS-SOFT-01,Executive Negotiation & Conflict Resolution,Soft Skills,2025-07-06,92.3,3200.0
EMP-14349,CRS-COMP-01,Enterprise Labor Law & Compliance 2026,Compliance,2025-07-10,86.5,2500.0
EMP-10065,CRS-LEAD-02,Operational Excellence & Lean Six Sigma,Leadership,2025-08-24,44.3,9500.0
EMP-10065,CRS-LEAD-02,Operational Excellence & Lean Six Sigma,Leadership,2025-09-24,90.7,4750.0
EMP-10794,CRS-TECH-03,Python for Data Engineering & Analytics,Tech,2025-06-14,87.2,6000.0
EMP-12540,CRS-SOFT-02,Data-Driven Decision Making & Storytelling,Soft Skills,2025-11-22,63.8,3800.0
EMP-12540,CRS-SOFT-02,Data-Driven Decision Making & Storytelling,Soft Skills,2026-01-15,86.3,1900.0
EMP-13893,CRS-COMP-01,Enterprise Labor Law & Compliance 2026,Compliance,2025-04-21,89.4,2500.0
EMP-10591,CRS-COMP-01,Enterprise Labor Law & Compliance 2026,Compliance,2025-12-26,66.8,2500.0
EMP-16555,CRS-TECH-03,Python for Data Engineering & Analytics,Tech,2025-01-13,76.6,6000.0
EMP-10170,CRS-TECH-02,Advanced SQL & Modern Data Warehousing,Tech,2025-03-28,92.8,5200.0
EMP-13445,CRS-COMP-01,Enterprise Labor Law & Compliance 2026,Compliance,2025-03-01,88.1,2500.0
EMP-12759,CRS-TECH-03,Python for Data Engineering & Analytics,Tech,2025-09-05,63.3,6000.0
EMP-13396,CRS-LEAD-02,Operational Excellence & Lean Six Sigma,Leadership,2025-07-06,93.2,9500.0
EMP-15737,CRS-SOFT-01,Executive Negotiation & Conflict Resolution,Soft Skills,2025-08-15,77.8,3200.0
EMP-12403,CRS-COMP-02,Information Governance & GDPR/Data Protection,Compliance,2025-04-26,88.6,3000.0
EMP-13746,CRS-TECH-02,Advanced SQL & Modern Data Warehousing,Tech,2025-02-14,96.7,5200.0
EMP-15644,CRS-TECH-01,Power BI & Enterprise DAX Modeling,Tech,2025-10-07,94.9,4500.0
EMP-15979,CRS-TECH-02,Advanced SQL & Modern Data Warehousing,Tech,2025-04-18,59.7,5200.0
EMP-15979,CRS-TECH-02,Advanced SQL & Modern Data Warehousing,Tech,2025-06-11,94.0,2600.0
EMP-10440,CRS-SOFT-02,Data-Driven Decision Making & Storytelling,Soft Skills,2025-02-16,75.2,3800.0
EMP-11441,CRS-COMP-02,Information Governance & GDPR/Data Protection,Compliance,2025-09-25,94.4,3000.0
EMP-11321,CRS-TECH-03,Python for Data Engineering & Analytics,Tech,2025-10-18,74.6,6000.0
EMP-16926,CRS-LEAD-02,Operational Excellence & Lean Six Sigma,Leadership,2025-03-11,80.8,9500.0
EMP-11100,CRS-LEAD-01,Strategic People Leadership & Coaching,Leadership,2025-06-04,82.6,8000.0
EMP-12904,CRS-TECH-01,Power BI & Enterprise DAX Modeling,Tech,2025-07-13,75.9,4500.0
EMP-14673,CRS-COMP-02,Information Governance & GDPR/Data Protection,Compliance,2025-03-12,75.9,3000.0
EMP-12615,CRS-LEAD-02,Operational Excellence & Lean Six Sigma,Leadership,2025-08-25,66.9,9500.0
EMP-12615,CRS-LEAD-02,Operational Excellence & Lean Six Sigma,Leadership,2025-10-12,84.9,4750.0
EMP-16044,CRS-SOFT-01,Executive Negotiation & Conflict Resolution,Soft Skills,2025-05-24,84.6,3200.0
EMP-11198,CRS-TECH-03,Python for Data Engineering & Analytics,Tech,2025-11-21,85.3,6000.0
EMP-11064,CRS-TECH-01,Power BI & Enterprise DAX Modeling,Tech,2025-10-08,97.3,4500.0
EMP-11434,CRS-COMP-01,Enterprise Labor Law & Compliance 2026,Compliance,2025-09-23,74.7,2500.0
EMP-10065,CRS-LEAD-02,Operational Excellence & Lean Six Sigma,Leadership,2025-08-17,45.3,9500.0
EMP-10065,CRS-LEAD-02,Operational Excellence & Lean Six Sigma,Leadership,2025-09-15,88.3,4750.0
EMP-12823,CRS-TECH-01,Power BI & Enterprise DAX Modeling,Tech,2025-11-24,83.3,4500.0
EMP-15458,CRS-SOFT-01,Executive Negotiation & Conflict Resolution,Soft Skills,2025-11-12,83.0,3200.0
EMP-11102,CRS-LEAD-01,Strategic People Leadership & Coaching,Leadership,2025-07-04,92.5,8000.0
EMP-16920,CRS-TECH-01,Power BI & Enterprise DAX Modeling,Tech,2025-10-11,84.4,4500.0
EMP-12299,CRS-LEAD-02,Operational Excellence & Lean Six Sigma,Leadership,2025-07-10,59.1,9500.0
EMP-14277,CRS-LEAD-01,Strategic People Leadership & Coaching,Leadership,2025-05-06,81.4,8000.0
EMP-13308,CRS-SOFT-01,Executive Negotiation & Conflict Resolution,Soft Skills,2025-07-24,90.1,3200.0
EMP-14515,CRS-COMP-02,Information Governance & GDPR/Data Protection,Compliance,2025-09-22,65.7,3000.0
EMP-10179,CRS-LEAD-01,Strategic People Leadership & Coaching,Leadership,2025-03-27,60.1,8000.0
EMP-15457,CRS-TECH-04,Cloud Architecture & Cybersecurity Fundamentals,Tech,2025-07-06,91.5,7500.0
EMP-12751,CRS-TECH-02,Advanced SQL & Modern Data Warehousing,Tech,2025-11-10,79.8,5200.0
EMP-12386,CRS-COMP-02,Information Governance & GDPR/Data Protection,Compliance,2025-12-25,85.7,3000.0
EMP-12075,CRS-COMP-01,Enterprise Labor Law & Compliance 2026,Compliance,2025-08-22,81.5,2500.0
EMP-10966,CRS-LEAD-01,Strategic People Leadership & Coaching,Leadership,2025-03-26,94.4,8000.0
EMP-16339,CRS-COMP-02,Information Governance & GDPR/Data Protection,Compliance,2025-01-21,96.9,3000.0
EMP-10501,CRS-TECH-01,Power BI & Enterprise DAX Modeling,Tech,2025-12-27,96.7,4500.0
EMP-12235,CRS-LEAD-02,Operational Excellence & Lean Six Sigma,Leadership,2025-12-08,86.9,9500.0
EMP-12825,CRS-LEAD-01,Strategic People Leadership & Coaching,Leadership,2025-04-22,83.9,8000.0
EMP-14361,CRS-TECH-01,Power BI & Enterprise DAX Modeling,Tech,2025-09-26,93.2,4500.0
EMP-13389,CRS-SOFT-01,Executive Negotiation & Conflict Resolution,Soft Skills,2025-09-10,87.6,3200.0
EMP-11667,CRS-COMP-02,Information Governance & GDPR/Data Protection,Compliance,2025-07-22,85.4,3000.0
EMP-12075,CRS-SOFT-01,Executive Negotiation & Conflict Resolution,Soft Skills,2025-06-04,60.9,3200.0
EMP-12075,CRS-SOFT-01,Executive Negotiation & Conflict Resolution,Soft Skills,2025-07-11,75.9,1600.0
EMP-14521,CRS-LEAD-01,Strategic People Leadership & Coaching,Leadership,2025-11-20,91.7,8000.0
EMP-11469,CRS-SOFT-01,Executive Negotiation & Conflict Resolution,Soft Skills,2025-07-23,84.0,3200.0
EMP-10561,CRS-TECH-02,Advanced SQL & Modern Data Warehousing,Tech,2025-06-19,76.3,5200.0
EMP-12728,CRS-COMP-02,Information Governance & GDPR/Data Protection,Compliance,2025-10-25,87.8,3000.0
EMP-16400,CRS-LEAD-01,Strategic People Leadership & Coaching,Leadership,2025-04-16,85.7,8000.0
EMP-13095,CRS-COMP-01,Enterprise Labor Law & Compliance 2026,Compliance,2025-06-22,90.0,2500.0
EMP-15263,CRS-SOFT-01,Executive Negotiation & Conflict Resolution,Soft Skills,2025-07-14,90.6,3200.0
EMP-10088,CRS-COMP-02,Information Governance & GDPR/Data Protection,Compliance,2025-04-22,85.9,3000.0
EMP-11797,CRS-COMP-01,Enterprise Labor Law & Compliance 2026,Compliance,2025-12-07,86.5,2500.0
EMP-11874,CRS-SOFT-02,Data-Driven Decision Making & Storytelling,Soft Skills,2025-01-08,75.4,3800.0
EMP-16554,CRS-TECH-01,Power BI & Enterprise DAX Modeling,Tech,2025-06-27,74.1,4500.0
EMP-16446,CRS-TECH-01,Power BI & Enterprise DAX Modeling,Tech,2025-12-07,96.3,4500.0
EMP-10147,CRS-TECH-01,Power BI & Enterprise DAX Modeling,Tech,2025-03-22,85.0,4500.0
EMP-12482,CRS-COMP-01,Enterprise Labor Law & Compliance 2026,Compliance,2025-02-28,86.5,2500.0
EMP-13639,CRS-SOFT-01,Executive Negotiation & Conflict Resolution,Soft Skills,2025-09-21,78.1,3200.0
EMP-10330,CRS-TECH-01,Power BI & Enterprise DAX Modeling,Tech,2025-12-22,87.4,4500.0
EMP-13932,CRS-SOFT-01,Executive Negotiation & Conflict Resolution,Soft Skills,2025-02-08,78.1,3200.0
EMP-16407,CRS-SOFT-02,Data-Driven Decision Making & Storytelling,Soft Skills,2025-11-25,85.0,3800.0
EMP-12235,CRS-COMP-01,Enterprise Labor Law & Compliance 2026,Compliance,2025-10-25,75.0,2500.0
EMP-14458,CRS-LEAD-01,Strategic People Leadership & Coaching,Leadership,2025-09-22,64.0,8000.0
EMP-14458,CRS-LEAD-01,Strategic People Leadership & Coaching,Leadership,2025-11-09,86.8,4000.0
EMP-15630,CRS-TECH-03,Python for Data Engineering & Analytics,Tech,2025-10-09,83.5,6000.0
EMP-10829,CRS-LEAD-02,Operational Excellence & Lean Six Sigma,Leadership,2025-12-21,62.9,9500.0
EMP-10829,CRS-LEAD-02,Operational Excellence & Lean Six Sigma,Leadership,2026-01-25,87.2,4750.0
EMP-11005,CRS-TECH-01,Power BI & Enterprise DAX Modeling,Tech,2025-12-24,63.8,4500.0
EMP-11005,CRS-TECH-01,Power BI & Enterprise DAX Modeling,Tech,2026-01-08,84.2,2250.0
EMP-14559,CRS-TECH-02,Advanced SQL & Modern Data Warehousing,Tech,2025-07-14,84.7,5200.0
EMP-15140,CRS-COMP-02,Information Governance & GDPR/Data Protection,Compliance,2025-02-15,90.6,3000.0
EMP-10663,CRS-TECH-01,Power BI & Enterprise DAX Modeling,Tech,2025-03-16,83.2,4500.0
EMP-10246,CRS-COMP-01,Enterprise Labor Law & Compliance 2026,Compliance,2025-08-23,90.3,2500.0
EMP-10937,CRS-TECH-01,Power BI & Enterprise DAX Modeling,Tech,2025-04-19,89.0,4500.0
EMP-11844,CRS-TECH-01,Power BI & Enterprise DAX Modeling,Tech,2025-08-16,58.0,4500.0
EMP-11844,CRS-TECH-01,Power BI & Enterprise DAX Modeling,Tech,2025-09-19,86.5,2250.0
EMP-12617,CRS-TECH-02,Advanced SQL & Modern Data Warehousing,Tech,2025-11-17,77.8,5200.0
EMP-11741,CRS-TECH-01,Power BI & Enterprise DAX Modeling,Tech,2025-02-06,87.0,4500.0
EMP-16253,CRS-LEAD-01,Strategic People Leadership & Coaching,Leadership,2025-05-01,52.9,8000.0
EMP-16253,CRS-LEAD-01,Strategic People Leadership & Coaching,Leadership,2025-06-29,85.0,4000.0
EMP-15202,CRS-SOFT-01,Executive Negotiation & Conflict Resolution,Soft Skills,2025-02-20,61.0,3200.0
EMP-15202,CRS-SOFT-01,Executive Negotiation & Conflict Resolution,Soft Skills,2025-04-01,90.4,1600.0
EMP-12803,CRS-COMP-02,Information Governance & GDPR/Data Protection,Compliance,2025-05-27,88.7,3000.0
EMP-14433,CRS-TECH-01,Power BI & Enterprise DAX Modeling,Tech,2025-07-08,86.8,4500.0
EMP-10160,CRS-COMP-01,Enterprise Labor Law & Compliance 2026,Compliance,2025-08-08,92.0,2500.0
EMP-15445,CRS-LEAD-01,Strategic People Leadership & Coaching,Leadership,2025-08-23,62.6,8000.0
EMP-15445,CRS-LEAD-01,Strategic People Leadership & Coaching,Leadership,2025-09-29,75.8,4000.0
EMP-13728,CRS-SOFT-01,Executive Negotiation & Conflict Resolution,Soft Skills,2025-04-15,97.8,3200.0
EMP-12060,CRS-TECH-03,Python for Data Engineering & Analytics,Tech,2025-03-26,94.9,6000.0
EMP-11159,CRS-COMP-02,Information Governance & GDPR/Data Protection,Compliance,2025-04-06,95.4,3000.0
EMP-16982,CRS-TECH-02,Advanced SQL & Modern Data Warehousing,Tech,2025-11-04,76.2,5200.0
EMP-13568,CRS-COMP-01,Enterprise Labor Law & Compliance 2026,Compliance,2025-01-03,97.7,2500.0
EMP-13700,CRS-COMP-01,Enterprise Labor Law & Compliance 2026,Compliance,2025-05-27,92.8,2500.0
EMP-12236,CRS-SOFT-02,Data-Driven Decision Making & Storytelling,Soft Skills,2025-11-08,66.8,3800.0
EMP-12236,CRS-SOFT-02,Data-Driven Decision Making & Storytelling,Soft Skills,2025-12-10,91.4,1900.0
EMP-13548,CRS-TECH-01,Power BI & Enterprise DAX Modeling,Tech,2025-03-14,92.0,4500.0
EMP-16236,CRS-SOFT-01,Executive Negotiation & Conflict Resolution,Soft Skills,2025-02-18,91.4,3200.0
EMP-16290,CRS-COMP-01,Enterprise Labor Law & Compliance 2026,Compliance,2025-11-02,94.9,2500.0
EMP-15979,CRS-TECH-02,Advanced SQL & Modern Data Warehousing,Tech,2025-05-13,73.8,5200.0
EMP-10846,CRS-TECH-01,Power BI & Enterprise DAX Modeling,Tech,2025-07-26,95.6,4500.0
EMP-13602,CRS-TECH-04,Cloud Architecture & Cybersecurity Fundamentals,Tech,2025-02-25,91.4,7500.0
EMP-12530,CRS-TECH-01,Power BI & Enterprise DAX Modeling,Tech,2025-03-10,82.3,4500.0
EMP-15474,CRS-TECH-03,Python for Data Engineering & Analytics,Tech,2025-08-26,91.2,6000.0
EMP-14303,CRS-LEAD-01,Strategic People Leadership & Coaching,Leadership,2025-12-08,90.1,8000.0
EMP-13948,CRS-LEAD-01,Strategic People Leadership & Coaching,Leadership,2025-05-09,90.7,8000.0
EMP-11727,CRS-COMP-02,Information Governance & GDPR/Data Protection,Compliance,2025-08-26,89.2,3000.0
EMP-16844,CRS-LEAD-01,Strategic People Leadership & Coaching,Leadership,2025-11-11,89.7,8000.0
EMP-11886,CRS-TECH-01,Power BI & Enterprise DAX Modeling,Tech,2025-05-05,63.6,4500.0
EMP-13554,CRS-TECH-01,Power BI & Enterprise DAX Modeling,Tech,2025-06-19,77.8,4500.0
EMP-14796,CRS-TECH-01,Power BI & Enterprise DAX Modeling,Tech,2025-06-14,92.9,4500.0
EMP-12614,CRS-TECH-04,Cloud Architecture & Cybersecurity Fundamentals,Tech,2025-02-27,82.8,7500.0
EMP-14115,CRS-TECH-02,Advanced SQL & Modern Data Warehousing,Tech,2025-12-04,82.3,5200.0
EMP-13360,CRS-SOFT-01,Executive Negotiation & Conflict Resolution,Soft Skills,2025-02-24,93.2,3200.0
EMP-12795,CRS-SOFT-01,Executive Negotiation & Conflict Resolution,Soft Skills,2025-11-18,89.8,3200.0
EMP-13389,CRS-SOFT-02,Data-Driven Decision Making & Storytelling,Soft Skills,2025-03-13,96.1,3800.0
EMP-16592,CRS-TECH-01,Power BI & Enterprise DAX Modeling,Tech,2025-06-09,52.3,4500.0
EMP-16592,CRS-TECH-01,Power BI & Enterprise DAX Modeling,Tech,2025-07-02,79.5,2250.0
EMP-10211,CRS-TECH-01,Power BI & Enterprise DAX Modeling,Tech,2025-12-20,86.0,4500.0
EMP-14048,CRS-TECH-01,Power BI & Enterprise DAX Modeling,Tech,2025-03-04,83.1,4500.0
EMP-14160,CRS-SOFT-01,Executive Negotiation & Conflict Resolution,Soft Skills,2025-01-21,90.6,3200.0
EMP-15055,CRS-TECH-01,Power BI & Enterprise DAX Modeling,Tech,2025-04-18,84.8,4500.0
EMP-12108,CRS-LEAD-01,Strategic People Leadership & Coaching,Leadership,2025-06-18,84.5,8000.0
EMP-14925,CRS-SOFT-01,Executive Negotiation & Conflict Resolution,Soft Skills,2025-12-24,83.8,3200.0
EMP-11001,CRS-SOFT-01,Executive Negotiation & Conflict Resolution,Soft Skills,2025-09-20,64.3,3200.0
EMP-11001,CRS-SOFT-01,Executive Negotiation & Conflict Resolution,Soft Skills,2025-10-14,92.0,1600.0
EMP-12750,CRS-LEAD-02,Operational Excellence & Lean Six Sigma,Leadership,2025-12-23,53.9,9500.0
EMP-12750,CRS-LEAD-02,Operational Excellence & Lean Six Sigma,Leadership,2026-02-20,94.8,4750.0
EMP-12139,CRS-TECH-01,Power BI & Enterprise DAX Modeling,Tech,2025-12-19,53.4,4500.0
EMP-11603,CRS-TECH-01,Power BI & Enterprise DAX Modeling,Tech,2025-06-01,93.0,4500.0
EMP-12759,CRS-TECH-04,Cloud Architecture & Cybersecurity Fundamentals,Tech,2025-09-10,50.9,7500.0
EMP-12759,CRS-TECH-04,Cloud Architecture & Cybersecurity Fundamentals,Tech,2025-11-06,87.3,3750.0
EMP-15579,CRS-TECH-03,Python for Data Engineering & Analytics,Tech,2025-04-08,87.5,6000.0
EMP-11314,CRS-LEAD-02,Operational Excellence & Lean Six Sigma,Leadership,2025-12-08,94.4,9500.0
EMP-12945,CRS-TECH-01,Power BI & Enterprise DAX Modeling,Tech,2025-02-15,76.2,4500.0
EMP-12953,CRS-SOFT-01,Executive Negotiation & Conflict Resolution,Soft Skills,2025-05-15,51.1,3200.0
EMP-12953,CRS-SOFT-01,Executive Negotiation & Conflict Resolution,Soft Skills,2025-06-14,86.7,1600.0
EMP-14438,CRS-TECH-01,Power BI & Enterprise DAX Modeling,Tech,2025-09-06,85.0,4500.0
EMP-11001,CRS-LEAD-02,Operational Excellence & Lean Six Sigma,Leadership,2025-05-13,64.5,9500.0
EMP-12100,CRS-LEAD-02,Operational Excellence & Lean Six Sigma,Leadership,2025-06-02,90.6,9500.0
EMP-14008,CRS-COMP-02,Information Governance & GDPR/Data Protection,Compliance,2025-10-26,74.7,3000.0
EMP-15229,CRS-TECH-03,Python for Data Engineering & Analytics,Tech,2025-10-03,88.7,6000.0
EMP-11612,CRS-SOFT-02,Data-Driven Decision Making & Storytelling,Soft Skills,2025-05-07,94.6,3800.0
EMP-10500,CRS-COMP-01,Enterprise Labor Law & Compliance 2026,Compliance,2025-04-24,61.3,2500.0
EMP-10500,CRS-COMP-01,Enterprise Labor Law & Compliance 2026,Compliance,2025-06-04,88.9,1250.0
EMP-12607,CRS-COMP-02,Information Governance & GDPR/Data Protection,Compliance,2025-02-05,87.5,3000.0
EMP-13647,CRS-SOFT-02,Data-Driven Decision Making & Storytelling,Soft Skills,2025-01-21,84.8,3800.0
EMP-11993,CRS-COMP-01,Enterprise Labor Law & Compliance 2026,Compliance,2025-05-26,74.1,2500.0
EMP-13114,CRS-COMP-02,Information Governance & GDPR/Data Protection,Compliance,2025-10-17,91.5,3000.0
EMP-16179,CRS-LEAD-01,Strategic People Leadership & Coaching,Leadership,2025-12-10,95.0,8000.0
EMP-13592,CRS-TECH-01,Power BI & Enterprise DAX Modeling,Tech,2025-04-17,96.0,4500.0
EMP-16948,CRS-LEAD-02,Operational Excellence & Lean Six Sigma,Leadership,2025-08-10,95.6,9500.0
EMP-16597,CRS-TECH-02,Advanced SQL & Modern Data Warehousing,Tech,2025-07-18,78.6,5200.0
EMP-13222,CRS-SOFT-01,Executive Negotiation & Conflict Resolution,Soft Skills,2025-07-23,62.0,3200.0
EMP-10043,CRS-TECH-03,Python for Data Engineering & Analytics,Tech,2025-07-12,82.1,6000.0
EMP-13233,CRS-COMP-01,Enterprise Labor Law & Compliance 2026,Compliance,2025-03-04,86.3,2500.0
EMP-10830,CRS-SOFT-01,Executive Negotiation & Conflict Resolution,Soft Skills,2025-03-26,88.6,3200.0
EMP-14539,CRS-TECH-03,Python for Data Engineering & Analytics,Tech,2025-10-04,93.3,6000.0
EMP-12684,CRS-COMP-01,Enterprise Labor Law & Compliance 2026,Compliance,2025-04-19,95.6,2500.0
EMP-13484,CRS-TECH-01,Power BI & Enterprise DAX Modeling,Tech,2025-12-23,80.8,4500.0
EMP-16954,CRS-TECH-01,Power BI & Enterprise DAX Modeling,Tech,2025-01-13,85.4,4500.0
EMP-14269,CRS-COMP-01,Enterprise Labor Law & Compliance 2026,Compliance,2025-05-27,97.7,2500.0
EMP-13481,CRS-TECH-02,Advanced SQL & Modern Data Warehousing,Tech,2025-10-22,83.4,5200.0
EMP-16550,CRS-LEAD-02,Operational Excellence & Lean Six Sigma,Leadership,2025-08-23,51.1,9500.0
EMP-15693,CRS-TECH-02,Advanced SQL & Modern Data Warehousing,Tech,2025-05-07,96.5,5200.0
EMP-12948,CRS-TECH-02,Advanced SQL & Modern Data Warehousing,Tech,2025-08-15,90.1,5200.0
EMP-16435,CRS-COMP-02,Information Governance & GDPR/Data Protection,Compliance,2025-01-21,76.3,3000.0
EMP-16665,CRS-COMP-01,Enterprise Labor Law & Compliance 2026,Compliance,2025-04-10,74.8,2500.0
EMP-15506,CRS-TECH-01,Power BI & Enterprise DAX Modeling,Tech,2025-02-26,46.1,4500.0
EMP-11093,CRS-COMP-02,Information Governance & GDPR/Data Protection,Compliance,2025-11-22,95.6,3000.0
EMP-14676,CRS-TECH-02,Advanced SQL & Modern Data Warehousing,Tech,2025-06-05,87.4,5200.0
EMP-15829,CRS-COMP-02,Information Governance & GDPR/Data Protection,Compliance,2025-05-02,89.3,3000.0
EMP-15550,CRS-LEAD-01,Strategic People Leadership & Coaching,Leadership,2025-05-20,87.5,8000.0
EMP-10847,CRS-TECH-01,Power BI & Enterprise DAX Modeling,Tech,2025-12-07,57.8,4500.0
EMP-13327,CRS-COMP-02,Information Governance & GDPR/Data Protection,Compliance,2025-06-18,93.6,3000.0
EMP-12508,CRS-SOFT-02,Data-Driven Decision Making & Storytelling,Soft Skills,2025-04-17,97.6,3800.0
EMP-11712,CRS-TECH-02,Advanced SQL & Modern Data Warehousing,Tech,2025-05-20,84.7,5200.0
EMP-15505,CRS-TECH-02,Advanced SQL & Modern Data Warehousing,Tech,2025-06-11,82.6,5200.0
EMP-16447,CRS-SOFT-01,Executive Negotiation & Conflict Resolution,Soft Skills,2025-04-09,72.9,3200.0
EMP-16685,CRS-TECH-02,Advanced SQL & Modern Data Warehousing,Tech,2025-08-06,90.3,5200.0
EMP-10419,CRS-TECH-01,Power BI & Enterprise DAX Modeling,Tech,2025-10-07,59.4,4500.0
EMP-10419,CRS-TECH-01,Power BI & Enterprise DAX Modeling,Tech,2025-11-11,93.1,2250.0
EMP-15198,CRS-TECH-01,Power BI & Enterprise DAX Modeling,Tech,2025-07-05,88.9,4500.0
EMP-11881,CRS-TECH-02,Advanced SQL & Modern Data Warehousing,Tech,2025-01-23,87.6,5200.0
EMP-12723,CRS-TECH-01,Power BI & Enterprise DAX Modeling,Tech,2025-07-19,52.9,4500.0
EMP-14894,CRS-TECH-02,Advanced SQL & Modern Data Warehousing,Tech,2025-12-05,94.0,5200.0
EMP-10744,CRS-LEAD-02,Operational Excellence & Lean Six Sigma,Leadership,2025-01-04,77.6,9500.0
EMP-13661,CRS-TECH-02,Advanced SQL & Modern Data Warehousing,Tech,2025-04-12,91.3,5200.0
EMP-11588,CRS-SOFT-01,Executive Negotiation & Conflict Resolution,Soft Skills,2025-04-13,63.3,3200.0
EMP-15946,CRS-COMP-02,Information Governance & GDPR/Data Protection,Compliance,2025-04-15,83.3,3000.0
EMP-12101,CRS-SOFT-02,Data-Driven Decision Making & Storytelling,Soft Skills,2025-06-24,92.2,3800.0
EMP-16415,CRS-TECH-02,Advanced SQL & Modern Data Warehousing,Tech,2025-06-09,82.7,5200.0
EMP-13275,CRS-SOFT-01,Executive Negotiation & Conflict Resolution,Soft Skills,2025-04-08,96.2,3200.0
EMP-10835,CRS-LEAD-02,Operational Excellence & Lean Six Sigma,Leadership,2025-06-21,97.4,9500.0
EMP-11528,CRS-TECH-01,Power BI & Enterprise DAX Modeling,Tech,2025-04-19,80.5,4500.0
EMP-13046,CRS-SOFT-01,Executive Negotiation & Conflict Resolution,Soft Skills,2025-12-24,62.6,3200.0
EMP-13046,CRS-SOFT-01,Executive Negotiation & Conflict Resolution,Soft Skills,2026-02-21,76.8,1600.0
EMP-15259,CRS-TECH-04,Cloud Architecture & Cybersecurity Fundamentals,Tech,2025-09-10,91.0,7500.0
EMP-13122,CRS-TECH-01,Power BI & Enterprise DAX Modeling,Tech,2025-12-26,92.6,4500.0
EMP-16059,CRS-TECH-03,Python for Data Engineering & Analytics,Tech,2025-10-24,88.5,6000.0
EMP-16129,CRS-TECH-01,Power BI & Enterprise DAX Modeling,Tech,2025-12-21,84.5,4500.0
EMP-12259,CRS-COMP-01,Enterprise Labor Law & Compliance 2026,Compliance,2025-11-21,95.3,2500.0
EMP-11314,CRS-SOFT-01,Executive Negotiation & Conflict Resolution,Soft Skills,2025-07-09,65.9,3200.0
EMP-11314,CRS-SOFT-01,Executive Negotiation & Conflict Resolution,Soft Skills,2025-08-25,78.4,1600.0
EMP-11283,CRS-TECH-03,Python for Data Engineering & Analytics,Tech,2025-12-02,96.1,6000.0
EMP-11227,CRS-SOFT-01,Executive Negotiation & Conflict Resolution,Soft Skills,2025-09-28,81.6,3200.0
EMP-15187,CRS-TECH-01,Power BI & Enterprise DAX Modeling,Tech,2025-05-13,82.9,4500.0
EMP-11168,CRS-SOFT-01,Executive Negotiation & Conflict Resolution,Soft Skills,2025-03-15,60.9,3200.0
EMP-13647,CRS-TECH-01,Power BI & Enterprise DAX Modeling,Tech,2025-05-02,84.8,4500.0
EMP-11868,CRS-TECH-02,Advanced SQL & Modern Data Warehousing,Tech,2025-02-01,82.3,5200.0
EMP-10232,CRS-LEAD-01,Strategic People Leadership & Coaching,Leadership,2025-06-18,90.4,8000.0
EMP-12765,CRS-TECH-01,Power BI & Enterprise DAX Modeling,Tech,2025-12-25,88.7,4500.0
EMP-10937,CRS-TECH-02,Advanced SQL & Modern Data Warehousing,Tech,2025-12-06,96.2,5200.0
EMP-13826,CRS-LEAD-02,Operational Excellence & Lean Six Sigma,Leadership,2025-02-01,91.6,9500.0
EMP-11463,CRS-TECH-01,Power BI & Enterprise DAX Modeling,Tech,2025-09-03,92.2,4500.0
EMP-11843,CRS-TECH-01,Power BI & Enterprise DAX Modeling,Tech,2025-11-10,89.9,4500.0
EMP-13346,CRS-TECH-01,Power BI & Enterprise DAX Modeling,Tech,2025-01-13,89.2,4500.0
EMP-14301,CRS-TECH-02,Advanced SQL & Modern Data Warehousing,Tech,2025-03-17,94.7,5200.0
EMP-15434,CRS-COMP-02,Information Governance & GDPR/Data Protection,Compliance,2025-04-19,84.5,3000.0
EMP-14188,CRS-COMP-02,Information Governance & GDPR/Data Protection,Compliance,2025-11-10,86.4,3000.0
EMP-12193,CRS-TECH-01,Power BI & Enterprise DAX Modeling,Tech,2025-12-19,85.2,4500.0
EMP-16866,CRS-LEAD-02,Operational Excellence & Lean Six Sigma,Leadership,2025-07-09,88.8,9500.0
EMP-16792,CRS-LEAD-02,Operational Excellence & Lean Six Sigma,Leadership,2025-12-08,65.1,9500.0
EMP-16792,CRS-LEAD-02,Operational Excellence & Lean Six Sigma,Leadership,2026-01-10,85.3,4750.0
EMP-11749,CRS-TECH-02,Advanced SQL & Modern Data Warehousing,Tech,2025-09-09,90.7,5200.0
EMP-13548,CRS-TECH-03,Python for Data Engineering & Analytics,Tech,2025-01-13,84.0,6000.0
EMP-10771,CRS-LEAD-01,Strategic People Leadership & Coaching,Leadership,2025-02-01,66.8,8000.0
EMP-10771,CRS-LEAD-01,Strategic People Leadership & Coaching,Leadership,2025-03-18,90.9,4000.0
EMP-16908,CRS-TECH-02,Advanced SQL & Modern Data Warehousing,Tech,2025-06-05,79.0,5200.0
EMP-12847,CRS-LEAD-01,Strategic People Leadership & Coaching,Leadership,2025-06-21,90.4,8000.0
EMP-15227,CRS-TECH-02,Advanced SQL & Modern Data Warehousing,Tech,2025-11-18,58.7,5200.0
EMP-15227,CRS-TECH-02,Advanced SQL & Modern Data Warehousing,Tech,2026-01-03,78.8,2600.0
EMP-14776,CRS-TECH-01,Power BI & Enterprise DAX Modeling,Tech,2025-10-03,94.0,4500.0
EMP-15161,CRS-SOFT-01,Executive Negotiation & Conflict Resolution,Soft Skills,2025-07-25,52.1,3200.0
EMP-15161,CRS-SOFT-01,Executive Negotiation & Conflict Resolution,Soft Skills,2025-08-15,75.0,1600.0
EMP-12648,CRS-SOFT-02,Data-Driven Decision Making & Storytelling,Soft Skills,2025-12-16,89.3,3800.0
EMP-10719,CRS-COMP-01,Enterprise Labor Law & Compliance 2026,Compliance,2025-06-24,80.3,2500.0
EMP-10960,CRS-COMP-01,Enterprise Labor Law & Compliance 2026,Compliance,2025-07-18,91.6,2500.0
EMP-16734,CRS-TECH-01,Power BI & Enterprise DAX Modeling,Tech,2025-09-24,81.7,4500.0
EMP-11921,CRS-COMP-01,Enterprise Labor Law & Compliance 2026,Compliance,2025-08-21,87.8,2500.0
EMP-15188,CRS-COMP-01,Enterprise Labor Law & Compliance 2026,Compliance,2025-06-14,89.9,2500.0
EMP-14243,CRS-TECH-03,Python for Data Engineering & Analytics,Tech,2025-03-16,72.1,6000.0
EMP-12435,CRS-COMP-01,Enterprise Labor Law & Compliance 2026,Compliance,2025-12-11,84.9,2500.0
EMP-14280,CRS-TECH-01,Power BI & Enterprise DAX Modeling,Tech,2025-05-11,73.9,4500.0
EMP-16809,CRS-LEAD-02,Operational Excellence & Lean Six Sigma,Leadership,2025-08-21,82.3,9500.0
EMP-14201,CRS-TECH-01,Power BI & Enterprise DAX Modeling,Tech,2025-06-09,82.0,4500.0
EMP-11246,CRS-TECH-01,Power BI & Enterprise DAX Modeling,Tech,2025-05-19,76.1,4500.0
EMP-14196,CRS-TECH-02,Advanced SQL & Modern Data Warehousing,Tech,2025-10-01,84.6,5200.0
EMP-12091,CRS-COMP-01,Enterprise Labor Law & Compliance 2026,Compliance,2025-08-05,91.1,2500.0
EMP-15615,CRS-LEAD-01,Strategic People Leadership & Coaching,Leadership,2025-07-25,88.5,8000.0
EMP-14159,CRS-SOFT-01,Executive Negotiation & Conflict Resolution,Soft Skills,2025-01-22,97.4,3200.0
EMP-10567,CRS-LEAD-02,Operational Excellence & Lean Six Sigma,Leadership,2025-12-13,85.8,9500.0
EMP-10909,CRS-LEAD-01,Strategic People Leadership & Coaching,Leadership,2025-08-18,66.2,8000.0
EMP-10524,CRS-SOFT-01,Executive Negotiation & Conflict Resolution,Soft Skills,2025-06-25,90.0,3200.0
EMP-16987,CRS-TECH-04,Cloud Architecture & Cybersecurity Fundamentals,Tech,2025-09-14,92.9,7500.0
EMP-12232,CRS-LEAD-01,Strategic People Leadership & Coaching,Leadership,2025-02-24,96.0,8000.0
EMP-12194,CRS-LEAD-01,Strategic People Leadership & Coaching,Leadership,2025-03-26,85.9,8000.0
EMP-11741,CRS-TECH-02,Advanced SQL & Modern Data Warehousing,Tech,2025-11-16,96.3,5200.0
EMP-13508,CRS-SOFT-02,Data-Driven Decision Making & Storytelling,Soft Skills,2025-04-20,93.0,3800.0
EMP-14772,CRS-COMP-02,Information Governance & GDPR/Data Protection,Compliance,2025-03-28,90.9,3000.0
EMP-10116,CRS-TECH-01,Power BI & Enterprise DAX Modeling,Tech,2025-01-16,84.1,4500.0
EMP-13786,CRS-COMP-02,Information Governance & GDPR/Data Protection,Compliance,2025-11-15,54.5,3000.0
EMP-13786,CRS-COMP-02,Information Governance & GDPR/Data Protection,Compliance,2026-01-11,81.1,1500.0
EMP-12574,CRS-LEAD-01,Strategic People Leadership & Coaching,Leadership,2025-01-14,94.9,8000.0
EMP-10311,CRS-TECH-01,Power BI & Enterprise DAX Modeling,Tech,2025-01-11,81.3,4500.0
EMP-14606,CRS-SOFT-01,Executive Negotiation & Conflict Resolution,Soft Skills,2025-05-16,85.3,3200.0
EMP-16511,CRS-LEAD-01,Strategic People Leadership & Coaching,Leadership,2025-06-09,85.7,8000.0
EMP-10170,CRS-TECH-02,Advanced SQL & Modern Data Warehousing,Tech,2025-12-19,96.9,5200.0
EMP-14977,CRS-TECH-01,Power BI & Enterprise DAX Modeling,Tech,2025-06-05,87.8,4500.0
EMP-13945,CRS-TECH-01,Power BI & Enterprise DAX Modeling,Tech,2025-02-10,93.9,4500.0
EMP-16235,CRS-TECH-01,Power BI & Enterprise DAX Modeling,Tech,2025-06-04,78.3,4500.0
EMP-10413,CRS-TECH-01,Power BI & Enterprise DAX Modeling,Tech,2025-12-16,72.9,4500.0
EMP-12312,CRS-SOFT-02,Data-Driven Decision Making & Storytelling,Soft Skills,2025-09-09,54.1,3800.0
EMP-12312,CRS-SOFT-02,Data-Driven Decision Making & Storytelling,Soft Skills,2025-10-26,91.9,1900.0
EMP-15330,CRS-SOFT-02,Data-Driven Decision Making & Storytelling,Soft Skills,2025-11-23,84.3,3800.0
EMP-12079,CRS-TECH-01,Power BI & Enterprise DAX Modeling,Tech,2025-01-10,82.1,4500.0
EMP-13963,CRS-COMP-01,Enterprise Labor Law & Compliance 2026,Compliance,2025-08-04,86.2,2500.0
EMP-11812,CRS-SOFT-02,Data-Driven Decision Making & Storytelling,Soft Skills,2025-08-14,72.7,3800.0
EMP-14243,CRS-TECH-01,Power BI & Enterprise DAX Modeling,Tech,2025-04-05,87.8,4500.0
EMP-14959,CRS-LEAD-01,Strategic People Leadership & Coaching,Leadership,2025-07-27,83.3,8000.0
EMP-11366,CRS-TECH-03,Python for Data Engineering & Analytics,Tech,2025-09-19,86.1,6000.0
EMP-11794,CRS-COMP-02,Information Governance & GDPR/Data Protection,Compliance,2025-08-23,75.0,3000.0
EMP-12847,CRS-COMP-01,Enterprise Labor Law & Compliance 2026,Compliance,2025-02-10,95.4,2500.0
EMP-11517,CRS-LEAD-01,Strategic People Leadership & Coaching,Leadership,2025-08-18,88.1,8000.0
EMP-15951,CRS-TECH-04,Cloud Architecture & Cybersecurity Fundamentals,Tech,2025-08-05,89.6,7500.0
EMP-12091,CRS-COMP-01,Enterprise Labor Law & Compliance 2026,Compliance,2025-05-03,83.6,2500.0
EMP-12102,CRS-COMP-01,Enterprise Labor Law & Compliance 2026,Compliance,2025-09-28,88.1,2500.0
EMP-14911,CRS-TECH-02,Advanced SQL & Modern Data Warehousing,Tech,2025-12-02,89.6,5200.0
EMP-11531,CRS-COMP-02,Information Governance & GDPR/Data Protection,Compliance,2025-09-15,94.7,3000.0
EMP-10713,CRS-COMP-02,Information Governance & GDPR/Data Protection,Compliance,2025-06-08,78.4,3000.0
EMP-15392,CRS-TECH-01,Power BI & Enterprise DAX Modeling,Tech,2025-11-11,91.3,4500.0
EMP-13060,CRS-SOFT-01,Executive Negotiation & Conflict Resolution,Soft Skills,2025-10-07,53.4,3200.0
EMP-13060,CRS-SOFT-01,Executive Negotiation & Conflict Resolution,Soft Skills,2025-10-23,83.9,1600.0
EMP-16704,CRS-LEAD-02,Operational Excellence & Lean Six Sigma,Leadership,2025-09-25,64.6,9500.0
EMP-16704,CRS-LEAD-02,Operational Excellence & Lean Six Sigma,Leadership,2025-10-22,83.1,4750.0
EMP-11961,CRS-LEAD-01,Strategic People Leadership & Coaching,Leadership,2025-07-22,83.6,8000.0
EMP-12103,CRS-SOFT-01,Executive Negotiation & Conflict Resolution,Soft Skills,2025-04-22,63.2,3200.0
EMP-12103,CRS-SOFT-01,Executive Negotiation & Conflict Resolution,Soft Skills,2025-05-17,87.9,1600.0
EMP-12779,CRS-TECH-02,Advanced SQL & Modern Data Warehousing,Tech,2025-02-09,80.9,5200.0
EMP-11229,CRS-COMP-01,Enterprise Labor Law & Compliance 2026,Compliance,2025-11-14,71.5,2500.0
EMP-16538,CRS-SOFT-01,Executive Negotiation & Conflict Resolution,Soft Skills,2025-02-23,88.9,3200.0
EMP-12425,CRS-COMP-01,Enterprise Labor Law & Compliance 2026,Compliance,2025-12-07,78.5,2500.0
EMP-14999,CRS-TECH-04,Cloud Architecture & Cybersecurity Fundamentals,Tech,2025-01-28,88.7,7500.0
EMP-10370,CRS-TECH-01,Power BI & Enterprise DAX Modeling,Tech,2025-12-08,76.9,4500.0
EMP-12102,CRS-COMP-01,Enterprise Labor Law & Compliance 2026,Compliance,2025-04-08,92.8,2500.0
EMP-16810,CRS-COMP-02,Information Governance & GDPR/Data Protection,Compliance,2025-07-12,86.8,3000.0
EMP-16321,CRS-TECH-01,Power BI & Enterprise DAX Modeling,Tech,2025-04-20,88.4,4500.0
EMP-15106,CRS-TECH-04,Cloud Architecture & Cybersecurity Fundamentals,Tech,2025-10-12,78.4,7500.0
EMP-11894,CRS-SOFT-02,Data-Driven Decision Making & Storytelling,Soft Skills,2025-10-25,64.2,3800.0
EMP-11894,CRS-SOFT-02,Data-Driven Decision Making & Storytelling,Soft Skills,2025-11-22,89.6,1900.0
EMP-10699,CRS-SOFT-02,Data-Driven Decision Making & Storytelling,Soft Skills,2025-07-09,95.4,3800.0
EMP-14974,CRS-TECH-02,Advanced SQL & Modern Data Warehousing,Tech,2025-01-26,67.9,5200.0
EMP-16842,CRS-LEAD-01,Strategic People Leadership & Coaching,Leadership,2025-04-24,83.4,8000.0
EMP-12618,CRS-LEAD-01,Strategic People Leadership & Coaching,Leadership,2025-01-15,83.0,8000.0
EMP-15715,CRS-LEAD-02,Operational Excellence & Lean Six Sigma,Leadership,2025-11-15,63.7,9500.0
EMP-15715,CRS-LEAD-02,Operational Excellence & Lean Six Sigma,Leadership,2026-01-09,90.7,4750.0
EMP-16140,CRS-SOFT-01,Executive Negotiation & Conflict Resolution,Soft Skills,2025-08-16,90.9,3200.0
EMP-12751,CRS-TECH-04,Cloud Architecture & Cybersecurity Fundamentals,Tech,2025-08-27,81.0,7500.0
EMP-13009,CRS-SOFT-01,Executive Negotiation & Conflict Resolution,Soft Skills,2025-01-26,82.4,3200.0
EMP-16181,CRS-SOFT-01,Executive Negotiation & Conflict Resolution,Soft Skills,2025-08-18,61.4,3200.0
EMP-16181,CRS-SOFT-01,Executive Negotiation & Conflict Resolution,Soft Skills,2025-09-06,82.5,1600.0
EMP-13827,CRS-TECH-01,Power BI & Enterprise DAX Modeling,Tech,2025-10-25,82.9,4500.0
EMP-10460,CRS-COMP-01,Enterprise Labor Law & Compliance 2026,Compliance,2025-08-27,94.5,2500.0
EMP-16557,CRS-LEAD-01,Strategic People Leadership & Coaching,Leadership,2025-08-15,88.9,8000.0
EMP-14583,CRS-TECH-02,Advanced SQL & Modern Data Warehousing,Tech,2025-05-26,75.5,5200.0
EMP-13367,CRS-TECH-02,Advanced SQL & Modern Data Warehousing,Tech,2025-12-06,54.9,5200.0
EMP-10923,CRS-TECH-04,Cloud Architecture & Cybersecurity Fundamentals,Tech,2025-05-16,92.1,7500.0
EMP-11347,CRS-TECH-01,Power BI & Enterprise DAX Modeling,Tech,2025-06-10,74.1,4500.0
EMP-12763,CRS-TECH-01,Power BI & Enterprise DAX Modeling,Tech,2025-10-07,61.1,4500.0
EMP-12763,CRS-TECH-01,Power BI & Enterprise DAX Modeling,Tech,2025-12-02,77.0,2250.0
EMP-16670,CRS-SOFT-01,Executive Negotiation & Conflict Resolution,Soft Skills,2025-03-20,89.7,3200.0
EMP-11894,CRS-SOFT-02,Data-Driven Decision Making & Storytelling,Soft Skills,2025-12-10,57.6,3800.0
EMP-15437,CRS-TECH-03,Python for Data Engineering & Analytics,Tech,2025-02-15,50.5,6000.0
EMP-15437,CRS-TECH-03,Python for Data Engineering & Analytics,Tech,2025-03-26,88.9,3000.0
EMP-13300,CRS-COMP-01,Enterprise Labor Law & Compliance 2026,Compliance,2025-06-12,63.6,2500.0
EMP-13300,CRS-COMP-01,Enterprise Labor Law & Compliance 2026,Compliance,2025-06-27,77.2,1250.0
EMP-10794,CRS-TECH-04,Cloud Architecture & Cybersecurity Fundamentals,Tech,2025-03-27,65.4,7500.0
EMP-10061,CRS-TECH-02,Advanced SQL & Modern Data Warehousing,Tech,2025-07-11,81.3,5200.0
EMP-13646,CRS-TECH-01,Power BI & Enterprise DAX Modeling,Tech,2025-05-21,96.7,4500.0
EMP-10590,CRS-SOFT-01,Executive Negotiation & Conflict Resolution,Soft Skills,2025-06-20,80.0,3200.0
EMP-15564,CRS-TECH-01,Power BI & Enterprise DAX Modeling,Tech,2025-03-15,64.8,4500.0
EMP-14779,CRS-COMP-01,Enterprise Labor Law & Compliance 2026,Compliance,2025-03-11,81.3,2500.0
EMP-13818,CRS-SOFT-01,Executive Negotiation & Conflict Resolution,Soft Skills,2025-11-12,87.1,3200.0
EMP-10446,CRS-TECH-01,Power BI & Enterprise DAX Modeling,Tech,2025-06-05,81.3,4500.0
EMP-12326,CRS-SOFT-01,Executive Negotiation & Conflict Resolution,Soft Skills,2025-07-22,78.7,3200.0
EMP-10242,CRS-COMP-01,Enterprise Labor Law & Compliance 2026,Compliance,2025-03-27,90.7,2500.0
EMP-14470,CRS-COMP-01,Enterprise Labor Law & Compliance 2026,Compliance,2025-01-17,88.2,2500.0
EMP-11074,CRS-LEAD-02,Operational Excellence & Lean Six Sigma,Leadership,2025-02-16,94.1,9500.0
EMP-12750,CRS-LEAD-01,Strategic People Leadership & Coaching,Leadership,2025-10-16,75.4,8000.0
EMP-12010,CRS-TECH-01,Power BI & Enterprise DAX Modeling,Tech,2025-09-28,86.1,4500.0
EMP-11312,CRS-TECH-01,Power BI & Enterprise DAX Modeling,Tech,2025-07-28,83.5,4500.0
EMP-16908,CRS-COMP-02,Information Governance & GDPR/Data Protection,Compliance,2025-02-10,78.1,3000.0
EMP-14548,CRS-SOFT-01,Executive Negotiation & Conflict Resolution,Soft Skills,2025-08-09,88.9,3200.0
EMP-13486,CRS-TECH-01,Power BI & Enterprise DAX Modeling,Tech,2025-04-04,72.6,4500.0
EMP-16257,CRS-TECH-01,Power BI & Enterprise DAX Modeling,Tech,2025-02-02,64.2,4500.0
EMP-16257,CRS-TECH-01,Power BI & Enterprise DAX Modeling,Tech,2025-02-22,94.3,2250.0
EMP-13713,CRS-SOFT-01,Executive Negotiation & Conflict Resolution,Soft Skills,2025-04-12,94.8,3200.0
EMP-15141,CRS-LEAD-02,Operational Excellence & Lean Six Sigma,Leadership,2025-08-03,66.9,9500.0
EMP-15141,CRS-LEAD-02,Operational Excellence & Lean Six Sigma,Leadership,2025-09-29,77.7,4750.0
EMP-11985,CRS-TECH-02,Advanced SQL & Modern Data Warehousing,Tech,2025-03-18,85.7,5200.0
EMP-11920,CRS-COMP-01,Enterprise Labor Law & Compliance 2026,Compliance,2025-07-08,80.0,2500.0
EMP-16170,CRS-SOFT-02,Data-Driven Decision Making & Storytelling,Soft Skills,2025-06-05,75.1,3800.0
EMP-15722,CRS-LEAD-01,Strategic People Leadership & Coaching,Leadership,2025-02-11,89.2,8000.0
EMP-15386,CRS-LEAD-02,Operational Excellence & Lean Six Sigma,Leadership,2025-09-02,83.5,9500.0
EMP-16323,CRS-LEAD-01,Strategic People Leadership & Coaching,Leadership,2025-09-14,93.0,8000.0
EMP-12260,CRS-TECH-03,Python for Data Engineering & Analytics,Tech,2025-11-12,93.6,6000.0
EMP-11023,CRS-COMP-02,Information Governance & GDPR/Data Protection,Compliance,2025-05-02,94.0,3000.0
EMP-11423,CRS-TECH-01,Power BI & Enterprise DAX Modeling,Tech,2025-11-27,82.5,4500.0
EMP-14774,CRS-SOFT-01,Executive Negotiation & Conflict Resolution,Soft Skills,2025-05-05,89.8,3200.0
EMP-16557,CRS-LEAD-01,Strategic People Leadership & Coaching,Leadership,2025-10-16,85.3,8000.0
EMP-10540,CRS-SOFT-01,Executive Negotiation & Conflict Resolution,Soft Skills,2025-08-11,85.9,3200.0
EMP-12615,CRS-TECH-01,Power BI & Enterprise DAX Modeling,Tech,2025-06-05,95.5,4500.0
EMP-11893,CRS-LEAD-01,Strategic People Leadership & Coaching,Leadership,2025-01-17,81.8,8000.0
EMP-13686,CRS-LEAD-02,Operational Excellence & Lean Six Sigma,Leadership,2025-11-03,96.8,9500.0
EMP-10222,CRS-TECH-01,Power BI & Enterprise DAX Modeling,Tech,2025-07-24,83.1,4500.0
EMP-16052,CRS-SOFT-01,Executive Negotiation & Conflict Resolution,Soft Skills,2025-02-11,86.7,3200.0
EMP-12119,CRS-TECH-01,Power BI & Enterprise DAX Modeling,Tech,2025-05-03,90.3,4500.0
EMP-11855,CRS-TECH-02,Advanced SQL & Modern Data Warehousing,Tech,2025-06-26,76.2,5200.0
EMP-12989,CRS-SOFT-02,Data-Driven Decision Making & Storytelling,Soft Skills,2025-10-18,75.8,3800.0
EMP-12508,CRS-SOFT-01,Executive Negotiation & Conflict Resolution,Soft Skills,2025-01-02,91.6,3200.0
EMP-12853,CRS-LEAD-01,Strategic People Leadership & Coaching,Leadership,2025-02-14,51.2,8000.0
EMP-12853,CRS-LEAD-01,Strategic People Leadership & Coaching,Leadership,2025-04-15,91.2,4000.0
EMP-10580,CRS-SOFT-01,Executive Negotiation & Conflict Resolution,Soft Skills,2025-12-07,75.5,3200.0
EMP-16646,CRS-TECH-04,Cloud Architecture & Cybersecurity Fundamentals,Tech,2025-02-12,86.8,7500.0
EMP-16853,CRS-TECH-02,Advanced SQL & Modern Data Warehousing,Tech,2025-08-04,90.6,5200.0
EMP-13994,CRS-SOFT-02,Data-Driven Decision Making & Storytelling,Soft Skills,2025-02-19,82.5,3800.0
EMP-11372,CRS-TECH-01,Power BI & Enterprise DAX Modeling,Tech,2025-01-19,65.6,4500.0
EMP-13445,CRS-SOFT-01,Executive Negotiation & Conflict Resolution,Soft Skills,2025-04-16,88.1,3200.0
EMP-12198,CRS-COMP-02,Information Governance & GDPR/Data Protection,Compliance,2025-08-18,90.9,3000.0
EMP-11374,CRS-SOFT-01,Executive Negotiation & Conflict Resolution,Soft Skills,2025-02-15,81.6,3200.0
EMP-13660,CRS-COMP-02,Information Governance & GDPR/Data Protection,Compliance,2025-04-13,80.6,3000.0
EMP-16447,CRS-TECH-01,Power BI & Enterprise DAX Modeling,Tech,2025-08-19,71.6,4500.0
EMP-16943,CRS-LEAD-01,Strategic People Leadership & Coaching,Leadership,2025-07-16,91.5,8000.0
EMP-10139,CRS-TECH-01,Power BI & Enterprise DAX Modeling,Tech,2025-09-15,94.6,4500.0
EMP-11549,CRS-SOFT-02,Data-Driven Decision Making & Storytelling,Soft Skills,2025-08-18,82.3,3800.0
EMP-14114,CRS-SOFT-01,Executive Negotiation & Conflict Resolution,Soft Skills,2025-06-18,78.0,3200.0
EMP-10588,CRS-SOFT-02,Data-Driven Decision Making & Storytelling,Soft Skills,2025-11-19,53.0,3800.0
EMP-11105,CRS-LEAD-01,Strategic People Leadership & Coaching,Leadership,2025-12-14,90.2,8000.0
EMP-14205,CRS-COMP-01,Enterprise Labor Law & Compliance 2026,Compliance,2025-09-11,90.2,2500.0
EMP-13481,CRS-TECH-01,Power BI & Enterprise DAX Modeling,Tech,2025-07-08,90.8,4500.0
EMP-14735,CRS-SOFT-01,Executive Negotiation & Conflict Resolution,Soft Skills,2025-08-20,57.9,3200.0
EMP-12101,CRS-SOFT-01,Executive Negotiation & Conflict Resolution,Soft Skills,2025-08-26,87.0,3200.0
EMP-13674,CRS-LEAD-01,Strategic People Leadership & Coaching,Leadership,2025-07-08,76.2,8000.0
EMP-14470,CRS-LEAD-01,Strategic People Leadership & Coaching,Leadership,2025-12-19,86.3,8000.0
EMP-10297,CRS-TECH-01,Power BI & Enterprise DAX Modeling,Tech,2025-04-07,89.7,4500.0
EMP-11355,CRS-TECH-01,Power BI & Enterprise DAX Modeling,Tech,2025-07-04,97.0,4500.0
EMP-15134,CRS-SOFT-01,Executive Negotiation & Conflict Resolution,Soft Skills,2025-02-02,78.4,3200.0
EMP-12172,CRS-TECH-02,Advanced SQL & Modern Data Warehousing,Tech,2025-02-20,62.6,5200.0
EMP-13367,CRS-TECH-01,Power BI & Enterprise DAX Modeling,Tech,2025-02-02,85.3,4500.0
EMP-10773,CRS-COMP-01,Enterprise Labor Law & Compliance 2026,Compliance,2025-05-18,64.9,2500.0
EMP-10773,CRS-COMP-01,Enterprise Labor Law & Compliance 2026,Compliance,2025-06-02,76.6,1250.0
EMP-15188,CRS-SOFT-01,Executive Negotiation & Conflict Resolution,Soft Skills,2025-10-23,84.5,3200.0
EMP-14984,CRS-TECH-01,Power BI & Enterprise DAX Modeling,Tech,2025-12-19,93.3,4500.0
EMP-11226,CRS-SOFT-02,Data-Driven Decision Making & Storytelling,Soft Skills,2025-09-14,94.1,3800.0
EMP-15561,CRS-TECH-02,Advanced SQL & Modern Data Warehousing,Tech,2025-05-19,74.2,5200.0
EMP-11452,CRS-SOFT-01,Executive Negotiation & Conflict Resolution,Soft Skills,2025-10-18,92.0,3200.0
EMP-10212,CRS-SOFT-01,Executive Negotiation & Conflict Resolution,Soft Skills,2025-11-08,58.2,3200.0
EMP-10212,CRS-SOFT-01,Executive Negotiation & Conflict Resolution,Soft Skills,2026-01-06,86.0,1600.0
EMP-14552,CRS-COMP-01,Enterprise Labor Law & Compliance 2026,Compliance,2025-12-13,94.1,2500.0
EMP-15402,CRS-LEAD-02,Operational Excellence & Lean Six Sigma,Leadership,2025-12-19,95.3,9500.0
EMP-13735,CRS-SOFT-01,Executive Negotiation & Conflict Resolution,Soft Skills,2025-12-03,66.4,3200.0
EMP-13735,CRS-SOFT-01,Executive Negotiation & Conflict Resolution,Soft Skills,2026-01-28,92.0,1600.0
EMP-12217,CRS-SOFT-01,Executive Negotiation & Conflict Resolution,Soft Skills,2025-12-15,88.3,3200.0
EMP-15524,CRS-LEAD-01,Strategic People Leadership & Coaching,Leadership,2025-08-10,78.4,8000.0
EMP-14522,CRS-TECH-04,Cloud Architecture & Cybersecurity Fundamentals,Tech,2025-01-08,93.8,7500.0
EMP-14184,CRS-TECH-02,Advanced SQL & Modern Data Warehousing,Tech,2025-07-07,86.0,5200.0
EMP-10985,CRS-LEAD-01,Strategic People Leadership & Coaching,Leadership,2025-10-24,76.6,8000.0
EMP-15994,CRS-TECH-01,Power BI & Enterprise DAX Modeling,Tech,2025-12-20,86.7,4500.0
EMP-11066,CRS-LEAD-02,Operational Excellence & Lean Six Sigma,Leadership,2025-06-01,97.8,9500.0
EMP-16520,CRS-LEAD-01,Strategic People Leadership & Coaching,Leadership,2025-12-03,81.2,8000.0
EMP-14335,CRS-LEAD-01,Strategic People Leadership & Coaching,Leadership,2025-10-04,77.6,8000.0
EMP-13478,CRS-COMP-01,Enterprise Labor Law & Compliance 2026,Compliance,2025-03-27,61.3,2500.0
EMP-16185,CRS-TECH-02,Advanced SQL & Modern Data Warehousing,Tech,2025-10-19,97.0,5200.0
EMP-11341,CRS-TECH-01,Power BI & Enterprise DAX Modeling,Tech,2025-04-16,84.3,4500.0
EMP-16566,CRS-TECH-01,Power BI & Enterprise DAX Modeling,Tech,2025-01-23,85.1,4500.0
EMP-13159,CRS-COMP-01,Enterprise Labor Law & Compliance 2026,Compliance,2025-02-01,64.5,2500.0
EMP-13159,CRS-COMP-01,Enterprise Labor Law & Compliance 2026,Compliance,2025-02-22,84.7,1250.0
EMP-16258,CRS-TECH-02,Advanced SQL & Modern Data Warehousing,Tech,2025-12-25,96.0,5200.0
EMP-13654,CRS-COMP-01,Enterprise Labor Law & Compliance 2026,Compliance,2025-03-25,83.1,2500.0
EMP-15187,CRS-TECH-01,Power BI & Enterprise DAX Modeling,Tech,2025-09-22,82.8,4500.0
EMP-13083,CRS-SOFT-02,Data-Driven Decision Making & Storytelling,Soft Skills,2025-06-05,54.8,3800.0
EMP-13083,CRS-SOFT-02,Data-Driven Decision Making & Storytelling,Soft Skills,2025-07-08,83.7,1900.0
EMP-15936,CRS-TECH-01,Power BI & Enterprise DAX Modeling,Tech,2025-09-13,90.6,4500.0
EMP-15538,CRS-TECH-02,Advanced SQL & Modern Data Warehousing,Tech,2025-07-07,83.6,5200.0
EMP-13314,CRS-LEAD-02,Operational Excellence & Lean Six Sigma,Leadership,2025-09-18,65.2,9500.0
EMP-13314,CRS-LEAD-02,Operational Excellence & Lean Six Sigma,Leadership,2025-10-24,92.5,4750.0
EMP-10320,CRS-LEAD-02,Operational Excellence & Lean Six Sigma,Leadership,2025-07-18,74.3,9500.0
EMP-11175,CRS-TECH-02,Advanced SQL & Modern Data Warehousing,Tech,2025-11-23,97.5,5200.0
EMP-15462,CRS-TECH-01,Power BI & Enterprise DAX Modeling,Tech,2025-04-17,89.2,4500.0
EMP-15091,CRS-TECH-02,Advanced SQL & Modern Data Warehousing,Tech,2025-10-08,91.9,5200.0
EMP-12803,CRS-TECH-02,Advanced SQL & Modern Data Warehousing,Tech,2025-09-05,84.4,5200.0
EMP-15493,CRS-SOFT-01,Executive Negotiation & Conflict Resolution,Soft Skills,2025-02-28,72.1,3200.0
EMP-13564,CRS-LEAD-01,Strategic People Leadership & Coaching,Leadership,2025-10-22,91.1,8000.0
EMP-16149,CRS-COMP-02,Information Governance & GDPR/Data Protection,Compliance,2025-11-07,82.8,3000.0
EMP-12553,CRS-TECH-03,Python for Data Engineering & Analytics,Tech,2025-01-16,73.0,6000.0
EMP-13919,CRS-SOFT-01,Executive Negotiation & Conflict Resolution,Soft Skills,2025-11-19,94.0,3200.0
EMP-14945,CRS-LEAD-01,Strategic People Leadership & Coaching,Leadership,2025-03-05,91.7,8000.0
EMP-16341,CRS-COMP-02,Information Governance & GDPR/Data Protection,Compliance,2025-04-18,85.4,3000.0
EMP-13355,CRS-LEAD-02,Operational Excellence & Lean Six Sigma,Leadership,2025-01-06,90.3,9500.0
EMP-10289,CRS-TECH-02,Advanced SQL & Modern Data Warehousing,Tech,2025-12-08,74.0,5200.0
EMP-16032,CRS-TECH-01,Power BI & Enterprise DAX Modeling,Tech,2025-05-14,77.4,4500.0
EMP-10719,CRS-SOFT-01,Executive Negotiation & Conflict Resolution,Soft Skills,2025-02-21,57.7,3200.0
EMP-10719,CRS-SOFT-01,Executive Negotiation & Conflict Resolution,Soft Skills,2025-03-17,93.1,1600.0
EMP-13636,CRS-LEAD-01,Strategic People Leadership & Coaching,Leadership,2025-06-08,62.0,8000.0
EMP-11245,CRS-TECH-01,Power BI & Enterprise DAX Modeling,Tech,2025-06-27,85.6,4500.0
EMP-10139,CRS-TECH-02,Advanced SQL & Modern Data Warehousing,Tech,2025-05-02,95.6,5200.0
EMP-12755,CRS-LEAD-01,Strategic People Leadership & Coaching,Leadership,2025-08-10,87.3,8000.0
EMP-11164,CRS-TECH-02,Advanced SQL & Modern Data Warehousing,Tech,2025-03-23,56.2,5200.0
EMP-16386,CRS-LEAD-01,Strategic People Leadership & Coaching,Leadership,2025-01-09,82.1,8000.0
EMP-14053,CRS-TECH-02,Advanced SQL & Modern Data Warehousing,Tech,2025-01-19,59.7,5200.0
EMP-14696,CRS-TECH-01,Power BI & Enterprise DAX Modeling,Tech,2025-06-19,89.1,4500.0
EMP-14263,CRS-COMP-02,Information Governance & GDPR/Data Protection,Compliance,2025-06-25,74.6,3000.0
EMP-14816,CRS-COMP-02,Information Governance & GDPR/Data Protection,Compliance,2025-07-27,90.7,3000.0
EMP-16873,CRS-SOFT-01,Executive Negotiation & Conflict Resolution,Soft Skills,2025-01-27,55.2,3200.0
EMP-16873,CRS-SOFT-01,Executive Negotiation & Conflict Resolution,Soft Skills,2025-02-25,76.7,1600.0
EMP-15259,CRS-TECH-04,Cloud Architecture & Cybersecurity Fundamentals,Tech,2025-09-02,87.5,7500.0
EMP-15237,CRS-TECH-04,Cloud Architecture & Cybersecurity Fundamentals,Tech,2025-12-25,85.1,7500.0
EMP-15615,CRS-COMP-01,Enterprise Labor Law & Compliance 2026,Compliance,2025-02-22,90.1,2500.0
EMP-12617,CRS-TECH-01,Power BI & Enterprise DAX Modeling,Tech,2025-03-17,65.8,4500.0
EMP-12617,CRS-TECH-01,Power BI & Enterprise DAX Modeling,Tech,2025-04-09,84.7,2250.0
EMP-13794,CRS-SOFT-01,Executive Negotiation & Conflict Resolution,Soft Skills,2025-09-10,90.6,3200.0
EMP-12425,CRS-COMP-01,Enterprise Labor Law & Compliance 2026,Compliance,2025-03-11,56.9,2500.0
EMP-12425,CRS-COMP-01,Enterprise Labor Law & Compliance 2026,Compliance,2025-04-01,75.4,1250.0
EMP-16328,CRS-TECH-04,Cloud Architecture & Cybersecurity Fundamentals,Tech,2025-06-13,92.1,7500.0
EMP-15218,CRS-TECH-02,Advanced SQL & Modern Data Warehousing,Tech,2025-03-10,95.9,5200.0
EMP-16522,CRS-LEAD-01,Strategic People Leadership & Coaching,Leadership,2025-05-03,92.0,8000.0
EMP-13000,CRS-TECH-01,Power BI & Enterprise DAX Modeling,Tech,2025-06-26,93.5,4500.0
EMP-16321,CRS-TECH-01,Power BI & Enterprise DAX Modeling,Tech,2025-08-05,83.0,4500.0
EMP-10330,CRS-TECH-01,Power BI & Enterprise DAX Modeling,Tech,2025-09-10,83.3,4500.0
EMP-15850,CRS-SOFT-01,Executive Negotiation & Conflict Resolution,Soft Skills,2025-10-19,88.0,3200.0
EMP-11498,CRS-TECH-01,Power BI & Enterprise DAX Modeling,Tech,2025-08-16,86.5,4500.0
EMP-13526,CRS-SOFT-02,Data-Driven Decision Making & Storytelling,Soft Skills,2025-07-11,81.4,3800.0
EMP-10830,CRS-SOFT-01,Executive Negotiation & Conflict Resolution,Soft Skills,2025-03-23,83.1,3200.0
EMP-10848,CRS-TECH-01,Power BI & Enterprise DAX Modeling,Tech,2025-08-21,91.9,4500.0
EMP-11966,CRS-COMP-01,Enterprise Labor Law & Compliance 2026,Compliance,2025-05-23,91.5,2500.0
EMP-12948,CRS-TECH-03,Python for Data Engineering & Analytics,Tech,2025-07-13,82.6,6000.0
EMP-14688,CRS-LEAD-01,Strategic People Leadership & Coaching,Leadership,2025-01-19,79.5,8000.0
EMP-12015,CRS-SOFT-02,Data-Driven Decision Making & Storytelling,Soft Skills,2025-04-09,74.5,3800.0
EMP-12697,CRS-TECH-01,Power BI & Enterprise DAX Modeling,Tech,2025-02-11,63.0,4500.0
EMP-12697,CRS-TECH-01,Power BI & Enterprise DAX Modeling,Tech,2025-04-05,89.8,2250.0
EMP-11069,CRS-TECH-01,Power BI & Enterprise DAX Modeling,Tech,2025-12-15,83.0,4500.0
EMP-11273,CRS-COMP-02,Information Governance & GDPR/Data Protection,Compliance,2025-01-01,84.2,3000.0
EMP-15440,CRS-LEAD-02,Operational Excellence & Lean Six Sigma,Leadership,2025-08-18,97.5,9500.0
EMP-12730,CRS-COMP-01,Enterprise Labor Law & Compliance 2026,Compliance,2025-07-23,79.2,2500.0
EMP-11452,CRS-COMP-01,Enterprise Labor Law & Compliance 2026,Compliance,2025-07-19,97.4,2500.0
EMP-15928,CRS-TECH-01,Power BI & Enterprise DAX Modeling,Tech,2025-03-20,85.6,4500.0
EMP-13264,CRS-LEAD-01,Strategic People Leadership & Coaching,Leadership,2025-03-24,93.4,8000.0
EMP-11469,CRS-SOFT-02,Data-Driven Decision Making & Storytelling,Soft Skills,2025-02-15,82.3,3800.0
EMP-13159,CRS-SOFT-01,Executive Negotiation & Conflict Resolution,Soft Skills,2025-04-14,62.5,3200.0
EMP-15462,CRS-TECH-01,Power BI & Enterprise DAX Modeling,Tech,2025-08-21,92.8,4500.0
EMP-13140,CRS-LEAD-01,Strategic People Leadership & Coaching,Leadership,2025-04-24,74.0,8000.0
EMP-11587,CRS-SOFT-01,Executive Negotiation & Conflict Resolution,Soft Skills,2025-04-16,87.6,3200.0
EMP-12327,CRS-TECH-01,Power BI & Enterprise DAX Modeling,Tech,2025-04-11,90.7,4500.0
EMP-10189,CRS-LEAD-01,Strategic People Leadership & Coaching,Leadership,2025-05-02,73.7,8000.0
EMP-15020,CRS-TECH-01,Power BI & Enterprise DAX Modeling,Tech,2025-06-08,83.9,4500.0
EMP-16026,CRS-TECH-02,Advanced SQL & Modern Data Warehousing,Tech,2025-09-25,94.2,5200.0
EMP-15615,CRS-SOFT-01,Executive Negotiation & Conflict Resolution,Soft Skills,2025-05-19,97.2,3200.0
EMP-15470,CRS-LEAD-01,Strategic People Leadership & Coaching,Leadership,2025-09-02,94.9,8000.0
EMP-11623,CRS-TECH-02,Advanced SQL & Modern Data Warehousing,Tech,2025-11-20,85.3,5200.0
EMP-13476,CRS-TECH-02,Advanced SQL & Modern Data Warehousing,Tech,2025-02-15,83.3,5200.0
EMP-10945,CRS-TECH-01,Power BI & Enterprise DAX Modeling,Tech,2025-05-15,74.0,4500.0
EMP-10250,CRS-SOFT-01,Executive Negotiation & Conflict Resolution,Soft Skills,2025-07-13,87.4,3200.0
EMP-12135,CRS-LEAD-01,Strategic People Leadership & Coaching,Leadership,2025-02-14,83.4,8000.0
EMP-12079,CRS-TECH-01,Power BI & Enterprise DAX Modeling,Tech,2025-12-13,82.3,4500.0
EMP-15188,CRS-LEAD-02,Operational Excellence & Lean Six Sigma,Leadership,2025-09-05,82.1,9500.0
EMP-12953,CRS-SOFT-01,Executive Negotiation & Conflict Resolution,Soft Skills,2025-09-21,84.0,3200.0
EMP-14491,CRS-COMP-01,Enterprise Labor Law & Compliance 2026,Compliance,2025-10-06,95.1,2500.0
EMP-16781,CRS-LEAD-01,Strategic People Leadership & Coaching,Leadership,2025-08-19,64.7,8000.0
EMP-16781,CRS-LEAD-01,Strategic People Leadership & Coaching,Leadership,2025-09-15,89.5,4000.0
EMP-10743,CRS-SOFT-01,Executive Negotiation & Conflict Resolution,Soft Skills,2025-10-03,88.2,3200.0
EMP-15640,CRS-LEAD-02,Operational Excellence & Lean Six Sigma,Leadership,2025-10-11,88.1,9500.0
EMP-10389,CRS-TECH-01,Power BI & Enterprise DAX Modeling,Tech,2025-10-27,85.8,4500.0
EMP-16327,CRS-SOFT-01,Executive Negotiation & Conflict Resolution,Soft Skills,2025-04-06,88.4,3200.0
EMP-14882,CRS-COMP-01,Enterprise Labor Law & Compliance 2026,Compliance,2025-09-13,93.4,2500.0
EMP-12914,CRS-TECH-03,Python for Data Engineering & Analytics,Tech,2025-02-18,67.2,6000.0
EMP-11001,CRS-LEAD-02,Operational Excellence & Lean Six Sigma,Leadership,2025-10-11,72.5,9500.0
EMP-15564,CRS-LEAD-02,Operational Excellence & Lean Six Sigma,Leadership,2025-09-10,73.1,9500.0
EMP-14779,CRS-SOFT-01,Executive Negotiation & Conflict Resolution,Soft Skills,2025-01-13,75.8,3200.0
EMP-12199,CRS-TECH-02,Advanced SQL & Modern Data Warehousing,Tech,2025-03-15,85.3,5200.0
EMP-16019,CRS-SOFT-01,Executive Negotiation & Conflict Resolution,Soft Skills,2025-04-10,62.1,3200.0
EMP-16019,CRS-SOFT-01,Executive Negotiation & Conflict Resolution,Soft Skills,2025-04-01,94.3,3200.0
EMP-15188,CRS-COMP-01,Enterprise Labor Law & Compliance 2026,Compliance,2025-09-26,87.5,2500.0
EMP-14196,CRS-TECH-01,Power BI & Enterprise DAX Modeling,Tech,2025-06-27,96.1,4500.0
EMP-16129,CRS-LEAD-01,Strategic People Leadership & Coaching,Leadership,2025-12-11,87.2,8000.0
EMP-14169,CRS-TECH-01,Power BI & Enterprise DAX Modeling,Tech,2025-01-12,85.7,4500.0
EMP-16358,CRS-TECH-01,Power BI & Enterprise DAX Modeling,Tech,2025-09-17,89.0,4500.0
EMP-13621,CRS-LEAD-01,Strategic People Leadership & Coaching,Leadership,2025-12-10,88.0,8000.0
EMP-12346,CRS-SOFT-02,Data-Driven Decision Making & Storytelling,Soft Skills,2025-08-05,84.7,3800.0
EMP-14933,CRS-COMP-02,Information Governance & GDPR/Data Protection,Compliance,2025-02-14,72.2,3000.0
EMP-14202,CRS-TECH-02,Advanced SQL & Modern Data Warehousing,Tech,2025-02-03,97.4,5200.0
EMP-12416,CRS-TECH-01,Power BI & Enterprise DAX Modeling,Tech,2025-11-16,87.3,4500.0
EMP-14554,CRS-LEAD-01,Strategic People Leadership & Coaching,Leadership,2025-08-28,57.3,8000.0
EMP-13191,CRS-TECH-01,Power BI & Enterprise DAX Modeling,Tech,2025-01-01,91.1,4500.0
EMP-11056,CRS-LEAD-01,Strategic People Leadership & Coaching,Leadership,2025-03-26,91.6,8000.0
EMP-16585,CRS-TECH-02,Advanced SQL & Modern Data Warehousing,Tech,2025-09-05,85.7,5200.0
EMP-14958,CRS-TECH-01,Power BI & Enterprise DAX Modeling,Tech,2025-04-24,86.3,4500.0
EMP-12489,CRS-TECH-01,Power BI & Enterprise DAX Modeling,Tech,2025-08-24,96.7,4500.0
EMP-14176,CRS-TECH-04,Cloud Architecture & Cybersecurity Fundamentals,Tech,2025-10-12,86.6,7500.0
EMP-16059,CRS-TECH-04,Cloud Architecture & Cybersecurity Fundamentals,Tech,2025-04-11,81.6,7500.0
EMP-11216,CRS-TECH-04,Cloud Architecture & Cybersecurity Fundamentals,Tech,2025-02-12,91.7,7500.0
EMP-14421,CRS-SOFT-02,Data-Driven Decision Making & Storytelling,Soft Skills,2025-03-05,77.1,3800.0
EMP-15973,CRS-SOFT-01,Executive Negotiation & Conflict Resolution,Soft Skills,2025-04-01,86.4,3200.0
EMP-15936,CRS-TECH-02,Advanced SQL & Modern Data Warehousing,Tech,2025-08-22,91.5,5200.0
EMP-15187,CRS-SOFT-02,Data-Driven Decision Making & Storytelling,Soft Skills,2025-04-06,95.4,3800.0
EMP-11500,CRS-SOFT-01,Executive Negotiation & Conflict Resolution,Soft Skills,2025-02-15,87.1,3200.0
EMP-11628,CRS-COMP-02,Information Governance & GDPR/Data Protection,Compliance,2025-07-27,97.6,3000.0
EMP-12209,CRS-TECH-02,Advanced SQL & Modern Data Warehousing,Tech,2025-04-11,88.5,5200.0
EMP-13985,CRS-COMP-02,Information Governance & GDPR/Data Protection,Compliance,2025-03-12,76.1,3000.0
EMP-13050,CRS-LEAD-01,Strategic People Leadership & Coaching,Leadership,2025-08-11,91.6,8000.0
EMP-14384,CRS-LEAD-01,Strategic People Leadership & Coaching,Leadership,2025-02-24,81.8,8000.0
EMP-13524,CRS-COMP-01,Enterprise Labor Law & Compliance 2026,Compliance,2025-08-03,94.6,2500.0
EMP-15934,CRS-SOFT-01,Executive Negotiation & Conflict Resolution,Soft Skills,2025-09-01,89.5,3200.0
EMP-16157,CRS-TECH-02,Advanced SQL & Modern Data Warehousing,Tech,2025-05-20,90.0,5200.0
EMP-12227,CRS-SOFT-01,Executive Negotiation & Conflict Resolution,Soft Skills,2025-06-06,87.7,3200.0
EMP-13563,CRS-TECH-04,Cloud Architecture & Cybersecurity Fundamentals,Tech,2025-02-05,84.7,7500.0
EMP-10236,CRS-SOFT-01,Executive Negotiation & Conflict Resolution,Soft Skills,2025-12-01,57.6,3200.0
EMP-10236,CRS-SOFT-01,Executive Negotiation & Conflict Resolution,Soft Skills,2025-12-21,76.1,1600.0
EMP-11495,CRS-LEAD-02,Operational Excellence & Lean Six Sigma,Leadership,2025-05-17,96.6,9500.0
EMP-12724,CRS-LEAD-01,Strategic People Leadership & Coaching,Leadership,2025-07-19,87.0,8000.0
EMP-13068,CRS-SOFT-01,Executive Negotiation & Conflict Resolution,Soft Skills,2025-07-22,84.2,3200.0
EMP-10619,CRS-SOFT-01,Executive Negotiation & Conflict Resolution,Soft Skills,2025-01-02,87.4,3200.0
EMP-16557,CRS-LEAD-02,Operational Excellence & Lean Six Sigma,Leadership,2025-07-10,97.2,9500.0
EMP-11524,CRS-COMP-01,Enterprise Labor Law & Compliance 2026,Compliance,2025-12-20,94.4,2500.0
EMP-10501,CRS-LEAD-02,Operational Excellence & Lean Six Sigma,Leadership,2025-10-09,86.4,9500.0
EMP-10407,CRS-TECH-01,Power BI & Enterprise DAX Modeling,Tech,2025-03-23,84.6,4500.0
EMP-11452,CRS-SOFT-01,Executive Negotiation & Conflict Resolution,Soft Skills,2025-03-09,95.6,3200.0
EMP-16712,CRS-SOFT-01,Executive Negotiation & Conflict Resolution,Soft Skills,2025-04-17,89.1,3200.0
EMP-14989,CRS-SOFT-01,Executive Negotiation & Conflict Resolution,Soft Skills,2025-07-12,64.7,3200.0
EMP-14989,CRS-SOFT-01,Executive Negotiation & Conflict Resolution,Soft Skills,2025-08-14,75.8,1600.0
EMP-14228,CRS-TECH-01,Power BI & Enterprise DAX Modeling,Tech,2025-03-26,87.5,4500.0
EMP-10515,CRS-TECH-01,Power BI & Enterprise DAX Modeling,Tech,2025-02-19,80.3,4500.0
EMP-14708,CRS-TECH-04,Cloud Architecture & Cybersecurity Fundamentals,Tech,2025-11-06,97.1,7500.0
EMP-16713,CRS-LEAD-02,Operational Excellence & Lean Six Sigma,Leadership,2025-06-21,95.2,9500.0
