EmployeeID,CourseID,CourseName,SkillDomain,CompletionDate,Score,Status,Cost_EGP
EMP-15239,CRS-201,Agile Project Management,Leadership,2025-03-12,94,Completed,1200
EMP-15239,CRS-103,Power BI DAX Masterclass,Tech,2025-10-21,81,Completed,2000
EMP-10913,CRS-103,Power BI DAX Masterclass,Tech,2025-05-01,73,Completed,2000
EMP-10913,CRS-103,Power BI DAX Masterclass,Tech,2025-06-30,79,Completed,2000
EMP-10205,CRS-103,Power BI DAX Masterclass,Tech,2025-07-21,86,Completed,2000
EMP-16075,CRS-201,Agile Project Management,Leadership,2025-07-15,72,Completed,1200
EMP-16075,CRS-201,Agile Project Management,Leadership,2025-09-12,78,Completed,1200
EMP-12254,CRS-103,Power BI DAX Masterclass,Tech,2023-08-12,99,Completed,2000
EMP-12007,CRS-102,Python for Data Engineering,Tech,2026-02-04,80,Completed,2500
EMP-11829,CRS-102,Python for Data Engineering,Tech,2025-06-04,70,Completed,2500
EMP-11829,CRS-102,Python for Data Engineering,Tech,2025-06-30,89,Completed,2500
EMP-11829,CRS-201,Agile Project Management,Leadership,2026-04-27,63,Failed,0
EMP-11829,CRS-201,Agile Project Management,Leadership,2026-05-24,81,Completed,1200
EMP-11829,CRS-302,Modern Data Stack Architecture,Tech,2024-07-24,52,Failed,0
EMP-11829,CRS-302,Modern Data Stack Architecture,Tech,2024-09-10,80,Completed,4000
EMP-11829,CRS-202,Cross-Cultural Business Communication,Soft Skills,2025-01-19,76,Completed,800
EMP-11144,CRS-302,Modern Data Stack Architecture,Tech,2025-09-29,100,Completed,4000
EMP-16034,CRS-202,Cross-Cultural Business Communication,Soft Skills,2026-04-17,81,Completed,800
EMP-16034,CRS-201,Agile Project Management,Leadership,2025-07-26,75,Completed,1200
EMP-10840,CRS-103,Power BI DAX Masterclass,Tech,2026-04-23,52,Failed,0
EMP-10840,CRS-103,Power BI DAX Masterclass,Tech,2026-05-14,82,Completed,2000
EMP-10840,CRS-202,Cross-Cultural Business Communication,Soft Skills,2024-09-17,75,Completed,800
EMP-15544,CRS-201,Agile Project Management,Leadership,2025-05-06,74,Completed,1200
EMP-15544,CRS-201,Agile Project Management,Leadership,2025-06-16,80,Completed,1200
EMP-16068,CRS-202,Cross-Cultural Business Communication,Soft Skills,2023-12-21,75,Completed,800
EMP-14468,CRS-103,Power BI DAX Masterclass,Tech,2025-07-12,71,Completed,2000
EMP-14468,CRS-103,Power BI DAX Masterclass,Tech,2025-07-26,90,Completed,2000
EMP-10713,CRS-302,Modern Data Stack Architecture,Tech,2025-02-25,86,Completed,4000
EMP-14838,CRS-201,Agile Project Management,Leadership,2025-05-01,85,Completed,1200
EMP-13457,CRS-302,Modern Data Stack Architecture,Tech,2024-08-21,78,Completed,4000
EMP-13457,CRS-102,Python for Data Engineering,Tech,2024-08-14,94,Completed,2500
EMP-10261,CRS-302,Modern Data Stack Architecture,Tech,2026-01-30,73,Completed,4000
EMP-10261,CRS-302,Modern Data Stack Architecture,Tech,2026-03-02,99,Completed,4000
EMP-10261,CRS-201,Agile Project Management,Leadership,2026-01-17,87,Completed,1200
EMP-10245,CRS-301,Cloud Security & Compliance,Compliance,2025-06-22,76,Completed,3000
EMP-10768,CRS-302,Modern Data Stack Architecture,Tech,2024-05-21,97,Completed,4000
EMP-11792,CRS-103,Power BI DAX Masterclass,Tech,2023-06-28,97,Completed,2000
EMP-11906,CRS-102,Python for Data Engineering,Tech,2026-04-19,97,Completed,2500
EMP-11906,CRS-302,Modern Data Stack Architecture,Tech,2025-05-26,55,Failed,0
EMP-11906,CRS-302,Modern Data Stack Architecture,Tech,2025-06-22,81,Completed,4000
EMP-14140,CRS-202,Cross-Cultural Business Communication,Soft Skills,2024-07-29,87,Completed,800
EMP-14140,CRS-103,Power BI DAX Masterclass,Tech,2024-08-22,88,Completed,2000
EMP-14140,CRS-302,Modern Data Stack Architecture,Tech,2025-11-19,74,Completed,4000
EMP-14140,CRS-302,Modern Data Stack Architecture,Tech,2025-12-29,76,Completed,4000
EMP-14932,CRS-302,Modern Data Stack Architecture,Tech,2024-05-26,92,Completed,4000
EMP-14932,CRS-301,Cloud Security & Compliance,Compliance,2024-05-21,62,Failed,0
EMP-14932,CRS-301,Cloud Security & Compliance,Compliance,2024-07-14,83,Completed,3000
EMP-14932,CRS-102,Python for Data Engineering,Tech,2025-04-28,62,Failed,0
EMP-14932,CRS-102,Python for Data Engineering,Tech,2025-05-17,87,Completed,2500
EMP-14932,CRS-202,Cross-Cultural Business Communication,Soft Skills,2025-11-21,92,Completed,800
EMP-10218,CRS-201,Agile Project Management,Leadership,2024-11-01,70,Completed,1200
EMP-10218,CRS-201,Agile Project Management,Leadership,2024-12-31,77,Completed,1200
EMP-14598,CRS-201,Agile Project Management,Leadership,2025-01-03,95,Completed,1200
EMP-14598,CRS-301,Cloud Security & Compliance,Compliance,2024-03-22,96,Completed,3000
EMP-11629,CRS-302,Modern Data Stack Architecture,Tech,2024-08-03,87,Completed,4000
EMP-15866,CRS-201,Agile Project Management,Leadership,2023-04-10,73,Completed,1200
EMP-15866,CRS-201,Agile Project Management,Leadership,2023-05-23,75,Completed,1200
EMP-15866,CRS-103,Power BI DAX Masterclass,Tech,2023-09-12,84,Completed,2000
EMP-15324,CRS-201,Agile Project Management,Leadership,2023-11-22,72,Completed,1200
EMP-15324,CRS-201,Agile Project Management,Leadership,2023-12-22,77,Completed,1200
EMP-15324,CRS-102,Python for Data Engineering,Tech,2025-01-31,71,Completed,2500
EMP-15324,CRS-102,Python for Data Engineering,Tech,2025-03-05,98,Completed,2500
EMP-15324,CRS-301,Cloud Security & Compliance,Compliance,2024-04-24,63,Failed,0
EMP-15324,CRS-301,Cloud Security & Compliance,Compliance,2024-05-14,75,Completed,3000
EMP-15324,CRS-103,Power BI DAX Masterclass,Tech,2024-03-13,65,Failed,0
EMP-15324,CRS-103,Power BI DAX Masterclass,Tech,2024-04-10,91,Completed,2000
EMP-15746,CRS-101,Advanced SQL & Performance Tuning,Tech,2024-12-04,97,Completed,1500
EMP-15746,CRS-302,Modern Data Stack Architecture,Tech,2023-09-28,72,Completed,4000
EMP-15746,CRS-302,Modern Data Stack Architecture,Tech,2023-10-17,98,Completed,4000
EMP-14465,CRS-101,Advanced SQL & Performance Tuning,Tech,2024-09-04,82,Completed,1500
EMP-14465,CRS-103,Power BI DAX Masterclass,Tech,2023-09-30,72,Completed,2000
EMP-14465,CRS-103,Power BI DAX Masterclass,Tech,2023-10-14,94,Completed,2000
EMP-14465,CRS-301,Cloud Security & Compliance,Compliance,2023-12-03,81,Completed,3000
EMP-13437,CRS-102,Python for Data Engineering,Tech,2025-06-25,72,Completed,2500
EMP-13437,CRS-102,Python for Data Engineering,Tech,2025-07-17,99,Completed,2500
EMP-13437,CRS-201,Agile Project Management,Leadership,2023-09-10,93,Completed,1200
EMP-11806,CRS-103,Power BI DAX Masterclass,Tech,2023-06-22,87,Completed,2000
EMP-11806,CRS-102,Python for Data Engineering,Tech,2026-05-29,94,Completed,2500
EMP-11806,CRS-301,Cloud Security & Compliance,Compliance,2023-02-24,76,Completed,3000
EMP-11806,CRS-302,Modern Data Stack Architecture,Tech,2025-11-09,93,Completed,4000
EMP-13680,CRS-302,Modern Data Stack Architecture,Tech,2025-10-10,73,Completed,4000
EMP-13680,CRS-302,Modern Data Stack Architecture,Tech,2025-12-03,94,Completed,4000
EMP-13680,CRS-102,Python for Data Engineering,Tech,2023-05-26,98,Completed,2500
EMP-14828,CRS-103,Power BI DAX Masterclass,Tech,2025-01-18,91,Completed,2000
EMP-14828,CRS-102,Python for Data Engineering,Tech,2025-08-22,70,Completed,2500
EMP-14828,CRS-102,Python for Data Engineering,Tech,2025-09-05,83,Completed,2500
EMP-14828,CRS-201,Agile Project Management,Leadership,2024-03-17,51,Failed,0
EMP-14828,CRS-201,Agile Project Management,Leadership,2024-04-25,91,Completed,1200
EMP-14828,CRS-202,Cross-Cultural Business Communication,Soft Skills,2024-08-09,94,Completed,800
EMP-12279,CRS-101,Advanced SQL & Performance Tuning,Tech,2026-01-03,89,Completed,1500
EMP-12279,CRS-301,Cloud Security & Compliance,Compliance,2023-06-21,72,Completed,3000
EMP-12279,CRS-301,Cloud Security & Compliance,Compliance,2023-07-18,100,Completed,3000
EMP-16631,CRS-103,Power BI DAX Masterclass,Tech,2025-03-11,90,Completed,2000
EMP-10054,CRS-301,Cloud Security & Compliance,Compliance,2024-09-27,93,Completed,3000
EMP-10054,CRS-101,Advanced SQL & Performance Tuning,Tech,2024-05-03,51,Failed,0
EMP-10054,CRS-101,Advanced SQL & Performance Tuning,Tech,2024-06-13,78,Completed,1500
EMP-16217,CRS-202,Cross-Cultural Business Communication,Soft Skills,2023-04-23,91,Completed,800
EMP-16602,CRS-101,Advanced SQL & Performance Tuning,Tech,2023-10-09,75,Completed,1500
EMP-16602,CRS-302,Modern Data Stack Architecture,Tech,2024-12-11,86,Completed,4000
EMP-11308,CRS-102,Python for Data Engineering,Tech,2023-09-17,93,Completed,2500
EMP-11308,CRS-103,Power BI DAX Masterclass,Tech,2023-03-02,95,Completed,2000
EMP-15720,CRS-103,Power BI DAX Masterclass,Tech,2026-03-26,85,Completed,2000
EMP-15720,CRS-301,Cloud Security & Compliance,Compliance,2025-01-07,85,Completed,3000
EMP-13463,CRS-102,Python for Data Engineering,Tech,2024-06-06,98,Completed,2500
EMP-12788,CRS-102,Python for Data Engineering,Tech,2025-11-08,71,Completed,2500
EMP-12788,CRS-102,Python for Data Engineering,Tech,2025-11-22,82,Completed,2500
EMP-12788,CRS-301,Cloud Security & Compliance,Compliance,2023-04-05,81,Completed,3000
EMP-12277,CRS-302,Modern Data Stack Architecture,Tech,2023-03-14,95,Completed,4000
EMP-11274,CRS-201,Agile Project Management,Leadership,2024-10-21,83,Completed,1200
EMP-11274,CRS-102,Python for Data Engineering,Tech,2024-10-17,58,Failed,0
EMP-11274,CRS-102,Python for Data Engineering,Tech,2024-11-23,78,Completed,2500
EMP-11764,CRS-101,Advanced SQL & Performance Tuning,Tech,2024-04-02,71,Completed,1500
EMP-11764,CRS-101,Advanced SQL & Performance Tuning,Tech,2024-04-20,89,Completed,1500
EMP-11764,CRS-102,Python for Data Engineering,Tech,2024-08-01,59,Failed,0
EMP-11764,CRS-102,Python for Data Engineering,Tech,2024-09-13,75,Completed,2500
EMP-16255,CRS-103,Power BI DAX Masterclass,Tech,2026-02-28,93,Completed,2000
EMP-12758,CRS-202,Cross-Cultural Business Communication,Soft Skills,2025-10-07,93,Completed,800
EMP-10838,CRS-102,Python for Data Engineering,Tech,2023-01-14,70,Completed,2500
EMP-10838,CRS-102,Python for Data Engineering,Tech,2023-02-19,95,Completed,2500
EMP-10838,CRS-302,Modern Data Stack Architecture,Tech,2023-01-20,70,Completed,4000
EMP-10838,CRS-302,Modern Data Stack Architecture,Tech,2023-02-27,98,Completed,4000
EMP-10760,CRS-101,Advanced SQL & Performance Tuning,Tech,2025-12-21,83,Completed,1500
EMP-10760,CRS-102,Python for Data Engineering,Tech,2023-05-03,92,Completed,2500
EMP-13113,CRS-102,Python for Data Engineering,Tech,2025-11-30,92,Completed,2500
EMP-10793,CRS-301,Cloud Security & Compliance,Compliance,2023-06-23,73,Completed,3000
EMP-10793,CRS-301,Cloud Security & Compliance,Compliance,2023-08-16,87,Completed,3000
EMP-12941,CRS-202,Cross-Cultural Business Communication,Soft Skills,2023-05-08,91,Completed,800
EMP-16943,CRS-103,Power BI DAX Masterclass,Tech,2024-10-07,92,Completed,2000
EMP-12818,CRS-201,Agile Project Management,Leadership,2024-07-10,72,Completed,1200
EMP-12818,CRS-201,Agile Project Management,Leadership,2024-08-01,99,Completed,1200
EMP-14946,CRS-101,Advanced SQL & Performance Tuning,Tech,2023-08-05,84,Completed,1500
EMP-14946,CRS-102,Python for Data Engineering,Tech,2025-04-12,87,Completed,2500
EMP-12167,CRS-201,Agile Project Management,Leadership,2025-08-06,58,Failed,0
EMP-12167,CRS-201,Agile Project Management,Leadership,2025-08-30,100,Completed,1200
EMP-12167,CRS-103,Power BI DAX Masterclass,Tech,2024-09-15,71,Completed,2000
EMP-12167,CRS-103,Power BI DAX Masterclass,Tech,2024-10-19,79,Completed,2000
EMP-16612,CRS-102,Python for Data Engineering,Tech,2024-12-29,62,Failed,0
EMP-16612,CRS-102,Python for Data Engineering,Tech,2025-01-31,83,Completed,2500
EMP-10356,CRS-102,Python for Data Engineering,Tech,2025-07-15,93,Completed,2500
EMP-10356,CRS-101,Advanced SQL & Performance Tuning,Tech,2023-07-13,73,Completed,1500
EMP-10356,CRS-101,Advanced SQL & Performance Tuning,Tech,2023-08-04,78,Completed,1500
EMP-10356,CRS-201,Agile Project Management,Leadership,2023-01-25,96,Completed,1200
EMP-15978,CRS-102,Python for Data Engineering,Tech,2025-03-31,91,Completed,2500
EMP-13764,CRS-202,Cross-Cultural Business Communication,Soft Skills,2024-06-14,70,Completed,800
EMP-13764,CRS-202,Cross-Cultural Business Communication,Soft Skills,2024-07-10,95,Completed,800
EMP-13764,CRS-302,Modern Data Stack Architecture,Tech,2025-06-27,72,Completed,4000
EMP-13764,CRS-302,Modern Data Stack Architecture,Tech,2025-08-01,78,Completed,4000
EMP-14393,CRS-201,Agile Project Management,Leadership,2023-04-14,99,Completed,1200
EMP-11023,CRS-201,Agile Project Management,Leadership,2025-02-22,75,Completed,1200
EMP-11023,CRS-302,Modern Data Stack Architecture,Tech,2024-01-19,78,Completed,4000
EMP-11023,CRS-101,Advanced SQL & Performance Tuning,Tech,2023-11-01,89,Completed,1500
EMP-13101,CRS-103,Power BI DAX Masterclass,Tech,2025-10-18,98,Completed,2000
EMP-10646,CRS-103,Power BI DAX Masterclass,Tech,2025-02-23,83,Completed,2000
EMP-14523,CRS-202,Cross-Cultural Business Communication,Soft Skills,2023-02-09,95,Completed,800
EMP-14523,CRS-102,Python for Data Engineering,Tech,2025-09-09,95,Completed,2500
EMP-14523,CRS-302,Modern Data Stack Architecture,Tech,2026-03-04,80,Completed,4000
EMP-12402,CRS-103,Power BI DAX Masterclass,Tech,2026-05-07,70,Completed,2000
EMP-16795,CRS-201,Agile Project Management,Leadership,2025-12-20,94,Completed,1200
EMP-15150,CRS-102,Python for Data Engineering,Tech,2023-07-25,91,Completed,2500
EMP-15067,CRS-302,Modern Data Stack Architecture,Tech,2023-04-25,88,Completed,4000
EMP-15067,CRS-301,Cloud Security & Compliance,Compliance,2025-03-06,99,Completed,3000
EMP-12963,CRS-102,Python for Data Engineering,Tech,2024-10-13,99,Completed,2500
EMP-12963,CRS-302,Modern Data Stack Architecture,Tech,2024-12-21,68,Failed,0
EMP-12963,CRS-302,Modern Data Stack Architecture,Tech,2025-01-16,100,Completed,4000
EMP-12963,CRS-202,Cross-Cultural Business Communication,Soft Skills,2025-10-05,79,Completed,800
EMP-14730,CRS-101,Advanced SQL & Performance Tuning,Tech,2024-04-21,69,Failed,0
EMP-14730,CRS-101,Advanced SQL & Performance Tuning,Tech,2024-06-04,75,Completed,1500
EMP-11576,CRS-202,Cross-Cultural Business Communication,Soft Skills,2024-02-17,80,Completed,800
EMP-15772,CRS-302,Modern Data Stack Architecture,Tech,2023-02-14,88,Completed,4000
EMP-15772,CRS-103,Power BI DAX Masterclass,Tech,2023-10-18,97,Completed,2000
EMP-15772,CRS-101,Advanced SQL & Performance Tuning,Tech,2025-01-17,81,Completed,1500
EMP-10570,CRS-202,Cross-Cultural Business Communication,Soft Skills,2024-11-20,59,Failed,0
EMP-10570,CRS-202,Cross-Cultural Business Communication,Soft Skills,2024-12-14,98,Completed,800
EMP-10570,CRS-101,Advanced SQL & Performance Tuning,Tech,2025-06-13,90,Completed,1500
EMP-10376,CRS-202,Cross-Cultural Business Communication,Soft Skills,2024-12-31,91,Completed,800
EMP-10376,CRS-301,Cloud Security & Compliance,Compliance,2023-12-26,79,Completed,3000
EMP-15418,CRS-102,Python for Data Engineering,Tech,2023-01-04,82,Completed,2500
EMP-11867,CRS-202,Cross-Cultural Business Communication,Soft Skills,2024-01-08,80,Completed,800
EMP-11867,CRS-101,Advanced SQL & Performance Tuning,Tech,2024-03-28,73,Completed,1500
EMP-11867,CRS-101,Advanced SQL & Performance Tuning,Tech,2024-04-20,85,Completed,1500
EMP-16333,CRS-102,Python for Data Engineering,Tech,2024-10-16,90,Completed,2500
EMP-16333,CRS-103,Power BI DAX Masterclass,Tech,2023-07-01,60,Failed,0
EMP-16333,CRS-103,Power BI DAX Masterclass,Tech,2023-07-28,82,Completed,2000
EMP-12371,CRS-103,Power BI DAX Masterclass,Tech,2023-08-10,71,Completed,2000
EMP-12371,CRS-103,Power BI DAX Masterclass,Tech,2023-10-09,88,Completed,2000
EMP-12371,CRS-302,Modern Data Stack Architecture,Tech,2023-12-07,85,Completed,4000
EMP-10654,CRS-201,Agile Project Management,Leadership,2023-07-27,95,Completed,1200
EMP-11908,CRS-301,Cloud Security & Compliance,Compliance,2023-11-30,72,Completed,3000
EMP-11908,CRS-301,Cloud Security & Compliance,Compliance,2023-12-16,84,Completed,3000
EMP-11908,CRS-102,Python for Data Engineering,Tech,2023-02-11,78,Completed,2500
EMP-10828,CRS-102,Python for Data Engineering,Tech,2025-02-07,55,Failed,0
EMP-10828,CRS-102,Python for Data Engineering,Tech,2025-02-26,85,Completed,2500
EMP-13114,CRS-202,Cross-Cultural Business Communication,Soft Skills,2023-03-05,100,Completed,800
EMP-13114,CRS-201,Agile Project Management,Leadership,2026-05-28,63,Failed,0
EMP-12278,CRS-102,Python for Data Engineering,Tech,2025-04-18,93,Completed,2500
EMP-13715,CRS-301,Cloud Security & Compliance,Compliance,2024-09-01,57,Failed,0
EMP-13715,CRS-301,Cloud Security & Compliance,Compliance,2024-10-21,92,Completed,3000
EMP-13715,CRS-103,Power BI DAX Masterclass,Tech,2025-10-02,71,Completed,2000
EMP-13715,CRS-103,Power BI DAX Masterclass,Tech,2025-11-12,77,Completed,2000
EMP-15208,CRS-301,Cloud Security & Compliance,Compliance,2026-05-14,65,Failed,0
EMP-16834,CRS-103,Power BI DAX Masterclass,Tech,2023-06-17,65,Failed,0
EMP-16834,CRS-103,Power BI DAX Masterclass,Tech,2023-07-26,90,Completed,2000
EMP-12989,CRS-301,Cloud Security & Compliance,Compliance,2024-06-26,90,Completed,3000
EMP-11333,CRS-201,Agile Project Management,Leadership,2025-01-26,55,Failed,0
EMP-11333,CRS-201,Agile Project Management,Leadership,2025-03-09,89,Completed,1200
EMP-13033,CRS-302,Modern Data Stack Architecture,Tech,2024-07-04,71,Completed,4000
EMP-13033,CRS-302,Modern Data Stack Architecture,Tech,2024-08-31,96,Completed,4000
EMP-12911,CRS-301,Cloud Security & Compliance,Compliance,2024-12-05,83,Completed,3000
EMP-11717,CRS-202,Cross-Cultural Business Communication,Soft Skills,2025-03-03,83,Completed,800
EMP-11717,CRS-101,Advanced SQL & Performance Tuning,Tech,2025-08-30,98,Completed,1500
EMP-15491,CRS-201,Agile Project Management,Leadership,2023-03-13,88,Completed,1200
EMP-12188,CRS-301,Cloud Security & Compliance,Compliance,2023-09-04,75,Completed,3000
EMP-12188,CRS-202,Cross-Cultural Business Communication,Soft Skills,2023-12-09,95,Completed,800
EMP-12188,CRS-102,Python for Data Engineering,Tech,2023-03-29,72,Completed,2500
EMP-12188,CRS-102,Python for Data Engineering,Tech,2023-05-09,81,Completed,2500
EMP-15750,CRS-301,Cloud Security & Compliance,Compliance,2024-10-16,72,Completed,3000
EMP-15750,CRS-301,Cloud Security & Compliance,Compliance,2024-11-24,92,Completed,3000
EMP-15750,CRS-102,Python for Data Engineering,Tech,2024-10-29,86,Completed,2500
EMP-15750,CRS-202,Cross-Cultural Business Communication,Soft Skills,2023-01-26,88,Completed,800
EMP-15750,CRS-103,Power BI DAX Masterclass,Tech,2025-05-09,53,Failed,0
EMP-15750,CRS-103,Power BI DAX Masterclass,Tech,2025-06-28,93,Completed,2000
EMP-15600,CRS-101,Advanced SQL & Performance Tuning,Tech,2026-02-26,95,Completed,1500
EMP-15600,CRS-302,Modern Data Stack Architecture,Tech,2026-01-01,98,Completed,4000
EMP-15309,CRS-201,Agile Project Management,Leadership,2026-03-17,69,Failed,0
EMP-15309,CRS-201,Agile Project Management,Leadership,2026-04-17,87,Completed,1200
EMP-10585,CRS-202,Cross-Cultural Business Communication,Soft Skills,2025-04-02,82,Completed,800
EMP-14991,CRS-102,Python for Data Engineering,Tech,2023-04-11,99,Completed,2500
EMP-15202,CRS-103,Power BI DAX Masterclass,Tech,2024-09-12,78,Completed,2000
EMP-11402,CRS-301,Cloud Security & Compliance,Compliance,2023-10-03,93,Completed,3000
EMP-11402,CRS-101,Advanced SQL & Performance Tuning,Tech,2024-10-19,93,Completed,1500
EMP-11402,CRS-102,Python for Data Engineering,Tech,2023-07-02,84,Completed,2500
EMP-14376,CRS-301,Cloud Security & Compliance,Compliance,2025-02-04,86,Completed,3000
EMP-14376,CRS-201,Agile Project Management,Leadership,2023-05-15,92,Completed,1200
EMP-14376,CRS-202,Cross-Cultural Business Communication,Soft Skills,2023-10-05,98,Completed,800
EMP-15974,CRS-302,Modern Data Stack Architecture,Tech,2024-02-16,51,Failed,0
EMP-15974,CRS-302,Modern Data Stack Architecture,Tech,2024-03-04,86,Completed,4000
EMP-12006,CRS-103,Power BI DAX Masterclass,Tech,2025-08-08,82,Completed,2000
EMP-12006,CRS-302,Modern Data Stack Architecture,Tech,2023-09-11,77,Completed,4000
EMP-11339,CRS-102,Python for Data Engineering,Tech,2026-04-16,81,Completed,2500
EMP-11339,CRS-201,Agile Project Management,Leadership,2024-06-13,52,Failed,0
EMP-11339,CRS-201,Agile Project Management,Leadership,2024-06-30,80,Completed,1200
EMP-13787,CRS-302,Modern Data Stack Architecture,Tech,2024-04-06,78,Completed,4000
EMP-13787,CRS-102,Python for Data Engineering,Tech,2025-11-17,97,Completed,2500
EMP-13787,CRS-301,Cloud Security & Compliance,Compliance,2023-01-19,65,Failed,0
EMP-13787,CRS-301,Cloud Security & Compliance,Compliance,2023-02-13,94,Completed,3000
EMP-13109,CRS-102,Python for Data Engineering,Tech,2024-09-17,83,Completed,2500
EMP-13109,CRS-103,Power BI DAX Masterclass,Tech,2024-12-15,78,Completed,2000
EMP-13109,CRS-202,Cross-Cultural Business Communication,Soft Skills,2024-09-10,96,Completed,800
EMP-12212,CRS-101,Advanced SQL & Performance Tuning,Tech,2025-02-05,90,Completed,1500
EMP-12212,CRS-202,Cross-Cultural Business Communication,Soft Skills,2024-08-01,59,Failed,0
EMP-12212,CRS-202,Cross-Cultural Business Communication,Soft Skills,2024-08-19,85,Completed,800
EMP-15243,CRS-301,Cloud Security & Compliance,Compliance,2024-09-03,74,Completed,3000
EMP-15243,CRS-301,Cloud Security & Compliance,Compliance,2024-10-02,76,Completed,3000
EMP-15243,CRS-103,Power BI DAX Masterclass,Tech,2026-05-13,91,Completed,2000
EMP-15243,CRS-302,Modern Data Stack Architecture,Tech,2023-10-14,90,Completed,4000
EMP-15243,CRS-202,Cross-Cultural Business Communication,Soft Skills,2024-08-28,99,Completed,800
EMP-15638,CRS-101,Advanced SQL & Performance Tuning,Tech,2026-04-09,96,Completed,1500
EMP-14563,CRS-102,Python for Data Engineering,Tech,2025-12-30,99,Completed,2500
EMP-14563,CRS-301,Cloud Security & Compliance,Compliance,2025-01-04,79,Completed,3000
EMP-11800,CRS-202,Cross-Cultural Business Communication,Soft Skills,2023-07-19,74,Completed,800
EMP-11800,CRS-202,Cross-Cultural Business Communication,Soft Skills,2023-09-17,100,Completed,800
EMP-11800,CRS-102,Python for Data Engineering,Tech,2026-02-18,100,Completed,2500
EMP-11800,CRS-103,Power BI DAX Masterclass,Tech,2024-11-18,77,Completed,2000
EMP-15609,CRS-103,Power BI DAX Masterclass,Tech,2024-11-09,78,Completed,2000
EMP-15609,CRS-201,Agile Project Management,Leadership,2025-08-07,53,Failed,0
EMP-15609,CRS-201,Agile Project Management,Leadership,2025-09-30,93,Completed,1200
EMP-12657,CRS-202,Cross-Cultural Business Communication,Soft Skills,2025-08-25,56,Failed,0
EMP-12657,CRS-202,Cross-Cultural Business Communication,Soft Skills,2025-10-21,87,Completed,800
EMP-12657,CRS-101,Advanced SQL & Performance Tuning,Tech,2025-12-21,59,Failed,0
EMP-12657,CRS-101,Advanced SQL & Performance Tuning,Tech,2026-01-13,79,Completed,1500
EMP-16295,CRS-103,Power BI DAX Masterclass,Tech,2023-10-21,97,Completed,2000
EMP-16295,CRS-201,Agile Project Management,Leadership,2023-06-15,80,Completed,1200
EMP-16295,CRS-202,Cross-Cultural Business Communication,Soft Skills,2023-12-29,60,Failed,0
EMP-16295,CRS-202,Cross-Cultural Business Communication,Soft Skills,2024-02-09,83,Completed,800
EMP-16295,CRS-301,Cloud Security & Compliance,Compliance,2024-03-04,88,Completed,3000
EMP-16357,CRS-302,Modern Data Stack Architecture,Tech,2023-06-30,89,Completed,4000
EMP-10459,CRS-201,Agile Project Management,Leadership,2025-09-04,62,Failed,0
EMP-10459,CRS-201,Agile Project Management,Leadership,2025-09-30,98,Completed,1200
EMP-11877,CRS-101,Advanced SQL & Performance Tuning,Tech,2024-10-21,66,Failed,0
EMP-11877,CRS-101,Advanced SQL & Performance Tuning,Tech,2024-11-04,95,Completed,1500
EMP-16733,CRS-102,Python for Data Engineering,Tech,2024-12-06,59,Failed,0
EMP-16733,CRS-102,Python for Data Engineering,Tech,2025-01-21,93,Completed,2500
EMP-16733,CRS-301,Cloud Security & Compliance,Compliance,2024-09-18,72,Completed,3000
EMP-16733,CRS-301,Cloud Security & Compliance,Compliance,2024-10-21,84,Completed,3000
EMP-10263,CRS-202,Cross-Cultural Business Communication,Soft Skills,2026-05-06,80,Completed,800
EMP-16595,CRS-102,Python for Data Engineering,Tech,2025-09-30,94,Completed,2500
EMP-16595,CRS-103,Power BI DAX Masterclass,Tech,2025-04-06,77,Completed,2000
EMP-12585,CRS-102,Python for Data Engineering,Tech,2023-09-10,92,Completed,2500
EMP-12585,CRS-301,Cloud Security & Compliance,Compliance,2023-03-18,98,Completed,3000
EMP-12585,CRS-101,Advanced SQL & Performance Tuning,Tech,2025-12-31,71,Completed,1500
EMP-12585,CRS-101,Advanced SQL & Performance Tuning,Tech,2026-01-17,96,Completed,1500
EMP-12585,CRS-302,Modern Data Stack Architecture,Tech,2023-08-10,71,Completed,4000
EMP-12585,CRS-302,Modern Data Stack Architecture,Tech,2023-09-19,89,Completed,4000
EMP-13287,CRS-202,Cross-Cultural Business Communication,Soft Skills,2024-06-01,92,Completed,800
EMP-12194,CRS-301,Cloud Security & Compliance,Compliance,2024-09-08,63,Failed,0
EMP-12194,CRS-301,Cloud Security & Compliance,Compliance,2024-10-25,83,Completed,3000
EMP-12194,CRS-101,Advanced SQL & Performance Tuning,Tech,2026-05-25,83,Completed,1500
EMP-10543,CRS-301,Cloud Security & Compliance,Compliance,2023-08-30,73,Completed,3000
EMP-10543,CRS-301,Cloud Security & Compliance,Compliance,2023-10-14,81,Completed,3000
EMP-11729,CRS-302,Modern Data Stack Architecture,Tech,2025-12-07,81,Completed,4000
EMP-11729,CRS-103,Power BI DAX Masterclass,Tech,2024-08-27,71,Completed,2000
EMP-11729,CRS-103,Power BI DAX Masterclass,Tech,2024-09-23,97,Completed,2000
EMP-14647,CRS-103,Power BI DAX Masterclass,Tech,2023-01-27,52,Failed,0
EMP-14647,CRS-103,Power BI DAX Masterclass,Tech,2023-03-18,96,Completed,2000
EMP-14647,CRS-102,Python for Data Engineering,Tech,2025-10-08,54,Failed,0
EMP-14647,CRS-102,Python for Data Engineering,Tech,2025-11-23,77,Completed,2500
EMP-14647,CRS-101,Advanced SQL & Performance Tuning,Tech,2023-07-27,90,Completed,1500
EMP-15882,CRS-103,Power BI DAX Masterclass,Tech,2023-07-24,55,Failed,0
EMP-15882,CRS-103,Power BI DAX Masterclass,Tech,2023-08-25,86,Completed,2000
EMP-15882,CRS-302,Modern Data Stack Architecture,Tech,2024-10-02,63,Failed,0
EMP-15882,CRS-302,Modern Data Stack Architecture,Tech,2024-10-18,75,Completed,4000
EMP-15882,CRS-201,Agile Project Management,Leadership,2023-10-11,80,Completed,1200
EMP-15882,CRS-101,Advanced SQL & Performance Tuning,Tech,2025-06-15,78,Completed,1500
EMP-12578,CRS-302,Modern Data Stack Architecture,Tech,2024-12-02,73,Completed,4000
EMP-12578,CRS-302,Modern Data Stack Architecture,Tech,2025-01-14,83,Completed,4000
EMP-11742,CRS-301,Cloud Security & Compliance,Compliance,2023-12-08,74,Completed,3000
EMP-11742,CRS-301,Cloud Security & Compliance,Compliance,2023-12-25,80,Completed,3000
EMP-11742,CRS-201,Agile Project Management,Leadership,2023-08-01,99,Completed,1200
EMP-11742,CRS-302,Modern Data Stack Architecture,Tech,2026-03-11,75,Completed,4000
EMP-15370,CRS-202,Cross-Cultural Business Communication,Soft Skills,2023-09-25,99,Completed,800
EMP-15370,CRS-101,Advanced SQL & Performance Tuning,Tech,2025-04-22,64,Failed,0
EMP-15370,CRS-101,Advanced SQL & Performance Tuning,Tech,2025-06-16,85,Completed,1500
EMP-14090,CRS-302,Modern Data Stack Architecture,Tech,2025-12-10,93,Completed,4000
EMP-13242,CRS-301,Cloud Security & Compliance,Compliance,2025-06-05,85,Completed,3000
EMP-13242,CRS-103,Power BI DAX Masterclass,Tech,2025-02-27,96,Completed,2000
EMP-13242,CRS-202,Cross-Cultural Business Communication,Soft Skills,2023-04-22,90,Completed,800
EMP-13242,CRS-101,Advanced SQL & Performance Tuning,Tech,2025-11-01,97,Completed,1500
EMP-15267,CRS-302,Modern Data Stack Architecture,Tech,2025-10-03,77,Completed,4000
EMP-13759,CRS-202,Cross-Cultural Business Communication,Soft Skills,2024-04-01,90,Completed,800
EMP-11171,CRS-101,Advanced SQL & Performance Tuning,Tech,2026-03-19,72,Completed,1500
EMP-11171,CRS-101,Advanced SQL & Performance Tuning,Tech,2026-04-30,85,Completed,1500
EMP-11171,CRS-201,Agile Project Management,Leadership,2023-09-01,93,Completed,1200
EMP-11171,CRS-301,Cloud Security & Compliance,Compliance,2023-07-30,62,Failed,0
EMP-11171,CRS-301,Cloud Security & Compliance,Compliance,2023-09-17,75,Completed,3000
EMP-12170,CRS-302,Modern Data Stack Architecture,Tech,2024-09-15,87,Completed,4000
EMP-12170,CRS-202,Cross-Cultural Business Communication,Soft Skills,2025-07-23,81,Completed,800
EMP-12170,CRS-301,Cloud Security & Compliance,Compliance,2024-04-01,80,Completed,3000
EMP-16993,CRS-201,Agile Project Management,Leadership,2025-01-14,64,Failed,0
EMP-16993,CRS-201,Agile Project Management,Leadership,2025-03-11,82,Completed,1200
EMP-16993,CRS-301,Cloud Security & Compliance,Compliance,2023-01-05,81,Completed,3000
EMP-12021,CRS-103,Power BI DAX Masterclass,Tech,2023-08-06,98,Completed,2000
EMP-12021,CRS-202,Cross-Cultural Business Communication,Soft Skills,2023-10-15,73,Completed,800
EMP-12021,CRS-202,Cross-Cultural Business Communication,Soft Skills,2023-11-10,81,Completed,800
EMP-12021,CRS-301,Cloud Security & Compliance,Compliance,2023-09-05,76,Completed,3000
EMP-12021,CRS-302,Modern Data Stack Architecture,Tech,2024-01-26,73,Completed,4000
EMP-12021,CRS-302,Modern Data Stack Architecture,Tech,2024-02-11,95,Completed,4000
EMP-16103,CRS-202,Cross-Cultural Business Communication,Soft Skills,2025-07-25,100,Completed,800
EMP-16103,CRS-101,Advanced SQL & Performance Tuning,Tech,2025-10-18,86,Completed,1500
EMP-16103,CRS-201,Agile Project Management,Leadership,2026-02-07,96,Completed,1200
EMP-14599,CRS-302,Modern Data Stack Architecture,Tech,2023-12-22,73,Completed,4000
EMP-14599,CRS-302,Modern Data Stack Architecture,Tech,2024-02-12,94,Completed,4000
EMP-14599,CRS-102,Python for Data Engineering,Tech,2024-10-21,98,Completed,2500
EMP-14599,CRS-202,Cross-Cultural Business Communication,Soft Skills,2026-06-01,78,Completed,800
EMP-14416,CRS-103,Power BI DAX Masterclass,Tech,2025-07-16,74,Completed,2000
EMP-14416,CRS-103,Power BI DAX Masterclass,Tech,2025-09-12,98,Completed,2000
EMP-12153,CRS-302,Modern Data Stack Architecture,Tech,2026-01-26,92,Completed,4000
EMP-12153,CRS-301,Cloud Security & Compliance,Compliance,2026-02-07,76,Completed,3000
EMP-16120,CRS-301,Cloud Security & Compliance,Compliance,2023-09-29,86,Completed,3000
EMP-16120,CRS-103,Power BI DAX Masterclass,Tech,2024-10-22,94,Completed,2000
EMP-14789,CRS-202,Cross-Cultural Business Communication,Soft Skills,2025-05-04,79,Completed,800
EMP-13510,CRS-101,Advanced SQL & Performance Tuning,Tech,2025-12-06,70,Completed,1500
EMP-13510,CRS-101,Advanced SQL & Performance Tuning,Tech,2025-12-23,96,Completed,1500
EMP-14781,CRS-103,Power BI DAX Masterclass,Tech,2023-11-26,91,Completed,2000
EMP-13272,CRS-301,Cloud Security & Compliance,Compliance,2026-01-13,81,Completed,3000
EMP-13272,CRS-103,Power BI DAX Masterclass,Tech,2023-07-29,97,Completed,2000
EMP-13272,CRS-102,Python for Data Engineering,Tech,2026-02-24,93,Completed,2500
EMP-12966,CRS-202,Cross-Cultural Business Communication,Soft Skills,2024-08-12,99,Completed,800
EMP-11797,CRS-302,Modern Data Stack Architecture,Tech,2024-10-02,67,Failed,0
EMP-11797,CRS-302,Modern Data Stack Architecture,Tech,2024-11-01,81,Completed,4000
EMP-11134,CRS-302,Modern Data Stack Architecture,Tech,2024-04-06,94,Completed,4000
EMP-11134,CRS-201,Agile Project Management,Leadership,2026-05-20,94,Completed,1200
EMP-14175,CRS-201,Agile Project Management,Leadership,2023-12-30,75,Completed,1200
EMP-14043,CRS-101,Advanced SQL & Performance Tuning,Tech,2023-03-25,78,Completed,1500
EMP-14043,CRS-201,Agile Project Management,Leadership,2023-09-24,88,Completed,1200
EMP-10745,CRS-201,Agile Project Management,Leadership,2023-11-14,74,Completed,1200
EMP-10745,CRS-201,Agile Project Management,Leadership,2024-01-05,76,Completed,1200
EMP-16192,CRS-301,Cloud Security & Compliance,Compliance,2024-09-08,95,Completed,3000
EMP-16192,CRS-202,Cross-Cultural Business Communication,Soft Skills,2025-01-03,95,Completed,800
EMP-10386,CRS-102,Python for Data Engineering,Tech,2023-05-20,75,Completed,2500
EMP-10386,CRS-202,Cross-Cultural Business Communication,Soft Skills,2026-01-04,72,Completed,800
EMP-10386,CRS-202,Cross-Cultural Business Communication,Soft Skills,2026-01-31,96,Completed,800
EMP-10899,CRS-103,Power BI DAX Masterclass,Tech,2024-08-24,100,Completed,2000
EMP-11253,CRS-202,Cross-Cultural Business Communication,Soft Skills,2023-01-19,91,Completed,800
EMP-11253,CRS-301,Cloud Security & Compliance,Compliance,2024-05-07,99,Completed,3000
EMP-15141,CRS-301,Cloud Security & Compliance,Compliance,2025-03-01,87,Completed,3000
EMP-15141,CRS-103,Power BI DAX Masterclass,Tech,2023-02-20,96,Completed,2000
EMP-15141,CRS-201,Agile Project Management,Leadership,2025-11-19,84,Completed,1200
EMP-15141,CRS-101,Advanced SQL & Performance Tuning,Tech,2024-08-30,80,Completed,1500
EMP-11311,CRS-102,Python for Data Engineering,Tech,2023-01-16,76,Completed,2500
EMP-11311,CRS-202,Cross-Cultural Business Communication,Soft Skills,2024-03-12,63,Failed,0
EMP-11311,CRS-202,Cross-Cultural Business Communication,Soft Skills,2024-04-29,97,Completed,800
EMP-11311,CRS-301,Cloud Security & Compliance,Compliance,2025-06-10,93,Completed,3000
EMP-16489,CRS-301,Cloud Security & Compliance,Compliance,2024-11-10,51,Failed,0
EMP-16489,CRS-301,Cloud Security & Compliance,Compliance,2024-12-05,100,Completed,3000
EMP-15575,CRS-101,Advanced SQL & Performance Tuning,Tech,2026-03-23,99,Completed,1500
EMP-13459,CRS-301,Cloud Security & Compliance,Compliance,2025-04-08,63,Failed,0
EMP-13459,CRS-301,Cloud Security & Compliance,Compliance,2025-06-04,78,Completed,3000
EMP-14886,CRS-301,Cloud Security & Compliance,Compliance,2023-05-10,71,Completed,3000
EMP-14886,CRS-301,Cloud Security & Compliance,Compliance,2023-05-28,86,Completed,3000
EMP-14886,CRS-302,Modern Data Stack Architecture,Tech,2025-10-26,79,Completed,4000
EMP-10521,CRS-101,Advanced SQL & Performance Tuning,Tech,2024-07-30,82,Completed,1500
EMP-13153,CRS-201,Agile Project Management,Leadership,2025-12-28,74,Completed,1200
EMP-13153,CRS-201,Agile Project Management,Leadership,2026-02-14,84,Completed,1200
EMP-13153,CRS-102,Python for Data Engineering,Tech,2023-10-23,91,Completed,2500
EMP-13127,CRS-302,Modern Data Stack Architecture,Tech,2026-02-07,67,Failed,0
EMP-13127,CRS-302,Modern Data Stack Architecture,Tech,2026-02-21,93,Completed,4000
EMP-13127,CRS-301,Cloud Security & Compliance,Compliance,2026-05-06,87,Completed,3000
EMP-13127,CRS-103,Power BI DAX Masterclass,Tech,2023-06-24,76,Completed,2000
EMP-13127,CRS-101,Advanced SQL & Performance Tuning,Tech,2024-12-05,83,Completed,1500
EMP-14882,CRS-102,Python for Data Engineering,Tech,2024-03-28,96,Completed,2500
EMP-14882,CRS-302,Modern Data Stack Architecture,Tech,2023-08-23,91,Completed,4000
EMP-14882,CRS-301,Cloud Security & Compliance,Compliance,2023-04-22,84,Completed,3000
EMP-13835,CRS-301,Cloud Security & Compliance,Compliance,2023-05-18,73,Completed,3000
EMP-13835,CRS-301,Cloud Security & Compliance,Compliance,2023-07-08,90,Completed,3000
EMP-14335,CRS-103,Power BI DAX Masterclass,Tech,2024-08-06,72,Completed,2000
EMP-14335,CRS-103,Power BI DAX Masterclass,Tech,2024-09-09,90,Completed,2000
EMP-14335,CRS-102,Python for Data Engineering,Tech,2025-07-11,89,Completed,2500
EMP-14335,CRS-301,Cloud Security & Compliance,Compliance,2026-04-11,88,Completed,3000
EMP-14335,CRS-101,Advanced SQL & Performance Tuning,Tech,2024-10-09,63,Failed,0
EMP-14335,CRS-101,Advanced SQL & Performance Tuning,Tech,2024-11-07,100,Completed,1500
EMP-12060,CRS-301,Cloud Security & Compliance,Compliance,2025-06-12,96,Completed,3000
EMP-14533,CRS-103,Power BI DAX Masterclass,Tech,2025-08-05,81,Completed,2000
EMP-14533,CRS-201,Agile Project Management,Leadership,2025-09-24,73,Completed,1200
EMP-14533,CRS-201,Agile Project Management,Leadership,2025-11-15,77,Completed,1200
EMP-10095,CRS-302,Modern Data Stack Architecture,Tech,2024-02-07,93,Completed,4000
EMP-10095,CRS-102,Python for Data Engineering,Tech,2023-06-06,52,Failed,0
EMP-10095,CRS-102,Python for Data Engineering,Tech,2023-07-22,95,Completed,2500
EMP-10095,CRS-202,Cross-Cultural Business Communication,Soft Skills,2023-03-05,88,Completed,800
EMP-15573,CRS-101,Advanced SQL & Performance Tuning,Tech,2024-06-17,98,Completed,1500
EMP-15573,CRS-202,Cross-Cultural Business Communication,Soft Skills,2025-08-24,81,Completed,800
EMP-15905,CRS-202,Cross-Cultural Business Communication,Soft Skills,2023-10-02,86,Completed,800
EMP-15905,CRS-301,Cloud Security & Compliance,Compliance,2025-03-23,61,Failed,0
EMP-15905,CRS-301,Cloud Security & Compliance,Compliance,2025-04-21,100,Completed,3000
EMP-15905,CRS-103,Power BI DAX Masterclass,Tech,2023-12-06,74,Completed,2000
EMP-15905,CRS-103,Power BI DAX Masterclass,Tech,2023-12-31,93,Completed,2000
EMP-10939,CRS-301,Cloud Security & Compliance,Compliance,2025-01-04,77,Completed,3000
EMP-10939,CRS-102,Python for Data Engineering,Tech,2024-04-19,78,Completed,2500
EMP-10939,CRS-201,Agile Project Management,Leadership,2023-03-29,86,Completed,1200
EMP-15585,CRS-201,Agile Project Management,Leadership,2025-07-20,71,Completed,1200
EMP-15585,CRS-201,Agile Project Management,Leadership,2025-08-23,78,Completed,1200
EMP-14399,CRS-202,Cross-Cultural Business Communication,Soft Skills,2024-07-14,88,Completed,800
EMP-14399,CRS-301,Cloud Security & Compliance,Compliance,2023-12-23,90,Completed,3000
EMP-16152,CRS-302,Modern Data Stack Architecture,Tech,2025-11-24,82,Completed,4000
EMP-16152,CRS-101,Advanced SQL & Performance Tuning,Tech,2024-04-01,82,Completed,1500
EMP-12186,CRS-201,Agile Project Management,Leadership,2023-01-14,66,Failed,0
EMP-12186,CRS-201,Agile Project Management,Leadership,2023-02-07,82,Completed,1200
EMP-12186,CRS-302,Modern Data Stack Architecture,Tech,2023-06-07,90,Completed,4000
EMP-12186,CRS-202,Cross-Cultural Business Communication,Soft Skills,2023-11-04,75,Completed,800
EMP-16297,CRS-101,Advanced SQL & Performance Tuning,Tech,2024-04-16,95,Completed,1500
EMP-16297,CRS-301,Cloud Security & Compliance,Compliance,2023-08-21,91,Completed,3000
EMP-15251,CRS-102,Python for Data Engineering,Tech,2025-04-21,50,Failed,0
EMP-15251,CRS-102,Python for Data Engineering,Tech,2025-06-10,93,Completed,2500
EMP-12787,CRS-301,Cloud Security & Compliance,Compliance,2025-11-15,98,Completed,3000
EMP-10914,CRS-103,Power BI DAX Masterclass,Tech,2024-01-04,100,Completed,2000
EMP-12405,CRS-301,Cloud Security & Compliance,Compliance,2024-03-19,89,Completed,3000
EMP-12405,CRS-101,Advanced SQL & Performance Tuning,Tech,2025-09-13,77,Completed,1500
EMP-12405,CRS-103,Power BI DAX Masterclass,Tech,2026-05-15,95,Completed,2000
EMP-12405,CRS-302,Modern Data Stack Architecture,Tech,2024-01-08,91,Completed,4000
EMP-13562,CRS-301,Cloud Security & Compliance,Compliance,2024-12-02,89,Completed,3000
EMP-11296,CRS-201,Agile Project Management,Leadership,2023-09-28,70,Completed,1200
EMP-11296,CRS-201,Agile Project Management,Leadership,2023-11-13,96,Completed,1200
EMP-13717,CRS-102,Python for Data Engineering,Tech,2026-05-25,75,Completed,2500
EMP-10027,CRS-101,Advanced SQL & Performance Tuning,Tech,2025-10-27,72,Completed,1500
EMP-10027,CRS-101,Advanced SQL & Performance Tuning,Tech,2025-11-18,94,Completed,1500
EMP-10027,CRS-202,Cross-Cultural Business Communication,Soft Skills,2026-01-09,98,Completed,800
EMP-15916,CRS-201,Agile Project Management,Leadership,2025-05-11,61,Failed,0
EMP-15916,CRS-201,Agile Project Management,Leadership,2025-06-27,88,Completed,1200
EMP-15916,CRS-202,Cross-Cultural Business Communication,Soft Skills,2024-04-14,95,Completed,800
EMP-15896,CRS-302,Modern Data Stack Architecture,Tech,2026-03-25,53,Failed,0
EMP-15896,CRS-302,Modern Data Stack Architecture,Tech,2026-05-08,99,Completed,4000
EMP-12158,CRS-302,Modern Data Stack Architecture,Tech,2023-06-21,89,Completed,4000
EMP-14101,CRS-102,Python for Data Engineering,Tech,2023-01-12,88,Completed,2500
EMP-16242,CRS-201,Agile Project Management,Leadership,2024-02-25,83,Completed,1200
EMP-16242,CRS-301,Cloud Security & Compliance,Compliance,2023-11-13,90,Completed,3000
EMP-11464,CRS-202,Cross-Cultural Business Communication,Soft Skills,2025-05-17,81,Completed,800
EMP-14159,CRS-201,Agile Project Management,Leadership,2024-01-02,87,Completed,1200
EMP-14159,CRS-102,Python for Data Engineering,Tech,2024-06-03,88,Completed,2500
EMP-14159,CRS-302,Modern Data Stack Architecture,Tech,2025-03-26,97,Completed,4000
EMP-14159,CRS-202,Cross-Cultural Business Communication,Soft Skills,2023-09-01,84,Completed,800
EMP-10872,CRS-101,Advanced SQL & Performance Tuning,Tech,2025-03-31,95,Completed,1500
EMP-10872,CRS-102,Python for Data Engineering,Tech,2023-04-17,82,Completed,2500
EMP-10872,CRS-202,Cross-Cultural Business Communication,Soft Skills,2023-01-11,52,Failed,0
EMP-10872,CRS-202,Cross-Cultural Business Communication,Soft Skills,2023-03-04,88,Completed,800
EMP-15123,CRS-103,Power BI DAX Masterclass,Tech,2024-03-30,72,Completed,2000
EMP-15123,CRS-103,Power BI DAX Masterclass,Tech,2024-05-29,87,Completed,2000
EMP-12445,CRS-201,Agile Project Management,Leadership,2024-08-09,71,Completed,1200
EMP-12445,CRS-201,Agile Project Management,Leadership,2024-09-03,95,Completed,1200
EMP-12445,CRS-202,Cross-Cultural Business Communication,Soft Skills,2025-10-09,70,Completed,800
EMP-12445,CRS-202,Cross-Cultural Business Communication,Soft Skills,2025-12-04,100,Completed,800
EMP-12445,CRS-301,Cloud Security & Compliance,Compliance,2025-11-27,59,Failed,0
EMP-12445,CRS-301,Cloud Security & Compliance,Compliance,2026-01-18,91,Completed,3000
EMP-15235,CRS-102,Python for Data Engineering,Tech,2023-12-14,81,Completed,2500
EMP-15235,CRS-202,Cross-Cultural Business Communication,Soft Skills,2023-01-01,72,Completed,800
EMP-15235,CRS-202,Cross-Cultural Business Communication,Soft Skills,2023-02-09,86,Completed,800
EMP-16804,CRS-201,Agile Project Management,Leadership,2024-02-15,70,Completed,1200
EMP-16804,CRS-201,Agile Project Management,Leadership,2024-03-04,77,Completed,1200
EMP-16804,CRS-202,Cross-Cultural Business Communication,Soft Skills,2026-01-30,93,Completed,800
EMP-14989,CRS-103,Power BI DAX Masterclass,Tech,2024-04-08,100,Completed,2000
EMP-14989,CRS-302,Modern Data Stack Architecture,Tech,2025-04-07,70,Completed,4000
EMP-14989,CRS-302,Modern Data Stack Architecture,Tech,2025-05-17,91,Completed,4000
EMP-14989,CRS-301,Cloud Security & Compliance,Compliance,2023-08-07,72,Completed,3000
EMP-14989,CRS-301,Cloud Security & Compliance,Compliance,2023-09-11,78,Completed,3000
EMP-11630,CRS-103,Power BI DAX Masterclass,Tech,2024-05-27,100,Completed,2000
EMP-11630,CRS-202,Cross-Cultural Business Communication,Soft Skills,2025-09-17,94,Completed,800
EMP-11630,CRS-301,Cloud Security & Compliance,Compliance,2025-07-28,98,Completed,3000
EMP-16842,CRS-101,Advanced SQL & Performance Tuning,Tech,2024-06-12,82,Completed,1500
EMP-13064,CRS-301,Cloud Security & Compliance,Compliance,2025-04-24,86,Completed,3000
EMP-13064,CRS-302,Modern Data Stack Architecture,Tech,2024-06-23,57,Failed,0
EMP-13064,CRS-302,Modern Data Stack Architecture,Tech,2024-08-19,98,Completed,4000
EMP-13064,CRS-102,Python for Data Engineering,Tech,2024-12-01,87,Completed,2500
EMP-13064,CRS-103,Power BI DAX Masterclass,Tech,2025-09-02,81,Completed,2000
EMP-16247,CRS-102,Python for Data Engineering,Tech,2024-01-25,93,Completed,2500
EMP-16247,CRS-301,Cloud Security & Compliance,Compliance,2024-05-10,76,Completed,3000
EMP-11324,CRS-302,Modern Data Stack Architecture,Tech,2023-11-16,73,Completed,4000
EMP-11324,CRS-302,Modern Data Stack Architecture,Tech,2024-01-12,96,Completed,4000
EMP-11324,CRS-202,Cross-Cultural Business Communication,Soft Skills,2025-10-05,70,Completed,800
EMP-11324,CRS-202,Cross-Cultural Business Communication,Soft Skills,2025-11-22,76,Completed,800
EMP-11324,CRS-103,Power BI DAX Masterclass,Tech,2025-09-14,89,Completed,2000
EMP-14419,CRS-202,Cross-Cultural Business Communication,Soft Skills,2024-01-10,78,Completed,800
EMP-14419,CRS-103,Power BI DAX Masterclass,Tech,2026-03-27,71,Completed,2000
EMP-14419,CRS-103,Power BI DAX Masterclass,Tech,2026-05-07,90,Completed,2000
EMP-14419,CRS-201,Agile Project Management,Leadership,2026-01-12,86,Completed,1200
EMP-16379,CRS-302,Modern Data Stack Architecture,Tech,2023-09-04,84,Completed,4000
EMP-16379,CRS-102,Python for Data Engineering,Tech,2023-01-18,91,Completed,2500
EMP-16379,CRS-201,Agile Project Management,Leadership,2026-04-04,80,Completed,1200
EMP-14345,CRS-102,Python for Data Engineering,Tech,2024-04-30,85,Completed,2500
EMP-14345,CRS-202,Cross-Cultural Business Communication,Soft Skills,2024-12-03,75,Completed,800
EMP-14345,CRS-103,Power BI DAX Masterclass,Tech,2024-03-07,92,Completed,2000
EMP-10005,CRS-201,Agile Project Management,Leadership,2024-07-26,75,Completed,1200
EMP-14907,CRS-301,Cloud Security & Compliance,Compliance,2024-04-27,83,Completed,3000
EMP-14907,CRS-102,Python for Data Engineering,Tech,2024-02-06,95,Completed,2500
EMP-14907,CRS-101,Advanced SQL & Performance Tuning,Tech,2023-11-03,65,Failed,0
EMP-14907,CRS-101,Advanced SQL & Performance Tuning,Tech,2023-12-13,90,Completed,1500
EMP-14907,CRS-103,Power BI DAX Masterclass,Tech,2023-10-03,87,Completed,2000
EMP-12656,CRS-103,Power BI DAX Masterclass,Tech,2026-02-25,71,Completed,2000
EMP-12656,CRS-103,Power BI DAX Masterclass,Tech,2026-04-24,80,Completed,2000
EMP-12656,CRS-302,Modern Data Stack Architecture,Tech,2023-05-03,96,Completed,4000
EMP-14003,CRS-101,Advanced SQL & Performance Tuning,Tech,2024-06-16,81,Completed,1500
EMP-14003,CRS-201,Agile Project Management,Leadership,2024-06-11,70,Completed,1200
EMP-14003,CRS-201,Agile Project Management,Leadership,2024-07-17,96,Completed,1200
EMP-14003,CRS-103,Power BI DAX Masterclass,Tech,2026-05-25,88,Completed,2000
EMP-10160,CRS-102,Python for Data Engineering,Tech,2024-12-28,91,Completed,2500
EMP-10160,CRS-103,Power BI DAX Masterclass,Tech,2025-07-04,82,Completed,2000
EMP-10917,CRS-102,Python for Data Engineering,Tech,2023-12-10,83,Completed,2500
EMP-12974,CRS-302,Modern Data Stack Architecture,Tech,2023-06-12,80,Completed,4000
EMP-12974,CRS-101,Advanced SQL & Performance Tuning,Tech,2024-10-10,92,Completed,1500
EMP-16610,CRS-103,Power BI DAX Masterclass,Tech,2025-01-13,86,Completed,2000
EMP-16610,CRS-201,Agile Project Management,Leadership,2025-04-27,75,Completed,1200
EMP-12520,CRS-102,Python for Data Engineering,Tech,2024-05-30,76,Completed,2500
EMP-11962,CRS-101,Advanced SQL & Performance Tuning,Tech,2025-08-27,67,Failed,0
EMP-11962,CRS-101,Advanced SQL & Performance Tuning,Tech,2025-10-05,91,Completed,1500
EMP-10475,CRS-101,Advanced SQL & Performance Tuning,Tech,2024-06-21,69,Failed,0
EMP-10475,CRS-101,Advanced SQL & Performance Tuning,Tech,2024-07-29,84,Completed,1500
EMP-10475,CRS-302,Modern Data Stack Architecture,Tech,2024-04-14,93,Completed,4000
EMP-11974,CRS-102,Python for Data Engineering,Tech,2023-12-16,71,Completed,2500
EMP-11974,CRS-102,Python for Data Engineering,Tech,2024-01-19,90,Completed,2500
EMP-11974,CRS-202,Cross-Cultural Business Communication,Soft Skills,2025-08-14,99,Completed,800
EMP-14648,CRS-301,Cloud Security & Compliance,Compliance,2026-01-09,88,Completed,3000
EMP-16936,CRS-301,Cloud Security & Compliance,Compliance,2025-06-09,90,Completed,3000
EMP-16936,CRS-202,Cross-Cultural Business Communication,Soft Skills,2024-09-26,85,Completed,800
EMP-10702,CRS-201,Agile Project Management,Leadership,2025-04-24,74,Completed,1200
EMP-10702,CRS-201,Agile Project Management,Leadership,2025-05-08,91,Completed,1200
EMP-10702,CRS-103,Power BI DAX Masterclass,Tech,2023-10-07,79,Completed,2000
EMP-10702,CRS-301,Cloud Security & Compliance,Compliance,2023-01-18,100,Completed,3000
EMP-15996,CRS-302,Modern Data Stack Architecture,Tech,2025-05-31,89,Completed,4000
EMP-13982,CRS-103,Power BI DAX Masterclass,Tech,2024-01-22,98,Completed,2000
EMP-16685,CRS-102,Python for Data Engineering,Tech,2025-03-09,77,Completed,2500
EMP-10567,CRS-102,Python for Data Engineering,Tech,2025-11-24,95,Completed,2500
EMP-16231,CRS-301,Cloud Security & Compliance,Compliance,2025-12-25,83,Completed,3000
EMP-14364,CRS-102,Python for Data Engineering,Tech,2024-08-16,90,Completed,2500
EMP-16274,CRS-301,Cloud Security & Compliance,Compliance,2025-10-04,56,Failed,0
EMP-16274,CRS-301,Cloud Security & Compliance,Compliance,2025-10-21,92,Completed,3000
EMP-11031,CRS-101,Advanced SQL & Performance Tuning,Tech,2024-07-31,74,Completed,1500
EMP-11031,CRS-101,Advanced SQL & Performance Tuning,Tech,2024-09-29,75,Completed,1500
EMP-11052,CRS-102,Python for Data Engineering,Tech,2023-01-31,76,Completed,2500
EMP-15405,CRS-302,Modern Data Stack Architecture,Tech,2025-10-17,84,Completed,4000
EMP-13894,CRS-101,Advanced SQL & Performance Tuning,Tech,2023-10-27,78,Completed,1500
EMP-14504,CRS-201,Agile Project Management,Leadership,2024-01-07,98,Completed,1200
EMP-11353,CRS-302,Modern Data Stack Architecture,Tech,2024-05-24,94,Completed,4000
EMP-11353,CRS-101,Advanced SQL & Performance Tuning,Tech,2024-05-21,76,Completed,1500
EMP-11353,CRS-301,Cloud Security & Compliance,Compliance,2023-07-12,91,Completed,3000
EMP-12172,CRS-301,Cloud Security & Compliance,Compliance,2024-10-01,75,Completed,3000
EMP-14323,CRS-202,Cross-Cultural Business Communication,Soft Skills,2025-12-02,78,Completed,800
EMP-14970,CRS-103,Power BI DAX Masterclass,Tech,2023-04-17,73,Completed,2000
EMP-14970,CRS-103,Power BI DAX Masterclass,Tech,2023-05-28,85,Completed,2000
EMP-13467,CRS-302,Modern Data Stack Architecture,Tech,2024-07-19,73,Completed,4000
EMP-13467,CRS-302,Modern Data Stack Architecture,Tech,2024-08-17,75,Completed,4000
EMP-11736,CRS-202,Cross-Cultural Business Communication,Soft Skills,2025-01-30,77,Completed,800
EMP-11736,CRS-301,Cloud Security & Compliance,Compliance,2023-07-07,80,Completed,3000
EMP-11736,CRS-201,Agile Project Management,Leadership,2023-05-03,81,Completed,1200
EMP-11736,CRS-102,Python for Data Engineering,Tech,2026-01-03,74,Completed,2500
EMP-11736,CRS-102,Python for Data Engineering,Tech,2026-02-06,92,Completed,2500
EMP-14418,CRS-302,Modern Data Stack Architecture,Tech,2025-06-17,70,Completed,4000
EMP-14418,CRS-302,Modern Data Stack Architecture,Tech,2025-07-23,98,Completed,4000
EMP-14418,CRS-103,Power BI DAX Masterclass,Tech,2023-10-03,58,Failed,0
EMP-14418,CRS-103,Power BI DAX Masterclass,Tech,2023-12-01,89,Completed,2000
EMP-16188,CRS-202,Cross-Cultural Business Communication,Soft Skills,2025-09-30,88,Completed,800
EMP-16188,CRS-301,Cloud Security & Compliance,Compliance,2024-12-13,93,Completed,3000
EMP-15980,CRS-202,Cross-Cultural Business Communication,Soft Skills,2023-05-22,74,Completed,800
EMP-15980,CRS-202,Cross-Cultural Business Communication,Soft Skills,2023-06-21,92,Completed,800
EMP-15980,CRS-302,Modern Data Stack Architecture,Tech,2025-01-21,70,Completed,4000
EMP-15980,CRS-302,Modern Data Stack Architecture,Tech,2025-03-08,87,Completed,4000
EMP-15980,CRS-102,Python for Data Engineering,Tech,2024-01-15,89,Completed,2500
EMP-15652,CRS-102,Python for Data Engineering,Tech,2023-05-10,96,Completed,2500
EMP-15652,CRS-103,Power BI DAX Masterclass,Tech,2025-12-09,94,Completed,2000
EMP-11648,CRS-103,Power BI DAX Masterclass,Tech,2024-10-21,73,Completed,2000
EMP-11648,CRS-103,Power BI DAX Masterclass,Tech,2024-11-08,76,Completed,2000
EMP-11648,CRS-201,Agile Project Management,Leadership,2023-09-23,55,Failed,0
EMP-11648,CRS-201,Agile Project Management,Leadership,2023-10-13,90,Completed,1200
EMP-15841,CRS-101,Advanced SQL & Performance Tuning,Tech,2026-03-15,91,Completed,1500
EMP-12554,CRS-202,Cross-Cultural Business Communication,Soft Skills,2023-04-11,77,Completed,800
EMP-12554,CRS-103,Power BI DAX Masterclass,Tech,2023-05-26,99,Completed,2000
EMP-13269,CRS-302,Modern Data Stack Architecture,Tech,2025-08-16,81,Completed,4000
EMP-13269,CRS-101,Advanced SQL & Performance Tuning,Tech,2025-05-01,95,Completed,1500
EMP-15503,CRS-103,Power BI DAX Masterclass,Tech,2023-05-25,72,Completed,2000
EMP-15503,CRS-103,Power BI DAX Masterclass,Tech,2023-07-11,78,Completed,2000
EMP-15503,CRS-202,Cross-Cultural Business Communication,Soft Skills,2023-07-27,87,Completed,800
EMP-15503,CRS-101,Advanced SQL & Performance Tuning,Tech,2024-01-31,91,Completed,1500
EMP-16973,CRS-102,Python for Data Engineering,Tech,2026-02-17,63,Failed,0
EMP-16973,CRS-102,Python for Data Engineering,Tech,2026-04-12,93,Completed,2500
EMP-16973,CRS-202,Cross-Cultural Business Communication,Soft Skills,2025-01-03,92,Completed,800
EMP-13060,CRS-102,Python for Data Engineering,Tech,2025-04-02,80,Completed,2500
EMP-13060,CRS-302,Modern Data Stack Architecture,Tech,2025-12-29,84,Completed,4000
EMP-13060,CRS-202,Cross-Cultural Business Communication,Soft Skills,2024-10-07,80,Completed,800
EMP-13589,CRS-301,Cloud Security & Compliance,Compliance,2025-05-31,89,Completed,3000
EMP-14240,CRS-201,Agile Project Management,Leadership,2024-06-04,100,Completed,1200
EMP-14240,CRS-202,Cross-Cultural Business Communication,Soft Skills,2025-03-24,50,Failed,0
EMP-14240,CRS-202,Cross-Cultural Business Communication,Soft Skills,2025-04-25,94,Completed,800
EMP-13699,CRS-102,Python for Data Engineering,Tech,2024-09-10,79,Completed,2500
EMP-10992,CRS-103,Power BI DAX Masterclass,Tech,2023-02-14,99,Completed,2000
EMP-12031,CRS-202,Cross-Cultural Business Communication,Soft Skills,2023-07-13,84,Completed,800
EMP-12031,CRS-102,Python for Data Engineering,Tech,2023-10-11,81,Completed,2500
EMP-11841,CRS-103,Power BI DAX Masterclass,Tech,2024-09-07,88,Completed,2000
EMP-10525,CRS-301,Cloud Security & Compliance,Compliance,2025-09-15,85,Completed,3000
EMP-10525,CRS-101,Advanced SQL & Performance Tuning,Tech,2026-03-26,89,Completed,1500
EMP-10525,CRS-103,Power BI DAX Masterclass,Tech,2023-03-18,68,Failed,0
EMP-10525,CRS-103,Power BI DAX Masterclass,Tech,2023-04-04,99,Completed,2000
EMP-12770,CRS-302,Modern Data Stack Architecture,Tech,2025-06-08,99,Completed,4000
EMP-10173,CRS-102,Python for Data Engineering,Tech,2023-01-24,71,Completed,2500
EMP-10173,CRS-102,Python for Data Engineering,Tech,2023-02-09,85,Completed,2500
EMP-10173,CRS-301,Cloud Security & Compliance,Compliance,2026-01-10,74,Completed,3000
EMP-10173,CRS-301,Cloud Security & Compliance,Compliance,2026-03-09,82,Completed,3000
EMP-10173,CRS-202,Cross-Cultural Business Communication,Soft Skills,2023-11-10,91,Completed,800
EMP-14820,CRS-201,Agile Project Management,Leadership,2026-05-03,68,Failed,0
EMP-14538,CRS-201,Agile Project Management,Leadership,2023-10-31,54,Failed,0
EMP-14538,CRS-201,Agile Project Management,Leadership,2023-12-20,98,Completed,1200
EMP-11886,CRS-201,Agile Project Management,Leadership,2024-06-21,82,Completed,1200
EMP-14821,CRS-102,Python for Data Engineering,Tech,2025-09-11,76,Completed,2500
EMP-14821,CRS-302,Modern Data Stack Architecture,Tech,2026-03-16,87,Completed,4000
EMP-11805,CRS-102,Python for Data Engineering,Tech,2023-05-27,94,Completed,2500
EMP-11805,CRS-302,Modern Data Stack Architecture,Tech,2026-03-25,73,Completed,4000
EMP-11805,CRS-302,Modern Data Stack Architecture,Tech,2026-05-05,86,Completed,4000
EMP-10059,CRS-103,Power BI DAX Masterclass,Tech,2024-12-06,69,Failed,0
EMP-10059,CRS-103,Power BI DAX Masterclass,Tech,2025-01-08,80,Completed,2000
EMP-10582,CRS-202,Cross-Cultural Business Communication,Soft Skills,2025-06-21,99,Completed,800
EMP-10582,CRS-201,Agile Project Management,Leadership,2024-02-13,74,Completed,1200
EMP-10582,CRS-201,Agile Project Management,Leadership,2024-03-03,78,Completed,1200
EMP-10582,CRS-302,Modern Data Stack Architecture,Tech,2023-04-22,100,Completed,4000
EMP-10582,CRS-102,Python for Data Engineering,Tech,2023-10-30,70,Completed,2500
EMP-10582,CRS-102,Python for Data Engineering,Tech,2023-11-20,84,Completed,2500
EMP-15799,CRS-101,Advanced SQL & Performance Tuning,Tech,2024-11-10,93,Completed,1500
EMP-15170,CRS-202,Cross-Cultural Business Communication,Soft Skills,2024-06-13,85,Completed,800
EMP-10483,CRS-301,Cloud Security & Compliance,Compliance,2026-04-08,71,Completed,3000
EMP-10483,CRS-301,Cloud Security & Compliance,Compliance,2026-04-25,84,Completed,3000
EMP-10483,CRS-302,Modern Data Stack Architecture,Tech,2024-02-16,69,Failed,0
EMP-10483,CRS-302,Modern Data Stack Architecture,Tech,2024-04-11,75,Completed,4000
EMP-10483,CRS-101,Advanced SQL & Performance Tuning,Tech,2023-05-17,91,Completed,1500
EMP-10483,CRS-201,Agile Project Management,Leadership,2025-01-07,70,Completed,1200
EMP-10483,CRS-201,Agile Project Management,Leadership,2025-03-03,87,Completed,1200
EMP-11876,CRS-201,Agile Project Management,Leadership,2025-11-07,98,Completed,1200
EMP-10553,CRS-202,Cross-Cultural Business Communication,Soft Skills,2024-02-12,100,Completed,800
EMP-10553,CRS-101,Advanced SQL & Performance Tuning,Tech,2023-02-14,77,Completed,1500
EMP-10553,CRS-102,Python for Data Engineering,Tech,2024-09-16,85,Completed,2500
EMP-10258,CRS-103,Power BI DAX Masterclass,Tech,2024-12-21,90,Completed,2000
EMP-12707,CRS-202,Cross-Cultural Business Communication,Soft Skills,2025-03-03,100,Completed,800
EMP-12707,CRS-103,Power BI DAX Masterclass,Tech,2024-07-27,74,Completed,2000
EMP-12707,CRS-103,Power BI DAX Masterclass,Tech,2024-09-04,96,Completed,2000
EMP-12707,CRS-101,Advanced SQL & Performance Tuning,Tech,2023-10-09,93,Completed,1500
EMP-12707,CRS-301,Cloud Security & Compliance,Compliance,2024-04-10,77,Completed,3000
EMP-10581,CRS-103,Power BI DAX Masterclass,Tech,2026-05-24,84,Completed,2000
EMP-14212,CRS-102,Python for Data Engineering,Tech,2026-04-04,91,Completed,2500
EMP-11950,CRS-103,Power BI DAX Masterclass,Tech,2023-10-04,99,Completed,2000
EMP-11950,CRS-301,Cloud Security & Compliance,Compliance,2023-10-25,99,Completed,3000
EMP-11950,CRS-202,Cross-Cultural Business Communication,Soft Skills,2023-05-19,87,Completed,800
EMP-12282,CRS-103,Power BI DAX Masterclass,Tech,2023-10-26,94,Completed,2000
EMP-15481,CRS-201,Agile Project Management,Leadership,2023-11-08,56,Failed,0
EMP-15481,CRS-201,Agile Project Management,Leadership,2023-11-23,99,Completed,1200
EMP-15481,CRS-103,Power BI DAX Masterclass,Tech,2024-06-30,88,Completed,2000
EMP-15481,CRS-302,Modern Data Stack Architecture,Tech,2026-05-06,77,Completed,4000
EMP-15481,CRS-301,Cloud Security & Compliance,Compliance,2025-01-05,92,Completed,3000
EMP-13977,CRS-302,Modern Data Stack Architecture,Tech,2026-05-23,92,Completed,4000
EMP-11756,CRS-201,Agile Project Management,Leadership,2025-10-03,74,Completed,1200
EMP-11756,CRS-201,Agile Project Management,Leadership,2025-10-31,76,Completed,1200
EMP-16756,CRS-101,Advanced SQL & Performance Tuning,Tech,2024-07-06,77,Completed,1500
EMP-11084,CRS-302,Modern Data Stack Architecture,Tech,2025-06-18,85,Completed,4000
EMP-11084,CRS-102,Python for Data Engineering,Tech,2025-07-26,83,Completed,2500
EMP-11084,CRS-101,Advanced SQL & Performance Tuning,Tech,2023-03-27,93,Completed,1500
EMP-11084,CRS-301,Cloud Security & Compliance,Compliance,2024-10-02,89,Completed,3000
EMP-15926,CRS-202,Cross-Cultural Business Communication,Soft Skills,2023-03-20,73,Completed,800
EMP-15926,CRS-202,Cross-Cultural Business Communication,Soft Skills,2023-04-05,82,Completed,800
EMP-15926,CRS-302,Modern Data Stack Architecture,Tech,2025-11-28,82,Completed,4000
EMP-14678,CRS-201,Agile Project Management,Leadership,2025-11-23,76,Completed,1200
EMP-14721,CRS-103,Power BI DAX Masterclass,Tech,2024-08-08,75,Completed,2000
EMP-13873,CRS-101,Advanced SQL & Performance Tuning,Tech,2025-11-24,84,Completed,1500
EMP-13873,CRS-301,Cloud Security & Compliance,Compliance,2025-07-14,93,Completed,3000
EMP-11991,CRS-202,Cross-Cultural Business Communication,Soft Skills,2026-01-24,82,Completed,800
EMP-16428,CRS-102,Python for Data Engineering,Tech,2025-07-18,98,Completed,2500
EMP-13875,CRS-201,Agile Project Management,Leadership,2023-07-04,80,Completed,1200
EMP-16616,CRS-302,Modern Data Stack Architecture,Tech,2023-07-06,92,Completed,4000
EMP-16616,CRS-102,Python for Data Engineering,Tech,2025-01-13,86,Completed,2500
EMP-16616,CRS-101,Advanced SQL & Performance Tuning,Tech,2025-11-13,100,Completed,1500
EMP-13335,CRS-101,Advanced SQL & Performance Tuning,Tech,2024-11-17,97,Completed,1500
EMP-13335,CRS-102,Python for Data Engineering,Tech,2023-11-04,55,Failed,0
EMP-13335,CRS-102,Python for Data Engineering,Tech,2024-01-02,76,Completed,2500
EMP-11560,CRS-103,Power BI DAX Masterclass,Tech,2025-07-02,90,Completed,2000
EMP-10773,CRS-102,Python for Data Engineering,Tech,2024-06-02,84,Completed,2500
EMP-10773,CRS-101,Advanced SQL & Performance Tuning,Tech,2025-10-18,67,Failed,0
EMP-10773,CRS-101,Advanced SQL & Performance Tuning,Tech,2025-12-02,82,Completed,1500
EMP-10773,CRS-202,Cross-Cultural Business Communication,Soft Skills,2024-03-20,91,Completed,800
EMP-10795,CRS-101,Advanced SQL & Performance Tuning,Tech,2026-05-16,70,Completed,1500
EMP-15399,CRS-301,Cloud Security & Compliance,Compliance,2026-02-15,71,Completed,3000
EMP-15399,CRS-301,Cloud Security & Compliance,Compliance,2026-03-04,95,Completed,3000
EMP-13532,CRS-102,Python for Data Engineering,Tech,2023-03-08,96,Completed,2500
EMP-12903,CRS-101,Advanced SQL & Performance Tuning,Tech,2023-04-11,83,Completed,1500
EMP-13470,CRS-103,Power BI DAX Masterclass,Tech,2026-05-03,95,Completed,2000
EMP-13368,CRS-301,Cloud Security & Compliance,Compliance,2023-07-10,80,Completed,3000
EMP-13368,CRS-202,Cross-Cultural Business Communication,Soft Skills,2025-02-15,94,Completed,800
EMP-13368,CRS-103,Power BI DAX Masterclass,Tech,2026-02-01,79,Completed,2000
EMP-13368,CRS-101,Advanced SQL & Performance Tuning,Tech,2023-09-07,80,Completed,1500
EMP-13826,CRS-301,Cloud Security & Compliance,Compliance,2023-04-30,88,Completed,3000
EMP-13826,CRS-102,Python for Data Engineering,Tech,2025-12-19,85,Completed,2500
EMP-15973,CRS-302,Modern Data Stack Architecture,Tech,2024-08-11,89,Completed,4000
EMP-15973,CRS-301,Cloud Security & Compliance,Compliance,2024-06-15,88,Completed,3000
EMP-10444,CRS-102,Python for Data Engineering,Tech,2026-02-26,86,Completed,2500
EMP-15517,CRS-302,Modern Data Stack Architecture,Tech,2024-01-04,77,Completed,4000
EMP-15354,CRS-101,Advanced SQL & Performance Tuning,Tech,2023-08-30,95,Completed,1500
EMP-15354,CRS-302,Modern Data Stack Architecture,Tech,2025-04-29,71,Completed,4000
EMP-15354,CRS-302,Modern Data Stack Architecture,Tech,2025-06-17,100,Completed,4000
EMP-15354,CRS-301,Cloud Security & Compliance,Compliance,2024-03-10,90,Completed,3000
EMP-15354,CRS-201,Agile Project Management,Leadership,2024-07-30,58,Failed,0
EMP-15354,CRS-201,Agile Project Management,Leadership,2024-09-01,91,Completed,1200
EMP-15294,CRS-302,Modern Data Stack Architecture,Tech,2023-08-22,80,Completed,4000
EMP-15294,CRS-101,Advanced SQL & Performance Tuning,Tech,2026-03-11,69,Failed,0
EMP-15294,CRS-101,Advanced SQL & Performance Tuning,Tech,2026-04-05,81,Completed,1500
EMP-10807,CRS-103,Power BI DAX Masterclass,Tech,2025-09-08,65,Failed,0
EMP-10807,CRS-103,Power BI DAX Masterclass,Tech,2025-09-30,90,Completed,2000
EMP-10497,CRS-201,Agile Project Management,Leadership,2026-01-04,84,Completed,1200
EMP-13299,CRS-301,Cloud Security & Compliance,Compliance,2023-04-25,79,Completed,3000
EMP-15966,CRS-202,Cross-Cultural Business Communication,Soft Skills,2023-02-08,88,Completed,800
EMP-15966,CRS-302,Modern Data Stack Architecture,Tech,2024-12-25,74,Completed,4000
EMP-15966,CRS-302,Modern Data Stack Architecture,Tech,2025-01-09,85,Completed,4000
EMP-12780,CRS-301,Cloud Security & Compliance,Compliance,2024-01-19,73,Completed,3000
EMP-12780,CRS-301,Cloud Security & Compliance,Compliance,2024-02-21,97,Completed,3000
EMP-12780,CRS-202,Cross-Cultural Business Communication,Soft Skills,2024-10-06,78,Completed,800
EMP-12780,CRS-102,Python for Data Engineering,Tech,2025-10-14,81,Completed,2500
EMP-12780,CRS-201,Agile Project Management,Leadership,2024-09-11,86,Completed,1200
EMP-16559,CRS-302,Modern Data Stack Architecture,Tech,2023-03-18,56,Failed,0
EMP-16559,CRS-302,Modern Data Stack Architecture,Tech,2023-05-03,75,Completed,4000
EMP-10896,CRS-202,Cross-Cultural Business Communication,Soft Skills,2024-01-25,99,Completed,800
EMP-10896,CRS-102,Python for Data Engineering,Tech,2025-12-08,94,Completed,2500
EMP-12037,CRS-101,Advanced SQL & Performance Tuning,Tech,2023-09-29,56,Failed,0
EMP-12037,CRS-101,Advanced SQL & Performance Tuning,Tech,2023-11-06,97,Completed,1500
EMP-12037,CRS-202,Cross-Cultural Business Communication,Soft Skills,2025-12-05,70,Completed,800
EMP-12037,CRS-202,Cross-Cultural Business Communication,Soft Skills,2025-12-21,96,Completed,800
EMP-11570,CRS-302,Modern Data Stack Architecture,Tech,2025-08-14,73,Completed,4000
EMP-11570,CRS-302,Modern Data Stack Architecture,Tech,2025-10-09,98,Completed,4000
EMP-11570,CRS-101,Advanced SQL & Performance Tuning,Tech,2024-10-01,88,Completed,1500
EMP-11570,CRS-103,Power BI DAX Masterclass,Tech,2024-03-05,76,Completed,2000
EMP-11559,CRS-103,Power BI DAX Masterclass,Tech,2025-06-22,53,Failed,0
EMP-11559,CRS-103,Power BI DAX Masterclass,Tech,2025-07-23,78,Completed,2000
EMP-14394,CRS-202,Cross-Cultural Business Communication,Soft Skills,2026-02-20,73,Completed,800
EMP-14394,CRS-202,Cross-Cultural Business Communication,Soft Skills,2026-03-28,92,Completed,800
EMP-13676,CRS-102,Python for Data Engineering,Tech,2024-08-03,77,Completed,2500
EMP-11149,CRS-103,Power BI DAX Masterclass,Tech,2026-01-12,64,Failed,0
EMP-11149,CRS-103,Power BI DAX Masterclass,Tech,2026-02-25,96,Completed,2000
EMP-16985,CRS-201,Agile Project Management,Leadership,2023-04-21,83,Completed,1200
EMP-11504,CRS-202,Cross-Cultural Business Communication,Soft Skills,2025-07-02,81,Completed,800
EMP-11504,CRS-301,Cloud Security & Compliance,Compliance,2024-02-10,72,Completed,3000
EMP-11504,CRS-301,Cloud Security & Compliance,Compliance,2024-03-24,93,Completed,3000
EMP-16719,CRS-302,Modern Data Stack Architecture,Tech,2025-08-17,84,Completed,4000
EMP-13790,CRS-302,Modern Data Stack Architecture,Tech,2025-08-21,100,Completed,4000
EMP-13790,CRS-201,Agile Project Management,Leadership,2024-06-12,82,Completed,1200
EMP-12047,CRS-103,Power BI DAX Masterclass,Tech,2025-09-25,72,Completed,2000
EMP-12047,CRS-103,Power BI DAX Masterclass,Tech,2025-10-31,90,Completed,2000
EMP-12047,CRS-302,Modern Data Stack Architecture,Tech,2025-08-02,79,Completed,4000
EMP-12047,CRS-201,Agile Project Management,Leadership,2026-05-22,74,Completed,1200
EMP-10618,CRS-302,Modern Data Stack Architecture,Tech,2026-02-12,95,Completed,4000
EMP-10618,CRS-101,Advanced SQL & Performance Tuning,Tech,2025-08-02,88,Completed,1500
EMP-10618,CRS-103,Power BI DAX Masterclass,Tech,2024-05-14,75,Completed,2000
EMP-13631,CRS-103,Power BI DAX Masterclass,Tech,2024-03-02,83,Completed,2000
EMP-16620,CRS-302,Modern Data Stack Architecture,Tech,2024-12-01,92,Completed,4000
EMP-14509,CRS-101,Advanced SQL & Performance Tuning,Tech,2026-03-21,73,Completed,1500
EMP-14509,CRS-101,Advanced SQL & Performance Tuning,Tech,2026-05-03,85,Completed,1500
EMP-14509,CRS-301,Cloud Security & Compliance,Compliance,2026-02-10,96,Completed,3000
EMP-10803,CRS-201,Agile Project Management,Leadership,2023-05-23,73,Completed,1200
EMP-10803,CRS-201,Agile Project Management,Leadership,2023-07-14,99,Completed,1200
EMP-10415,CRS-103,Power BI DAX Masterclass,Tech,2023-07-05,56,Failed,0
EMP-10415,CRS-103,Power BI DAX Masterclass,Tech,2023-08-25,99,Completed,2000
EMP-10415,CRS-201,Agile Project Management,Leadership,2023-01-01,54,Failed,0
EMP-10415,CRS-201,Agile Project Management,Leadership,2023-02-18,84,Completed,1200
EMP-10415,CRS-101,Advanced SQL & Performance Tuning,Tech,2025-03-09,88,Completed,1500
EMP-15343,CRS-103,Power BI DAX Masterclass,Tech,2024-09-05,95,Completed,2000
EMP-14429,CRS-201,Agile Project Management,Leadership,2024-12-06,52,Failed,0
EMP-14429,CRS-201,Agile Project Management,Leadership,2025-01-21,87,Completed,1200
EMP-10121,CRS-302,Modern Data Stack Architecture,Tech,2025-01-26,67,Failed,0
EMP-10121,CRS-302,Modern Data Stack Architecture,Tech,2025-03-26,92,Completed,4000
EMP-10121,CRS-103,Power BI DAX Masterclass,Tech,2025-01-05,97,Completed,2000
EMP-10121,CRS-101,Advanced SQL & Performance Tuning,Tech,2023-03-05,83,Completed,1500
EMP-10765,CRS-103,Power BI DAX Masterclass,Tech,2025-02-22,82,Completed,2000
EMP-16174,CRS-102,Python for Data Engineering,Tech,2025-08-30,76,Completed,2500
EMP-11937,CRS-103,Power BI DAX Masterclass,Tech,2024-08-13,54,Failed,0
EMP-11937,CRS-103,Power BI DAX Masterclass,Tech,2024-10-07,75,Completed,2000
EMP-11937,CRS-201,Agile Project Management,Leadership,2023-10-22,91,Completed,1200
EMP-11937,CRS-102,Python for Data Engineering,Tech,2023-10-06,74,Completed,2500
EMP-11937,CRS-102,Python for Data Engineering,Tech,2023-11-15,89,Completed,2500
EMP-11363,CRS-301,Cloud Security & Compliance,Compliance,2024-01-04,86,Completed,3000
EMP-11363,CRS-202,Cross-Cultural Business Communication,Soft Skills,2025-07-10,81,Completed,800
EMP-11363,CRS-201,Agile Project Management,Leadership,2025-05-19,70,Completed,1200
EMP-11363,CRS-201,Agile Project Management,Leadership,2025-07-18,82,Completed,1200
EMP-13330,CRS-103,Power BI DAX Masterclass,Tech,2026-01-23,68,Failed,0
EMP-13330,CRS-103,Power BI DAX Masterclass,Tech,2026-02-08,93,Completed,2000
EMP-13330,CRS-201,Agile Project Management,Leadership,2025-09-16,73,Completed,1200
EMP-13330,CRS-201,Agile Project Management,Leadership,2025-11-13,77,Completed,1200
EMP-13979,CRS-301,Cloud Security & Compliance,Compliance,2025-12-14,84,Completed,3000
EMP-13944,CRS-202,Cross-Cultural Business Communication,Soft Skills,2024-05-17,90,Completed,800
EMP-13944,CRS-101,Advanced SQL & Performance Tuning,Tech,2023-06-09,95,Completed,1500
EMP-11752,CRS-103,Power BI DAX Masterclass,Tech,2023-01-23,84,Completed,2000
EMP-11752,CRS-202,Cross-Cultural Business Communication,Soft Skills,2025-08-18,93,Completed,800
EMP-13286,CRS-302,Modern Data Stack Architecture,Tech,2024-08-26,59,Failed,0
EMP-13286,CRS-302,Modern Data Stack Architecture,Tech,2024-10-17,98,Completed,4000
EMP-10481,CRS-302,Modern Data Stack Architecture,Tech,2026-02-28,71,Completed,4000
EMP-10481,CRS-302,Modern Data Stack Architecture,Tech,2026-04-20,80,Completed,4000
EMP-11349,CRS-301,Cloud Security & Compliance,Compliance,2023-02-25,59,Failed,0
EMP-11349,CRS-301,Cloud Security & Compliance,Compliance,2023-04-12,77,Completed,3000
EMP-11349,CRS-103,Power BI DAX Masterclass,Tech,2024-07-23,74,Completed,2000
EMP-11349,CRS-103,Power BI DAX Masterclass,Tech,2024-08-23,83,Completed,2000
EMP-13105,CRS-101,Advanced SQL & Performance Tuning,Tech,2026-05-21,99,Completed,1500
EMP-10018,CRS-201,Agile Project Management,Leadership,2025-01-27,78,Completed,1200
EMP-13199,CRS-102,Python for Data Engineering,Tech,2025-12-16,80,Completed,2500
EMP-12173,CRS-202,Cross-Cultural Business Communication,Soft Skills,2025-02-23,91,Completed,800
EMP-12173,CRS-102,Python for Data Engineering,Tech,2023-12-09,88,Completed,2500
EMP-12173,CRS-201,Agile Project Management,Leadership,2024-12-07,90,Completed,1200
EMP-12173,CRS-302,Modern Data Stack Architecture,Tech,2023-08-26,75,Completed,4000
EMP-16424,CRS-201,Agile Project Management,Leadership,2025-12-26,82,Completed,1200
EMP-16432,CRS-103,Power BI DAX Masterclass,Tech,2023-10-25,97,Completed,2000
EMP-13728,CRS-302,Modern Data Stack Architecture,Tech,2025-07-08,91,Completed,4000
EMP-12337,CRS-101,Advanced SQL & Performance Tuning,Tech,2025-12-24,100,Completed,1500
EMP-12337,CRS-302,Modern Data Stack Architecture,Tech,2024-07-12,78,Completed,4000
EMP-13466,CRS-301,Cloud Security & Compliance,Compliance,2026-04-11,84,Completed,3000
EMP-15707,CRS-301,Cloud Security & Compliance,Compliance,2026-04-20,86,Completed,3000
EMP-15707,CRS-302,Modern Data Stack Architecture,Tech,2024-01-04,60,Failed,0
EMP-15707,CRS-302,Modern Data Stack Architecture,Tech,2024-01-18,77,Completed,4000
EMP-15985,CRS-101,Advanced SQL & Performance Tuning,Tech,2025-12-11,91,Completed,1500
EMP-16418,CRS-103,Power BI DAX Masterclass,Tech,2024-05-30,56,Failed,0
EMP-16418,CRS-103,Power BI DAX Masterclass,Tech,2024-06-18,76,Completed,2000
EMP-14553,CRS-301,Cloud Security & Compliance,Compliance,2023-09-07,72,Completed,3000
EMP-14553,CRS-301,Cloud Security & Compliance,Compliance,2023-09-29,87,Completed,3000
EMP-14553,CRS-102,Python for Data Engineering,Tech,2026-03-05,55,Failed,0
EMP-14553,CRS-102,Python for Data Engineering,Tech,2026-03-30,83,Completed,2500
EMP-14553,CRS-202,Cross-Cultural Business Communication,Soft Skills,2024-08-26,91,Completed,800
EMP-15423,CRS-103,Power BI DAX Masterclass,Tech,2024-10-24,75,Completed,2000
EMP-15423,CRS-201,Agile Project Management,Leadership,2024-07-21,82,Completed,1200
EMP-15886,CRS-103,Power BI DAX Masterclass,Tech,2023-05-23,99,Completed,2000
EMP-15886,CRS-302,Modern Data Stack Architecture,Tech,2025-03-15,90,Completed,4000
EMP-15886,CRS-102,Python for Data Engineering,Tech,2023-10-22,94,Completed,2500
EMP-15886,CRS-201,Agile Project Management,Leadership,2023-08-06,92,Completed,1200
EMP-13987,CRS-101,Advanced SQL & Performance Tuning,Tech,2026-03-16,94,Completed,1500
EMP-11269,CRS-102,Python for Data Engineering,Tech,2023-03-19,78,Completed,2500
EMP-11269,CRS-301,Cloud Security & Compliance,Compliance,2024-11-06,62,Failed,0
EMP-11269,CRS-301,Cloud Security & Compliance,Compliance,2025-01-04,99,Completed,3000
EMP-11269,CRS-101,Advanced SQL & Performance Tuning,Tech,2025-10-01,83,Completed,1500
EMP-11556,CRS-302,Modern Data Stack Architecture,Tech,2026-01-11,70,Completed,4000
EMP-11556,CRS-302,Modern Data Stack Architecture,Tech,2026-03-10,99,Completed,4000
EMP-11556,CRS-101,Advanced SQL & Performance Tuning,Tech,2025-09-14,88,Completed,1500
EMP-12431,CRS-103,Power BI DAX Masterclass,Tech,2023-04-24,81,Completed,2000
EMP-12431,CRS-301,Cloud Security & Compliance,Compliance,2024-11-27,96,Completed,3000
EMP-12431,CRS-302,Modern Data Stack Architecture,Tech,2024-08-16,75,Completed,4000
EMP-12431,CRS-201,Agile Project Management,Leadership,2025-02-25,79,Completed,1200
EMP-11784,CRS-301,Cloud Security & Compliance,Compliance,2025-09-23,98,Completed,3000
EMP-11784,CRS-302,Modern Data Stack Architecture,Tech,2024-01-24,71,Completed,4000
EMP-11784,CRS-302,Modern Data Stack Architecture,Tech,2024-03-24,93,Completed,4000
EMP-11784,CRS-103,Power BI DAX Masterclass,Tech,2024-05-03,65,Failed,0
EMP-11784,CRS-103,Power BI DAX Masterclass,Tech,2024-06-20,95,Completed,2000
EMP-10480,CRS-202,Cross-Cultural Business Communication,Soft Skills,2025-07-09,71,Completed,800
EMP-10480,CRS-202,Cross-Cultural Business Communication,Soft Skills,2025-08-13,100,Completed,800
EMP-14745,CRS-201,Agile Project Management,Leadership,2024-03-09,84,Completed,1200
EMP-14745,CRS-101,Advanced SQL & Performance Tuning,Tech,2026-01-03,93,Completed,1500
EMP-16028,CRS-101,Advanced SQL & Performance Tuning,Tech,2025-09-28,85,Completed,1500
EMP-16028,CRS-301,Cloud Security & Compliance,Compliance,2023-04-04,92,Completed,3000
EMP-16028,CRS-102,Python for Data Engineering,Tech,2023-01-30,55,Failed,0
EMP-16028,CRS-102,Python for Data Engineering,Tech,2023-03-04,100,Completed,2500
EMP-14442,CRS-202,Cross-Cultural Business Communication,Soft Skills,2023-12-16,72,Completed,800
EMP-14442,CRS-202,Cross-Cultural Business Communication,Soft Skills,2024-01-05,78,Completed,800
EMP-10500,CRS-302,Modern Data Stack Architecture,Tech,2024-03-27,95,Completed,4000
EMP-16128,CRS-302,Modern Data Stack Architecture,Tech,2025-04-03,73,Completed,4000
EMP-16128,CRS-302,Modern Data Stack Architecture,Tech,2025-05-23,92,Completed,4000
EMP-12570,CRS-302,Modern Data Stack Architecture,Tech,2024-03-12,88,Completed,4000
EMP-10469,CRS-103,Power BI DAX Masterclass,Tech,2023-10-17,75,Completed,2000
EMP-10411,CRS-201,Agile Project Management,Leadership,2026-04-06,51,Failed,0
EMP-10411,CRS-201,Agile Project Management,Leadership,2026-05-30,94,Completed,1200
EMP-10411,CRS-102,Python for Data Engineering,Tech,2025-02-09,70,Completed,2500
EMP-10411,CRS-102,Python for Data Engineering,Tech,2025-02-28,75,Completed,2500
EMP-14786,CRS-101,Advanced SQL & Performance Tuning,Tech,2026-04-30,83,Completed,1500
EMP-13906,CRS-201,Agile Project Management,Leadership,2023-09-17,74,Completed,1200
EMP-13906,CRS-201,Agile Project Management,Leadership,2023-11-03,89,Completed,1200
EMP-13906,CRS-301,Cloud Security & Compliance,Compliance,2025-04-23,100,Completed,3000
EMP-14120,CRS-202,Cross-Cultural Business Communication,Soft Skills,2025-10-20,69,Failed,0
EMP-14120,CRS-202,Cross-Cultural Business Communication,Soft Skills,2025-11-22,86,Completed,800
EMP-14120,CRS-102,Python for Data Engineering,Tech,2025-05-07,87,Completed,2500
EMP-14351,CRS-202,Cross-Cultural Business Communication,Soft Skills,2023-07-15,81,Completed,800
EMP-11290,CRS-202,Cross-Cultural Business Communication,Soft Skills,2024-07-20,51,Failed,0
EMP-11290,CRS-202,Cross-Cultural Business Communication,Soft Skills,2024-08-12,96,Completed,800
EMP-11290,CRS-102,Python for Data Engineering,Tech,2025-08-29,75,Completed,2500
EMP-11290,CRS-201,Agile Project Management,Leadership,2023-03-30,90,Completed,1200
EMP-11290,CRS-301,Cloud Security & Compliance,Compliance,2024-03-05,78,Completed,3000
EMP-10466,CRS-302,Modern Data Stack Architecture,Tech,2023-08-02,99,Completed,4000
EMP-10466,CRS-201,Agile Project Management,Leadership,2023-11-20,85,Completed,1200
EMP-10466,CRS-101,Advanced SQL & Performance Tuning,Tech,2023-05-26,93,Completed,1500
EMP-14161,CRS-201,Agile Project Management,Leadership,2024-10-29,57,Failed,0
EMP-14161,CRS-201,Agile Project Management,Leadership,2024-11-26,78,Completed,1200
EMP-14161,CRS-102,Python for Data Engineering,Tech,2024-04-30,97,Completed,2500
EMP-10657,CRS-101,Advanced SQL & Performance Tuning,Tech,2025-09-19,98,Completed,1500
EMP-10657,CRS-201,Agile Project Management,Leadership,2024-03-18,84,Completed,1200
EMP-10657,CRS-202,Cross-Cultural Business Communication,Soft Skills,2025-02-03,84,Completed,800
EMP-11523,CRS-103,Power BI DAX Masterclass,Tech,2024-11-18,71,Completed,2000
EMP-11523,CRS-103,Power BI DAX Masterclass,Tech,2024-12-05,83,Completed,2000
EMP-11523,CRS-102,Python for Data Engineering,Tech,2023-10-07,97,Completed,2500
EMP-10562,CRS-302,Modern Data Stack Architecture,Tech,2024-12-04,98,Completed,4000
EMP-14875,CRS-302,Modern Data Stack Architecture,Tech,2023-12-15,87,Completed,4000
EMP-10557,CRS-302,Modern Data Stack Architecture,Tech,2025-12-04,97,Completed,4000
EMP-15532,CRS-302,Modern Data Stack Architecture,Tech,2024-07-25,93,Completed,4000
EMP-15532,CRS-201,Agile Project Management,Leadership,2024-05-20,80,Completed,1200
EMP-11927,CRS-202,Cross-Cultural Business Communication,Soft Skills,2023-11-02,68,Failed,0
EMP-11927,CRS-202,Cross-Cultural Business Communication,Soft Skills,2023-11-18,76,Completed,800
EMP-13308,CRS-301,Cloud Security & Compliance,Compliance,2025-12-23,85,Completed,3000
EMP-13308,CRS-202,Cross-Cultural Business Communication,Soft Skills,2023-07-20,85,Completed,800
EMP-13308,CRS-101,Advanced SQL & Performance Tuning,Tech,2026-02-17,92,Completed,1500
EMP-13308,CRS-201,Agile Project Management,Leadership,2024-03-22,81,Completed,1200
EMP-10983,CRS-101,Advanced SQL & Performance Tuning,Tech,2025-09-09,75,Completed,1500
EMP-10983,CRS-302,Modern Data Stack Architecture,Tech,2026-03-14,70,Completed,4000
EMP-10983,CRS-302,Modern Data Stack Architecture,Tech,2026-04-26,99,Completed,4000
EMP-14667,CRS-301,Cloud Security & Compliance,Compliance,2025-04-10,95,Completed,3000
EMP-12017,CRS-301,Cloud Security & Compliance,Compliance,2023-01-03,82,Completed,3000
EMP-12017,CRS-302,Modern Data Stack Architecture,Tech,2024-11-12,71,Completed,4000
EMP-12017,CRS-302,Modern Data Stack Architecture,Tech,2024-12-13,97,Completed,4000
EMP-14743,CRS-202,Cross-Cultural Business Communication,Soft Skills,2023-06-15,98,Completed,800
EMP-14743,CRS-302,Modern Data Stack Architecture,Tech,2023-04-23,100,Completed,4000
EMP-14743,CRS-102,Python for Data Engineering,Tech,2025-01-15,73,Completed,2500
EMP-14743,CRS-102,Python for Data Engineering,Tech,2025-02-27,94,Completed,2500
EMP-14871,CRS-103,Power BI DAX Masterclass,Tech,2023-12-25,67,Failed,0
EMP-14871,CRS-103,Power BI DAX Masterclass,Tech,2024-02-22,99,Completed,2000
EMP-10326,CRS-103,Power BI DAX Masterclass,Tech,2024-05-03,73,Completed,2000
EMP-10326,CRS-103,Power BI DAX Masterclass,Tech,2024-06-23,97,Completed,2000
EMP-15074,CRS-301,Cloud Security & Compliance,Compliance,2024-04-06,81,Completed,3000
EMP-10672,CRS-201,Agile Project Management,Leadership,2023-04-22,81,Completed,1200
EMP-10672,CRS-103,Power BI DAX Masterclass,Tech,2025-09-22,86,Completed,2000
EMP-13435,CRS-202,Cross-Cultural Business Communication,Soft Skills,2025-12-27,84,Completed,800
EMP-15386,CRS-301,Cloud Security & Compliance,Compliance,2024-01-21,64,Failed,0
EMP-15386,CRS-301,Cloud Security & Compliance,Compliance,2024-02-15,84,Completed,3000
EMP-15386,CRS-101,Advanced SQL & Performance Tuning,Tech,2023-06-07,75,Completed,1500
EMP-14782,CRS-201,Agile Project Management,Leadership,2024-02-23,100,Completed,1200
EMP-14782,CRS-102,Python for Data Engineering,Tech,2024-08-23,91,Completed,2500
EMP-14631,CRS-103,Power BI DAX Masterclass,Tech,2025-05-10,93,Completed,2000
EMP-14283,CRS-101,Advanced SQL & Performance Tuning,Tech,2023-02-15,96,Completed,1500
EMP-12592,CRS-201,Agile Project Management,Leadership,2024-12-03,85,Completed,1200
EMP-12592,CRS-202,Cross-Cultural Business Communication,Soft Skills,2025-12-21,84,Completed,800
EMP-12137,CRS-302,Modern Data Stack Architecture,Tech,2023-12-18,77,Completed,4000
EMP-12137,CRS-103,Power BI DAX Masterclass,Tech,2024-08-13,74,Completed,2000
EMP-12137,CRS-103,Power BI DAX Masterclass,Tech,2024-09-25,80,Completed,2000
EMP-11674,CRS-102,Python for Data Engineering,Tech,2026-01-01,75,Completed,2500
EMP-11674,CRS-301,Cloud Security & Compliance,Compliance,2023-11-11,55,Failed,0
EMP-11674,CRS-301,Cloud Security & Compliance,Compliance,2023-12-15,93,Completed,3000
EMP-15487,CRS-103,Power BI DAX Masterclass,Tech,2025-01-27,76,Completed,2000
EMP-15868,CRS-103,Power BI DAX Masterclass,Tech,2024-12-05,81,Completed,2000
EMP-12574,CRS-202,Cross-Cultural Business Communication,Soft Skills,2025-04-08,65,Failed,0
EMP-12574,CRS-202,Cross-Cultural Business Communication,Soft Skills,2025-05-21,85,Completed,800
EMP-12574,CRS-103,Power BI DAX Masterclass,Tech,2023-11-16,93,Completed,2000
EMP-12574,CRS-101,Advanced SQL & Performance Tuning,Tech,2025-11-05,90,Completed,1500
EMP-12574,CRS-302,Modern Data Stack Architecture,Tech,2025-08-28,100,Completed,4000
EMP-11956,CRS-301,Cloud Security & Compliance,Compliance,2024-11-24,93,Completed,3000
EMP-11956,CRS-102,Python for Data Engineering,Tech,2023-03-24,91,Completed,2500
EMP-11956,CRS-202,Cross-Cultural Business Communication,Soft Skills,2024-09-22,82,Completed,800
EMP-11956,CRS-201,Agile Project Management,Leadership,2024-03-27,64,Failed,0
EMP-11956,CRS-201,Agile Project Management,Leadership,2024-04-13,94,Completed,1200
EMP-12176,CRS-202,Cross-Cultural Business Communication,Soft Skills,2024-03-30,58,Failed,0
EMP-12176,CRS-202,Cross-Cultural Business Communication,Soft Skills,2024-05-17,89,Completed,800
EMP-12176,CRS-302,Modern Data Stack Architecture,Tech,2023-06-28,82,Completed,4000
EMP-13243,CRS-202,Cross-Cultural Business Communication,Soft Skills,2025-11-13,99,Completed,800
EMP-11073,CRS-301,Cloud Security & Compliance,Compliance,2025-05-25,82,Completed,3000
EMP-16748,CRS-103,Power BI DAX Masterclass,Tech,2024-09-22,97,Completed,2000
EMP-15288,CRS-201,Agile Project Management,Leadership,2025-05-01,79,Completed,1200
EMP-12458,CRS-201,Agile Project Management,Leadership,2025-04-28,96,Completed,1200
EMP-12458,CRS-301,Cloud Security & Compliance,Compliance,2023-06-26,76,Completed,3000
EMP-13746,CRS-202,Cross-Cultural Business Communication,Soft Skills,2023-07-01,83,Completed,800
EMP-13746,CRS-103,Power BI DAX Masterclass,Tech,2024-07-13,75,Completed,2000
EMP-13746,CRS-101,Advanced SQL & Performance Tuning,Tech,2026-03-09,76,Completed,1500
EMP-13746,CRS-201,Agile Project Management,Leadership,2025-02-20,87,Completed,1200
EMP-12591,CRS-103,Power BI DAX Masterclass,Tech,2025-10-08,93,Completed,2000
EMP-12591,CRS-202,Cross-Cultural Business Communication,Soft Skills,2023-02-24,74,Completed,800
EMP-12591,CRS-202,Cross-Cultural Business Communication,Soft Skills,2023-04-19,95,Completed,800
EMP-12591,CRS-302,Modern Data Stack Architecture,Tech,2025-08-25,90,Completed,4000
EMP-16160,CRS-102,Python for Data Engineering,Tech,2025-10-04,57,Failed,0
EMP-16160,CRS-102,Python for Data Engineering,Tech,2025-11-04,90,Completed,2500
EMP-10595,CRS-101,Advanced SQL & Performance Tuning,Tech,2026-03-04,97,Completed,1500
EMP-10595,CRS-202,Cross-Cultural Business Communication,Soft Skills,2025-09-01,81,Completed,800
EMP-10595,CRS-103,Power BI DAX Masterclass,Tech,2026-03-24,97,Completed,2000
EMP-10595,CRS-201,Agile Project Management,Leadership,2026-04-06,74,Completed,1200
EMP-10077,CRS-102,Python for Data Engineering,Tech,2023-04-19,81,Completed,2500
EMP-13755,CRS-103,Power BI DAX Masterclass,Tech,2024-08-20,90,Completed,2000
EMP-13755,CRS-101,Advanced SQL & Performance Tuning,Tech,2025-11-18,94,Completed,1500
EMP-13755,CRS-302,Modern Data Stack Architecture,Tech,2023-07-13,94,Completed,4000
EMP-15089,CRS-103,Power BI DAX Masterclass,Tech,2024-09-08,91,Completed,2000
EMP-14613,CRS-202,Cross-Cultural Business Communication,Soft Skills,2026-04-02,61,Failed,0
EMP-14613,CRS-202,Cross-Cultural Business Communication,Soft Skills,2026-04-24,91,Completed,800
EMP-10820,CRS-302,Modern Data Stack Architecture,Tech,2025-09-20,80,Completed,4000
EMP-10601,CRS-102,Python for Data Engineering,Tech,2023-11-13,77,Completed,2500
EMP-14405,CRS-202,Cross-Cultural Business Communication,Soft Skills,2025-12-12,92,Completed,800
EMP-14405,CRS-302,Modern Data Stack Architecture,Tech,2023-08-22,84,Completed,4000
EMP-11747,CRS-102,Python for Data Engineering,Tech,2023-02-05,81,Completed,2500
EMP-14145,CRS-302,Modern Data Stack Architecture,Tech,2025-06-24,86,Completed,4000
EMP-16649,CRS-301,Cloud Security & Compliance,Compliance,2024-09-15,93,Completed,3000
EMP-11086,CRS-302,Modern Data Stack Architecture,Tech,2023-10-19,57,Failed,0
EMP-11086,CRS-302,Modern Data Stack Architecture,Tech,2023-11-10,77,Completed,4000
EMP-12860,CRS-302,Modern Data Stack Architecture,Tech,2023-08-17,70,Completed,4000
EMP-12860,CRS-302,Modern Data Stack Architecture,Tech,2023-09-27,76,Completed,4000
EMP-10564,CRS-101,Advanced SQL & Performance Tuning,Tech,2025-11-17,71,Completed,1500
EMP-10564,CRS-101,Advanced SQL & Performance Tuning,Tech,2025-12-17,76,Completed,1500
EMP-12002,CRS-301,Cloud Security & Compliance,Compliance,2023-01-22,53,Failed,0
EMP-12002,CRS-301,Cloud Security & Compliance,Compliance,2023-03-15,81,Completed,3000
EMP-13028,CRS-102,Python for Data Engineering,Tech,2024-12-20,50,Failed,0
EMP-13028,CRS-102,Python for Data Engineering,Tech,2025-01-20,93,Completed,2500
EMP-13028,CRS-302,Modern Data Stack Architecture,Tech,2024-12-13,75,Completed,4000
EMP-12335,CRS-202,Cross-Cultural Business Communication,Soft Skills,2025-10-31,68,Failed,0
EMP-12335,CRS-202,Cross-Cultural Business Communication,Soft Skills,2025-12-21,99,Completed,800
EMP-12335,CRS-102,Python for Data Engineering,Tech,2023-01-29,76,Completed,2500
EMP-11293,CRS-102,Python for Data Engineering,Tech,2024-03-14,97,Completed,2500
EMP-11293,CRS-202,Cross-Cultural Business Communication,Soft Skills,2025-01-20,75,Completed,800
EMP-11293,CRS-101,Advanced SQL & Performance Tuning,Tech,2023-08-08,96,Completed,1500
EMP-11293,CRS-301,Cloud Security & Compliance,Compliance,2025-02-16,76,Completed,3000
EMP-13590,CRS-302,Modern Data Stack Architecture,Tech,2024-10-05,53,Failed,0
EMP-13590,CRS-302,Modern Data Stack Architecture,Tech,2024-10-27,90,Completed,4000
EMP-14451,CRS-301,Cloud Security & Compliance,Compliance,2026-02-15,72,Completed,3000
EMP-14451,CRS-301,Cloud Security & Compliance,Compliance,2026-03-08,87,Completed,3000
EMP-14451,CRS-103,Power BI DAX Masterclass,Tech,2024-08-03,89,Completed,2000
EMP-15764,CRS-302,Modern Data Stack Architecture,Tech,2024-04-07,83,Completed,4000
EMP-15764,CRS-201,Agile Project Management,Leadership,2025-05-26,56,Failed,0
EMP-15764,CRS-201,Agile Project Management,Leadership,2025-07-09,96,Completed,1200
EMP-12479,CRS-101,Advanced SQL & Performance Tuning,Tech,2025-10-03,82,Completed,1500
EMP-15011,CRS-101,Advanced SQL & Performance Tuning,Tech,2023-10-21,82,Completed,1500
EMP-15011,CRS-302,Modern Data Stack Architecture,Tech,2023-07-28,72,Completed,4000
EMP-15011,CRS-302,Modern Data Stack Architecture,Tech,2023-08-23,85,Completed,4000
EMP-15358,CRS-302,Modern Data Stack Architecture,Tech,2025-04-07,77,Completed,4000
EMP-14334,CRS-103,Power BI DAX Masterclass,Tech,2026-04-06,78,Completed,2000
EMP-14334,CRS-301,Cloud Security & Compliance,Compliance,2025-03-30,85,Completed,3000
EMP-10065,CRS-201,Agile Project Management,Leadership,2025-07-20,73,Completed,1200
EMP-10065,CRS-201,Agile Project Management,Leadership,2025-09-03,82,Completed,1200
EMP-10065,CRS-202,Cross-Cultural Business Communication,Soft Skills,2023-10-03,73,Completed,800
EMP-10065,CRS-202,Cross-Cultural Business Communication,Soft Skills,2023-10-21,90,Completed,800
EMP-10065,CRS-103,Power BI DAX Masterclass,Tech,2023-02-24,82,Completed,2000
EMP-10065,CRS-102,Python for Data Engineering,Tech,2024-10-31,79,Completed,2500
EMP-15472,CRS-101,Advanced SQL & Performance Tuning,Tech,2025-11-30,95,Completed,1500
EMP-14544,CRS-201,Agile Project Management,Leadership,2025-10-01,78,Completed,1200
EMP-12453,CRS-202,Cross-Cultural Business Communication,Soft Skills,2023-03-06,98,Completed,800
EMP-12453,CRS-302,Modern Data Stack Architecture,Tech,2025-02-24,80,Completed,4000
EMP-12453,CRS-101,Advanced SQL & Performance Tuning,Tech,2025-06-25,64,Failed,0
EMP-12453,CRS-101,Advanced SQL & Performance Tuning,Tech,2025-08-13,96,Completed,1500
EMP-15435,CRS-103,Power BI DAX Masterclass,Tech,2025-10-03,74,Completed,2000
EMP-15435,CRS-103,Power BI DAX Masterclass,Tech,2025-11-10,90,Completed,2000
EMP-15435,CRS-301,Cloud Security & Compliance,Compliance,2023-08-13,91,Completed,3000
EMP-15435,CRS-102,Python for Data Engineering,Tech,2026-02-08,88,Completed,2500
EMP-10849,CRS-102,Python for Data Engineering,Tech,2023-04-25,78,Completed,2500
EMP-10849,CRS-202,Cross-Cultural Business Communication,Soft Skills,2025-02-12,91,Completed,800
EMP-11101,CRS-103,Power BI DAX Masterclass,Tech,2023-09-20,81,Completed,2000
EMP-11101,CRS-101,Advanced SQL & Performance Tuning,Tech,2026-04-10,94,Completed,1500
EMP-11101,CRS-301,Cloud Security & Compliance,Compliance,2024-11-29,73,Completed,3000
EMP-11101,CRS-301,Cloud Security & Compliance,Compliance,2025-01-04,88,Completed,3000
EMP-11101,CRS-202,Cross-Cultural Business Communication,Soft Skills,2024-12-20,91,Completed,800
EMP-16944,CRS-103,Power BI DAX Masterclass,Tech,2026-04-28,99,Completed,2000
EMP-10946,CRS-101,Advanced SQL & Performance Tuning,Tech,2023-02-10,67,Failed,0
EMP-10946,CRS-101,Advanced SQL & Performance Tuning,Tech,2023-04-07,88,Completed,1500
EMP-10946,CRS-103,Power BI DAX Masterclass,Tech,2026-03-09,98,Completed,2000
EMP-10946,CRS-102,Python for Data Engineering,Tech,2023-02-11,65,Failed,0
EMP-10946,CRS-102,Python for Data Engineering,Tech,2023-03-17,87,Completed,2500
EMP-10877,CRS-103,Power BI DAX Masterclass,Tech,2023-07-20,73,Completed,2000
EMP-10877,CRS-103,Power BI DAX Masterclass,Tech,2023-08-16,85,Completed,2000
EMP-10877,CRS-202,Cross-Cultural Business Communication,Soft Skills,2025-10-14,95,Completed,800
EMP-16082,CRS-202,Cross-Cultural Business Communication,Soft Skills,2024-09-05,83,Completed,800
EMP-16828,CRS-302,Modern Data Stack Architecture,Tech,2026-01-02,79,Completed,4000
EMP-16828,CRS-101,Advanced SQL & Performance Tuning,Tech,2024-08-31,82,Completed,1500
EMP-16956,CRS-101,Advanced SQL & Performance Tuning,Tech,2026-03-30,88,Completed,1500
EMP-16956,CRS-301,Cloud Security & Compliance,Compliance,2023-05-18,95,Completed,3000
EMP-12232,CRS-103,Power BI DAX Masterclass,Tech,2023-06-07,86,Completed,2000
EMP-12309,CRS-202,Cross-Cultural Business Communication,Soft Skills,2024-10-03,83,Completed,800
EMP-14955,CRS-201,Agile Project Management,Leadership,2026-01-26,55,Failed,0
EMP-14955,CRS-201,Agile Project Management,Leadership,2026-03-26,91,Completed,1200
EMP-14955,CRS-301,Cloud Security & Compliance,Compliance,2024-01-18,85,Completed,3000
EMP-11726,CRS-301,Cloud Security & Compliance,Compliance,2026-03-05,86,Completed,3000
EMP-11726,CRS-201,Agile Project Management,Leadership,2025-08-05,77,Completed,1200
EMP-11726,CRS-103,Power BI DAX Masterclass,Tech,2024-09-06,83,Completed,2000
EMP-11726,CRS-302,Modern Data Stack Architecture,Tech,2023-05-12,97,Completed,4000
EMP-15879,CRS-301,Cloud Security & Compliance,Compliance,2026-05-16,82,Completed,3000
EMP-15879,CRS-102,Python for Data Engineering,Tech,2023-11-04,70,Completed,2500
EMP-15879,CRS-102,Python for Data Engineering,Tech,2023-12-07,89,Completed,2500
EMP-15879,CRS-103,Power BI DAX Masterclass,Tech,2025-09-21,83,Completed,2000
EMP-12809,CRS-102,Python for Data Engineering,Tech,2023-10-07,78,Completed,2500
EMP-12809,CRS-302,Modern Data Stack Architecture,Tech,2024-07-22,75,Completed,4000
EMP-12809,CRS-103,Power BI DAX Masterclass,Tech,2023-03-28,65,Failed,0
EMP-12809,CRS-103,Power BI DAX Masterclass,Tech,2023-04-16,85,Completed,2000
EMP-11668,CRS-302,Modern Data Stack Architecture,Tech,2025-04-13,91,Completed,4000
EMP-11668,CRS-101,Advanced SQL & Performance Tuning,Tech,2023-07-04,100,Completed,1500
EMP-15632,CRS-102,Python for Data Engineering,Tech,2025-10-21,86,Completed,2500
EMP-15632,CRS-101,Advanced SQL & Performance Tuning,Tech,2026-04-03,78,Completed,1500
EMP-15632,CRS-202,Cross-Cultural Business Communication,Soft Skills,2023-07-04,57,Failed,0
EMP-15632,CRS-202,Cross-Cultural Business Communication,Soft Skills,2023-08-07,85,Completed,800
EMP-15196,CRS-301,Cloud Security & Compliance,Compliance,2025-05-16,56,Failed,0
EMP-15196,CRS-301,Cloud Security & Compliance,Compliance,2025-06-12,83,Completed,3000
EMP-15196,CRS-201,Agile Project Management,Leadership,2025-06-19,78,Completed,1200
EMP-15196,CRS-102,Python for Data Engineering,Tech,2023-04-25,87,Completed,2500
EMP-12163,CRS-103,Power BI DAX Masterclass,Tech,2025-08-30,100,Completed,2000
EMP-12163,CRS-202,Cross-Cultural Business Communication,Soft Skills,2023-10-24,85,Completed,800
EMP-12163,CRS-201,Agile Project Management,Leadership,2024-09-23,90,Completed,1200
EMP-14141,CRS-302,Modern Data Stack Architecture,Tech,2023-04-22,78,Completed,4000
EMP-14141,CRS-301,Cloud Security & Compliance,Compliance,2024-09-25,98,Completed,3000
EMP-16786,CRS-302,Modern Data Stack Architecture,Tech,2024-04-29,64,Failed,0
EMP-16786,CRS-302,Modern Data Stack Architecture,Tech,2024-06-07,83,Completed,4000
EMP-12058,CRS-302,Modern Data Stack Architecture,Tech,2024-04-27,76,Completed,4000
EMP-10417,CRS-201,Agile Project Management,Leadership,2024-10-11,63,Failed,0
EMP-10417,CRS-201,Agile Project Management,Leadership,2024-10-30,99,Completed,1200
EMP-10757,CRS-201,Agile Project Management,Leadership,2024-11-12,98,Completed,1200
EMP-10757,CRS-301,Cloud Security & Compliance,Compliance,2023-07-25,92,Completed,3000
EMP-10757,CRS-302,Modern Data Stack Architecture,Tech,2023-05-16,83,Completed,4000
EMP-15197,CRS-301,Cloud Security & Compliance,Compliance,2023-02-26,90,Completed,3000
EMP-15197,CRS-103,Power BI DAX Masterclass,Tech,2025-06-27,70,Completed,2000
EMP-15197,CRS-103,Power BI DAX Masterclass,Tech,2025-08-20,84,Completed,2000
EMP-15197,CRS-201,Agile Project Management,Leadership,2024-10-04,68,Failed,0
EMP-15197,CRS-201,Agile Project Management,Leadership,2024-11-02,91,Completed,1200
EMP-16698,CRS-302,Modern Data Stack Architecture,Tech,2023-09-24,91,Completed,4000
EMP-16698,CRS-301,Cloud Security & Compliance,Compliance,2024-10-16,85,Completed,3000
EMP-12267,CRS-102,Python for Data Engineering,Tech,2026-04-29,95,Completed,2500
EMP-10362,CRS-103,Power BI DAX Masterclass,Tech,2024-01-08,98,Completed,2000
EMP-10030,CRS-202,Cross-Cultural Business Communication,Soft Skills,2023-02-17,90,Completed,800
EMP-10030,CRS-102,Python for Data Engineering,Tech,2024-04-13,84,Completed,2500
EMP-10030,CRS-101,Advanced SQL & Performance Tuning,Tech,2023-12-12,82,Completed,1500
EMP-12733,CRS-102,Python for Data Engineering,Tech,2025-01-23,100,Completed,2500
EMP-12733,CRS-101,Advanced SQL & Performance Tuning,Tech,2023-01-29,83,Completed,1500
EMP-16318,CRS-302,Modern Data Stack Architecture,Tech,2023-08-31,92,Completed,4000
EMP-16318,CRS-301,Cloud Security & Compliance,Compliance,2024-06-29,93,Completed,3000
EMP-16318,CRS-201,Agile Project Management,Leadership,2023-09-24,97,Completed,1200
EMP-11072,CRS-302,Modern Data Stack Architecture,Tech,2024-08-02,83,Completed,4000
EMP-15220,CRS-101,Advanced SQL & Performance Tuning,Tech,2024-06-20,89,Completed,1500
EMP-15220,CRS-103,Power BI DAX Masterclass,Tech,2024-05-23,88,Completed,2000
EMP-12146,CRS-101,Advanced SQL & Performance Tuning,Tech,2025-08-18,97,Completed,1500
EMP-16793,CRS-301,Cloud Security & Compliance,Compliance,2025-02-24,93,Completed,3000
EMP-16793,CRS-102,Python for Data Engineering,Tech,2023-05-30,53,Failed,0
EMP-16793,CRS-102,Python for Data Engineering,Tech,2023-07-04,82,Completed,2500
EMP-16073,CRS-103,Power BI DAX Masterclass,Tech,2026-05-26,92,Completed,2000
EMP-13620,CRS-103,Power BI DAX Masterclass,Tech,2025-10-30,82,Completed,2000
EMP-14520,CRS-103,Power BI DAX Masterclass,Tech,2023-09-28,71,Completed,2000
EMP-14520,CRS-103,Power BI DAX Masterclass,Tech,2023-10-28,80,Completed,2000
EMP-15781,CRS-103,Power BI DAX Masterclass,Tech,2023-09-28,80,Completed,2000
EMP-15781,CRS-201,Agile Project Management,Leadership,2025-06-05,54,Failed,0
EMP-15781,CRS-201,Agile Project Management,Leadership,2025-06-21,79,Completed,1200
EMP-13504,CRS-302,Modern Data Stack Architecture,Tech,2024-07-29,99,Completed,4000
EMP-14595,CRS-103,Power BI DAX Masterclass,Tech,2025-11-24,83,Completed,2000
EMP-14595,CRS-202,Cross-Cultural Business Communication,Soft Skills,2024-10-08,94,Completed,800
EMP-14595,CRS-302,Modern Data Stack Architecture,Tech,2026-02-12,71,Completed,4000
EMP-14595,CRS-302,Modern Data Stack Architecture,Tech,2026-03-01,82,Completed,4000
EMP-10080,CRS-201,Agile Project Management,Leadership,2024-06-16,92,Completed,1200
EMP-16784,CRS-201,Agile Project Management,Leadership,2023-03-25,81,Completed,1200
EMP-10617,CRS-201,Agile Project Management,Leadership,2023-08-19,73,Completed,1200
EMP-10617,CRS-201,Agile Project Management,Leadership,2023-09-15,84,Completed,1200
EMP-10617,CRS-302,Modern Data Stack Architecture,Tech,2024-01-05,93,Completed,4000
EMP-15661,CRS-301,Cloud Security & Compliance,Compliance,2026-04-14,88,Completed,3000
EMP-11222,CRS-302,Modern Data Stack Architecture,Tech,2026-03-14,83,Completed,4000
EMP-14470,CRS-201,Agile Project Management,Leadership,2023-07-13,70,Completed,1200
EMP-14470,CRS-201,Agile Project Management,Leadership,2023-09-08,78,Completed,1200
EMP-10296,CRS-202,Cross-Cultural Business Communication,Soft Skills,2023-08-06,60,Failed,0
EMP-10296,CRS-202,Cross-Cultural Business Communication,Soft Skills,2023-09-18,97,Completed,800
EMP-13025,CRS-201,Agile Project Management,Leadership,2024-07-05,69,Failed,0
EMP-13025,CRS-201,Agile Project Management,Leadership,2024-07-21,95,Completed,1200
EMP-13025,CRS-301,Cloud Security & Compliance,Compliance,2025-07-16,100,Completed,3000
EMP-14772,CRS-302,Modern Data Stack Architecture,Tech,2023-09-22,56,Failed,0
EMP-14772,CRS-302,Modern Data Stack Architecture,Tech,2023-11-16,84,Completed,4000
EMP-14772,CRS-202,Cross-Cultural Business Communication,Soft Skills,2024-10-23,51,Failed,0
EMP-14772,CRS-202,Cross-Cultural Business Communication,Soft Skills,2024-12-14,87,Completed,800
EMP-14527,CRS-103,Power BI DAX Masterclass,Tech,2023-12-31,100,Completed,2000
EMP-11214,CRS-101,Advanced SQL & Performance Tuning,Tech,2024-03-02,82,Completed,1500
EMP-13521,CRS-302,Modern Data Stack Architecture,Tech,2023-11-12,79,Completed,4000
EMP-11045,CRS-302,Modern Data Stack Architecture,Tech,2024-09-27,74,Completed,4000
EMP-11045,CRS-302,Modern Data Stack Architecture,Tech,2024-10-17,86,Completed,4000
EMP-10343,CRS-201,Agile Project Management,Leadership,2025-03-05,78,Completed,1200
EMP-10343,CRS-302,Modern Data Stack Architecture,Tech,2025-05-16,94,Completed,4000
EMP-12526,CRS-102,Python for Data Engineering,Tech,2025-06-08,63,Failed,0
EMP-12526,CRS-102,Python for Data Engineering,Tech,2025-07-13,89,Completed,2500
EMP-12988,CRS-301,Cloud Security & Compliance,Compliance,2023-11-14,86,Completed,3000
EMP-12988,CRS-302,Modern Data Stack Architecture,Tech,2025-12-10,79,Completed,4000
EMP-10327,CRS-302,Modern Data Stack Architecture,Tech,2025-09-05,74,Completed,4000
EMP-10327,CRS-302,Modern Data Stack Architecture,Tech,2025-11-01,84,Completed,4000
EMP-12932,CRS-202,Cross-Cultural Business Communication,Soft Skills,2026-03-10,51,Failed,0
EMP-12932,CRS-202,Cross-Cultural Business Communication,Soft Skills,2026-03-26,91,Completed,800
EMP-12932,CRS-201,Agile Project Management,Leadership,2023-08-09,83,Completed,1200
EMP-12932,CRS-103,Power BI DAX Masterclass,Tech,2025-08-09,96,Completed,2000
EMP-11721,CRS-101,Advanced SQL & Performance Tuning,Tech,2025-10-28,73,Completed,1500
EMP-11721,CRS-101,Advanced SQL & Performance Tuning,Tech,2025-12-10,80,Completed,1500
EMP-15588,CRS-302,Modern Data Stack Architecture,Tech,2023-04-03,83,Completed,4000
EMP-15588,CRS-201,Agile Project Management,Leadership,2024-09-01,88,Completed,1200
EMP-12045,CRS-201,Agile Project Management,Leadership,2024-06-26,100,Completed,1200
EMP-12045,CRS-202,Cross-Cultural Business Communication,Soft Skills,2024-01-19,56,Failed,0
EMP-12045,CRS-202,Cross-Cultural Business Communication,Soft Skills,2024-03-11,83,Completed,800
EMP-15464,CRS-101,Advanced SQL & Performance Tuning,Tech,2023-02-06,50,Failed,0
EMP-15464,CRS-101,Advanced SQL & Performance Tuning,Tech,2023-03-02,95,Completed,1500
EMP-15464,CRS-201,Agile Project Management,Leadership,2025-09-04,92,Completed,1200
EMP-15464,CRS-202,Cross-Cultural Business Communication,Soft Skills,2026-05-17,79,Completed,800
EMP-10843,CRS-103,Power BI DAX Masterclass,Tech,2023-06-29,54,Failed,0
EMP-10843,CRS-103,Power BI DAX Masterclass,Tech,2023-07-20,75,Completed,2000
EMP-10843,CRS-301,Cloud Security & Compliance,Compliance,2024-01-21,76,Completed,3000
EMP-10843,CRS-201,Agile Project Management,Leadership,2023-10-25,83,Completed,1200
EMP-10843,CRS-302,Modern Data Stack Architecture,Tech,2026-01-08,72,Completed,4000
EMP-10843,CRS-302,Modern Data Stack Architecture,Tech,2026-02-20,79,Completed,4000
EMP-12898,CRS-101,Advanced SQL & Performance Tuning,Tech,2023-08-27,98,Completed,1500
EMP-16391,CRS-201,Agile Project Management,Leadership,2023-02-10,88,Completed,1200
EMP-16391,CRS-302,Modern Data Stack Architecture,Tech,2024-08-26,96,Completed,4000
EMP-14587,CRS-101,Advanced SQL & Performance Tuning,Tech,2023-07-30,83,Completed,1500
EMP-16659,CRS-202,Cross-Cultural Business Communication,Soft Skills,2026-02-09,71,Completed,800
EMP-16659,CRS-202,Cross-Cultural Business Communication,Soft Skills,2026-03-26,91,Completed,800
EMP-16659,CRS-301,Cloud Security & Compliance,Compliance,2026-04-25,99,Completed,3000
EMP-15085,CRS-201,Agile Project Management,Leadership,2025-12-17,83,Completed,1200
EMP-15085,CRS-102,Python for Data Engineering,Tech,2026-02-07,78,Completed,2500
EMP-15085,CRS-101,Advanced SQL & Performance Tuning,Tech,2025-05-04,73,Completed,1500
EMP-15085,CRS-101,Advanced SQL & Performance Tuning,Tech,2025-06-28,86,Completed,1500
EMP-16140,CRS-201,Agile Project Management,Leadership,2023-02-12,79,Completed,1200
EMP-11267,CRS-201,Agile Project Management,Leadership,2024-04-20,77,Completed,1200
EMP-11940,CRS-202,Cross-Cultural Business Communication,Soft Skills,2025-08-17,98,Completed,800
EMP-11940,CRS-301,Cloud Security & Compliance,Compliance,2025-03-10,96,Completed,3000
EMP-11332,CRS-103,Power BI DAX Masterclass,Tech,2023-11-28,76,Completed,2000
EMP-11332,CRS-201,Agile Project Management,Leadership,2023-06-26,74,Completed,1200
EMP-11332,CRS-201,Agile Project Management,Leadership,2023-07-20,94,Completed,1200
EMP-11451,CRS-302,Modern Data Stack Architecture,Tech,2025-05-01,79,Completed,4000
EMP-13378,CRS-101,Advanced SQL & Performance Tuning,Tech,2024-06-18,91,Completed,1500
EMP-13378,CRS-103,Power BI DAX Masterclass,Tech,2025-10-28,51,Failed,0
EMP-13378,CRS-103,Power BI DAX Masterclass,Tech,2025-12-08,78,Completed,2000
EMP-10204,CRS-101,Advanced SQL & Performance Tuning,Tech,2024-04-03,78,Completed,1500
EMP-10204,CRS-202,Cross-Cultural Business Communication,Soft Skills,2024-12-28,94,Completed,800
EMP-11470,CRS-102,Python for Data Engineering,Tech,2025-11-21,69,Failed,0
EMP-11470,CRS-102,Python for Data Engineering,Tech,2025-12-08,89,Completed,2500
EMP-16992,CRS-302,Modern Data Stack Architecture,Tech,2023-08-05,89,Completed,4000
EMP-16992,CRS-101,Advanced SQL & Performance Tuning,Tech,2023-07-28,71,Completed,1500
EMP-16992,CRS-101,Advanced SQL & Performance Tuning,Tech,2023-08-21,95,Completed,1500
EMP-12722,CRS-102,Python for Data Engineering,Tech,2025-01-10,93,Completed,2500
EMP-16410,CRS-202,Cross-Cultural Business Communication,Soft Skills,2025-10-17,74,Completed,800
EMP-16410,CRS-202,Cross-Cultural Business Communication,Soft Skills,2025-11-21,79,Completed,800
EMP-13373,CRS-102,Python for Data Engineering,Tech,2025-06-18,94,Completed,2500
EMP-15488,CRS-302,Modern Data Stack Architecture,Tech,2025-08-28,79,Completed,4000
EMP-16022,CRS-103,Power BI DAX Masterclass,Tech,2025-04-29,90,Completed,2000
EMP-12033,CRS-302,Modern Data Stack Architecture,Tech,2025-12-20,95,Completed,4000
EMP-16820,CRS-201,Agile Project Management,Leadership,2025-11-23,61,Failed,0
EMP-16820,CRS-201,Agile Project Management,Leadership,2025-12-16,99,Completed,1200
EMP-16820,CRS-302,Modern Data Stack Architecture,Tech,2023-01-21,66,Failed,0
EMP-16820,CRS-302,Modern Data Stack Architecture,Tech,2023-02-25,85,Completed,4000
EMP-16820,CRS-301,Cloud Security & Compliance,Compliance,2025-04-02,55,Failed,0
EMP-16820,CRS-301,Cloud Security & Compliance,Compliance,2025-04-18,96,Completed,3000
EMP-11305,CRS-102,Python for Data Engineering,Tech,2025-11-30,83,Completed,2500
EMP-11305,CRS-202,Cross-Cultural Business Communication,Soft Skills,2026-02-07,93,Completed,800
EMP-11305,CRS-101,Advanced SQL & Performance Tuning,Tech,2024-12-05,96,Completed,1500
EMP-16451,CRS-102,Python for Data Engineering,Tech,2025-04-07,90,Completed,2500
EMP-16451,CRS-301,Cloud Security & Compliance,Compliance,2026-01-19,95,Completed,3000
EMP-15745,CRS-103,Power BI DAX Masterclass,Tech,2025-04-08,98,Completed,2000
EMP-10886,CRS-103,Power BI DAX Masterclass,Tech,2025-03-09,86,Completed,2000
EMP-13134,CRS-101,Advanced SQL & Performance Tuning,Tech,2025-11-13,79,Completed,1500
EMP-10318,CRS-102,Python for Data Engineering,Tech,2023-02-27,88,Completed,2500
EMP-10318,CRS-101,Advanced SQL & Performance Tuning,Tech,2024-09-14,63,Failed,0
EMP-10318,CRS-101,Advanced SQL & Performance Tuning,Tech,2024-10-01,86,Completed,1500
EMP-13856,CRS-202,Cross-Cultural Business Communication,Soft Skills,2024-12-26,71,Completed,800
EMP-13856,CRS-202,Cross-Cultural Business Communication,Soft Skills,2025-01-16,89,Completed,800
EMP-11823,CRS-301,Cloud Security & Compliance,Compliance,2023-01-11,80,Completed,3000
EMP-11635,CRS-202,Cross-Cultural Business Communication,Soft Skills,2026-05-04,81,Completed,800
EMP-11635,CRS-302,Modern Data Stack Architecture,Tech,2026-03-19,92,Completed,4000
EMP-11635,CRS-301,Cloud Security & Compliance,Compliance,2024-05-22,80,Completed,3000
EMP-13771,CRS-302,Modern Data Stack Architecture,Tech,2025-01-09,64,Failed,0
EMP-13771,CRS-302,Modern Data Stack Architecture,Tech,2025-02-19,88,Completed,4000
EMP-12865,CRS-101,Advanced SQL & Performance Tuning,Tech,2025-05-20,85,Completed,1500
EMP-12501,CRS-301,Cloud Security & Compliance,Compliance,2025-12-13,88,Completed,3000
EMP-11865,CRS-302,Modern Data Stack Architecture,Tech,2026-04-11,90,Completed,4000
EMP-11865,CRS-103,Power BI DAX Masterclass,Tech,2025-06-20,93,Completed,2000
EMP-11827,CRS-102,Python for Data Engineering,Tech,2025-09-19,74,Completed,2500
EMP-11827,CRS-102,Python for Data Engineering,Tech,2025-11-04,91,Completed,2500
EMP-11827,CRS-202,Cross-Cultural Business Communication,Soft Skills,2023-08-30,84,Completed,800
EMP-11827,CRS-302,Modern Data Stack Architecture,Tech,2023-11-18,81,Completed,4000
EMP-10194,CRS-302,Modern Data Stack Architecture,Tech,2025-04-16,73,Completed,4000
EMP-10194,CRS-302,Modern Data Stack Architecture,Tech,2025-05-18,76,Completed,4000
EMP-15407,CRS-101,Advanced SQL & Performance Tuning,Tech,2024-09-16,79,Completed,1500
EMP-15407,CRS-103,Power BI DAX Masterclass,Tech,2023-02-27,74,Completed,2000
EMP-15407,CRS-103,Power BI DAX Masterclass,Tech,2023-04-08,76,Completed,2000
EMP-11583,CRS-103,Power BI DAX Masterclass,Tech,2024-01-10,65,Failed,0
EMP-11583,CRS-103,Power BI DAX Masterclass,Tech,2024-02-15,77,Completed,2000
EMP-11583,CRS-302,Modern Data Stack Architecture,Tech,2023-04-02,85,Completed,4000
EMP-11583,CRS-102,Python for Data Engineering,Tech,2026-03-04,98,Completed,2500
EMP-13265,CRS-302,Modern Data Stack Architecture,Tech,2026-05-25,54,Failed,0
EMP-12690,CRS-201,Agile Project Management,Leadership,2025-07-08,97,Completed,1200
EMP-12283,CRS-202,Cross-Cultural Business Communication,Soft Skills,2025-04-18,77,Completed,800
EMP-10569,CRS-101,Advanced SQL & Performance Tuning,Tech,2025-06-26,58,Failed,0
EMP-10569,CRS-101,Advanced SQL & Performance Tuning,Tech,2025-07-20,97,Completed,1500
EMP-16336,CRS-301,Cloud Security & Compliance,Compliance,2024-09-24,67,Failed,0
EMP-16336,CRS-301,Cloud Security & Compliance,Compliance,2024-11-12,77,Completed,3000
EMP-12287,CRS-202,Cross-Cultural Business Communication,Soft Skills,2026-01-14,68,Failed,0
EMP-12287,CRS-202,Cross-Cultural Business Communication,Soft Skills,2026-03-05,91,Completed,800
EMP-12877,CRS-201,Agile Project Management,Leadership,2025-10-26,73,Completed,1200
EMP-12877,CRS-201,Agile Project Management,Leadership,2025-12-13,80,Completed,1200
EMP-15256,CRS-103,Power BI DAX Masterclass,Tech,2023-06-23,89,Completed,2000
EMP-15256,CRS-102,Python for Data Engineering,Tech,2026-04-21,85,Completed,2500
EMP-15256,CRS-301,Cloud Security & Compliance,Compliance,2023-02-17,83,Completed,3000
EMP-15256,CRS-201,Agile Project Management,Leadership,2023-02-19,80,Completed,1200
EMP-14174,CRS-101,Advanced SQL & Performance Tuning,Tech,2026-01-14,55,Failed,0
EMP-14174,CRS-101,Advanced SQL & Performance Tuning,Tech,2026-02-13,99,Completed,1500
EMP-13275,CRS-103,Power BI DAX Masterclass,Tech,2025-04-14,71,Completed,2000
EMP-13275,CRS-103,Power BI DAX Masterclass,Tech,2025-05-18,80,Completed,2000
EMP-15567,CRS-101,Advanced SQL & Performance Tuning,Tech,2024-09-02,73,Completed,1500
EMP-15567,CRS-101,Advanced SQL & Performance Tuning,Tech,2024-10-12,85,Completed,1500
EMP-16939,CRS-302,Modern Data Stack Architecture,Tech,2023-09-05,76,Completed,4000
EMP-12713,CRS-102,Python for Data Engineering,Tech,2025-11-07,82,Completed,2500
EMP-12713,CRS-201,Agile Project Management,Leadership,2024-07-05,80,Completed,1200
EMP-10227,CRS-201,Agile Project Management,Leadership,2023-03-01,90,Completed,1200
EMP-10945,CRS-103,Power BI DAX Masterclass,Tech,2023-07-27,94,Completed,2000
EMP-10945,CRS-202,Cross-Cultural Business Communication,Soft Skills,2023-09-15,88,Completed,800
EMP-10945,CRS-301,Cloud Security & Compliance,Compliance,2023-06-21,76,Completed,3000
EMP-12140,CRS-202,Cross-Cultural Business Communication,Soft Skills,2023-12-11,87,Completed,800
EMP-11463,CRS-202,Cross-Cultural Business Communication,Soft Skills,2025-08-09,79,Completed,800
EMP-11463,CRS-201,Agile Project Management,Leadership,2023-12-09,71,Completed,1200
EMP-11463,CRS-201,Agile Project Management,Leadership,2024-01-22,83,Completed,1200
EMP-11463,CRS-101,Advanced SQL & Performance Tuning,Tech,2026-05-09,96,Completed,1500
EMP-11463,CRS-302,Modern Data Stack Architecture,Tech,2024-12-20,88,Completed,4000
EMP-14757,CRS-102,Python for Data Engineering,Tech,2025-12-29,72,Completed,2500
EMP-14757,CRS-102,Python for Data Engineering,Tech,2026-02-06,97,Completed,2500
EMP-12175,CRS-102,Python for Data Engineering,Tech,2026-02-13,98,Completed,2500
EMP-10314,CRS-302,Modern Data Stack Architecture,Tech,2024-12-02,94,Completed,4000
EMP-10314,CRS-103,Power BI DAX Masterclass,Tech,2024-07-13,91,Completed,2000
EMP-10889,CRS-201,Agile Project Management,Leadership,2026-05-12,70,Completed,1200
EMP-14888,CRS-101,Advanced SQL & Performance Tuning,Tech,2025-09-02,50,Failed,0
EMP-14888,CRS-101,Advanced SQL & Performance Tuning,Tech,2025-09-27,88,Completed,1500
EMP-14888,CRS-202,Cross-Cultural Business Communication,Soft Skills,2026-02-12,94,Completed,800
EMP-13560,CRS-301,Cloud Security & Compliance,Compliance,2023-06-08,70,Completed,3000
EMP-13560,CRS-301,Cloud Security & Compliance,Compliance,2023-08-03,89,Completed,3000
EMP-12832,CRS-103,Power BI DAX Masterclass,Tech,2026-05-16,82,Completed,2000
EMP-12832,CRS-201,Agile Project Management,Leadership,2023-01-18,84,Completed,1200
EMP-15969,CRS-101,Advanced SQL & Performance Tuning,Tech,2024-03-29,94,Completed,1500
EMP-16626,CRS-103,Power BI DAX Masterclass,Tech,2024-09-12,77,Completed,2000
EMP-16626,CRS-102,Python for Data Engineering,Tech,2025-01-13,78,Completed,2500
EMP-16626,CRS-101,Advanced SQL & Performance Tuning,Tech,2026-05-26,70,Completed,1500
EMP-13575,CRS-302,Modern Data Stack Architecture,Tech,2024-07-22,86,Completed,4000
EMP-14967,CRS-301,Cloud Security & Compliance,Compliance,2026-03-04,88,Completed,3000
EMP-14967,CRS-302,Modern Data Stack Architecture,Tech,2026-04-19,54,Failed,0
EMP-14967,CRS-302,Modern Data Stack Architecture,Tech,2026-05-19,93,Completed,4000
EMP-14190,CRS-202,Cross-Cultural Business Communication,Soft Skills,2024-01-28,92,Completed,800
EMP-14190,CRS-301,Cloud Security & Compliance,Compliance,2024-06-01,98,Completed,3000
EMP-14190,CRS-103,Power BI DAX Masterclass,Tech,2025-05-24,97,Completed,2000
EMP-10948,CRS-201,Agile Project Management,Leadership,2024-07-15,91,Completed,1200
EMP-13156,CRS-202,Cross-Cultural Business Communication,Soft Skills,2023-03-31,71,Completed,800
EMP-13156,CRS-202,Cross-Cultural Business Communication,Soft Skills,2023-05-10,92,Completed,800
EMP-14724,CRS-101,Advanced SQL & Performance Tuning,Tech,2025-03-13,56,Failed,0
EMP-14724,CRS-101,Advanced SQL & Performance Tuning,Tech,2025-05-02,100,Completed,1500
EMP-11558,CRS-301,Cloud Security & Compliance,Compliance,2024-04-07,63,Failed,0
EMP-11558,CRS-301,Cloud Security & Compliance,Compliance,2024-05-06,81,Completed,3000
EMP-12087,CRS-103,Power BI DAX Masterclass,Tech,2023-05-09,70,Completed,2000
EMP-12087,CRS-103,Power BI DAX Masterclass,Tech,2023-05-24,93,Completed,2000
EMP-10364,CRS-103,Power BI DAX Masterclass,Tech,2024-05-21,85,Completed,2000
EMP-10364,CRS-302,Modern Data Stack Architecture,Tech,2024-11-28,96,Completed,4000
EMP-15807,CRS-101,Advanced SQL & Performance Tuning,Tech,2025-06-17,90,Completed,1500
EMP-15807,CRS-202,Cross-Cultural Business Communication,Soft Skills,2023-09-13,71,Completed,800
EMP-15807,CRS-202,Cross-Cultural Business Communication,Soft Skills,2023-10-21,85,Completed,800
EMP-13573,CRS-301,Cloud Security & Compliance,Compliance,2023-05-07,71,Completed,3000
EMP-13573,CRS-301,Cloud Security & Compliance,Compliance,2023-06-30,88,Completed,3000
EMP-13573,CRS-101,Advanced SQL & Performance Tuning,Tech,2023-05-15,53,Failed,0
EMP-13573,CRS-101,Advanced SQL & Performance Tuning,Tech,2023-06-01,84,Completed,1500
EMP-13573,CRS-102,Python for Data Engineering,Tech,2025-02-20,73,Completed,2500
EMP-13573,CRS-102,Python for Data Engineering,Tech,2025-04-01,82,Completed,2500
EMP-10014,CRS-302,Modern Data Stack Architecture,Tech,2023-01-22,82,Completed,4000
EMP-10014,CRS-301,Cloud Security & Compliance,Compliance,2025-05-26,69,Failed,0
EMP-10014,CRS-301,Cloud Security & Compliance,Compliance,2025-07-20,96,Completed,3000
EMP-10014,CRS-202,Cross-Cultural Business Communication,Soft Skills,2023-02-23,86,Completed,800
EMP-14260,CRS-101,Advanced SQL & Performance Tuning,Tech,2023-01-26,69,Failed,0
EMP-14260,CRS-101,Advanced SQL & Performance Tuning,Tech,2023-02-21,93,Completed,1500
EMP-14411,CRS-202,Cross-Cultural Business Communication,Soft Skills,2024-06-08,83,Completed,800
EMP-15627,CRS-102,Python for Data Engineering,Tech,2023-10-09,51,Failed,0
EMP-15627,CRS-102,Python for Data Engineering,Tech,2023-11-29,88,Completed,2500
EMP-15627,CRS-302,Modern Data Stack Architecture,Tech,2025-11-16,79,Completed,4000
EMP-15894,CRS-102,Python for Data Engineering,Tech,2025-08-19,89,Completed,2500
EMP-15894,CRS-302,Modern Data Stack Architecture,Tech,2025-01-25,86,Completed,4000
EMP-16079,CRS-101,Advanced SQL & Performance Tuning,Tech,2025-11-04,67,Failed,0
EMP-16079,CRS-101,Advanced SQL & Performance Tuning,Tech,2025-12-10,81,Completed,1500
EMP-16079,CRS-102,Python for Data Engineering,Tech,2024-02-15,56,Failed,0
EMP-16079,CRS-102,Python for Data Engineering,Tech,2024-03-12,96,Completed,2500
EMP-16038,CRS-301,Cloud Security & Compliance,Compliance,2025-08-15,92,Completed,3000
EMP-15494,CRS-103,Power BI DAX Masterclass,Tech,2024-09-05,80,Completed,2000
EMP-15494,CRS-202,Cross-Cultural Business Communication,Soft Skills,2025-07-19,85,Completed,800
EMP-11615,CRS-102,Python for Data Engineering,Tech,2024-04-16,89,Completed,2500
EMP-12984,CRS-302,Modern Data Stack Architecture,Tech,2024-11-09,76,Completed,4000
EMP-13534,CRS-101,Advanced SQL & Performance Tuning,Tech,2023-06-01,70,Completed,1500
EMP-13534,CRS-101,Advanced SQL & Performance Tuning,Tech,2023-06-24,84,Completed,1500
EMP-13534,CRS-103,Power BI DAX Masterclass,Tech,2025-06-20,90,Completed,2000
EMP-13534,CRS-302,Modern Data Stack Architecture,Tech,2025-01-07,70,Completed,4000
EMP-13534,CRS-302,Modern Data Stack Architecture,Tech,2025-02-08,80,Completed,4000
EMP-10574,CRS-103,Power BI DAX Masterclass,Tech,2023-12-23,97,Completed,2000
EMP-15442,CRS-101,Advanced SQL & Performance Tuning,Tech,2023-12-27,58,Failed,0
EMP-15442,CRS-101,Advanced SQL & Performance Tuning,Tech,2024-02-22,79,Completed,1500
EMP-12705,CRS-302,Modern Data Stack Architecture,Tech,2023-08-16,99,Completed,4000
EMP-15105,CRS-103,Power BI DAX Masterclass,Tech,2025-02-01,100,Completed,2000
EMP-12572,CRS-202,Cross-Cultural Business Communication,Soft Skills,2023-05-14,74,Completed,800
EMP-12572,CRS-202,Cross-Cultural Business Communication,Soft Skills,2023-06-05,100,Completed,800
EMP-12572,CRS-201,Agile Project Management,Leadership,2024-01-24,87,Completed,1200
EMP-16550,CRS-202,Cross-Cultural Business Communication,Soft Skills,2025-05-29,57,Failed,0
EMP-16550,CRS-202,Cross-Cultural Business Communication,Soft Skills,2025-07-21,93,Completed,800
EMP-11021,CRS-202,Cross-Cultural Business Communication,Soft Skills,2024-08-25,80,Completed,800
EMP-15897,CRS-103,Power BI DAX Masterclass,Tech,2025-11-06,98,Completed,2000
EMP-15897,CRS-102,Python for Data Engineering,Tech,2023-06-16,95,Completed,2500
EMP-12461,CRS-202,Cross-Cultural Business Communication,Soft Skills,2025-03-05,81,Completed,800
EMP-14155,CRS-103,Power BI DAX Masterclass,Tech,2025-02-04,92,Completed,2000
EMP-12534,CRS-201,Agile Project Management,Leadership,2026-04-10,76,Completed,1200
EMP-12534,CRS-103,Power BI DAX Masterclass,Tech,2024-02-20,97,Completed,2000
EMP-12534,CRS-202,Cross-Cultural Business Communication,Soft Skills,2024-03-23,83,Completed,800
EMP-12534,CRS-302,Modern Data Stack Architecture,Tech,2026-03-16,99,Completed,4000
EMP-16488,CRS-101,Advanced SQL & Performance Tuning,Tech,2023-10-03,79,Completed,1500
EMP-13346,CRS-202,Cross-Cultural Business Communication,Soft Skills,2023-03-26,86,Completed,800
EMP-12673,CRS-201,Agile Project Management,Leadership,2025-06-04,81,Completed,1200
EMP-13297,CRS-201,Agile Project Management,Leadership,2023-02-20,84,Completed,1200
EMP-15712,CRS-103,Power BI DAX Masterclass,Tech,2024-08-26,86,Completed,2000
EMP-15712,CRS-101,Advanced SQL & Performance Tuning,Tech,2023-06-10,99,Completed,1500
EMP-12423,CRS-103,Power BI DAX Masterclass,Tech,2023-03-20,76,Completed,2000
EMP-14542,CRS-103,Power BI DAX Masterclass,Tech,2024-07-16,92,Completed,2000
EMP-14542,CRS-302,Modern Data Stack Architecture,Tech,2023-10-10,99,Completed,4000
EMP-11043,CRS-103,Power BI DAX Masterclass,Tech,2025-04-07,96,Completed,2000
EMP-11043,CRS-302,Modern Data Stack Architecture,Tech,2023-01-25,90,Completed,4000
EMP-11572,CRS-102,Python for Data Engineering,Tech,2024-04-11,93,Completed,2500
EMP-11572,CRS-201,Agile Project Management,Leadership,2025-08-29,86,Completed,1200
EMP-13445,CRS-201,Agile Project Management,Leadership,2025-08-02,60,Failed,0
EMP-13445,CRS-201,Agile Project Management,Leadership,2025-08-28,88,Completed,1200
EMP-13445,CRS-301,Cloud Security & Compliance,Compliance,2025-05-05,84,Completed,3000
EMP-15448,CRS-103,Power BI DAX Masterclass,Tech,2026-03-28,79,Completed,2000
EMP-15448,CRS-102,Python for Data Engineering,Tech,2023-01-20,95,Completed,2500
EMP-13106,CRS-102,Python for Data Engineering,Tech,2025-05-08,91,Completed,2500
EMP-15549,CRS-301,Cloud Security & Compliance,Compliance,2024-09-05,60,Failed,0
EMP-15549,CRS-301,Cloud Security & Compliance,Compliance,2024-09-21,79,Completed,3000
EMP-15549,CRS-202,Cross-Cultural Business Communication,Soft Skills,2023-11-11,88,Completed,800
EMP-16129,CRS-202,Cross-Cultural Business Communication,Soft Skills,2025-03-11,76,Completed,800
EMP-16129,CRS-302,Modern Data Stack Architecture,Tech,2023-05-11,82,Completed,4000
EMP-11426,CRS-202,Cross-Cultural Business Communication,Soft Skills,2025-07-13,72,Completed,800
EMP-11426,CRS-202,Cross-Cultural Business Communication,Soft Skills,2025-09-08,92,Completed,800
EMP-15043,CRS-302,Modern Data Stack Architecture,Tech,2026-05-20,70,Completed,4000
EMP-14663,CRS-201,Agile Project Management,Leadership,2024-04-22,91,Completed,1200
EMP-14663,CRS-103,Power BI DAX Masterclass,Tech,2025-07-20,81,Completed,2000
EMP-14663,CRS-102,Python for Data Engineering,Tech,2023-12-18,97,Completed,2500
EMP-12466,CRS-101,Advanced SQL & Performance Tuning,Tech,2023-09-22,83,Completed,1500
EMP-13327,CRS-302,Modern Data Stack Architecture,Tech,2024-02-27,97,Completed,4000
EMP-14489,CRS-301,Cloud Security & Compliance,Compliance,2025-08-30,89,Completed,3000
EMP-10004,CRS-102,Python for Data Engineering,Tech,2025-10-26,78,Completed,2500
EMP-12490,CRS-201,Agile Project Management,Leadership,2025-12-12,99,Completed,1200
EMP-12490,CRS-101,Advanced SQL & Performance Tuning,Tech,2025-10-02,84,Completed,1500
EMP-12490,CRS-302,Modern Data Stack Architecture,Tech,2023-07-06,90,Completed,4000
EMP-12490,CRS-102,Python for Data Engineering,Tech,2025-07-23,92,Completed,2500
EMP-12351,CRS-201,Agile Project Management,Leadership,2023-12-25,77,Completed,1200
EMP-12351,CRS-202,Cross-Cultural Business Communication,Soft Skills,2025-06-03,82,Completed,800
EMP-11722,CRS-202,Cross-Cultural Business Communication,Soft Skills,2023-07-15,92,Completed,800
EMP-13522,CRS-302,Modern Data Stack Architecture,Tech,2023-11-20,98,Completed,4000
EMP-14752,CRS-101,Advanced SQL & Performance Tuning,Tech,2024-03-20,83,Completed,1500
EMP-16759,CRS-103,Power BI DAX Masterclass,Tech,2023-08-04,94,Completed,2000
EMP-16759,CRS-101,Advanced SQL & Performance Tuning,Tech,2025-04-19,75,Completed,1500
EMP-15364,CRS-201,Agile Project Management,Leadership,2023-05-30,82,Completed,1200
EMP-15364,CRS-101,Advanced SQL & Performance Tuning,Tech,2025-03-28,56,Failed,0
EMP-15364,CRS-101,Advanced SQL & Performance Tuning,Tech,2025-04-27,78,Completed,1500
EMP-12640,CRS-102,Python for Data Engineering,Tech,2025-08-08,65,Failed,0
EMP-12640,CRS-102,Python for Data Engineering,Tech,2025-09-26,96,Completed,2500
EMP-12640,CRS-103,Power BI DAX Masterclass,Tech,2024-05-11,74,Completed,2000
EMP-12640,CRS-103,Power BI DAX Masterclass,Tech,2024-06-11,80,Completed,2000
EMP-13810,CRS-101,Advanced SQL & Performance Tuning,Tech,2026-05-28,75,Completed,1500
EMP-16514,CRS-201,Agile Project Management,Leadership,2023-06-08,91,Completed,1200
EMP-16514,CRS-102,Python for Data Engineering,Tech,2025-06-21,75,Completed,2500
EMP-13623,CRS-301,Cloud Security & Compliance,Compliance,2025-12-26,84,Completed,3000
EMP-15535,CRS-302,Modern Data Stack Architecture,Tech,2025-03-10,59,Failed,0
EMP-15535,CRS-302,Modern Data Stack Architecture,Tech,2025-03-24,76,Completed,4000
EMP-15535,CRS-202,Cross-Cultural Business Communication,Soft Skills,2025-02-11,99,Completed,800
EMP-15535,CRS-101,Advanced SQL & Performance Tuning,Tech,2024-05-03,56,Failed,0
EMP-15535,CRS-101,Advanced SQL & Performance Tuning,Tech,2024-05-18,75,Completed,1500
EMP-11751,CRS-102,Python for Data Engineering,Tech,2023-05-10,100,Completed,2500
EMP-14188,CRS-302,Modern Data Stack Architecture,Tech,2023-12-10,71,Completed,4000
EMP-14188,CRS-302,Modern Data Stack Architecture,Tech,2023-12-30,85,Completed,4000
EMP-14188,CRS-301,Cloud Security & Compliance,Compliance,2024-10-22,90,Completed,3000
EMP-13877,CRS-202,Cross-Cultural Business Communication,Soft Skills,2025-03-20,73,Completed,800
EMP-13877,CRS-202,Cross-Cultural Business Communication,Soft Skills,2025-04-09,86,Completed,800
EMP-16029,CRS-101,Advanced SQL & Performance Tuning,Tech,2025-04-03,70,Completed,1500
EMP-16029,CRS-101,Advanced SQL & Performance Tuning,Tech,2025-05-16,82,Completed,1500
EMP-11391,CRS-302,Modern Data Stack Architecture,Tech,2024-07-24,69,Failed,0
EMP-11391,CRS-302,Modern Data Stack Architecture,Tech,2024-08-20,88,Completed,4000
EMP-15398,CRS-202,Cross-Cultural Business Communication,Soft Skills,2025-10-20,92,Completed,800
EMP-10695,CRS-302,Modern Data Stack Architecture,Tech,2023-07-14,80,Completed,4000
EMP-10695,CRS-202,Cross-Cultural Business Communication,Soft Skills,2025-03-06,80,Completed,800
EMP-10695,CRS-102,Python for Data Engineering,Tech,2024-10-13,72,Completed,2500
EMP-10695,CRS-102,Python for Data Engineering,Tech,2024-12-04,93,Completed,2500
EMP-10695,CRS-103,Power BI DAX Masterclass,Tech,2025-07-08,86,Completed,2000
EMP-12325,CRS-202,Cross-Cultural Business Communication,Soft Skills,2023-01-28,70,Completed,800
EMP-12325,CRS-202,Cross-Cultural Business Communication,Soft Skills,2023-02-18,84,Completed,800
EMP-14223,CRS-201,Agile Project Management,Leadership,2024-05-13,69,Failed,0
EMP-14223,CRS-201,Agile Project Management,Leadership,2024-06-19,90,Completed,1200
EMP-15439,CRS-102,Python for Data Engineering,Tech,2025-02-08,56,Failed,0
EMP-15439,CRS-102,Python for Data Engineering,Tech,2025-04-09,94,Completed,2500
EMP-15186,CRS-201,Agile Project Management,Leadership,2024-07-23,90,Completed,1200
EMP-15186,CRS-301,Cloud Security & Compliance,Compliance,2023-03-23,95,Completed,3000
EMP-15186,CRS-103,Power BI DAX Masterclass,Tech,2024-08-13,77,Completed,2000
EMP-15186,CRS-102,Python for Data Engineering,Tech,2024-11-09,77,Completed,2500
EMP-15073,CRS-301,Cloud Security & Compliance,Compliance,2024-05-23,89,Completed,3000
EMP-12746,CRS-102,Python for Data Engineering,Tech,2023-01-13,97,Completed,2500
EMP-12746,CRS-201,Agile Project Management,Leadership,2024-01-30,90,Completed,1200
EMP-10766,CRS-102,Python for Data Engineering,Tech,2026-04-28,96,Completed,2500
EMP-10766,CRS-101,Advanced SQL & Performance Tuning,Tech,2024-02-23,57,Failed,0
EMP-10766,CRS-101,Advanced SQL & Performance Tuning,Tech,2024-04-23,89,Completed,1500
EMP-10766,CRS-302,Modern Data Stack Architecture,Tech,2024-09-29,93,Completed,4000
EMP-16154,CRS-202,Cross-Cultural Business Communication,Soft Skills,2024-05-24,79,Completed,800
EMP-11925,CRS-102,Python for Data Engineering,Tech,2025-01-06,82,Completed,2500
EMP-11925,CRS-103,Power BI DAX Masterclass,Tech,2025-06-22,86,Completed,2000
EMP-11925,CRS-201,Agile Project Management,Leadership,2025-06-06,96,Completed,1200
EMP-11925,CRS-101,Advanced SQL & Performance Tuning,Tech,2025-09-14,94,Completed,1500
EMP-15512,CRS-302,Modern Data Stack Architecture,Tech,2026-01-05,87,Completed,4000
EMP-15512,CRS-103,Power BI DAX Masterclass,Tech,2024-06-10,84,Completed,2000
EMP-15512,CRS-202,Cross-Cultural Business Communication,Soft Skills,2024-08-03,87,Completed,800
EMP-12543,CRS-102,Python for Data Engineering,Tech,2025-08-19,74,Completed,2500
EMP-12543,CRS-102,Python for Data Engineering,Tech,2025-09-02,75,Completed,2500
EMP-16740,CRS-301,Cloud Security & Compliance,Compliance,2025-10-03,99,Completed,3000
EMP-16740,CRS-302,Modern Data Stack Architecture,Tech,2025-03-19,82,Completed,4000
EMP-16740,CRS-103,Power BI DAX Masterclass,Tech,2026-04-19,83,Completed,2000
EMP-11632,CRS-101,Advanced SQL & Performance Tuning,Tech,2024-02-02,100,Completed,1500
EMP-11632,CRS-201,Agile Project Management,Leadership,2024-12-14,92,Completed,1200
EMP-11632,CRS-202,Cross-Cultural Business Communication,Soft Skills,2025-01-24,90,Completed,800
EMP-11632,CRS-102,Python for Data Engineering,Tech,2025-05-18,77,Completed,2500
EMP-11208,CRS-103,Power BI DAX Masterclass,Tech,2023-10-30,89,Completed,2000
EMP-11208,CRS-301,Cloud Security & Compliance,Compliance,2023-10-29,77,Completed,3000
EMP-11208,CRS-101,Advanced SQL & Performance Tuning,Tech,2023-11-27,73,Completed,1500
EMP-11208,CRS-101,Advanced SQL & Performance Tuning,Tech,2024-01-21,97,Completed,1500
EMP-10201,CRS-201,Agile Project Management,Leadership,2023-06-14,99,Completed,1200
EMP-10201,CRS-301,Cloud Security & Compliance,Compliance,2025-05-16,96,Completed,3000
EMP-10201,CRS-202,Cross-Cultural Business Communication,Soft Skills,2024-09-10,100,Completed,800
EMP-10379,CRS-202,Cross-Cultural Business Communication,Soft Skills,2023-07-02,90,Completed,800
EMP-10379,CRS-103,Power BI DAX Masterclass,Tech,2024-12-06,78,Completed,2000
EMP-10379,CRS-201,Agile Project Management,Leadership,2025-03-26,70,Completed,1200
EMP-10379,CRS-201,Agile Project Management,Leadership,2025-05-10,75,Completed,1200
EMP-16896,CRS-302,Modern Data Stack Architecture,Tech,2025-05-05,83,Completed,4000
EMP-13893,CRS-102,Python for Data Engineering,Tech,2025-02-06,55,Failed,0
EMP-13893,CRS-102,Python for Data Engineering,Tech,2025-03-23,80,Completed,2500
EMP-13893,CRS-302,Modern Data Stack Architecture,Tech,2025-10-26,84,Completed,4000
EMP-15008,CRS-102,Python for Data Engineering,Tech,2023-05-01,95,Completed,2500
EMP-16296,CRS-302,Modern Data Stack Architecture,Tech,2025-04-17,90,Completed,4000
EMP-10597,CRS-301,Cloud Security & Compliance,Compliance,2023-12-07,52,Failed,0
EMP-10597,CRS-301,Cloud Security & Compliance,Compliance,2023-12-28,83,Completed,3000
EMP-13731,CRS-101,Advanced SQL & Performance Tuning,Tech,2026-04-14,85,Completed,1500
EMP-13396,CRS-101,Advanced SQL & Performance Tuning,Tech,2024-06-28,91,Completed,1500
EMP-13396,CRS-302,Modern Data Stack Architecture,Tech,2023-03-27,76,Completed,4000
EMP-15160,CRS-202,Cross-Cultural Business Communication,Soft Skills,2025-12-01,99,Completed,800
EMP-14716,CRS-202,Cross-Cultural Business Communication,Soft Skills,2024-11-20,91,Completed,800
EMP-14716,CRS-201,Agile Project Management,Leadership,2024-10-07,100,Completed,1200
EMP-11593,CRS-202,Cross-Cultural Business Communication,Soft Skills,2023-04-28,97,Completed,800
EMP-15885,CRS-201,Agile Project Management,Leadership,2025-04-02,70,Completed,1200
EMP-15885,CRS-201,Agile Project Management,Leadership,2025-05-19,83,Completed,1200
EMP-15705,CRS-302,Modern Data Stack Architecture,Tech,2025-08-31,83,Completed,4000
EMP-15705,CRS-102,Python for Data Engineering,Tech,2023-01-07,70,Completed,2500
EMP-15705,CRS-102,Python for Data Engineering,Tech,2023-01-23,100,Completed,2500
EMP-15705,CRS-103,Power BI DAX Masterclass,Tech,2024-10-28,77,Completed,2000
EMP-15705,CRS-201,Agile Project Management,Leadership,2025-03-30,69,Failed,0
EMP-15705,CRS-201,Agile Project Management,Leadership,2025-05-10,90,Completed,1200
EMP-13146,CRS-302,Modern Data Stack Architecture,Tech,2024-08-24,76,Completed,4000
EMP-13146,CRS-301,Cloud Security & Compliance,Compliance,2025-12-01,95,Completed,3000
EMP-13146,CRS-101,Advanced SQL & Performance Tuning,Tech,2025-10-30,74,Completed,1500
EMP-13146,CRS-101,Advanced SQL & Performance Tuning,Tech,2025-11-18,84,Completed,1500
EMP-13146,CRS-201,Agile Project Management,Leadership,2026-01-28,75,Completed,1200
EMP-14050,CRS-201,Agile Project Management,Leadership,2024-05-13,75,Completed,1200
EMP-14050,CRS-301,Cloud Security & Compliance,Compliance,2023-07-03,83,Completed,3000
EMP-14050,CRS-202,Cross-Cultural Business Communication,Soft Skills,2023-03-01,99,Completed,800
EMP-14050,CRS-102,Python for Data Engineering,Tech,2025-02-24,77,Completed,2500
EMP-13274,CRS-301,Cloud Security & Compliance,Compliance,2023-10-06,90,Completed,3000
EMP-13274,CRS-101,Advanced SQL & Performance Tuning,Tech,2023-07-05,97,Completed,1500
EMP-11999,CRS-202,Cross-Cultural Business Communication,Soft Skills,2024-12-03,99,Completed,800
EMP-11999,CRS-101,Advanced SQL & Performance Tuning,Tech,2025-02-20,100,Completed,1500
EMP-11209,CRS-102,Python for Data Engineering,Tech,2024-08-18,52,Failed,0
EMP-11209,CRS-102,Python for Data Engineering,Tech,2024-10-08,81,Completed,2500
EMP-11209,CRS-103,Power BI DAX Masterclass,Tech,2023-08-26,68,Failed,0
EMP-11209,CRS-103,Power BI DAX Masterclass,Tech,2023-09-29,87,Completed,2000
EMP-11209,CRS-101,Advanced SQL & Performance Tuning,Tech,2026-03-27,50,Failed,0
EMP-11209,CRS-101,Advanced SQL & Performance Tuning,Tech,2026-05-14,81,Completed,1500
EMP-15375,CRS-201,Agile Project Management,Leadership,2023-09-16,91,Completed,1200
EMP-15375,CRS-103,Power BI DAX Masterclass,Tech,2024-03-30,53,Failed,0
EMP-15375,CRS-103,Power BI DAX Masterclass,Tech,2024-05-12,85,Completed,2000
EMP-15375,CRS-301,Cloud Security & Compliance,Compliance,2023-10-24,96,Completed,3000
EMP-15634,CRS-102,Python for Data Engineering,Tech,2024-08-03,93,Completed,2500
EMP-15634,CRS-202,Cross-Cultural Business Communication,Soft Skills,2023-03-12,80,Completed,800
EMP-10046,CRS-101,Advanced SQL & Performance Tuning,Tech,2024-03-17,79,Completed,1500
EMP-10046,CRS-103,Power BI DAX Masterclass,Tech,2025-02-10,95,Completed,2000
EMP-10046,CRS-202,Cross-Cultural Business Communication,Soft Skills,2024-03-07,92,Completed,800
EMP-10046,CRS-201,Agile Project Management,Leadership,2024-01-02,93,Completed,1200
EMP-16821,CRS-301,Cloud Security & Compliance,Compliance,2024-11-22,91,Completed,3000
EMP-16821,CRS-102,Python for Data Engineering,Tech,2024-12-14,62,Failed,0
EMP-16821,CRS-102,Python for Data Engineering,Tech,2025-02-12,84,Completed,2500
EMP-16821,CRS-101,Advanced SQL & Performance Tuning,Tech,2024-08-01,92,Completed,1500
EMP-16821,CRS-201,Agile Project Management,Leadership,2025-03-17,74,Completed,1200
EMP-16821,CRS-201,Agile Project Management,Leadership,2025-05-07,100,Completed,1200
EMP-16309,CRS-301,Cloud Security & Compliance,Compliance,2024-09-14,90,Completed,3000
EMP-10874,CRS-301,Cloud Security & Compliance,Compliance,2025-09-15,59,Failed,0
EMP-10874,CRS-301,Cloud Security & Compliance,Compliance,2025-10-12,100,Completed,3000
EMP-13483,CRS-301,Cloud Security & Compliance,Compliance,2023-01-19,93,Completed,3000
EMP-13483,CRS-302,Modern Data Stack Architecture,Tech,2023-07-28,82,Completed,4000
EMP-11793,CRS-302,Modern Data Stack Architecture,Tech,2023-12-11,73,Completed,4000
EMP-11793,CRS-302,Modern Data Stack Architecture,Tech,2024-01-24,80,Completed,4000
EMP-11441,CRS-101,Advanced SQL & Performance Tuning,Tech,2026-04-30,74,Completed,1500
EMP-11441,CRS-202,Cross-Cultural Business Communication,Soft Skills,2024-05-16,73,Completed,800
EMP-11441,CRS-202,Cross-Cultural Business Communication,Soft Skills,2024-06-30,84,Completed,800
EMP-11441,CRS-103,Power BI DAX Masterclass,Tech,2026-05-05,90,Completed,2000
EMP-15701,CRS-302,Modern Data Stack Architecture,Tech,2023-07-03,97,Completed,4000
EMP-15701,CRS-301,Cloud Security & Compliance,Compliance,2025-02-21,90,Completed,3000
EMP-14244,CRS-101,Advanced SQL & Performance Tuning,Tech,2023-08-27,73,Completed,1500
EMP-14244,CRS-101,Advanced SQL & Performance Tuning,Tech,2023-10-22,91,Completed,1500
EMP-13806,CRS-202,Cross-Cultural Business Communication,Soft Skills,2026-03-19,85,Completed,800
EMP-10412,CRS-302,Modern Data Stack Architecture,Tech,2024-01-06,85,Completed,4000
EMP-10412,CRS-202,Cross-Cultural Business Communication,Soft Skills,2025-06-07,59,Failed,0
EMP-10412,CRS-202,Cross-Cultural Business Communication,Soft Skills,2025-07-11,77,Completed,800
EMP-14567,CRS-302,Modern Data Stack Architecture,Tech,2024-01-14,96,Completed,4000
EMP-14567,CRS-202,Cross-Cultural Business Communication,Soft Skills,2025-03-17,96,Completed,800
EMP-12042,CRS-201,Agile Project Management,Leadership,2026-04-12,92,Completed,1200
EMP-12042,CRS-101,Advanced SQL & Performance Tuning,Tech,2023-09-12,100,Completed,1500
EMP-12042,CRS-202,Cross-Cultural Business Communication,Soft Skills,2023-08-29,97,Completed,800
EMP-10995,CRS-202,Cross-Cultural Business Communication,Soft Skills,2025-07-04,60,Failed,0
EMP-10995,CRS-202,Cross-Cultural Business Communication,Soft Skills,2025-08-23,81,Completed,800
EMP-13740,CRS-101,Advanced SQL & Performance Tuning,Tech,2024-06-09,72,Completed,1500
EMP-13740,CRS-101,Advanced SQL & Performance Tuning,Tech,2024-07-25,84,Completed,1500
EMP-13740,CRS-202,Cross-Cultural Business Communication,Soft Skills,2025-01-14,75,Completed,800
EMP-11093,CRS-101,Advanced SQL & Performance Tuning,Tech,2023-04-05,98,Completed,1500
EMP-11093,CRS-102,Python for Data Engineering,Tech,2025-12-29,74,Completed,2500
EMP-11093,CRS-102,Python for Data Engineering,Tech,2026-02-25,85,Completed,2500
EMP-11093,CRS-103,Power BI DAX Masterclass,Tech,2025-12-06,89,Completed,2000
EMP-13807,CRS-101,Advanced SQL & Performance Tuning,Tech,2023-04-02,71,Completed,1500
EMP-13807,CRS-101,Advanced SQL & Performance Tuning,Tech,2023-05-05,81,Completed,1500
EMP-15469,CRS-202,Cross-Cultural Business Communication,Soft Skills,2024-07-22,93,Completed,800
EMP-15469,CRS-302,Modern Data Stack Architecture,Tech,2023-06-02,78,Completed,4000
EMP-15469,CRS-102,Python for Data Engineering,Tech,2023-12-01,62,Failed,0
EMP-15469,CRS-102,Python for Data Engineering,Tech,2023-12-31,96,Completed,2500
EMP-15469,CRS-103,Power BI DAX Masterclass,Tech,2025-05-21,87,Completed,2000
EMP-14352,CRS-103,Power BI DAX Masterclass,Tech,2024-01-30,88,Completed,2000
EMP-14352,CRS-301,Cloud Security & Compliance,Compliance,2025-11-13,75,Completed,3000
EMP-14579,CRS-302,Modern Data Stack Architecture,Tech,2025-06-07,70,Completed,4000
EMP-14579,CRS-302,Modern Data Stack Architecture,Tech,2025-07-06,77,Completed,4000
EMP-14878,CRS-202,Cross-Cultural Business Communication,Soft Skills,2023-08-14,67,Failed,0
EMP-14878,CRS-202,Cross-Cultural Business Communication,Soft Skills,2023-10-07,77,Completed,800
EMP-12600,CRS-103,Power BI DAX Masterclass,Tech,2024-07-13,97,Completed,2000
EMP-16755,CRS-101,Advanced SQL & Performance Tuning,Tech,2025-02-11,82,Completed,1500
EMP-13626,CRS-101,Advanced SQL & Performance Tuning,Tech,2025-12-14,88,Completed,1500
EMP-13626,CRS-102,Python for Data Engineering,Tech,2025-09-29,86,Completed,2500
EMP-15019,CRS-103,Power BI DAX Masterclass,Tech,2024-07-09,73,Completed,2000
EMP-15019,CRS-103,Power BI DAX Masterclass,Tech,2024-08-02,85,Completed,2000
EMP-15019,CRS-202,Cross-Cultural Business Communication,Soft Skills,2025-03-08,81,Completed,800
EMP-15893,CRS-302,Modern Data Stack Architecture,Tech,2026-02-03,98,Completed,4000
EMP-15893,CRS-202,Cross-Cultural Business Communication,Soft Skills,2025-09-03,74,Completed,800
EMP-15893,CRS-202,Cross-Cultural Business Communication,Soft Skills,2025-10-30,91,Completed,800
EMP-14136,CRS-301,Cloud Security & Compliance,Compliance,2023-10-20,88,Completed,3000
EMP-14136,CRS-102,Python for Data Engineering,Tech,2023-04-19,92,Completed,2500
EMP-13496,CRS-201,Agile Project Management,Leadership,2025-07-26,84,Completed,1200
EMP-13496,CRS-301,Cloud Security & Compliance,Compliance,2025-08-17,79,Completed,3000
EMP-16370,CRS-301,Cloud Security & Compliance,Compliance,2024-04-13,90,Completed,3000
EMP-13653,CRS-201,Agile Project Management,Leadership,2023-06-12,93,Completed,1200
EMP-13653,CRS-103,Power BI DAX Masterclass,Tech,2023-07-11,55,Failed,0
EMP-13653,CRS-103,Power BI DAX Masterclass,Tech,2023-08-12,92,Completed,2000
EMP-13653,CRS-101,Advanced SQL & Performance Tuning,Tech,2025-10-06,100,Completed,1500
EMP-11304,CRS-301,Cloud Security & Compliance,Compliance,2025-09-09,86,Completed,3000
EMP-11304,CRS-102,Python for Data Engineering,Tech,2025-12-26,53,Failed,0
EMP-11304,CRS-102,Python for Data Engineering,Tech,2026-01-21,98,Completed,2500
EMP-16093,CRS-201,Agile Project Management,Leadership,2025-12-30,77,Completed,1200
EMP-13889,CRS-302,Modern Data Stack Architecture,Tech,2026-06-01,89,Completed,4000
EMP-13889,CRS-202,Cross-Cultural Business Communication,Soft Skills,2023-12-12,98,Completed,800
EMP-13687,CRS-302,Modern Data Stack Architecture,Tech,2023-10-01,81,Completed,4000
EMP-12124,CRS-201,Agile Project Management,Leadership,2023-12-16,73,Completed,1200
EMP-12124,CRS-201,Agile Project Management,Leadership,2024-02-11,82,Completed,1200
EMP-16159,CRS-302,Modern Data Stack Architecture,Tech,2024-09-04,79,Completed,4000
EMP-16159,CRS-101,Advanced SQL & Performance Tuning,Tech,2023-01-05,82,Completed,1500
EMP-16159,CRS-103,Power BI DAX Masterclass,Tech,2024-09-16,96,Completed,2000
EMP-12026,CRS-202,Cross-Cultural Business Communication,Soft Skills,2024-12-29,89,Completed,800
EMP-12026,CRS-201,Agile Project Management,Leadership,2024-09-03,61,Failed,0
EMP-12026,CRS-201,Agile Project Management,Leadership,2024-11-02,80,Completed,1200
EMP-12026,CRS-101,Advanced SQL & Performance Tuning,Tech,2025-04-03,61,Failed,0
EMP-12026,CRS-101,Advanced SQL & Performance Tuning,Tech,2025-05-18,81,Completed,1500
EMP-15224,CRS-202,Cross-Cultural Business Communication,Soft Skills,2023-11-11,73,Completed,800
EMP-15224,CRS-202,Cross-Cultural Business Communication,Soft Skills,2023-11-25,79,Completed,800
EMP-12272,CRS-103,Power BI DAX Masterclass,Tech,2025-08-21,81,Completed,2000
EMP-12272,CRS-102,Python for Data Engineering,Tech,2025-05-27,87,Completed,2500
EMP-16768,CRS-201,Agile Project Management,Leadership,2025-06-18,74,Completed,1200
EMP-16768,CRS-201,Agile Project Management,Leadership,2025-07-29,75,Completed,1200
EMP-14271,CRS-302,Modern Data Stack Architecture,Tech,2024-02-11,76,Completed,4000
EMP-13970,CRS-201,Agile Project Management,Leadership,2024-11-09,75,Completed,1200
EMP-15135,CRS-301,Cloud Security & Compliance,Compliance,2025-05-12,87,Completed,3000
EMP-15135,CRS-103,Power BI DAX Masterclass,Tech,2023-09-18,94,Completed,2000
EMP-15135,CRS-101,Advanced SQL & Performance Tuning,Tech,2025-03-29,93,Completed,1500
EMP-11960,CRS-201,Agile Project Management,Leadership,2023-08-09,74,Completed,1200
EMP-11960,CRS-201,Agile Project Management,Leadership,2023-09-24,75,Completed,1200
EMP-11960,CRS-102,Python for Data Engineering,Tech,2024-04-29,91,Completed,2500
EMP-11960,CRS-101,Advanced SQL & Performance Tuning,Tech,2025-05-29,69,Failed,0
EMP-11960,CRS-101,Advanced SQL & Performance Tuning,Tech,2025-07-12,84,Completed,1500
EMP-12250,CRS-101,Advanced SQL & Performance Tuning,Tech,2025-05-28,89,Completed,1500
EMP-13604,CRS-102,Python for Data Engineering,Tech,2023-08-24,92,Completed,2500
EMP-13604,CRS-103,Power BI DAX Masterclass,Tech,2025-05-28,85,Completed,2000
EMP-10635,CRS-301,Cloud Security & Compliance,Compliance,2024-01-07,97,Completed,3000
EMP-10635,CRS-302,Modern Data Stack Architecture,Tech,2023-11-01,57,Failed,0
EMP-10635,CRS-302,Modern Data Stack Architecture,Tech,2023-11-17,83,Completed,4000
EMP-10635,CRS-202,Cross-Cultural Business Communication,Soft Skills,2024-01-29,54,Failed,0
EMP-10635,CRS-202,Cross-Cultural Business Communication,Soft Skills,2024-02-24,77,Completed,800
EMP-15846,CRS-201,Agile Project Management,Leadership,2024-09-19,77,Completed,1200
EMP-15846,CRS-302,Modern Data Stack Architecture,Tech,2025-09-08,86,Completed,4000
EMP-15846,CRS-202,Cross-Cultural Business Communication,Soft Skills,2023-04-16,73,Completed,800
EMP-15846,CRS-202,Cross-Cultural Business Communication,Soft Skills,2023-05-17,86,Completed,800
EMP-12341,CRS-102,Python for Data Engineering,Tech,2023-04-08,55,Failed,0
EMP-12341,CRS-102,Python for Data Engineering,Tech,2023-06-03,98,Completed,2500
EMP-12341,CRS-103,Power BI DAX Masterclass,Tech,2024-10-20,79,Completed,2000
EMP-11921,CRS-101,Advanced SQL & Performance Tuning,Tech,2024-05-31,81,Completed,1500
EMP-11921,CRS-201,Agile Project Management,Leadership,2023-08-17,53,Failed,0
EMP-11921,CRS-201,Agile Project Management,Leadership,2023-10-05,99,Completed,1200
EMP-11921,CRS-102,Python for Data Engineering,Tech,2023-09-24,81,Completed,2500
EMP-12226,CRS-302,Modern Data Stack Architecture,Tech,2026-04-21,89,Completed,4000
EMP-12752,CRS-102,Python for Data Engineering,Tech,2025-02-25,52,Failed,0
EMP-12752,CRS-102,Python for Data Engineering,Tech,2025-04-20,98,Completed,2500
EMP-12752,CRS-202,Cross-Cultural Business Communication,Soft Skills,2026-05-17,71,Completed,800
EMP-12620,CRS-102,Python for Data Engineering,Tech,2023-07-22,100,Completed,2500
EMP-12620,CRS-301,Cloud Security & Compliance,Compliance,2024-12-03,93,Completed,3000
EMP-12620,CRS-201,Agile Project Management,Leadership,2024-02-18,93,Completed,1200
EMP-14425,CRS-201,Agile Project Management,Leadership,2026-02-01,98,Completed,1200
EMP-10661,CRS-202,Cross-Cultural Business Communication,Soft Skills,2025-07-07,99,Completed,800
EMP-10661,CRS-103,Power BI DAX Masterclass,Tech,2025-09-15,86,Completed,2000
EMP-10661,CRS-301,Cloud Security & Compliance,Compliance,2025-10-28,75,Completed,3000
EMP-16849,CRS-102,Python for Data Engineering,Tech,2023-04-04,71,Completed,2500
EMP-16849,CRS-102,Python for Data Engineering,Tech,2023-06-01,81,Completed,2500
EMP-16849,CRS-103,Power BI DAX Masterclass,Tech,2025-03-25,91,Completed,2000
EMP-11236,CRS-101,Advanced SQL & Performance Tuning,Tech,2025-06-15,82,Completed,1500
EMP-11236,CRS-102,Python for Data Engineering,Tech,2025-03-10,89,Completed,2500
EMP-11895,CRS-102,Python for Data Engineering,Tech,2026-03-17,88,Completed,2500
EMP-13138,CRS-302,Modern Data Stack Architecture,Tech,2025-10-28,78,Completed,4000
EMP-13138,CRS-202,Cross-Cultural Business Communication,Soft Skills,2024-03-27,92,Completed,800
EMP-13138,CRS-201,Agile Project Management,Leadership,2023-09-01,55,Failed,0
EMP-13138,CRS-201,Agile Project Management,Leadership,2023-09-30,84,Completed,1200
EMP-15685,CRS-102,Python for Data Engineering,Tech,2024-07-22,78,Completed,2500
EMP-11252,CRS-102,Python for Data Engineering,Tech,2024-03-06,67,Failed,0
EMP-11252,CRS-102,Python for Data Engineering,Tech,2024-04-11,95,Completed,2500
EMP-15787,CRS-103,Power BI DAX Masterclass,Tech,2023-06-20,78,Completed,2000
EMP-15787,CRS-302,Modern Data Stack Architecture,Tech,2025-04-16,79,Completed,4000
EMP-11753,CRS-302,Modern Data Stack Architecture,Tech,2023-01-22,77,Completed,4000
EMP-10527,CRS-103,Power BI DAX Masterclass,Tech,2023-02-02,91,Completed,2000
EMP-13399,CRS-302,Modern Data Stack Architecture,Tech,2023-08-06,100,Completed,4000
EMP-13399,CRS-202,Cross-Cultural Business Communication,Soft Skills,2026-05-22,76,Completed,800
EMP-13340,CRS-103,Power BI DAX Masterclass,Tech,2024-02-22,90,Completed,2000
EMP-12711,CRS-102,Python for Data Engineering,Tech,2024-04-19,63,Failed,0
EMP-12711,CRS-102,Python for Data Engineering,Tech,2024-06-02,77,Completed,2500
EMP-12711,CRS-201,Agile Project Management,Leadership,2025-10-12,84,Completed,1200
EMP-14446,CRS-102,Python for Data Engineering,Tech,2024-01-05,70,Completed,2500
EMP-14446,CRS-102,Python for Data Engineering,Tech,2024-01-30,87,Completed,2500
EMP-14446,CRS-202,Cross-Cultural Business Communication,Soft Skills,2026-05-29,56,Failed,0
EMP-14446,CRS-201,Agile Project Management,Leadership,2024-05-17,99,Completed,1200
EMP-13817,CRS-301,Cloud Security & Compliance,Compliance,2025-12-14,93,Completed,3000
EMP-13407,CRS-101,Advanced SQL & Performance Tuning,Tech,2025-02-12,62,Failed,0
EMP-13407,CRS-101,Advanced SQL & Performance Tuning,Tech,2025-02-26,99,Completed,1500
EMP-10511,CRS-101,Advanced SQL & Performance Tuning,Tech,2023-06-21,74,Completed,1500
EMP-10511,CRS-101,Advanced SQL & Performance Tuning,Tech,2023-08-12,75,Completed,1500
EMP-10511,CRS-102,Python for Data Engineering,Tech,2023-01-20,87,Completed,2500
EMP-10511,CRS-301,Cloud Security & Compliance,Compliance,2024-11-24,52,Failed,0
EMP-10511,CRS-301,Cloud Security & Compliance,Compliance,2025-01-13,89,Completed,3000
EMP-11695,CRS-103,Power BI DAX Masterclass,Tech,2023-11-13,71,Completed,2000
EMP-11695,CRS-103,Power BI DAX Masterclass,Tech,2023-12-14,95,Completed,2000
EMP-11695,CRS-302,Modern Data Stack Architecture,Tech,2026-01-18,70,Completed,4000
EMP-11695,CRS-302,Modern Data Stack Architecture,Tech,2026-02-07,92,Completed,4000
EMP-11695,CRS-201,Agile Project Management,Leadership,2024-08-30,86,Completed,1200
EMP-13442,CRS-101,Advanced SQL & Performance Tuning,Tech,2024-04-04,77,Completed,1500
EMP-13191,CRS-301,Cloud Security & Compliance,Compliance,2024-08-10,99,Completed,3000
EMP-14785,CRS-301,Cloud Security & Compliance,Compliance,2023-08-19,75,Completed,3000
EMP-15698,CRS-103,Power BI DAX Masterclass,Tech,2025-01-01,89,Completed,2000
EMP-10161,CRS-101,Advanced SQL & Performance Tuning,Tech,2023-03-30,74,Completed,1500
EMP-10161,CRS-101,Advanced SQL & Performance Tuning,Tech,2023-05-16,85,Completed,1500
EMP-14717,CRS-301,Cloud Security & Compliance,Compliance,2023-11-04,89,Completed,3000
EMP-14717,CRS-201,Agile Project Management,Leadership,2024-12-14,78,Completed,1200
EMP-13117,CRS-103,Power BI DAX Masterclass,Tech,2023-06-06,97,Completed,2000
EMP-13117,CRS-301,Cloud Security & Compliance,Compliance,2023-11-01,54,Failed,0
EMP-13117,CRS-301,Cloud Security & Compliance,Compliance,2023-12-13,98,Completed,3000
EMP-13908,CRS-201,Agile Project Management,Leadership,2023-08-20,83,Completed,1200
EMP-13908,CRS-101,Advanced SQL & Performance Tuning,Tech,2024-07-24,72,Completed,1500
EMP-13908,CRS-101,Advanced SQL & Performance Tuning,Tech,2024-08-15,80,Completed,1500
EMP-10049,CRS-103,Power BI DAX Masterclass,Tech,2025-10-09,85,Completed,2000
EMP-10049,CRS-302,Modern Data Stack Architecture,Tech,2025-04-27,95,Completed,4000
EMP-12882,CRS-301,Cloud Security & Compliance,Compliance,2024-05-18,83,Completed,3000
EMP-12447,CRS-201,Agile Project Management,Leadership,2026-01-03,57,Failed,0
EMP-12447,CRS-201,Agile Project Management,Leadership,2026-03-03,88,Completed,1200
EMP-12447,CRS-202,Cross-Cultural Business Communication,Soft Skills,2025-12-15,94,Completed,800
EMP-16173,CRS-301,Cloud Security & Compliance,Compliance,2024-04-26,70,Completed,3000
EMP-16173,CRS-301,Cloud Security & Compliance,Compliance,2024-05-11,86,Completed,3000
EMP-16173,CRS-101,Advanced SQL & Performance Tuning,Tech,2026-02-17,65,Failed,0
EMP-16173,CRS-101,Advanced SQL & Performance Tuning,Tech,2026-03-10,76,Completed,1500
EMP-13195,CRS-103,Power BI DAX Masterclass,Tech,2025-07-31,96,Completed,2000
EMP-13195,CRS-102,Python for Data Engineering,Tech,2025-05-12,76,Completed,2500
EMP-13195,CRS-302,Modern Data Stack Architecture,Tech,2023-04-25,73,Completed,4000
EMP-13195,CRS-302,Modern Data Stack Architecture,Tech,2023-06-23,79,Completed,4000
EMP-13433,CRS-101,Advanced SQL & Performance Tuning,Tech,2025-05-19,71,Completed,1500
EMP-13433,CRS-101,Advanced SQL & Performance Tuning,Tech,2025-07-14,93,Completed,1500
EMP-14410,CRS-302,Modern Data Stack Architecture,Tech,2026-05-01,55,Failed,0
EMP-14410,CRS-302,Modern Data Stack Architecture,Tech,2026-05-24,77,Completed,4000
EMP-16124,CRS-101,Advanced SQL & Performance Tuning,Tech,2026-03-11,74,Completed,1500
EMP-16124,CRS-101,Advanced SQL & Performance Tuning,Tech,2026-04-24,98,Completed,1500
EMP-16019,CRS-202,Cross-Cultural Business Communication,Soft Skills,2024-09-05,83,Completed,800
EMP-14474,CRS-301,Cloud Security & Compliance,Compliance,2023-01-28,73,Completed,3000
EMP-14474,CRS-301,Cloud Security & Compliance,Compliance,2023-03-24,76,Completed,3000
EMP-14942,CRS-102,Python for Data Engineering,Tech,2023-11-25,82,Completed,2500
EMP-14942,CRS-202,Cross-Cultural Business Communication,Soft Skills,2025-07-19,92,Completed,800
EMP-11807,CRS-202,Cross-Cultural Business Communication,Soft Skills,2025-05-17,78,Completed,800
EMP-11807,CRS-103,Power BI DAX Masterclass,Tech,2025-12-04,62,Failed,0
EMP-11807,CRS-103,Power BI DAX Masterclass,Tech,2025-12-31,87,Completed,2000
EMP-11807,CRS-102,Python for Data Engineering,Tech,2023-04-25,82,Completed,2500
EMP-14000,CRS-202,Cross-Cultural Business Communication,Soft Skills,2023-06-08,85,Completed,800
EMP-14000,CRS-302,Modern Data Stack Architecture,Tech,2025-04-09,62,Failed,0
EMP-14000,CRS-302,Modern Data Stack Architecture,Tech,2025-05-16,95,Completed,4000
EMP-11798,CRS-103,Power BI DAX Masterclass,Tech,2023-08-11,72,Completed,2000
EMP-11798,CRS-103,Power BI DAX Masterclass,Tech,2023-09-15,75,Completed,2000
EMP-12236,CRS-102,Python for Data Engineering,Tech,2026-01-14,72,Completed,2500
EMP-12236,CRS-102,Python for Data Engineering,Tech,2026-01-28,99,Completed,2500
EMP-13571,CRS-102,Python for Data Engineering,Tech,2023-03-08,57,Failed,0
EMP-13571,CRS-102,Python for Data Engineering,Tech,2023-04-27,93,Completed,2500
EMP-13571,CRS-202,Cross-Cultural Business Communication,Soft Skills,2023-04-02,95,Completed,800
EMP-13571,CRS-302,Modern Data Stack Architecture,Tech,2023-04-09,72,Completed,4000
EMP-13571,CRS-302,Modern Data Stack Architecture,Tech,2023-04-23,86,Completed,4000
EMP-16658,CRS-201,Agile Project Management,Leadership,2024-02-04,94,Completed,1200
EMP-16658,CRS-202,Cross-Cultural Business Communication,Soft Skills,2024-12-29,92,Completed,800
EMP-10238,CRS-301,Cloud Security & Compliance,Compliance,2025-10-28,86,Completed,3000
EMP-13186,CRS-202,Cross-Cultural Business Communication,Soft Skills,2025-02-21,88,Completed,800
EMP-12754,CRS-102,Python for Data Engineering,Tech,2023-11-07,72,Completed,2500
EMP-12754,CRS-102,Python for Data Engineering,Tech,2023-11-26,97,Completed,2500
EMP-15480,CRS-102,Python for Data Engineering,Tech,2023-10-16,100,Completed,2500
EMP-15564,CRS-202,Cross-Cultural Business Communication,Soft Skills,2025-07-05,80,Completed,800
EMP-15564,CRS-301,Cloud Security & Compliance,Compliance,2025-06-01,98,Completed,3000
EMP-15564,CRS-302,Modern Data Stack Architecture,Tech,2025-03-04,76,Completed,4000
EMP-15564,CRS-103,Power BI DAX Masterclass,Tech,2026-05-27,100,Completed,2000
EMP-13313,CRS-201,Agile Project Management,Leadership,2023-01-31,94,Completed,1200
EMP-13313,CRS-101,Advanced SQL & Performance Tuning,Tech,2026-01-25,52,Failed,0
EMP-13313,CRS-101,Advanced SQL & Performance Tuning,Tech,2026-02-28,80,Completed,1500
EMP-15933,CRS-102,Python for Data Engineering,Tech,2026-03-26,61,Failed,0
EMP-15933,CRS-102,Python for Data Engineering,Tech,2026-04-20,97,Completed,2500
EMP-15933,CRS-101,Advanced SQL & Performance Tuning,Tech,2025-08-01,85,Completed,1500
EMP-15933,CRS-103,Power BI DAX Masterclass,Tech,2025-06-24,54,Failed,0
EMP-15933,CRS-103,Power BI DAX Masterclass,Tech,2025-08-13,90,Completed,2000
EMP-16762,CRS-302,Modern Data Stack Architecture,Tech,2024-08-10,83,Completed,4000
EMP-13829,CRS-102,Python for Data Engineering,Tech,2025-11-15,100,Completed,2500
EMP-13829,CRS-201,Agile Project Management,Leadership,2023-06-20,86,Completed,1200
EMP-13829,CRS-103,Power BI DAX Masterclass,Tech,2023-03-29,69,Failed,0
EMP-13829,CRS-103,Power BI DAX Masterclass,Tech,2023-04-27,97,Completed,2000
EMP-11046,CRS-101,Advanced SQL & Performance Tuning,Tech,2024-08-18,75,Completed,1500
EMP-11046,CRS-102,Python for Data Engineering,Tech,2023-05-30,82,Completed,2500
EMP-11046,CRS-302,Modern Data Stack Architecture,Tech,2023-07-11,84,Completed,4000
EMP-15098,CRS-302,Modern Data Stack Architecture,Tech,2023-08-12,75,Completed,4000
EMP-15098,CRS-201,Agile Project Management,Leadership,2025-03-23,76,Completed,1200
EMP-16898,CRS-103,Power BI DAX Masterclass,Tech,2026-05-22,76,Completed,2000
EMP-10221,CRS-103,Power BI DAX Masterclass,Tech,2025-07-19,87,Completed,2000
EMP-13228,CRS-301,Cloud Security & Compliance,Compliance,2024-03-13,60,Failed,0
EMP-13228,CRS-301,Cloud Security & Compliance,Compliance,2024-05-04,99,Completed,3000
EMP-14849,CRS-302,Modern Data Stack Architecture,Tech,2025-01-10,85,Completed,4000
EMP-14624,CRS-101,Advanced SQL & Performance Tuning,Tech,2025-05-16,78,Completed,1500
EMP-15432,CRS-101,Advanced SQL & Performance Tuning,Tech,2024-07-14,72,Completed,1500
EMP-15432,CRS-101,Advanced SQL & Performance Tuning,Tech,2024-09-11,89,Completed,1500
EMP-10223,CRS-202,Cross-Cultural Business Communication,Soft Skills,2024-01-12,72,Completed,800
EMP-10223,CRS-202,Cross-Cultural Business Communication,Soft Skills,2024-02-22,85,Completed,800
EMP-10223,CRS-102,Python for Data Engineering,Tech,2024-08-31,76,Completed,2500
EMP-10223,CRS-103,Power BI DAX Masterclass,Tech,2025-05-08,85,Completed,2000
EMP-10688,CRS-301,Cloud Security & Compliance,Compliance,2024-12-27,82,Completed,3000
EMP-10688,CRS-201,Agile Project Management,Leadership,2026-02-22,69,Failed,0
EMP-10688,CRS-201,Agile Project Management,Leadership,2026-04-19,93,Completed,1200
EMP-15266,CRS-103,Power BI DAX Masterclass,Tech,2024-10-10,74,Completed,2000
EMP-15266,CRS-103,Power BI DAX Masterclass,Tech,2024-11-02,90,Completed,2000
EMP-15266,CRS-301,Cloud Security & Compliance,Compliance,2024-10-10,95,Completed,3000
EMP-13512,CRS-202,Cross-Cultural Business Communication,Soft Skills,2023-01-08,100,Completed,800
EMP-11112,CRS-201,Agile Project Management,Leadership,2026-03-30,71,Completed,1200
EMP-11112,CRS-201,Agile Project Management,Leadership,2026-04-25,88,Completed,1200
EMP-13783,CRS-302,Modern Data Stack Architecture,Tech,2026-05-15,76,Completed,4000
EMP-13783,CRS-102,Python for Data Engineering,Tech,2024-01-27,68,Failed,0
EMP-13783,CRS-102,Python for Data Engineering,Tech,2024-03-04,75,Completed,2500
EMP-11489,CRS-103,Power BI DAX Masterclass,Tech,2025-10-25,92,Completed,2000
EMP-16304,CRS-201,Agile Project Management,Leadership,2026-01-15,86,Completed,1200
EMP-16304,CRS-302,Modern Data Stack Architecture,Tech,2024-11-18,99,Completed,4000
EMP-16304,CRS-103,Power BI DAX Masterclass,Tech,2025-05-27,75,Completed,2000
EMP-16304,CRS-202,Cross-Cultural Business Communication,Soft Skills,2023-11-30,83,Completed,800
EMP-12132,CRS-301,Cloud Security & Compliance,Compliance,2024-08-03,100,Completed,3000
EMP-12132,CRS-302,Modern Data Stack Architecture,Tech,2023-07-23,95,Completed,4000
EMP-12132,CRS-201,Agile Project Management,Leadership,2023-07-03,89,Completed,1200
EMP-16378,CRS-301,Cloud Security & Compliance,Compliance,2026-01-20,90,Completed,3000
EMP-12682,CRS-101,Advanced SQL & Performance Tuning,Tech,2024-08-16,76,Completed,1500
EMP-12682,CRS-301,Cloud Security & Compliance,Compliance,2025-07-20,67,Failed,0
EMP-12682,CRS-301,Cloud Security & Compliance,Compliance,2025-09-02,78,Completed,3000
EMP-11734,CRS-302,Modern Data Stack Architecture,Tech,2025-08-08,99,Completed,4000
EMP-13725,CRS-301,Cloud Security & Compliance,Compliance,2023-01-16,95,Completed,3000
EMP-13725,CRS-201,Agile Project Management,Leadership,2024-08-03,98,Completed,1200
EMP-12678,CRS-302,Modern Data Stack Architecture,Tech,2025-04-29,70,Completed,4000
EMP-12678,CRS-302,Modern Data Stack Architecture,Tech,2025-06-08,76,Completed,4000
EMP-12765,CRS-102,Python for Data Engineering,Tech,2025-02-05,96,Completed,2500
EMP-16191,CRS-102,Python for Data Engineering,Tech,2026-03-17,77,Completed,2500
EMP-12280,CRS-202,Cross-Cultural Business Communication,Soft Skills,2025-03-16,95,Completed,800
EMP-16161,CRS-301,Cloud Security & Compliance,Compliance,2025-03-10,82,Completed,3000
EMP-13454,CRS-201,Agile Project Management,Leadership,2023-07-23,54,Failed,0
EMP-13454,CRS-201,Agile Project Management,Leadership,2023-09-11,100,Completed,1200
EMP-13454,CRS-102,Python for Data Engineering,Tech,2025-03-13,96,Completed,2500
EMP-12067,CRS-102,Python for Data Engineering,Tech,2023-02-22,70,Completed,2500
EMP-12067,CRS-102,Python for Data Engineering,Tech,2023-04-14,79,Completed,2500
EMP-12067,CRS-101,Advanced SQL & Performance Tuning,Tech,2023-02-26,92,Completed,1500
EMP-12067,CRS-301,Cloud Security & Compliance,Compliance,2023-06-11,68,Failed,0
EMP-12067,CRS-301,Cloud Security & Compliance,Compliance,2023-08-10,79,Completed,3000
EMP-10671,CRS-301,Cloud Security & Compliance,Compliance,2024-05-05,79,Completed,3000
EMP-10671,CRS-302,Modern Data Stack Architecture,Tech,2024-05-17,94,Completed,4000
EMP-10671,CRS-103,Power BI DAX Masterclass,Tech,2023-04-16,72,Completed,2000
EMP-10671,CRS-103,Power BI DAX Masterclass,Tech,2023-06-09,75,Completed,2000
EMP-10671,CRS-102,Python for Data Engineering,Tech,2026-04-01,73,Completed,2500
EMP-10671,CRS-102,Python for Data Engineering,Tech,2026-05-23,78,Completed,2500
EMP-13853,CRS-103,Power BI DAX Masterclass,Tech,2024-06-20,55,Failed,0
EMP-13853,CRS-103,Power BI DAX Masterclass,Tech,2024-07-27,81,Completed,2000
EMP-10159,CRS-201,Agile Project Management,Leadership,2023-02-14,72,Completed,1200
EMP-10159,CRS-201,Agile Project Management,Leadership,2023-04-09,77,Completed,1200
EMP-16137,CRS-201,Agile Project Management,Leadership,2025-02-07,90,Completed,1200
EMP-16792,CRS-102,Python for Data Engineering,Tech,2024-01-01,90,Completed,2500
EMP-16792,CRS-103,Power BI DAX Masterclass,Tech,2023-03-06,80,Completed,2000
EMP-16792,CRS-101,Advanced SQL & Performance Tuning,Tech,2025-09-18,89,Completed,1500
EMP-10427,CRS-301,Cloud Security & Compliance,Compliance,2024-06-05,76,Completed,3000
EMP-12867,CRS-202,Cross-Cultural Business Communication,Soft Skills,2023-11-09,97,Completed,800
EMP-12867,CRS-302,Modern Data Stack Architecture,Tech,2024-03-20,50,Failed,0
EMP-12867,CRS-302,Modern Data Stack Architecture,Tech,2024-04-08,98,Completed,4000
EMP-11837,CRS-102,Python for Data Engineering,Tech,2024-07-14,76,Completed,2500
EMP-11837,CRS-103,Power BI DAX Masterclass,Tech,2024-12-14,90,Completed,2000
EMP-15326,CRS-201,Agile Project Management,Leadership,2025-11-15,99,Completed,1200
EMP-15326,CRS-302,Modern Data Stack Architecture,Tech,2023-12-21,91,Completed,4000
EMP-10563,CRS-201,Agile Project Management,Leadership,2026-04-10,79,Completed,1200
EMP-10563,CRS-101,Advanced SQL & Performance Tuning,Tech,2024-02-26,83,Completed,1500
EMP-15340,CRS-301,Cloud Security & Compliance,Compliance,2024-07-10,60,Failed,0
EMP-15340,CRS-301,Cloud Security & Compliance,Compliance,2024-08-17,88,Completed,3000
EMP-10330,CRS-103,Power BI DAX Masterclass,Tech,2025-02-04,84,Completed,2000
EMP-10255,CRS-202,Cross-Cultural Business Communication,Soft Skills,2024-06-02,83,Completed,800
EMP-16278,CRS-301,Cloud Security & Compliance,Compliance,2025-03-26,73,Completed,3000
EMP-16278,CRS-301,Cloud Security & Compliance,Compliance,2025-04-29,88,Completed,3000
EMP-16278,CRS-202,Cross-Cultural Business Communication,Soft Skills,2024-01-16,61,Failed,0
EMP-16278,CRS-202,Cross-Cultural Business Communication,Soft Skills,2024-03-12,86,Completed,800
EMP-16278,CRS-103,Power BI DAX Masterclass,Tech,2025-01-31,94,Completed,2000
EMP-11634,CRS-301,Cloud Security & Compliance,Compliance,2023-01-23,76,Completed,3000
EMP-10167,CRS-102,Python for Data Engineering,Tech,2023-05-16,79,Completed,2500
EMP-10167,CRS-202,Cross-Cultural Business Communication,Soft Skills,2025-12-15,73,Completed,800
EMP-10167,CRS-202,Cross-Cultural Business Communication,Soft Skills,2026-02-12,94,Completed,800
EMP-15090,CRS-302,Modern Data Stack Architecture,Tech,2026-03-21,91,Completed,4000
EMP-15090,CRS-301,Cloud Security & Compliance,Compliance,2024-10-12,76,Completed,3000
EMP-15090,CRS-101,Advanced SQL & Performance Tuning,Tech,2025-10-08,71,Completed,1500
EMP-15090,CRS-101,Advanced SQL & Performance Tuning,Tech,2025-11-17,78,Completed,1500
EMP-11249,CRS-102,Python for Data Engineering,Tech,2026-05-16,88,Completed,2500
EMP-11955,CRS-103,Power BI DAX Masterclass,Tech,2026-03-25,99,Completed,2000
EMP-11955,CRS-101,Advanced SQL & Performance Tuning,Tech,2023-09-26,71,Completed,1500
EMP-11955,CRS-101,Advanced SQL & Performance Tuning,Tech,2023-11-12,76,Completed,1500
EMP-11035,CRS-101,Advanced SQL & Performance Tuning,Tech,2023-05-23,73,Completed,1500
EMP-11035,CRS-101,Advanced SQL & Performance Tuning,Tech,2023-07-02,98,Completed,1500
EMP-13880,CRS-103,Power BI DAX Masterclass,Tech,2024-12-09,72,Completed,2000
EMP-13880,CRS-103,Power BI DAX Masterclass,Tech,2025-01-12,90,Completed,2000
EMP-15485,CRS-201,Agile Project Management,Leadership,2025-07-19,97,Completed,1200
EMP-15485,CRS-103,Power BI DAX Masterclass,Tech,2023-09-06,100,Completed,2000
EMP-10938,CRS-101,Advanced SQL & Performance Tuning,Tech,2023-01-22,73,Completed,1500
EMP-10938,CRS-101,Advanced SQL & Performance Tuning,Tech,2023-03-21,98,Completed,1500
EMP-14621,CRS-102,Python for Data Engineering,Tech,2023-06-30,93,Completed,2500
EMP-11786,CRS-202,Cross-Cultural Business Communication,Soft Skills,2023-01-11,78,Completed,800
EMP-16360,CRS-101,Advanced SQL & Performance Tuning,Tech,2024-09-15,78,Completed,1500
EMP-15731,CRS-302,Modern Data Stack Architecture,Tech,2024-07-06,55,Failed,0
EMP-15731,CRS-302,Modern Data Stack Architecture,Tech,2024-08-18,78,Completed,4000
EMP-15731,CRS-201,Agile Project Management,Leadership,2023-09-16,60,Failed,0
EMP-15731,CRS-201,Agile Project Management,Leadership,2023-11-06,88,Completed,1200
EMP-12100,CRS-301,Cloud Security & Compliance,Compliance,2025-12-04,77,Completed,3000
EMP-12100,CRS-101,Advanced SQL & Performance Tuning,Tech,2025-09-30,80,Completed,1500
EMP-13022,CRS-101,Advanced SQL & Performance Tuning,Tech,2024-06-24,59,Failed,0
EMP-13022,CRS-101,Advanced SQL & Performance Tuning,Tech,2024-08-12,82,Completed,1500
EMP-11375,CRS-301,Cloud Security & Compliance,Compliance,2023-06-09,52,Failed,0
EMP-11375,CRS-301,Cloud Security & Compliance,Compliance,2023-06-23,96,Completed,3000
EMP-11375,CRS-102,Python for Data Engineering,Tech,2024-03-18,96,Completed,2500
EMP-14964,CRS-103,Power BI DAX Masterclass,Tech,2024-03-03,94,Completed,2000
EMP-14975,CRS-302,Modern Data Stack Architecture,Tech,2023-11-12,73,Completed,4000
EMP-14975,CRS-302,Modern Data Stack Architecture,Tech,2023-12-10,86,Completed,4000
EMP-14975,CRS-103,Power BI DAX Masterclass,Tech,2025-02-28,97,Completed,2000
EMP-14975,CRS-201,Agile Project Management,Leadership,2024-02-20,62,Failed,0
EMP-14975,CRS-201,Agile Project Management,Leadership,2024-04-01,80,Completed,1200
EMP-16627,CRS-302,Modern Data Stack Architecture,Tech,2023-07-29,84,Completed,4000
EMP-16627,CRS-202,Cross-Cultural Business Communication,Soft Skills,2023-08-14,70,Completed,800
EMP-16627,CRS-202,Cross-Cultural Business Communication,Soft Skills,2023-09-08,83,Completed,800
EMP-16323,CRS-301,Cloud Security & Compliance,Compliance,2025-12-23,81,Completed,3000
EMP-16824,CRS-101,Advanced SQL & Performance Tuning,Tech,2024-03-10,82,Completed,1500
EMP-16824,CRS-103,Power BI DAX Masterclass,Tech,2025-11-06,71,Completed,2000
EMP-16824,CRS-103,Power BI DAX Masterclass,Tech,2025-12-13,78,Completed,2000
EMP-16824,CRS-201,Agile Project Management,Leadership,2023-04-11,93,Completed,1200
EMP-11342,CRS-102,Python for Data Engineering,Tech,2025-04-04,89,Completed,2500
EMP-12549,CRS-202,Cross-Cultural Business Communication,Soft Skills,2023-08-12,90,Completed,800
EMP-12549,CRS-201,Agile Project Management,Leadership,2023-08-16,57,Failed,0
EMP-12549,CRS-201,Agile Project Management,Leadership,2023-09-01,93,Completed,1200
EMP-16462,CRS-101,Advanced SQL & Performance Tuning,Tech,2025-12-25,78,Completed,1500
EMP-14741,CRS-301,Cloud Security & Compliance,Compliance,2025-03-13,73,Completed,3000
EMP-14741,CRS-301,Cloud Security & Compliance,Compliance,2025-05-10,83,Completed,3000
EMP-14741,CRS-201,Agile Project Management,Leadership,2025-10-11,75,Completed,1200
EMP-10211,CRS-103,Power BI DAX Masterclass,Tech,2026-05-06,59,Failed,0
EMP-10211,CRS-103,Power BI DAX Masterclass,Tech,2026-05-31,91,Completed,2000
EMP-12556,CRS-202,Cross-Cultural Business Communication,Soft Skills,2024-05-03,80,Completed,800
EMP-12556,CRS-201,Agile Project Management,Leadership,2023-12-08,80,Completed,1200
EMP-12556,CRS-103,Power BI DAX Masterclass,Tech,2023-10-18,91,Completed,2000
EMP-16237,CRS-102,Python for Data Engineering,Tech,2024-06-24,75,Completed,2500
EMP-16377,CRS-202,Cross-Cultural Business Communication,Soft Skills,2026-04-09,85,Completed,800
EMP-16377,CRS-103,Power BI DAX Masterclass,Tech,2025-08-25,71,Completed,2000
EMP-16377,CRS-103,Power BI DAX Masterclass,Tech,2025-10-14,96,Completed,2000
EMP-16377,CRS-201,Agile Project Management,Leadership,2024-08-18,86,Completed,1200
EMP-13075,CRS-302,Modern Data Stack Architecture,Tech,2023-07-24,95,Completed,4000
EMP-13075,CRS-101,Advanced SQL & Performance Tuning,Tech,2025-07-15,93,Completed,1500
EMP-13250,CRS-301,Cloud Security & Compliance,Compliance,2024-06-03,61,Failed,0
EMP-13250,CRS-301,Cloud Security & Compliance,Compliance,2024-07-09,84,Completed,3000
EMP-13250,CRS-201,Agile Project Management,Leadership,2024-11-14,94,Completed,1200
EMP-15858,CRS-302,Modern Data Stack Architecture,Tech,2023-08-19,91,Completed,4000
EMP-15858,CRS-202,Cross-Cultural Business Communication,Soft Skills,2023-02-12,83,Completed,800
EMP-15858,CRS-201,Agile Project Management,Leadership,2023-10-18,61,Failed,0
EMP-15858,CRS-201,Agile Project Management,Leadership,2023-12-07,98,Completed,1200
EMP-11625,CRS-201,Agile Project Management,Leadership,2024-02-27,76,Completed,1200
EMP-11625,CRS-103,Power BI DAX Masterclass,Tech,2025-02-12,100,Completed,2000
EMP-10623,CRS-202,Cross-Cultural Business Communication,Soft Skills,2025-12-15,78,Completed,800
EMP-10623,CRS-201,Agile Project Management,Leadership,2024-12-15,82,Completed,1200
EMP-14851,CRS-103,Power BI DAX Masterclass,Tech,2023-03-26,86,Completed,2000
EMP-14851,CRS-302,Modern Data Stack Architecture,Tech,2023-09-09,95,Completed,4000
EMP-14851,CRS-102,Python for Data Engineering,Tech,2024-12-11,73,Completed,2500
EMP-14851,CRS-102,Python for Data Engineering,Tech,2025-01-25,96,Completed,2500
EMP-15658,CRS-301,Cloud Security & Compliance,Compliance,2023-11-04,100,Completed,3000
EMP-15139,CRS-102,Python for Data Engineering,Tech,2025-09-24,72,Completed,2500
EMP-15139,CRS-102,Python for Data Engineering,Tech,2025-10-08,89,Completed,2500
EMP-15139,CRS-103,Power BI DAX Masterclass,Tech,2023-03-25,79,Completed,2000
EMP-11990,CRS-201,Agile Project Management,Leadership,2024-09-18,83,Completed,1200
EMP-10835,CRS-101,Advanced SQL & Performance Tuning,Tech,2024-12-18,95,Completed,1500
EMP-10835,CRS-103,Power BI DAX Masterclass,Tech,2026-02-22,54,Failed,0
EMP-10835,CRS-103,Power BI DAX Masterclass,Tech,2026-03-25,79,Completed,2000
EMP-10835,CRS-102,Python for Data Engineering,Tech,2024-02-07,88,Completed,2500
EMP-16385,CRS-101,Advanced SQL & Performance Tuning,Tech,2025-08-27,77,Completed,1500
EMP-12471,CRS-201,Agile Project Management,Leadership,2023-07-20,99,Completed,1200
EMP-12471,CRS-302,Modern Data Stack Architecture,Tech,2024-09-28,88,Completed,4000
EMP-15606,CRS-302,Modern Data Stack Architecture,Tech,2024-02-13,74,Completed,4000
EMP-15606,CRS-302,Modern Data Stack Architecture,Tech,2024-03-10,84,Completed,4000
EMP-15606,CRS-202,Cross-Cultural Business Communication,Soft Skills,2024-09-16,79,Completed,800
EMP-15606,CRS-102,Python for Data Engineering,Tech,2025-08-02,75,Completed,2500
EMP-14919,CRS-201,Agile Project Management,Leadership,2025-12-14,92,Completed,1200
EMP-14919,CRS-101,Advanced SQL & Performance Tuning,Tech,2025-01-02,81,Completed,1500
EMP-14919,CRS-102,Python for Data Engineering,Tech,2025-05-11,63,Failed,0
EMP-14919,CRS-102,Python for Data Engineering,Tech,2025-06-29,75,Completed,2500
EMP-16742,CRS-201,Agile Project Management,Leadership,2024-05-11,86,Completed,1200
EMP-16742,CRS-101,Advanced SQL & Performance Tuning,Tech,2026-01-17,98,Completed,1500
EMP-16742,CRS-102,Python for Data Engineering,Tech,2025-03-15,82,Completed,2500
EMP-16742,CRS-103,Power BI DAX Masterclass,Tech,2025-08-05,84,Completed,2000
EMP-14637,CRS-103,Power BI DAX Masterclass,Tech,2023-08-08,60,Failed,0
EMP-14637,CRS-103,Power BI DAX Masterclass,Tech,2023-09-09,93,Completed,2000
EMP-10337,CRS-103,Power BI DAX Masterclass,Tech,2023-05-05,93,Completed,2000
EMP-12845,CRS-301,Cloud Security & Compliance,Compliance,2024-02-24,74,Completed,3000
EMP-12845,CRS-301,Cloud Security & Compliance,Compliance,2024-04-09,79,Completed,3000
EMP-12845,CRS-101,Advanced SQL & Performance Tuning,Tech,2024-04-02,79,Completed,1500
EMP-14365,CRS-101,Advanced SQL & Performance Tuning,Tech,2024-02-16,53,Failed,0
EMP-14365,CRS-101,Advanced SQL & Performance Tuning,Tech,2024-04-08,78,Completed,1500
EMP-14365,CRS-201,Agile Project Management,Leadership,2025-11-30,77,Completed,1200
EMP-16854,CRS-302,Modern Data Stack Architecture,Tech,2025-11-01,64,Failed,0
EMP-16854,CRS-302,Modern Data Stack Architecture,Tech,2025-11-22,84,Completed,4000
EMP-15420,CRS-102,Python for Data Engineering,Tech,2024-04-26,78,Completed,2500
EMP-13036,CRS-302,Modern Data Stack Architecture,Tech,2023-09-10,74,Completed,4000
EMP-13036,CRS-302,Modern Data Stack Architecture,Tech,2023-10-05,79,Completed,4000
EMP-13036,CRS-301,Cloud Security & Compliance,Compliance,2024-05-07,86,Completed,3000
EMP-10565,CRS-201,Agile Project Management,Leadership,2024-08-16,59,Failed,0
EMP-10565,CRS-201,Agile Project Management,Leadership,2024-10-06,90,Completed,1200
EMP-10565,CRS-302,Modern Data Stack Architecture,Tech,2025-01-22,82,Completed,4000
EMP-16570,CRS-201,Agile Project Management,Leadership,2025-05-20,70,Completed,1200
EMP-16570,CRS-201,Agile Project Management,Leadership,2025-06-10,93,Completed,1200
EMP-16570,CRS-302,Modern Data Stack Architecture,Tech,2025-03-08,88,Completed,4000
EMP-15305,CRS-301,Cloud Security & Compliance,Compliance,2025-06-29,99,Completed,3000
EMP-15305,CRS-202,Cross-Cultural Business Communication,Soft Skills,2023-10-13,98,Completed,800
EMP-12796,CRS-102,Python for Data Engineering,Tech,2025-01-02,97,Completed,2500
EMP-10104,CRS-301,Cloud Security & Compliance,Compliance,2025-12-11,62,Failed,0
EMP-10104,CRS-301,Cloud Security & Compliance,Compliance,2026-02-04,79,Completed,3000
EMP-16806,CRS-301,Cloud Security & Compliance,Compliance,2026-02-27,84,Completed,3000
EMP-14016,CRS-103,Power BI DAX Masterclass,Tech,2024-09-12,72,Completed,2000
EMP-14016,CRS-103,Power BI DAX Masterclass,Tech,2024-11-06,90,Completed,2000
EMP-14016,CRS-301,Cloud Security & Compliance,Compliance,2025-02-10,89,Completed,3000
EMP-10865,CRS-202,Cross-Cultural Business Communication,Soft Skills,2025-12-12,74,Completed,800
EMP-10865,CRS-202,Cross-Cultural Business Communication,Soft Skills,2026-02-01,93,Completed,800
EMP-10865,CRS-301,Cloud Security & Compliance,Compliance,2024-12-13,89,Completed,3000
EMP-13552,CRS-101,Advanced SQL & Performance Tuning,Tech,2023-11-22,73,Completed,1500
EMP-13552,CRS-101,Advanced SQL & Performance Tuning,Tech,2024-01-06,96,Completed,1500
EMP-12968,CRS-302,Modern Data Stack Architecture,Tech,2024-04-19,73,Completed,4000
EMP-12968,CRS-302,Modern Data Stack Architecture,Tech,2024-05-14,98,Completed,4000
EMP-15207,CRS-302,Modern Data Stack Architecture,Tech,2023-05-07,69,Failed,0
EMP-15207,CRS-302,Modern Data Stack Architecture,Tech,2023-05-25,89,Completed,4000
EMP-15207,CRS-201,Agile Project Management,Leadership,2025-02-05,90,Completed,1200
EMP-15207,CRS-101,Advanced SQL & Performance Tuning,Tech,2023-12-23,73,Completed,1500
EMP-15207,CRS-101,Advanced SQL & Performance Tuning,Tech,2024-01-30,79,Completed,1500
EMP-13767,CRS-202,Cross-Cultural Business Communication,Soft Skills,2024-06-01,84,Completed,800
EMP-13767,CRS-302,Modern Data Stack Architecture,Tech,2024-04-06,93,Completed,4000
EMP-13767,CRS-102,Python for Data Engineering,Tech,2025-12-18,72,Completed,2500
EMP-13767,CRS-102,Python for Data Engineering,Tech,2026-02-10,96,Completed,2500
EMP-13767,CRS-301,Cloud Security & Compliance,Compliance,2023-07-17,71,Completed,3000
EMP-13767,CRS-301,Cloud Security & Compliance,Compliance,2023-07-31,86,Completed,3000
EMP-15795,CRS-202,Cross-Cultural Business Communication,Soft Skills,2023-05-28,75,Completed,800
EMP-15795,CRS-302,Modern Data Stack Architecture,Tech,2025-12-17,76,Completed,4000
EMP-11254,CRS-201,Agile Project Management,Leadership,2024-12-22,89,Completed,1200
EMP-11254,CRS-202,Cross-Cultural Business Communication,Soft Skills,2023-10-10,84,Completed,800
EMP-13568,CRS-101,Advanced SQL & Performance Tuning,Tech,2026-03-11,74,Completed,1500
EMP-13568,CRS-101,Advanced SQL & Performance Tuning,Tech,2026-04-13,78,Completed,1500
EMP-11443,CRS-102,Python for Data Engineering,Tech,2023-04-16,87,Completed,2500
EMP-16012,CRS-103,Power BI DAX Masterclass,Tech,2024-05-29,92,Completed,2000
EMP-14275,CRS-102,Python for Data Engineering,Tech,2025-12-30,77,Completed,2500
EMP-14275,CRS-103,Power BI DAX Masterclass,Tech,2025-10-21,82,Completed,2000
EMP-14275,CRS-101,Advanced SQL & Performance Tuning,Tech,2026-01-23,88,Completed,1500
EMP-15329,CRS-103,Power BI DAX Masterclass,Tech,2023-03-08,83,Completed,2000
EMP-15329,CRS-301,Cloud Security & Compliance,Compliance,2024-11-16,74,Completed,3000
EMP-15329,CRS-301,Cloud Security & Compliance,Compliance,2025-01-15,85,Completed,3000
EMP-15329,CRS-101,Advanced SQL & Performance Tuning,Tech,2023-05-08,57,Failed,0
EMP-15329,CRS-101,Advanced SQL & Performance Tuning,Tech,2023-06-27,94,Completed,1500
EMP-12213,CRS-302,Modern Data Stack Architecture,Tech,2024-12-09,100,Completed,4000
EMP-12213,CRS-101,Advanced SQL & Performance Tuning,Tech,2023-06-15,85,Completed,1500
EMP-15046,CRS-101,Advanced SQL & Performance Tuning,Tech,2023-08-02,85,Completed,1500
EMP-14409,CRS-201,Agile Project Management,Leadership,2024-09-13,70,Completed,1200
EMP-14409,CRS-201,Agile Project Management,Leadership,2024-09-28,99,Completed,1200
EMP-14409,CRS-302,Modern Data Stack Architecture,Tech,2024-02-06,89,Completed,4000
EMP-13961,CRS-301,Cloud Security & Compliance,Compliance,2026-02-05,71,Completed,3000
EMP-13961,CRS-301,Cloud Security & Compliance,Compliance,2026-03-15,97,Completed,3000
EMP-13961,CRS-101,Advanced SQL & Performance Tuning,Tech,2023-09-14,92,Completed,1500
EMP-13809,CRS-201,Agile Project Management,Leadership,2023-08-30,98,Completed,1200
EMP-13569,CRS-201,Agile Project Management,Leadership,2023-04-29,57,Failed,0
EMP-13569,CRS-201,Agile Project Management,Leadership,2023-05-13,82,Completed,1200
EMP-15989,CRS-302,Modern Data Stack Architecture,Tech,2026-01-03,71,Completed,4000
EMP-15989,CRS-302,Modern Data Stack Architecture,Tech,2026-01-17,98,Completed,4000
EMP-14854,CRS-101,Advanced SQL & Performance Tuning,Tech,2023-06-06,74,Completed,1500
EMP-14854,CRS-101,Advanced SQL & Performance Tuning,Tech,2023-07-08,76,Completed,1500
EMP-12199,CRS-202,Cross-Cultural Business Communication,Soft Skills,2024-05-15,74,Completed,800
EMP-12199,CRS-202,Cross-Cultural Business Communication,Soft Skills,2024-06-28,96,Completed,800
EMP-12641,CRS-101,Advanced SQL & Performance Tuning,Tech,2023-06-06,100,Completed,1500
EMP-12012,CRS-301,Cloud Security & Compliance,Compliance,2025-01-01,84,Completed,3000
EMP-10710,CRS-302,Modern Data Stack Architecture,Tech,2024-05-15,98,Completed,4000
EMP-10710,CRS-202,Cross-Cultural Business Communication,Soft Skills,2026-01-13,66,Failed,0
EMP-10710,CRS-202,Cross-Cultural Business Communication,Soft Skills,2026-02-22,97,Completed,800
EMP-10710,CRS-103,Power BI DAX Masterclass,Tech,2025-09-22,72,Completed,2000
EMP-10710,CRS-103,Power BI DAX Masterclass,Tech,2025-10-14,91,Completed,2000
EMP-12285,CRS-301,Cloud Security & Compliance,Compliance,2026-02-06,73,Completed,3000
EMP-12285,CRS-301,Cloud Security & Compliance,Compliance,2026-03-01,76,Completed,3000
EMP-13693,CRS-301,Cloud Security & Compliance,Compliance,2023-02-13,65,Failed,0
EMP-13693,CRS-301,Cloud Security & Compliance,Compliance,2023-03-16,93,Completed,3000
EMP-13693,CRS-201,Agile Project Management,Leadership,2025-02-25,96,Completed,1200
EMP-13693,CRS-302,Modern Data Stack Architecture,Tech,2023-05-03,97,Completed,4000
EMP-13693,CRS-101,Advanced SQL & Performance Tuning,Tech,2025-10-11,97,Completed,1500
EMP-11998,CRS-102,Python for Data Engineering,Tech,2024-02-26,75,Completed,2500
EMP-16298,CRS-301,Cloud Security & Compliance,Compliance,2023-03-06,94,Completed,3000
EMP-16298,CRS-103,Power BI DAX Masterclass,Tech,2023-02-23,94,Completed,2000
EMP-14669,CRS-103,Power BI DAX Masterclass,Tech,2023-02-26,93,Completed,2000
EMP-14669,CRS-202,Cross-Cultural Business Communication,Soft Skills,2025-06-07,95,Completed,800
EMP-14669,CRS-102,Python for Data Engineering,Tech,2023-04-27,87,Completed,2500
EMP-15000,CRS-301,Cloud Security & Compliance,Compliance,2025-12-31,83,Completed,3000
EMP-15000,CRS-103,Power BI DAX Masterclass,Tech,2026-03-09,78,Completed,2000
EMP-15474,CRS-301,Cloud Security & Compliance,Compliance,2024-05-02,54,Failed,0
EMP-15474,CRS-301,Cloud Security & Compliance,Compliance,2024-06-28,83,Completed,3000
EMP-16652,CRS-102,Python for Data Engineering,Tech,2026-01-16,80,Completed,2500
EMP-12756,CRS-103,Power BI DAX Masterclass,Tech,2025-01-10,91,Completed,2000
EMP-10236,CRS-302,Modern Data Stack Architecture,Tech,2023-01-26,79,Completed,4000
EMP-10236,CRS-202,Cross-Cultural Business Communication,Soft Skills,2024-10-19,97,Completed,800
EMP-16320,CRS-201,Agile Project Management,Leadership,2023-01-19,71,Completed,1200
EMP-16320,CRS-201,Agile Project Management,Leadership,2023-03-04,95,Completed,1200
EMP-12663,CRS-102,Python for Data Engineering,Tech,2026-04-01,78,Completed,2500
EMP-12663,CRS-201,Agile Project Management,Leadership,2026-02-03,60,Failed,0
EMP-12663,CRS-201,Agile Project Management,Leadership,2026-02-28,83,Completed,1200
EMP-12663,CRS-101,Advanced SQL & Performance Tuning,Tech,2024-07-19,97,Completed,1500
EMP-11490,CRS-102,Python for Data Engineering,Tech,2023-10-28,69,Failed,0
EMP-11490,CRS-102,Python for Data Engineering,Tech,2023-11-18,95,Completed,2500
EMP-13995,CRS-301,Cloud Security & Compliance,Compliance,2025-11-03,88,Completed,3000
EMP-11738,CRS-102,Python for Data Engineering,Tech,2024-06-14,70,Completed,2500
EMP-11738,CRS-102,Python for Data Engineering,Tech,2024-07-20,92,Completed,2500
EMP-11738,CRS-101,Advanced SQL & Performance Tuning,Tech,2023-04-02,77,Completed,1500
EMP-12907,CRS-201,Agile Project Management,Leadership,2023-08-20,72,Completed,1200
EMP-12907,CRS-201,Agile Project Management,Leadership,2023-09-23,93,Completed,1200
EMP-12117,CRS-302,Modern Data Stack Architecture,Tech,2025-05-01,90,Completed,4000
EMP-12789,CRS-101,Advanced SQL & Performance Tuning,Tech,2024-10-30,95,Completed,1500
EMP-12291,CRS-301,Cloud Security & Compliance,Compliance,2023-03-05,55,Failed,0
EMP-12291,CRS-301,Cloud Security & Compliance,Compliance,2023-03-28,93,Completed,3000
EMP-12291,CRS-103,Power BI DAX Masterclass,Tech,2023-02-22,89,Completed,2000
EMP-12291,CRS-201,Agile Project Management,Leadership,2024-10-03,92,Completed,1200
EMP-12291,CRS-302,Modern Data Stack Architecture,Tech,2025-11-06,92,Completed,4000
EMP-14884,CRS-302,Modern Data Stack Architecture,Tech,2026-04-08,91,Completed,4000
EMP-16463,CRS-301,Cloud Security & Compliance,Compliance,2023-06-10,100,Completed,3000
EMP-12264,CRS-202,Cross-Cultural Business Communication,Soft Skills,2026-03-22,93,Completed,800
EMP-14554,CRS-302,Modern Data Stack Architecture,Tech,2023-04-16,85,Completed,4000
EMP-14554,CRS-202,Cross-Cultural Business Communication,Soft Skills,2025-12-01,80,Completed,800
EMP-10084,CRS-103,Power BI DAX Masterclass,Tech,2024-05-12,77,Completed,2000
EMP-10084,CRS-102,Python for Data Engineering,Tech,2023-08-25,84,Completed,2500
EMP-10084,CRS-302,Modern Data Stack Architecture,Tech,2025-04-19,72,Completed,4000
EMP-10084,CRS-302,Modern Data Stack Architecture,Tech,2025-06-04,77,Completed,4000
EMP-14233,CRS-301,Cloud Security & Compliance,Compliance,2024-04-16,95,Completed,3000
EMP-14233,CRS-201,Agile Project Management,Leadership,2026-03-12,99,Completed,1200
EMP-14233,CRS-202,Cross-Cultural Business Communication,Soft Skills,2025-04-14,68,Failed,0
EMP-14233,CRS-202,Cross-Cultural Business Communication,Soft Skills,2025-05-14,100,Completed,800
EMP-11566,CRS-103,Power BI DAX Masterclass,Tech,2023-08-30,83,Completed,2000
EMP-16775,CRS-202,Cross-Cultural Business Communication,Soft Skills,2025-07-18,50,Failed,0
EMP-16775,CRS-202,Cross-Cultural Business Communication,Soft Skills,2025-08-17,99,Completed,800
EMP-16775,CRS-201,Agile Project Management,Leadership,2026-02-09,65,Failed,0
EMP-16775,CRS-201,Agile Project Management,Leadership,2026-02-25,88,Completed,1200
EMP-16775,CRS-102,Python for Data Engineering,Tech,2023-02-19,55,Failed,0
EMP-16775,CRS-102,Python for Data Engineering,Tech,2023-04-07,87,Completed,2500
EMP-16775,CRS-302,Modern Data Stack Architecture,Tech,2025-05-14,74,Completed,4000
EMP-16775,CRS-302,Modern Data Stack Architecture,Tech,2025-07-02,82,Completed,4000
EMP-11978,CRS-101,Advanced SQL & Performance Tuning,Tech,2024-11-20,89,Completed,1500
EMP-11978,CRS-103,Power BI DAX Masterclass,Tech,2023-04-03,93,Completed,2000
EMP-15899,CRS-201,Agile Project Management,Leadership,2025-06-11,94,Completed,1200
EMP-15899,CRS-301,Cloud Security & Compliance,Compliance,2023-10-03,93,Completed,3000
EMP-15899,CRS-302,Modern Data Stack Architecture,Tech,2025-11-09,74,Completed,4000
EMP-15899,CRS-302,Modern Data Stack Architecture,Tech,2025-12-30,93,Completed,4000
EMP-16483,CRS-301,Cloud Security & Compliance,Compliance,2025-07-17,80,Completed,3000
EMP-16530,CRS-202,Cross-Cultural Business Communication,Soft Skills,2023-07-18,79,Completed,800
EMP-16530,CRS-103,Power BI DAX Masterclass,Tech,2023-04-09,86,Completed,2000
EMP-14549,CRS-302,Modern Data Stack Architecture,Tech,2024-08-07,82,Completed,4000
EMP-14549,CRS-201,Agile Project Management,Leadership,2024-01-01,71,Completed,1200
EMP-14549,CRS-201,Agile Project Management,Leadership,2024-03-01,81,Completed,1200
EMP-11969,CRS-103,Power BI DAX Masterclass,Tech,2026-03-23,69,Failed,0
EMP-11969,CRS-103,Power BI DAX Masterclass,Tech,2026-04-24,80,Completed,2000
EMP-16131,CRS-103,Power BI DAX Masterclass,Tech,2025-09-23,77,Completed,2000
EMP-13901,CRS-103,Power BI DAX Masterclass,Tech,2026-05-26,99,Completed,2000
EMP-15292,CRS-101,Advanced SQL & Performance Tuning,Tech,2024-02-28,96,Completed,1500
EMP-15832,CRS-202,Cross-Cultural Business Communication,Soft Skills,2023-03-23,87,Completed,800
EMP-14021,CRS-302,Modern Data Stack Architecture,Tech,2023-02-22,76,Completed,4000
EMP-13672,CRS-201,Agile Project Management,Leadership,2025-12-02,96,Completed,1200
EMP-13672,CRS-301,Cloud Security & Compliance,Compliance,2023-08-13,84,Completed,3000
EMP-13672,CRS-302,Modern Data Stack Architecture,Tech,2025-10-07,72,Completed,4000
EMP-13672,CRS-302,Modern Data Stack Architecture,Tech,2025-11-07,98,Completed,4000
EMP-10142,CRS-103,Power BI DAX Masterclass,Tech,2024-03-31,80,Completed,2000
EMP-10142,CRS-101,Advanced SQL & Performance Tuning,Tech,2024-11-17,84,Completed,1500
EMP-10763,CRS-302,Modern Data Stack Architecture,Tech,2024-10-06,51,Failed,0
EMP-10763,CRS-302,Modern Data Stack Architecture,Tech,2024-12-04,100,Completed,4000
EMP-10763,CRS-101,Advanced SQL & Performance Tuning,Tech,2025-12-03,76,Completed,1500
EMP-12411,CRS-301,Cloud Security & Compliance,Compliance,2023-01-17,74,Completed,3000
EMP-12411,CRS-301,Cloud Security & Compliance,Compliance,2023-02-14,96,Completed,3000
EMP-12411,CRS-101,Advanced SQL & Performance Tuning,Tech,2024-02-05,85,Completed,1500
EMP-11816,CRS-301,Cloud Security & Compliance,Compliance,2023-09-27,90,Completed,3000
EMP-11816,CRS-201,Agile Project Management,Leadership,2025-11-23,70,Completed,1200
EMP-11816,CRS-201,Agile Project Management,Leadership,2026-01-07,92,Completed,1200
EMP-11816,CRS-103,Power BI DAX Masterclass,Tech,2024-03-03,71,Completed,2000
EMP-11816,CRS-103,Power BI DAX Masterclass,Tech,2024-04-02,94,Completed,2000
EMP-16212,CRS-202,Cross-Cultural Business Communication,Soft Skills,2024-04-25,85,Completed,800
EMP-15668,CRS-103,Power BI DAX Masterclass,Tech,2025-09-30,89,Completed,2000
EMP-15668,CRS-102,Python for Data Engineering,Tech,2025-09-12,73,Completed,2500
EMP-15668,CRS-102,Python for Data Engineering,Tech,2025-10-14,88,Completed,2500
EMP-15668,CRS-302,Modern Data Stack Architecture,Tech,2025-07-04,77,Completed,4000
EMP-15668,CRS-201,Agile Project Management,Leadership,2023-08-26,84,Completed,1200
EMP-11994,CRS-103,Power BI DAX Masterclass,Tech,2025-03-26,94,Completed,2000
EMP-11994,CRS-301,Cloud Security & Compliance,Compliance,2025-09-28,83,Completed,3000
EMP-12509,CRS-103,Power BI DAX Masterclass,Tech,2025-11-05,98,Completed,2000
EMP-15440,CRS-202,Cross-Cultural Business Communication,Soft Skills,2024-10-23,91,Completed,800
EMP-14765,CRS-201,Agile Project Management,Leadership,2025-05-20,78,Completed,1200
EMP-13024,CRS-301,Cloud Security & Compliance,Compliance,2024-03-24,90,Completed,3000
EMP-16354,CRS-201,Agile Project Management,Leadership,2024-03-29,98,Completed,1200
EMP-14535,CRS-301,Cloud Security & Compliance,Compliance,2023-08-14,89,Completed,3000
EMP-14350,CRS-101,Advanced SQL & Performance Tuning,Tech,2023-02-13,72,Completed,1500
EMP-14350,CRS-101,Advanced SQL & Performance Tuning,Tech,2023-03-20,86,Completed,1500
EMP-14350,CRS-301,Cloud Security & Compliance,Compliance,2026-02-06,52,Failed,0
EMP-14350,CRS-301,Cloud Security & Compliance,Compliance,2026-03-05,86,Completed,3000
EMP-12817,CRS-102,Python for Data Engineering,Tech,2025-03-21,79,Completed,2500
EMP-12817,CRS-202,Cross-Cultural Business Communication,Soft Skills,2025-02-04,83,Completed,800
EMP-13486,CRS-101,Advanced SQL & Performance Tuning,Tech,2023-02-11,73,Completed,1500
EMP-13486,CRS-101,Advanced SQL & Performance Tuning,Tech,2023-03-28,76,Completed,1500
EMP-13486,CRS-302,Modern Data Stack Architecture,Tech,2023-11-18,59,Failed,0
EMP-13486,CRS-302,Modern Data Stack Architecture,Tech,2024-01-11,99,Completed,4000
EMP-16669,CRS-101,Advanced SQL & Performance Tuning,Tech,2023-09-11,90,Completed,1500
EMP-16669,CRS-103,Power BI DAX Masterclass,Tech,2024-07-06,52,Failed,0
EMP-16669,CRS-103,Power BI DAX Masterclass,Tech,2024-09-04,97,Completed,2000
EMP-12710,CRS-201,Agile Project Management,Leadership,2023-01-31,89,Completed,1200
EMP-12710,CRS-101,Advanced SQL & Performance Tuning,Tech,2023-07-15,95,Completed,1500
EMP-12883,CRS-302,Modern Data Stack Architecture,Tech,2025-05-20,66,Failed,0
EMP-12883,CRS-302,Modern Data Stack Architecture,Tech,2025-06-20,89,Completed,4000
EMP-12883,CRS-103,Power BI DAX Masterclass,Tech,2024-02-20,78,Completed,2000
EMP-12883,CRS-301,Cloud Security & Compliance,Compliance,2026-03-26,82,Completed,3000
EMP-15758,CRS-201,Agile Project Management,Leadership,2026-02-22,85,Completed,1200
EMP-13718,CRS-202,Cross-Cultural Business Communication,Soft Skills,2025-02-22,85,Completed,800
EMP-13718,CRS-102,Python for Data Engineering,Tech,2025-02-02,67,Failed,0
EMP-13718,CRS-102,Python for Data Engineering,Tech,2025-03-02,93,Completed,2500
EMP-12220,CRS-201,Agile Project Management,Leadership,2025-09-03,73,Completed,1200
EMP-12220,CRS-201,Agile Project Management,Leadership,2025-10-08,79,Completed,1200
EMP-12220,CRS-102,Python for Data Engineering,Tech,2023-06-21,87,Completed,2500
EMP-12220,CRS-302,Modern Data Stack Architecture,Tech,2025-09-30,68,Failed,0
EMP-12220,CRS-302,Modern Data Stack Architecture,Tech,2025-11-08,94,Completed,4000
EMP-12220,CRS-103,Power BI DAX Masterclass,Tech,2025-08-27,93,Completed,2000
EMP-12512,CRS-101,Advanced SQL & Performance Tuning,Tech,2024-05-31,79,Completed,1500
EMP-12512,CRS-201,Agile Project Management,Leadership,2023-11-05,80,Completed,1200
EMP-16829,CRS-302,Modern Data Stack Architecture,Tech,2024-07-03,94,Completed,4000
EMP-16829,CRS-101,Advanced SQL & Performance Tuning,Tech,2025-09-27,85,Completed,1500
EMP-11889,CRS-103,Power BI DAX Masterclass,Tech,2025-09-16,87,Completed,2000
EMP-11889,CRS-201,Agile Project Management,Leadership,2023-06-16,83,Completed,1200
EMP-10989,CRS-302,Modern Data Stack Architecture,Tech,2023-01-28,86,Completed,4000
EMP-15909,CRS-201,Agile Project Management,Leadership,2023-08-21,98,Completed,1200
EMP-11578,CRS-302,Modern Data Stack Architecture,Tech,2025-12-10,74,Completed,4000
EMP-11578,CRS-302,Modern Data Stack Architecture,Tech,2026-01-28,88,Completed,4000
EMP-16878,CRS-103,Power BI DAX Masterclass,Tech,2023-08-29,79,Completed,2000
EMP-10980,CRS-103,Power BI DAX Masterclass,Tech,2025-01-31,90,Completed,2000
EMP-10980,CRS-202,Cross-Cultural Business Communication,Soft Skills,2024-08-17,91,Completed,800
EMP-10980,CRS-302,Modern Data Stack Architecture,Tech,2025-01-30,89,Completed,4000
EMP-14390,CRS-103,Power BI DAX Masterclass,Tech,2023-10-05,86,Completed,2000
EMP-15654,CRS-103,Power BI DAX Masterclass,Tech,2025-05-02,74,Completed,2000
EMP-15654,CRS-103,Power BI DAX Masterclass,Tech,2025-05-16,84,Completed,2000
EMP-11517,CRS-102,Python for Data Engineering,Tech,2023-07-12,84,Completed,2500
EMP-11517,CRS-301,Cloud Security & Compliance,Compliance,2023-05-06,84,Completed,3000
EMP-16682,CRS-301,Cloud Security & Compliance,Compliance,2026-02-19,81,Completed,3000
EMP-11773,CRS-103,Power BI DAX Masterclass,Tech,2026-04-11,81,Completed,2000
EMP-11773,CRS-302,Modern Data Stack Architecture,Tech,2025-04-05,87,Completed,4000
EMP-11773,CRS-201,Agile Project Management,Leadership,2024-02-19,88,Completed,1200
EMP-13967,CRS-103,Power BI DAX Masterclass,Tech,2024-06-22,68,Failed,0
EMP-13967,CRS-103,Power BI DAX Masterclass,Tech,2024-08-08,93,Completed,2000
EMP-13967,CRS-102,Python for Data Engineering,Tech,2025-02-23,88,Completed,2500
EMP-12266,CRS-103,Power BI DAX Masterclass,Tech,2025-08-27,56,Failed,0
EMP-12266,CRS-103,Power BI DAX Masterclass,Tech,2025-09-24,81,Completed,2000
EMP-12266,CRS-301,Cloud Security & Compliance,Compliance,2023-07-07,69,Failed,0
EMP-12266,CRS-301,Cloud Security & Compliance,Compliance,2023-08-20,75,Completed,3000
EMP-15936,CRS-101,Advanced SQL & Performance Tuning,Tech,2023-10-08,95,Completed,1500
EMP-14830,CRS-103,Power BI DAX Masterclass,Tech,2025-10-21,77,Completed,2000
EMP-14830,CRS-302,Modern Data Stack Architecture,Tech,2025-02-11,92,Completed,4000
EMP-14298,CRS-202,Cross-Cultural Business Communication,Soft Skills,2024-10-11,72,Completed,800
EMP-14298,CRS-202,Cross-Cultural Business Communication,Soft Skills,2024-11-07,80,Completed,800
EMP-14889,CRS-302,Modern Data Stack Architecture,Tech,2025-06-14,84,Completed,4000
EMP-14889,CRS-103,Power BI DAX Masterclass,Tech,2024-05-28,87,Completed,2000
EMP-14889,CRS-102,Python for Data Engineering,Tech,2024-12-14,70,Completed,2500
EMP-14889,CRS-102,Python for Data Engineering,Tech,2025-01-26,99,Completed,2500
EMP-12319,CRS-301,Cloud Security & Compliance,Compliance,2024-03-13,87,Completed,3000
EMP-12319,CRS-201,Agile Project Management,Leadership,2024-01-27,81,Completed,1200
EMP-10824,CRS-101,Advanced SQL & Performance Tuning,Tech,2025-06-24,86,Completed,1500
EMP-10824,CRS-102,Python for Data Engineering,Tech,2026-04-15,59,Failed,0
EMP-10824,CRS-102,Python for Data Engineering,Tech,2026-05-22,83,Completed,2500
EMP-11591,CRS-101,Advanced SQL & Performance Tuning,Tech,2024-07-13,90,Completed,1500
EMP-11591,CRS-202,Cross-Cultural Business Communication,Soft Skills,2025-09-07,71,Completed,800
EMP-11591,CRS-202,Cross-Cultural Business Communication,Soft Skills,2025-11-05,83,Completed,800
EMP-12427,CRS-101,Advanced SQL & Performance Tuning,Tech,2026-03-17,97,Completed,1500
EMP-11864,CRS-202,Cross-Cultural Business Communication,Soft Skills,2025-07-19,75,Completed,800
EMP-12957,CRS-302,Modern Data Stack Architecture,Tech,2023-03-20,70,Completed,4000
EMP-12957,CRS-302,Modern Data Stack Architecture,Tech,2023-05-18,79,Completed,4000
EMP-12957,CRS-202,Cross-Cultural Business Communication,Soft Skills,2023-12-29,72,Completed,800
EMP-12957,CRS-202,Cross-Cultural Business Communication,Soft Skills,2024-01-19,76,Completed,800
EMP-12957,CRS-101,Advanced SQL & Performance Tuning,Tech,2025-06-27,51,Failed,0
EMP-12957,CRS-101,Advanced SQL & Performance Tuning,Tech,2025-08-14,83,Completed,1500
EMP-16474,CRS-102,Python for Data Engineering,Tech,2024-11-12,98,Completed,2500
EMP-16474,CRS-301,Cloud Security & Compliance,Compliance,2026-04-16,61,Failed,0
EMP-16474,CRS-202,Cross-Cultural Business Communication,Soft Skills,2025-04-05,96,Completed,800
EMP-16474,CRS-101,Advanced SQL & Performance Tuning,Tech,2023-05-06,76,Completed,1500
EMP-12477,CRS-301,Cloud Security & Compliance,Compliance,2023-06-21,55,Failed,0
EMP-12477,CRS-301,Cloud Security & Compliance,Compliance,2023-08-12,81,Completed,3000
EMP-12477,CRS-103,Power BI DAX Masterclass,Tech,2025-11-01,75,Completed,2000
EMP-10116,CRS-101,Advanced SQL & Performance Tuning,Tech,2026-02-22,73,Completed,1500
EMP-10116,CRS-101,Advanced SQL & Performance Tuning,Tech,2026-04-13,97,Completed,1500
EMP-10116,CRS-103,Power BI DAX Masterclass,Tech,2023-06-26,99,Completed,2000
EMP-10116,CRS-301,Cloud Security & Compliance,Compliance,2023-08-27,75,Completed,3000
EMP-15801,CRS-202,Cross-Cultural Business Communication,Soft Skills,2023-02-11,55,Failed,0
EMP-15801,CRS-202,Cross-Cultural Business Communication,Soft Skills,2023-04-06,86,Completed,800
EMP-16206,CRS-301,Cloud Security & Compliance,Compliance,2024-05-20,96,Completed,3000
EMP-11037,CRS-302,Modern Data Stack Architecture,Tech,2024-09-27,82,Completed,4000
EMP-11037,CRS-102,Python for Data Engineering,Tech,2023-12-31,74,Completed,2500
EMP-11037,CRS-102,Python for Data Engineering,Tech,2024-02-09,82,Completed,2500
EMP-11037,CRS-301,Cloud Security & Compliance,Compliance,2024-01-21,98,Completed,3000
EMP-12248,CRS-103,Power BI DAX Masterclass,Tech,2023-07-09,81,Completed,2000
EMP-12248,CRS-301,Cloud Security & Compliance,Compliance,2024-12-15,84,Completed,3000
EMP-12248,CRS-201,Agile Project Management,Leadership,2023-12-16,100,Completed,1200
EMP-12248,CRS-302,Modern Data Stack Architecture,Tech,2025-02-28,87,Completed,4000
EMP-10373,CRS-201,Agile Project Management,Leadership,2024-12-01,87,Completed,1200
EMP-10373,CRS-103,Power BI DAX Masterclass,Tech,2024-07-04,86,Completed,2000
EMP-10373,CRS-301,Cloud Security & Compliance,Compliance,2024-06-12,84,Completed,3000
EMP-10373,CRS-102,Python for Data Engineering,Tech,2023-08-25,91,Completed,2500
EMP-10447,CRS-201,Agile Project Management,Leadership,2026-04-16,81,Completed,1200
EMP-14534,CRS-101,Advanced SQL & Performance Tuning,Tech,2023-08-03,97,Completed,1500
EMP-14534,CRS-103,Power BI DAX Masterclass,Tech,2023-11-22,85,Completed,2000
EMP-12394,CRS-101,Advanced SQL & Performance Tuning,Tech,2025-01-03,75,Completed,1500
EMP-12394,CRS-102,Python for Data Engineering,Tech,2024-01-17,84,Completed,2500
EMP-15714,CRS-202,Cross-Cultural Business Communication,Soft Skills,2025-06-09,85,Completed,800
EMP-16183,CRS-103,Power BI DAX Masterclass,Tech,2026-05-15,85,Completed,2000
EMP-15226,CRS-102,Python for Data Engineering,Tech,2025-11-04,83,Completed,2500
EMP-14022,CRS-202,Cross-Cultural Business Communication,Soft Skills,2025-03-31,70,Completed,800
EMP-14022,CRS-202,Cross-Cultural Business Communication,Soft Skills,2025-04-24,84,Completed,800
EMP-10841,CRS-301,Cloud Security & Compliance,Compliance,2026-03-09,74,Completed,3000
EMP-10841,CRS-301,Cloud Security & Compliance,Compliance,2026-03-26,77,Completed,3000
EMP-10841,CRS-202,Cross-Cultural Business Communication,Soft Skills,2024-09-25,95,Completed,800
EMP-10841,CRS-102,Python for Data Engineering,Tech,2025-03-21,55,Failed,0
EMP-10841,CRS-102,Python for Data Engineering,Tech,2025-04-13,81,Completed,2500
EMP-10101,CRS-103,Power BI DAX Masterclass,Tech,2024-01-14,97,Completed,2000
EMP-10101,CRS-302,Modern Data Stack Architecture,Tech,2023-07-04,74,Completed,4000
EMP-10101,CRS-302,Modern Data Stack Architecture,Tech,2023-08-10,75,Completed,4000
EMP-10101,CRS-101,Advanced SQL & Performance Tuning,Tech,2025-09-04,55,Failed,0
EMP-10101,CRS-101,Advanced SQL & Performance Tuning,Tech,2025-10-23,96,Completed,1500
EMP-14703,CRS-102,Python for Data Engineering,Tech,2025-08-25,96,Completed,2500
EMP-12330,CRS-101,Advanced SQL & Performance Tuning,Tech,2025-03-04,80,Completed,1500
EMP-13846,CRS-302,Modern Data Stack Architecture,Tech,2024-10-31,96,Completed,4000
EMP-13922,CRS-202,Cross-Cultural Business Communication,Soft Skills,2023-05-27,85,Completed,800
EMP-13922,CRS-201,Agile Project Management,Leadership,2026-04-16,77,Completed,1200
EMP-13922,CRS-302,Modern Data Stack Architecture,Tech,2023-12-31,81,Completed,4000
EMP-13609,CRS-101,Advanced SQL & Performance Tuning,Tech,2026-05-12,62,Failed,0
EMP-13609,CRS-202,Cross-Cultural Business Communication,Soft Skills,2023-10-10,65,Failed,0
EMP-13609,CRS-202,Cross-Cultural Business Communication,Soft Skills,2023-11-12,88,Completed,800
EMP-12792,CRS-201,Agile Project Management,Leadership,2024-01-04,74,Completed,1200
EMP-12792,CRS-201,Agile Project Management,Leadership,2024-02-11,96,Completed,1200
EMP-11511,CRS-101,Advanced SQL & Performance Tuning,Tech,2024-01-03,82,Completed,1500
EMP-11511,CRS-103,Power BI DAX Masterclass,Tech,2023-08-06,64,Failed,0
EMP-11511,CRS-103,Power BI DAX Masterclass,Tech,2023-10-02,98,Completed,2000
EMP-11511,CRS-201,Agile Project Management,Leadership,2023-07-27,95,Completed,1200
EMP-10421,CRS-102,Python for Data Engineering,Tech,2026-03-22,82,Completed,2500
EMP-12069,CRS-301,Cloud Security & Compliance,Compliance,2025-04-02,63,Failed,0
EMP-12069,CRS-301,Cloud Security & Compliance,Compliance,2025-05-13,83,Completed,3000
EMP-13914,CRS-101,Advanced SQL & Performance Tuning,Tech,2025-07-11,81,Completed,1500
EMP-13914,CRS-202,Cross-Cultural Business Communication,Soft Skills,2024-11-17,67,Failed,0
EMP-13914,CRS-202,Cross-Cultural Business Communication,Soft Skills,2024-12-12,88,Completed,800
EMP-10935,CRS-201,Agile Project Management,Leadership,2023-06-13,70,Completed,1200
EMP-10935,CRS-201,Agile Project Management,Leadership,2023-08-11,93,Completed,1200
EMP-10935,CRS-301,Cloud Security & Compliance,Compliance,2024-06-12,86,Completed,3000
EMP-10536,CRS-201,Agile Project Management,Leadership,2023-04-10,64,Failed,0
EMP-10536,CRS-201,Agile Project Management,Leadership,2023-05-25,89,Completed,1200
EMP-10536,CRS-302,Modern Data Stack Architecture,Tech,2025-01-21,98,Completed,4000
EMP-13283,CRS-201,Agile Project Management,Leadership,2024-11-22,94,Completed,1200
EMP-14029,CRS-102,Python for Data Engineering,Tech,2024-12-31,70,Completed,2500
EMP-14029,CRS-102,Python for Data Engineering,Tech,2025-02-02,95,Completed,2500
EMP-14029,CRS-103,Power BI DAX Masterclass,Tech,2023-03-14,73,Completed,2000
EMP-14029,CRS-103,Power BI DAX Masterclass,Tech,2023-03-30,92,Completed,2000
EMP-10607,CRS-102,Python for Data Engineering,Tech,2023-06-22,67,Failed,0
EMP-10607,CRS-102,Python for Data Engineering,Tech,2023-07-15,95,Completed,2500
EMP-10607,CRS-302,Modern Data Stack Architecture,Tech,2025-10-07,98,Completed,4000
EMP-14727,CRS-301,Cloud Security & Compliance,Compliance,2023-03-25,80,Completed,3000
EMP-14727,CRS-202,Cross-Cultural Business Communication,Soft Skills,2023-10-28,93,Completed,800
EMP-14727,CRS-102,Python for Data Engineering,Tech,2023-07-27,86,Completed,2500
EMP-14727,CRS-201,Agile Project Management,Leadership,2023-06-11,99,Completed,1200
EMP-15157,CRS-201,Agile Project Management,Leadership,2023-02-15,100,Completed,1200
EMP-15624,CRS-301,Cloud Security & Compliance,Compliance,2025-06-06,95,Completed,3000
EMP-15624,CRS-101,Advanced SQL & Performance Tuning,Tech,2024-06-18,89,Completed,1500
EMP-10440,CRS-102,Python for Data Engineering,Tech,2025-02-05,85,Completed,2500
EMP-10440,CRS-301,Cloud Security & Compliance,Compliance,2025-06-13,93,Completed,3000
EMP-10440,CRS-101,Advanced SQL & Performance Tuning,Tech,2024-01-16,86,Completed,1500
EMP-11243,CRS-102,Python for Data Engineering,Tech,2024-08-06,70,Completed,2500
EMP-11243,CRS-102,Python for Data Engineering,Tech,2024-08-21,100,Completed,2500
EMP-11243,CRS-301,Cloud Security & Compliance,Compliance,2025-04-28,78,Completed,3000
EMP-11223,CRS-301,Cloud Security & Compliance,Compliance,2023-07-18,57,Failed,0
EMP-11223,CRS-301,Cloud Security & Compliance,Compliance,2023-08-21,82,Completed,3000
EMP-11223,CRS-103,Power BI DAX Masterclass,Tech,2023-05-11,79,Completed,2000
EMP-14611,CRS-201,Agile Project Management,Leadership,2025-05-11,80,Completed,1200
EMP-14611,CRS-202,Cross-Cultural Business Communication,Soft Skills,2025-09-01,70,Completed,800
EMP-14611,CRS-202,Cross-Cultural Business Communication,Soft Skills,2025-10-05,86,Completed,800
EMP-16368,CRS-102,Python for Data Engineering,Tech,2024-03-07,92,Completed,2500
EMP-16368,CRS-201,Agile Project Management,Leadership,2025-03-09,58,Failed,0
EMP-16368,CRS-201,Agile Project Management,Leadership,2025-04-28,77,Completed,1200
EMP-16368,CRS-301,Cloud Security & Compliance,Compliance,2025-09-23,67,Failed,0
EMP-16368,CRS-301,Cloud Security & Compliance,Compliance,2025-11-09,86,Completed,3000
EMP-10698,CRS-302,Modern Data Stack Architecture,Tech,2024-10-07,91,Completed,4000
EMP-12034,CRS-202,Cross-Cultural Business Communication,Soft Skills,2023-12-08,81,Completed,800
EMP-10971,CRS-302,Modern Data Stack Architecture,Tech,2023-02-17,87,Completed,4000
EMP-14572,CRS-201,Agile Project Management,Leadership,2026-05-28,73,Completed,1200
EMP-14572,CRS-202,Cross-Cultural Business Communication,Soft Skills,2023-08-15,79,Completed,800
EMP-14572,CRS-102,Python for Data Engineering,Tech,2023-11-22,87,Completed,2500
EMP-14572,CRS-302,Modern Data Stack Architecture,Tech,2024-03-21,98,Completed,4000
EMP-13410,CRS-103,Power BI DAX Masterclass,Tech,2023-08-05,86,Completed,2000
EMP-16421,CRS-302,Modern Data Stack Architecture,Tech,2025-04-07,94,Completed,4000
EMP-16065,CRS-201,Agile Project Management,Leadership,2025-03-30,70,Completed,1200
EMP-16065,CRS-201,Agile Project Management,Leadership,2025-05-04,99,Completed,1200
EMP-16065,CRS-102,Python for Data Engineering,Tech,2025-08-08,91,Completed,2500
EMP-16065,CRS-301,Cloud Security & Compliance,Compliance,2025-02-24,90,Completed,3000
EMP-16931,CRS-102,Python for Data Engineering,Tech,2023-03-01,69,Failed,0
EMP-16931,CRS-102,Python for Data Engineering,Tech,2023-04-23,91,Completed,2500
EMP-11849,CRS-202,Cross-Cultural Business Communication,Soft Skills,2024-10-27,77,Completed,800
EMP-11849,CRS-302,Modern Data Stack Architecture,Tech,2025-08-24,100,Completed,4000
EMP-11849,CRS-201,Agile Project Management,Leadership,2026-05-16,87,Completed,1200
EMP-11849,CRS-101,Advanced SQL & Performance Tuning,Tech,2024-01-31,84,Completed,1500
EMP-14281,CRS-102,Python for Data Engineering,Tech,2024-10-22,54,Failed,0
EMP-14281,CRS-102,Python for Data Engineering,Tech,2024-11-06,81,Completed,2500
EMP-14281,CRS-201,Agile Project Management,Leadership,2026-03-28,84,Completed,1200
EMP-14281,CRS-302,Modern Data Stack Architecture,Tech,2026-05-20,77,Completed,4000
EMP-16236,CRS-202,Cross-Cultural Business Communication,Soft Skills,2023-11-23,84,Completed,800
EMP-16236,CRS-301,Cloud Security & Compliance,Compliance,2023-05-24,50,Failed,0
EMP-16236,CRS-301,Cloud Security & Compliance,Compliance,2023-07-20,88,Completed,3000
EMP-16236,CRS-101,Advanced SQL & Performance Tuning,Tech,2025-11-30,97,Completed,1500
EMP-16236,CRS-103,Power BI DAX Masterclass,Tech,2025-05-04,98,Completed,2000
EMP-13691,CRS-302,Modern Data Stack Architecture,Tech,2026-05-28,67,Failed,0
EMP-13627,CRS-101,Advanced SQL & Performance Tuning,Tech,2023-03-23,82,Completed,1500
EMP-13627,CRS-103,Power BI DAX Masterclass,Tech,2025-11-13,83,Completed,2000
EMP-13627,CRS-201,Agile Project Management,Leadership,2023-08-01,97,Completed,1200
EMP-12436,CRS-302,Modern Data Stack Architecture,Tech,2025-01-20,91,Completed,4000
EMP-12436,CRS-101,Advanced SQL & Performance Tuning,Tech,2024-05-12,76,Completed,1500
EMP-12436,CRS-102,Python for Data Engineering,Tech,2024-11-06,84,Completed,2500
EMP-14822,CRS-102,Python for Data Engineering,Tech,2024-06-16,79,Completed,2500
EMP-13513,CRS-201,Agile Project Management,Leadership,2024-06-12,78,Completed,1200
EMP-12502,CRS-102,Python for Data Engineering,Tech,2024-08-13,77,Completed,2500
EMP-12502,CRS-202,Cross-Cultural Business Communication,Soft Skills,2026-02-28,92,Completed,800
EMP-14659,CRS-102,Python for Data Engineering,Tech,2025-08-31,91,Completed,2500
EMP-14659,CRS-202,Cross-Cultural Business Communication,Soft Skills,2023-09-21,89,Completed,800
EMP-14659,CRS-103,Power BI DAX Masterclass,Tech,2025-02-25,90,Completed,2000
EMP-15088,CRS-202,Cross-Cultural Business Communication,Soft Skills,2026-04-11,78,Completed,800
EMP-15088,CRS-103,Power BI DAX Masterclass,Tech,2025-11-07,82,Completed,2000
EMP-15088,CRS-102,Python for Data Engineering,Tech,2023-12-15,90,Completed,2500
EMP-10494,CRS-103,Power BI DAX Masterclass,Tech,2025-02-13,90,Completed,2000
EMP-10494,CRS-202,Cross-Cultural Business Communication,Soft Skills,2025-12-11,75,Completed,800
EMP-10494,CRS-302,Modern Data Stack Architecture,Tech,2025-02-16,91,Completed,4000
EMP-14995,CRS-103,Power BI DAX Masterclass,Tech,2024-02-27,74,Completed,2000
EMP-14995,CRS-103,Power BI DAX Masterclass,Tech,2024-04-27,100,Completed,2000
EMP-10813,CRS-102,Python for Data Engineering,Tech,2024-12-31,84,Completed,2500
EMP-11703,CRS-101,Advanced SQL & Performance Tuning,Tech,2025-12-09,93,Completed,1500
EMP-11703,CRS-301,Cloud Security & Compliance,Compliance,2023-03-09,62,Failed,0
EMP-11703,CRS-301,Cloud Security & Compliance,Compliance,2023-04-13,91,Completed,3000
EMP-15125,CRS-202,Cross-Cultural Business Communication,Soft Skills,2025-12-31,67,Failed,0
EMP-15125,CRS-202,Cross-Cultural Business Communication,Soft Skills,2026-01-17,89,Completed,800
EMP-16874,CRS-102,Python for Data Engineering,Tech,2024-06-08,92,Completed,2500
EMP-16874,CRS-302,Modern Data Stack Architecture,Tech,2024-05-16,92,Completed,4000
EMP-12168,CRS-202,Cross-Cultural Business Communication,Soft Skills,2024-06-28,67,Failed,0
EMP-12168,CRS-202,Cross-Cultural Business Communication,Soft Skills,2024-07-24,98,Completed,800
EMP-15411,CRS-101,Advanced SQL & Performance Tuning,Tech,2024-09-12,76,Completed,1500
EMP-15411,CRS-102,Python for Data Engineering,Tech,2026-04-14,85,Completed,2500
EMP-15411,CRS-202,Cross-Cultural Business Communication,Soft Skills,2026-01-04,80,Completed,800
EMP-10666,CRS-201,Agile Project Management,Leadership,2023-08-27,72,Completed,1200
EMP-10666,CRS-201,Agile Project Management,Leadership,2023-09-16,92,Completed,1200
EMP-11287,CRS-202,Cross-Cultural Business Communication,Soft Skills,2024-09-06,70,Completed,800
EMP-11287,CRS-202,Cross-Cultural Business Communication,Soft Skills,2024-09-27,98,Completed,800
EMP-11287,CRS-201,Agile Project Management,Leadership,2025-06-25,88,Completed,1200
EMP-11965,CRS-201,Agile Project Management,Leadership,2024-05-30,89,Completed,1200
EMP-11965,CRS-101,Advanced SQL & Performance Tuning,Tech,2023-12-28,86,Completed,1500
EMP-11424,CRS-301,Cloud Security & Compliance,Compliance,2024-09-05,97,Completed,3000
EMP-14522,CRS-301,Cloud Security & Compliance,Compliance,2026-02-23,79,Completed,3000
EMP-10615,CRS-302,Modern Data Stack Architecture,Tech,2024-01-09,70,Completed,4000
EMP-10615,CRS-302,Modern Data Stack Architecture,Tech,2024-02-24,90,Completed,4000
EMP-11283,CRS-102,Python for Data Engineering,Tech,2023-05-15,91,Completed,2500
EMP-10022,CRS-201,Agile Project Management,Leadership,2024-01-10,56,Failed,0
EMP-10022,CRS-201,Agile Project Management,Leadership,2024-02-07,81,Completed,1200
EMP-10022,CRS-103,Power BI DAX Masterclass,Tech,2024-09-21,79,Completed,2000
EMP-10022,CRS-202,Cross-Cultural Business Communication,Soft Skills,2025-12-22,73,Completed,800
EMP-10022,CRS-202,Cross-Cultural Business Communication,Soft Skills,2026-02-13,81,Completed,800
EMP-13347,CRS-102,Python for Data Engineering,Tech,2023-11-17,94,Completed,2500
EMP-13347,CRS-103,Power BI DAX Masterclass,Tech,2023-12-18,89,Completed,2000
EMP-15947,CRS-202,Cross-Cultural Business Communication,Soft Skills,2025-08-28,95,Completed,800
EMP-15648,CRS-102,Python for Data Engineering,Tech,2025-08-24,59,Failed,0
EMP-15648,CRS-102,Python for Data Engineering,Tech,2025-09-28,98,Completed,2500
EMP-15648,CRS-103,Power BI DAX Masterclass,Tech,2024-12-25,84,Completed,2000
EMP-14865,CRS-302,Modern Data Stack Architecture,Tech,2023-01-12,71,Completed,4000
EMP-14865,CRS-302,Modern Data Stack Architecture,Tech,2023-02-17,95,Completed,4000
EMP-14865,CRS-201,Agile Project Management,Leadership,2023-10-14,94,Completed,1200
EMP-13850,CRS-102,Python for Data Engineering,Tech,2024-08-26,70,Completed,2500
EMP-13850,CRS-102,Python for Data Engineering,Tech,2024-10-03,85,Completed,2500
EMP-13850,CRS-302,Modern Data Stack Architecture,Tech,2026-02-16,93,Completed,4000
EMP-13850,CRS-103,Power BI DAX Masterclass,Tech,2024-03-16,86,Completed,2000
EMP-12386,CRS-101,Advanced SQL & Performance Tuning,Tech,2024-05-12,80,Completed,1500
EMP-10268,CRS-202,Cross-Cultural Business Communication,Soft Skills,2025-03-09,77,Completed,800
EMP-10268,CRS-201,Agile Project Management,Leadership,2026-05-27,68,Failed,0
EMP-10268,CRS-101,Advanced SQL & Performance Tuning,Tech,2024-12-02,87,Completed,1500
EMP-11897,CRS-101,Advanced SQL & Performance Tuning,Tech,2023-06-01,94,Completed,1500
EMP-11897,CRS-201,Agile Project Management,Leadership,2023-11-07,88,Completed,1200
EMP-11897,CRS-102,Python for Data Engineering,Tech,2024-02-14,72,Completed,2500
EMP-11897,CRS-102,Python for Data Engineering,Tech,2024-03-19,93,Completed,2500
EMP-12361,CRS-301,Cloud Security & Compliance,Compliance,2026-02-14,96,Completed,3000
EMP-12361,CRS-103,Power BI DAX Masterclass,Tech,2023-02-14,94,Completed,2000
EMP-15792,CRS-301,Cloud Security & Compliance,Compliance,2025-01-09,93,Completed,3000
EMP-15792,CRS-302,Modern Data Stack Architecture,Tech,2024-01-13,84,Completed,4000
EMP-15792,CRS-103,Power BI DAX Masterclass,Tech,2025-01-11,76,Completed,2000
EMP-12317,CRS-103,Power BI DAX Masterclass,Tech,2023-02-17,73,Completed,2000
EMP-12317,CRS-103,Power BI DAX Masterclass,Tech,2023-03-30,87,Completed,2000
EMP-12317,CRS-202,Cross-Cultural Business Communication,Soft Skills,2025-09-23,96,Completed,800
EMP-15759,CRS-202,Cross-Cultural Business Communication,Soft Skills,2026-03-04,71,Completed,800
EMP-15759,CRS-202,Cross-Cultural Business Communication,Soft Skills,2026-04-07,100,Completed,800
EMP-15759,CRS-103,Power BI DAX Masterclass,Tech,2026-01-08,79,Completed,2000
EMP-15759,CRS-101,Advanced SQL & Performance Tuning,Tech,2023-05-18,52,Failed,0
EMP-15759,CRS-101,Advanced SQL & Performance Tuning,Tech,2023-07-06,99,Completed,1500
EMP-13720,CRS-102,Python for Data Engineering,Tech,2025-11-17,88,Completed,2500
EMP-10584,CRS-102,Python for Data Engineering,Tech,2025-06-01,84,Completed,2500
EMP-10584,CRS-101,Advanced SQL & Performance Tuning,Tech,2023-11-08,72,Completed,1500
EMP-10584,CRS-101,Advanced SQL & Performance Tuning,Tech,2023-12-28,85,Completed,1500
EMP-16534,CRS-302,Modern Data Stack Architecture,Tech,2025-06-04,82,Completed,4000
EMP-11913,CRS-302,Modern Data Stack Architecture,Tech,2025-03-09,70,Completed,4000
EMP-11913,CRS-302,Modern Data Stack Architecture,Tech,2025-04-19,79,Completed,4000
EMP-16211,CRS-102,Python for Data Engineering,Tech,2026-04-11,87,Completed,2500
EMP-15121,CRS-302,Modern Data Stack Architecture,Tech,2024-12-27,74,Completed,4000
EMP-15121,CRS-302,Modern Data Stack Architecture,Tech,2025-01-19,81,Completed,4000
EMP-15121,CRS-202,Cross-Cultural Business Communication,Soft Skills,2024-09-23,55,Failed,0
EMP-15121,CRS-202,Cross-Cultural Business Communication,Soft Skills,2024-11-14,76,Completed,800
EMP-14832,CRS-202,Cross-Cultural Business Communication,Soft Skills,2023-05-22,97,Completed,800
EMP-14832,CRS-103,Power BI DAX Masterclass,Tech,2024-04-16,76,Completed,2000
EMP-15417,CRS-103,Power BI DAX Masterclass,Tech,2024-04-22,94,Completed,2000
EMP-11621,CRS-201,Agile Project Management,Leadership,2023-09-10,70,Completed,1200
EMP-11621,CRS-201,Agile Project Management,Leadership,2023-10-07,87,Completed,1200
EMP-16310,CRS-201,Agile Project Management,Leadership,2025-03-28,76,Completed,1200
EMP-10941,CRS-101,Advanced SQL & Performance Tuning,Tech,2023-12-25,99,Completed,1500
EMP-10941,CRS-302,Modern Data Stack Architecture,Tech,2025-11-23,75,Completed,4000
EMP-14462,CRS-201,Agile Project Management,Leadership,2026-05-23,93,Completed,1200
EMP-11842,CRS-102,Python for Data Engineering,Tech,2023-07-05,81,Completed,2500
EMP-15306,CRS-201,Agile Project Management,Leadership,2023-01-15,95,Completed,1200
EMP-15306,CRS-101,Advanced SQL & Performance Tuning,Tech,2023-07-24,81,Completed,1500
EMP-11221,CRS-201,Agile Project Management,Leadership,2024-04-14,90,Completed,1200
EMP-11221,CRS-301,Cloud Security & Compliance,Compliance,2025-03-09,70,Completed,3000
EMP-11221,CRS-301,Cloud Security & Compliance,Compliance,2025-04-09,98,Completed,3000
EMP-11221,CRS-103,Power BI DAX Masterclass,Tech,2024-10-24,74,Completed,2000
EMP-11221,CRS-103,Power BI DAX Masterclass,Tech,2024-11-18,93,Completed,2000
EMP-12177,CRS-202,Cross-Cultural Business Communication,Soft Skills,2023-11-15,92,Completed,800
EMP-11166,CRS-202,Cross-Cultural Business Communication,Soft Skills,2024-03-05,81,Completed,800
EMP-16902,CRS-201,Agile Project Management,Leadership,2025-11-28,93,Completed,1200
EMP-16902,CRS-102,Python for Data Engineering,Tech,2024-01-07,98,Completed,2500
EMP-16902,CRS-301,Cloud Security & Compliance,Compliance,2023-11-29,85,Completed,3000
EMP-10489,CRS-103,Power BI DAX Masterclass,Tech,2024-06-27,69,Failed,0
EMP-10489,CRS-103,Power BI DAX Masterclass,Tech,2024-07-12,85,Completed,2000
EMP-11360,CRS-201,Agile Project Management,Leadership,2023-03-12,99,Completed,1200
EMP-16781,CRS-302,Modern Data Stack Architecture,Tech,2025-12-11,55,Failed,0
EMP-16781,CRS-302,Modern Data Stack Architecture,Tech,2026-01-16,82,Completed,4000
EMP-16781,CRS-202,Cross-Cultural Business Communication,Soft Skills,2023-07-08,63,Failed,0
EMP-16781,CRS-202,Cross-Cultural Business Communication,Soft Skills,2023-08-21,89,Completed,800
EMP-16613,CRS-302,Modern Data Stack Architecture,Tech,2026-05-20,79,Completed,4000
EMP-16613,CRS-202,Cross-Cultural Business Communication,Soft Skills,2024-06-10,80,Completed,800
EMP-16613,CRS-201,Agile Project Management,Leadership,2025-01-18,91,Completed,1200
EMP-16613,CRS-102,Python for Data Engineering,Tech,2025-09-05,93,Completed,2500
EMP-16373,CRS-102,Python for Data Engineering,Tech,2025-11-20,95,Completed,2500
EMP-16373,CRS-302,Modern Data Stack Architecture,Tech,2024-04-06,52,Failed,0
EMP-16373,CRS-302,Modern Data Stack Architecture,Tech,2024-05-15,84,Completed,4000
EMP-12365,CRS-101,Advanced SQL & Performance Tuning,Tech,2024-05-28,93,Completed,1500
EMP-12365,CRS-102,Python for Data Engineering,Tech,2024-11-04,91,Completed,2500
EMP-12365,CRS-301,Cloud Security & Compliance,Compliance,2025-11-24,98,Completed,3000
EMP-13598,CRS-103,Power BI DAX Masterclass,Tech,2023-10-25,93,Completed,2000
EMP-13598,CRS-201,Agile Project Management,Leadership,2023-03-12,62,Failed,0
EMP-13598,CRS-201,Agile Project Management,Leadership,2023-04-07,80,Completed,1200
EMP-13598,CRS-302,Modern Data Stack Architecture,Tech,2023-01-30,54,Failed,0
EMP-13598,CRS-302,Modern Data Stack Architecture,Tech,2023-02-28,80,Completed,4000
EMP-11019,CRS-101,Advanced SQL & Performance Tuning,Tech,2026-03-17,85,Completed,1500
EMP-13840,CRS-302,Modern Data Stack Architecture,Tech,2026-03-28,84,Completed,4000
EMP-15642,CRS-103,Power BI DAX Masterclass,Tech,2026-01-22,73,Completed,2000
EMP-15642,CRS-103,Power BI DAX Masterclass,Tech,2026-03-18,99,Completed,2000
EMP-12492,CRS-103,Power BI DAX Masterclass,Tech,2024-01-17,80,Completed,2000
EMP-12492,CRS-302,Modern Data Stack Architecture,Tech,2025-09-25,84,Completed,4000
EMP-15733,CRS-103,Power BI DAX Masterclass,Tech,2024-06-22,95,Completed,2000
EMP-15733,CRS-202,Cross-Cultural Business Communication,Soft Skills,2023-02-22,67,Failed,0
EMP-15733,CRS-202,Cross-Cultural Business Communication,Soft Skills,2023-04-06,78,Completed,800
EMP-13298,CRS-301,Cloud Security & Compliance,Compliance,2024-08-28,97,Completed,3000
EMP-12231,CRS-202,Cross-Cultural Business Communication,Soft Skills,2023-06-19,75,Completed,800
EMP-14100,CRS-202,Cross-Cultural Business Communication,Soft Skills,2024-03-30,76,Completed,800
EMP-14100,CRS-102,Python for Data Engineering,Tech,2024-12-25,89,Completed,2500
EMP-14100,CRS-301,Cloud Security & Compliance,Compliance,2026-02-26,66,Failed,0
EMP-14100,CRS-301,Cloud Security & Compliance,Compliance,2026-04-15,86,Completed,3000
EMP-14424,CRS-301,Cloud Security & Compliance,Compliance,2023-12-08,61,Failed,0
EMP-14424,CRS-301,Cloud Security & Compliance,Compliance,2024-01-01,95,Completed,3000
EMP-14424,CRS-202,Cross-Cultural Business Communication,Soft Skills,2024-04-08,87,Completed,800
EMP-14046,CRS-302,Modern Data Stack Architecture,Tech,2024-07-24,100,Completed,4000
EMP-14046,CRS-102,Python for Data Engineering,Tech,2025-03-31,82,Completed,2500
EMP-13587,CRS-201,Agile Project Management,Leadership,2024-09-06,72,Completed,1200
EMP-13587,CRS-201,Agile Project Management,Leadership,2024-10-25,96,Completed,1200
EMP-13587,CRS-302,Modern Data Stack Architecture,Tech,2024-09-30,99,Completed,4000
EMP-13587,CRS-103,Power BI DAX Masterclass,Tech,2026-05-01,71,Completed,2000
EMP-13587,CRS-103,Power BI DAX Masterclass,Tech,2026-05-23,79,Completed,2000
EMP-13587,CRS-102,Python for Data Engineering,Tech,2025-09-11,94,Completed,2500
EMP-10659,CRS-102,Python for Data Engineering,Tech,2025-03-11,76,Completed,2500
EMP-10659,CRS-201,Agile Project Management,Leadership,2024-12-18,77,Completed,1200
EMP-10659,CRS-302,Modern Data Stack Architecture,Tech,2024-07-19,98,Completed,4000
EMP-10659,CRS-301,Cloud Security & Compliance,Compliance,2026-04-14,76,Completed,3000
EMP-14900,CRS-302,Modern Data Stack Architecture,Tech,2023-01-23,86,Completed,4000
EMP-14900,CRS-103,Power BI DAX Masterclass,Tech,2023-07-30,85,Completed,2000
EMP-16493,CRS-302,Modern Data Stack Architecture,Tech,2023-09-13,93,Completed,4000
EMP-13540,CRS-302,Modern Data Stack Architecture,Tech,2024-11-30,100,Completed,4000
EMP-16087,CRS-103,Power BI DAX Masterclass,Tech,2023-08-20,83,Completed,2000
EMP-16945,CRS-301,Cloud Security & Compliance,Compliance,2024-04-05,66,Failed,0
EMP-16945,CRS-301,Cloud Security & Compliance,Compliance,2024-06-04,94,Completed,3000
EMP-16945,CRS-201,Agile Project Management,Leadership,2026-05-11,77,Completed,1200
EMP-16945,CRS-103,Power BI DAX Masterclass,Tech,2025-10-09,63,Failed,0
EMP-16945,CRS-103,Power BI DAX Masterclass,Tech,2025-10-29,99,Completed,2000
EMP-12052,CRS-301,Cloud Security & Compliance,Compliance,2024-07-18,90,Completed,3000
EMP-10212,CRS-302,Modern Data Stack Architecture,Tech,2024-05-29,61,Failed,0
EMP-10212,CRS-302,Modern Data Stack Architecture,Tech,2024-07-27,100,Completed,4000
EMP-10749,CRS-202,Cross-Cultural Business Communication,Soft Skills,2025-10-10,88,Completed,800
EMP-16726,CRS-302,Modern Data Stack Architecture,Tech,2025-09-26,89,Completed,4000
EMP-15524,CRS-202,Cross-Cultural Business Communication,Soft Skills,2025-02-22,51,Failed,0
EMP-15524,CRS-202,Cross-Cultural Business Communication,Soft Skills,2025-04-18,78,Completed,800
EMP-14713,CRS-101,Advanced SQL & Performance Tuning,Tech,2025-01-08,91,Completed,1500
EMP-14713,CRS-102,Python for Data Engineering,Tech,2026-05-21,96,Completed,2500
EMP-14810,CRS-103,Power BI DAX Masterclass,Tech,2025-06-20,88,Completed,2000
EMP-14810,CRS-301,Cloud Security & Compliance,Compliance,2023-03-18,96,Completed,3000
EMP-10170,CRS-201,Agile Project Management,Leadership,2023-02-22,88,Completed,1200
EMP-10170,CRS-301,Cloud Security & Compliance,Compliance,2024-11-04,79,Completed,3000
EMP-15508,CRS-301,Cloud Security & Compliance,Compliance,2025-01-04,81,Completed,3000
EMP-15508,CRS-201,Agile Project Management,Leadership,2024-05-24,84,Completed,1200
EMP-15508,CRS-103,Power BI DAX Masterclass,Tech,2024-10-26,92,Completed,2000
EMP-12208,CRS-302,Modern Data Stack Architecture,Tech,2023-11-25,87,Completed,4000
EMP-16711,CRS-103,Power BI DAX Masterclass,Tech,2025-04-01,94,Completed,2000
EMP-16711,CRS-301,Cloud Security & Compliance,Compliance,2025-10-20,80,Completed,3000
EMP-16169,CRS-302,Modern Data Stack Architecture,Tech,2024-10-10,73,Completed,4000
EMP-16169,CRS-302,Modern Data Stack Architecture,Tech,2024-10-29,95,Completed,4000
EMP-16169,CRS-102,Python for Data Engineering,Tech,2025-04-11,89,Completed,2500
EMP-11436,CRS-201,Agile Project Management,Leadership,2024-02-19,97,Completed,1200
EMP-13855,CRS-302,Modern Data Stack Architecture,Tech,2025-06-15,94,Completed,4000
EMP-14252,CRS-101,Advanced SQL & Performance Tuning,Tech,2023-08-17,88,Completed,1500
EMP-15338,CRS-301,Cloud Security & Compliance,Compliance,2024-08-29,87,Completed,3000
EMP-15338,CRS-202,Cross-Cultural Business Communication,Soft Skills,2023-06-05,56,Failed,0
EMP-15338,CRS-202,Cross-Cultural Business Communication,Soft Skills,2023-07-27,96,Completed,800
EMP-16358,CRS-103,Power BI DAX Masterclass,Tech,2023-10-26,87,Completed,2000
EMP-16966,CRS-201,Agile Project Management,Leadership,2023-08-01,89,Completed,1200
EMP-11487,CRS-102,Python for Data Engineering,Tech,2025-06-25,77,Completed,2500
EMP-14796,CRS-103,Power BI DAX Masterclass,Tech,2025-10-09,96,Completed,2000
EMP-14796,CRS-101,Advanced SQL & Performance Tuning,Tech,2024-03-24,98,Completed,1500
EMP-16219,CRS-102,Python for Data Engineering,Tech,2023-01-26,77,Completed,2500
EMP-16219,CRS-302,Modern Data Stack Architecture,Tech,2025-09-16,83,Completed,4000
EMP-15201,CRS-102,Python for Data Engineering,Tech,2026-03-24,93,Completed,2500
EMP-15201,CRS-201,Agile Project Management,Leadership,2025-01-15,83,Completed,1200
EMP-15201,CRS-302,Modern Data Stack Architecture,Tech,2024-04-25,87,Completed,4000
EMP-15201,CRS-301,Cloud Security & Compliance,Compliance,2023-10-03,97,Completed,3000
EMP-15968,CRS-302,Modern Data Stack Architecture,Tech,2026-03-31,73,Completed,4000
EMP-15968,CRS-302,Modern Data Stack Architecture,Tech,2026-05-16,97,Completed,4000
EMP-15968,CRS-202,Cross-Cultural Business Communication,Soft Skills,2025-09-01,67,Failed,0
EMP-15968,CRS-202,Cross-Cultural Business Communication,Soft Skills,2025-10-23,82,Completed,800
EMP-10748,CRS-301,Cloud Security & Compliance,Compliance,2026-02-08,84,Completed,3000
EMP-10748,CRS-302,Modern Data Stack Architecture,Tech,2023-04-19,89,Completed,4000
EMP-13851,CRS-101,Advanced SQL & Performance Tuning,Tech,2023-02-15,84,Completed,1500
EMP-13851,CRS-102,Python for Data Engineering,Tech,2023-04-28,85,Completed,2500
EMP-12851,CRS-301,Cloud Security & Compliance,Compliance,2024-12-26,100,Completed,3000
EMP-16388,CRS-301,Cloud Security & Compliance,Compliance,2026-05-09,83,Completed,3000
EMP-16388,CRS-101,Advanced SQL & Performance Tuning,Tech,2023-10-01,76,Completed,1500
EMP-12731,CRS-301,Cloud Security & Compliance,Compliance,2024-09-15,77,Completed,3000
EMP-12631,CRS-201,Agile Project Management,Leadership,2026-04-16,60,Failed,0
EMP-12631,CRS-102,Python for Data Engineering,Tech,2023-04-19,61,Failed,0
EMP-12631,CRS-102,Python for Data Engineering,Tech,2023-05-07,94,Completed,2500
EMP-12631,CRS-202,Cross-Cultural Business Communication,Soft Skills,2023-05-11,83,Completed,800
EMP-15490,CRS-102,Python for Data Engineering,Tech,2024-01-03,70,Completed,2500
EMP-15490,CRS-102,Python for Data Engineering,Tech,2024-02-17,98,Completed,2500
EMP-15490,CRS-202,Cross-Cultural Business Communication,Soft Skills,2023-09-02,60,Failed,0
EMP-15490,CRS-202,Cross-Cultural Business Communication,Soft Skills,2023-10-11,93,Completed,800
EMP-10857,CRS-301,Cloud Security & Compliance,Compliance,2025-04-14,92,Completed,3000
EMP-10857,CRS-201,Agile Project Management,Leadership,2024-12-04,73,Completed,1200
EMP-10857,CRS-201,Agile Project Management,Leadership,2024-12-29,97,Completed,1200
EMP-11318,CRS-103,Power BI DAX Masterclass,Tech,2025-10-20,75,Completed,2000
EMP-12702,CRS-103,Power BI DAX Masterclass,Tech,2023-06-17,84,Completed,2000
EMP-16470,CRS-101,Advanced SQL & Performance Tuning,Tech,2023-05-05,71,Completed,1500
EMP-16470,CRS-101,Advanced SQL & Performance Tuning,Tech,2023-05-25,80,Completed,1500
EMP-16470,CRS-202,Cross-Cultural Business Communication,Soft Skills,2023-01-04,66,Failed,0
EMP-16470,CRS-202,Cross-Cultural Business Communication,Soft Skills,2023-02-11,84,Completed,800
EMP-15683,CRS-202,Cross-Cultural Business Communication,Soft Skills,2026-02-27,61,Failed,0
EMP-15683,CRS-202,Cross-Cultural Business Communication,Soft Skills,2026-03-24,81,Completed,800
EMP-14059,CRS-201,Agile Project Management,Leadership,2026-01-01,56,Failed,0
EMP-14059,CRS-201,Agile Project Management,Leadership,2026-02-27,79,Completed,1200
EMP-14059,CRS-102,Python for Data Engineering,Tech,2026-05-13,88,Completed,2500
EMP-12362,CRS-302,Modern Data Stack Architecture,Tech,2023-12-30,74,Completed,4000
EMP-12362,CRS-302,Modern Data Stack Architecture,Tech,2024-02-10,75,Completed,4000
EMP-15428,CRS-202,Cross-Cultural Business Communication,Soft Skills,2024-09-30,73,Completed,800
EMP-15428,CRS-202,Cross-Cultural Business Communication,Soft Skills,2024-10-25,93,Completed,800
EMP-15428,CRS-101,Advanced SQL & Performance Tuning,Tech,2025-11-27,55,Failed,0
EMP-15428,CRS-101,Advanced SQL & Performance Tuning,Tech,2025-12-23,94,Completed,1500
EMP-13281,CRS-202,Cross-Cultural Business Communication,Soft Skills,2024-11-21,99,Completed,800
EMP-14507,CRS-302,Modern Data Stack Architecture,Tech,2026-02-09,80,Completed,4000
EMP-14507,CRS-201,Agile Project Management,Leadership,2023-10-17,100,Completed,1200
EMP-14507,CRS-101,Advanced SQL & Performance Tuning,Tech,2024-01-21,71,Completed,1500
EMP-14507,CRS-101,Advanced SQL & Performance Tuning,Tech,2024-03-05,100,Completed,1500
EMP-10301,CRS-301,Cloud Security & Compliance,Compliance,2023-07-22,72,Completed,3000
EMP-10301,CRS-301,Cloud Security & Compliance,Compliance,2023-08-25,91,Completed,3000
EMP-10301,CRS-302,Modern Data Stack Architecture,Tech,2026-02-27,92,Completed,4000
EMP-10301,CRS-202,Cross-Cultural Business Communication,Soft Skills,2025-03-18,90,Completed,800
EMP-13726,CRS-201,Agile Project Management,Leadership,2024-02-10,100,Completed,1200
EMP-10722,CRS-201,Agile Project Management,Leadership,2023-06-18,70,Completed,1200
EMP-10722,CRS-201,Agile Project Management,Leadership,2023-07-22,92,Completed,1200
EMP-12577,CRS-201,Agile Project Management,Leadership,2024-09-18,95,Completed,1200
EMP-12068,CRS-301,Cloud Security & Compliance,Compliance,2025-12-16,76,Completed,3000
EMP-12068,CRS-101,Advanced SQL & Performance Tuning,Tech,2024-09-20,93,Completed,1500
EMP-12649,CRS-301,Cloud Security & Compliance,Compliance,2023-04-09,67,Failed,0
EMP-12649,CRS-301,Cloud Security & Compliance,Compliance,2023-05-12,87,Completed,3000
EMP-12649,CRS-103,Power BI DAX Masterclass,Tech,2024-01-21,100,Completed,2000
EMP-10950,CRS-301,Cloud Security & Compliance,Compliance,2025-12-09,86,Completed,3000
EMP-10950,CRS-201,Agile Project Management,Leadership,2023-04-02,73,Completed,1200
EMP-10950,CRS-201,Agile Project Management,Leadership,2023-04-27,82,Completed,1200
EMP-10950,CRS-202,Cross-Cultural Business Communication,Soft Skills,2024-10-17,92,Completed,800
EMP-13312,CRS-301,Cloud Security & Compliance,Compliance,2023-02-01,99,Completed,3000
EMP-14216,CRS-101,Advanced SQL & Performance Tuning,Tech,2024-05-07,75,Completed,1500
EMP-14216,CRS-103,Power BI DAX Masterclass,Tech,2024-04-12,99,Completed,2000
EMP-14216,CRS-302,Modern Data Stack Architecture,Tech,2023-04-02,74,Completed,4000
EMP-14216,CRS-302,Modern Data Stack Architecture,Tech,2023-05-25,96,Completed,4000
EMP-10010,CRS-201,Agile Project Management,Leadership,2026-03-14,76,Completed,1200
EMP-15388,CRS-103,Power BI DAX Masterclass,Tech,2023-01-21,96,Completed,2000
EMP-15388,CRS-201,Agile Project Management,Leadership,2024-07-23,96,Completed,1200
EMP-14445,CRS-101,Advanced SQL & Performance Tuning,Tech,2025-03-20,92,Completed,1500
EMP-13785,CRS-301,Cloud Security & Compliance,Compliance,2024-04-01,52,Failed,0
EMP-13785,CRS-301,Cloud Security & Compliance,Compliance,2024-04-25,100,Completed,3000
EMP-13386,CRS-102,Python for Data Engineering,Tech,2026-01-04,75,Completed,2500
EMP-10445,CRS-301,Cloud Security & Compliance,Compliance,2025-03-26,87,Completed,3000
EMP-11537,CRS-103,Power BI DAX Masterclass,Tech,2025-03-19,56,Failed,0
EMP-11537,CRS-103,Power BI DAX Masterclass,Tech,2025-05-03,81,Completed,2000
EMP-11537,CRS-101,Advanced SQL & Performance Tuning,Tech,2023-09-18,71,Completed,1500
EMP-11537,CRS-101,Advanced SQL & Performance Tuning,Tech,2023-10-08,78,Completed,1500
EMP-11537,CRS-301,Cloud Security & Compliance,Compliance,2024-04-13,96,Completed,3000
EMP-14248,CRS-301,Cloud Security & Compliance,Compliance,2023-05-19,83,Completed,3000
EMP-12964,CRS-102,Python for Data Engineering,Tech,2025-06-24,69,Failed,0
EMP-12964,CRS-102,Python for Data Engineering,Tech,2025-08-09,99,Completed,2500
EMP-15101,CRS-302,Modern Data Stack Architecture,Tech,2026-03-10,100,Completed,4000
EMP-15101,CRS-102,Python for Data Engineering,Tech,2024-05-28,81,Completed,2500
EMP-15101,CRS-103,Power BI DAX Masterclass,Tech,2023-04-26,82,Completed,2000
EMP-15101,CRS-101,Advanced SQL & Performance Tuning,Tech,2024-08-20,72,Completed,1500
EMP-15101,CRS-101,Advanced SQL & Performance Tuning,Tech,2024-10-13,81,Completed,1500
EMP-14084,CRS-301,Cloud Security & Compliance,Compliance,2025-06-17,97,Completed,3000
EMP-15124,CRS-202,Cross-Cultural Business Communication,Soft Skills,2026-02-14,74,Completed,800
EMP-15124,CRS-202,Cross-Cultural Business Communication,Soft Skills,2026-03-20,76,Completed,800
EMP-15124,CRS-302,Modern Data Stack Architecture,Tech,2023-08-17,83,Completed,4000
EMP-15124,CRS-103,Power BI DAX Masterclass,Tech,2023-02-05,93,Completed,2000
EMP-13622,CRS-103,Power BI DAX Masterclass,Tech,2023-08-01,70,Completed,2000
EMP-13622,CRS-103,Power BI DAX Masterclass,Tech,2023-09-20,76,Completed,2000
EMP-13622,CRS-101,Advanced SQL & Performance Tuning,Tech,2025-03-04,73,Completed,1500
EMP-13622,CRS-101,Advanced SQL & Performance Tuning,Tech,2025-04-27,76,Completed,1500
EMP-13622,CRS-102,Python for Data Engineering,Tech,2026-02-28,67,Failed,0
EMP-13622,CRS-102,Python for Data Engineering,Tech,2026-04-13,93,Completed,2500
EMP-10423,CRS-103,Power BI DAX Masterclass,Tech,2025-03-03,99,Completed,2000
EMP-10423,CRS-301,Cloud Security & Compliance,Compliance,2025-10-01,78,Completed,3000
EMP-16535,CRS-201,Agile Project Management,Leadership,2026-01-03,61,Failed,0
EMP-16535,CRS-201,Agile Project Management,Leadership,2026-02-26,98,Completed,1200
EMP-16535,CRS-302,Modern Data Stack Architecture,Tech,2023-12-24,78,Completed,4000
EMP-16535,CRS-102,Python for Data Engineering,Tech,2025-01-23,83,Completed,2500
EMP-16535,CRS-301,Cloud Security & Compliance,Compliance,2023-10-22,84,Completed,3000
EMP-16906,CRS-302,Modern Data Stack Architecture,Tech,2023-09-14,76,Completed,4000
EMP-16906,CRS-102,Python for Data Engineering,Tech,2025-05-12,84,Completed,2500
EMP-16906,CRS-201,Agile Project Management,Leadership,2025-06-28,84,Completed,1200
EMP-14500,CRS-201,Agile Project Management,Leadership,2023-09-30,76,Completed,1200
EMP-11074,CRS-202,Cross-Cultural Business Communication,Soft Skills,2025-01-14,87,Completed,800
EMP-11074,CRS-102,Python for Data Engineering,Tech,2025-04-16,90,Completed,2500
EMP-12360,CRS-201,Agile Project Management,Leadership,2023-08-11,90,Completed,1200
EMP-16561,CRS-302,Modern Data Stack Architecture,Tech,2023-04-15,76,Completed,4000
EMP-16561,CRS-202,Cross-Cultural Business Communication,Soft Skills,2023-11-17,99,Completed,800
EMP-16561,CRS-201,Agile Project Management,Leadership,2024-01-05,70,Completed,1200
EMP-16561,CRS-201,Agile Project Management,Leadership,2024-02-12,93,Completed,1200
EMP-15721,CRS-103,Power BI DAX Masterclass,Tech,2026-02-27,90,Completed,2000
EMP-15721,CRS-301,Cloud Security & Compliance,Compliance,2024-02-10,83,Completed,3000
EMP-13971,CRS-301,Cloud Security & Compliance,Compliance,2023-09-25,80,Completed,3000
EMP-16301,CRS-202,Cross-Cultural Business Communication,Soft Skills,2023-03-14,53,Failed,0
EMP-16301,CRS-202,Cross-Cultural Business Communication,Soft Skills,2023-03-29,75,Completed,800
EMP-16301,CRS-301,Cloud Security & Compliance,Compliance,2023-04-19,60,Failed,0
EMP-16301,CRS-301,Cloud Security & Compliance,Compliance,2023-05-25,81,Completed,3000
EMP-10237,CRS-102,Python for Data Engineering,Tech,2023-05-16,89,Completed,2500
EMP-10237,CRS-103,Power BI DAX Masterclass,Tech,2026-04-09,85,Completed,2000
EMP-15162,CRS-103,Power BI DAX Masterclass,Tech,2023-07-27,75,Completed,2000
EMP-14988,CRS-201,Agile Project Management,Leadership,2023-08-31,99,Completed,1200
EMP-11961,CRS-202,Cross-Cultural Business Communication,Soft Skills,2025-08-19,92,Completed,800
EMP-11298,CRS-101,Advanced SQL & Performance Tuning,Tech,2023-10-28,73,Completed,1500
EMP-11298,CRS-101,Advanced SQL & Performance Tuning,Tech,2023-11-19,87,Completed,1500
EMP-12546,CRS-201,Agile Project Management,Leadership,2023-12-16,88,Completed,1200
EMP-14513,CRS-201,Agile Project Management,Leadership,2024-01-08,64,Failed,0
EMP-14513,CRS-201,Agile Project Management,Leadership,2024-02-22,96,Completed,1200
EMP-14513,CRS-202,Cross-Cultural Business Communication,Soft Skills,2026-03-06,98,Completed,800
EMP-14513,CRS-301,Cloud Security & Compliance,Compliance,2023-06-24,72,Completed,3000
EMP-14513,CRS-301,Cloud Security & Compliance,Compliance,2023-08-16,84,Completed,3000
EMP-10113,CRS-102,Python for Data Engineering,Tech,2024-02-08,79,Completed,2500
EMP-10113,CRS-101,Advanced SQL & Performance Tuning,Tech,2023-06-20,89,Completed,1500
EMP-14525,CRS-202,Cross-Cultural Business Communication,Soft Skills,2026-04-23,75,Completed,800
EMP-13343,CRS-202,Cross-Cultural Business Communication,Soft Skills,2024-07-27,98,Completed,800
EMP-10764,CRS-102,Python for Data Engineering,Tech,2023-04-17,92,Completed,2500
EMP-16338,CRS-201,Agile Project Management,Leadership,2024-11-22,78,Completed,1200
EMP-10930,CRS-201,Agile Project Management,Leadership,2023-06-14,60,Failed,0
EMP-10930,CRS-201,Agile Project Management,Leadership,2023-08-06,75,Completed,1200
EMP-10930,CRS-301,Cloud Security & Compliance,Compliance,2026-03-20,79,Completed,3000
EMP-13781,CRS-201,Agile Project Management,Leadership,2024-07-07,80,Completed,1200
EMP-13781,CRS-302,Modern Data Stack Architecture,Tech,2025-11-15,83,Completed,4000
EMP-13781,CRS-101,Advanced SQL & Performance Tuning,Tech,2023-09-29,93,Completed,1500
EMP-10963,CRS-103,Power BI DAX Masterclass,Tech,2024-06-30,99,Completed,2000
EMP-15307,CRS-302,Modern Data Stack Architecture,Tech,2024-10-14,66,Failed,0
EMP-15307,CRS-302,Modern Data Stack Architecture,Tech,2024-11-05,100,Completed,4000
EMP-15307,CRS-301,Cloud Security & Compliance,Compliance,2023-08-08,72,Completed,3000
EMP-15307,CRS-301,Cloud Security & Compliance,Compliance,2023-08-26,79,Completed,3000
EMP-11262,CRS-102,Python for Data Engineering,Tech,2023-06-04,50,Failed,0
EMP-11262,CRS-102,Python for Data Engineering,Tech,2023-07-09,94,Completed,2500
EMP-11262,CRS-101,Advanced SQL & Performance Tuning,Tech,2023-05-25,88,Completed,1500
EMP-14083,CRS-201,Agile Project Management,Leadership,2023-08-05,69,Failed,0
EMP-14083,CRS-201,Agile Project Management,Leadership,2023-08-27,81,Completed,1200
EMP-14083,CRS-301,Cloud Security & Compliance,Compliance,2023-06-16,72,Completed,3000
EMP-14083,CRS-301,Cloud Security & Compliance,Compliance,2023-07-05,75,Completed,3000
EMP-14083,CRS-103,Power BI DAX Masterclass,Tech,2025-06-05,57,Failed,0
EMP-14083,CRS-103,Power BI DAX Masterclass,Tech,2025-06-24,87,Completed,2000
EMP-12391,CRS-202,Cross-Cultural Business Communication,Soft Skills,2024-01-30,96,Completed,800
EMP-14169,CRS-202,Cross-Cultural Business Communication,Soft Skills,2024-08-12,97,Completed,800
EMP-14169,CRS-301,Cloud Security & Compliance,Compliance,2025-06-25,55,Failed,0
EMP-14169,CRS-301,Cloud Security & Compliance,Compliance,2025-07-20,81,Completed,3000
EMP-14169,CRS-102,Python for Data Engineering,Tech,2024-06-23,98,Completed,2500
EMP-14169,CRS-201,Agile Project Management,Leadership,2024-01-23,92,Completed,1200
EMP-12240,CRS-302,Modern Data Stack Architecture,Tech,2024-10-20,75,Completed,4000
EMP-13404,CRS-103,Power BI DAX Masterclass,Tech,2025-11-03,76,Completed,2000
EMP-13404,CRS-202,Cross-Cultural Business Communication,Soft Skills,2024-12-07,57,Failed,0
EMP-13404,CRS-202,Cross-Cultural Business Communication,Soft Skills,2025-02-02,83,Completed,800
EMP-13404,CRS-201,Agile Project Management,Leadership,2024-07-30,55,Failed,0
EMP-13404,CRS-201,Agile Project Management,Leadership,2024-09-13,86,Completed,1200
EMP-13953,CRS-101,Advanced SQL & Performance Tuning,Tech,2023-06-13,70,Completed,1500
EMP-13953,CRS-101,Advanced SQL & Performance Tuning,Tech,2023-08-09,77,Completed,1500
EMP-13953,CRS-202,Cross-Cultural Business Communication,Soft Skills,2024-10-14,94,Completed,800
EMP-13953,CRS-201,Agile Project Management,Leadership,2025-01-10,91,Completed,1200
EMP-13869,CRS-301,Cloud Security & Compliance,Compliance,2025-07-12,93,Completed,3000
EMP-13869,CRS-103,Power BI DAX Masterclass,Tech,2025-01-28,79,Completed,2000
EMP-11997,CRS-301,Cloud Security & Compliance,Compliance,2024-01-25,88,Completed,3000
EMP-13742,CRS-201,Agile Project Management,Leadership,2025-08-03,99,Completed,1200
EMP-13742,CRS-302,Modern Data Stack Architecture,Tech,2025-04-05,97,Completed,4000
EMP-14516,CRS-102,Python for Data Engineering,Tech,2025-02-28,63,Failed,0
EMP-14516,CRS-102,Python for Data Engineering,Tech,2025-03-22,100,Completed,2500
EMP-11185,CRS-302,Modern Data Stack Architecture,Tech,2023-11-02,62,Failed,0
EMP-11185,CRS-302,Modern Data Stack Architecture,Tech,2023-12-28,80,Completed,4000
EMP-13143,CRS-102,Python for Data Engineering,Tech,2024-03-20,70,Completed,2500
EMP-13143,CRS-102,Python for Data Engineering,Tech,2024-04-12,83,Completed,2500
EMP-11562,CRS-101,Advanced SQL & Performance Tuning,Tech,2025-10-15,75,Completed,1500
EMP-14911,CRS-202,Cross-Cultural Business Communication,Soft Skills,2025-09-23,93,Completed,800
EMP-14911,CRS-103,Power BI DAX Masterclass,Tech,2025-06-10,85,Completed,2000
EMP-14911,CRS-102,Python for Data Engineering,Tech,2023-05-03,61,Failed,0
EMP-14911,CRS-102,Python for Data Engineering,Tech,2023-06-06,97,Completed,2500
EMP-14911,CRS-302,Modern Data Stack Architecture,Tech,2025-09-03,69,Failed,0
EMP-14911,CRS-302,Modern Data Stack Architecture,Tech,2025-10-20,90,Completed,4000
EMP-14164,CRS-201,Agile Project Management,Leadership,2024-09-22,80,Completed,1200
EMP-14164,CRS-302,Modern Data Stack Architecture,Tech,2025-05-28,73,Completed,4000
EMP-14164,CRS-302,Modern Data Stack Architecture,Tech,2025-07-14,84,Completed,4000
EMP-14164,CRS-101,Advanced SQL & Performance Tuning,Tech,2024-11-29,95,Completed,1500
EMP-11119,CRS-202,Cross-Cultural Business Communication,Soft Skills,2025-08-27,70,Completed,800
EMP-11119,CRS-202,Cross-Cultural Business Communication,Soft Skills,2025-10-06,82,Completed,800
EMP-10572,CRS-103,Power BI DAX Masterclass,Tech,2024-04-23,90,Completed,2000
EMP-16063,CRS-302,Modern Data Stack Architecture,Tech,2026-03-28,92,Completed,4000
EMP-16063,CRS-103,Power BI DAX Masterclass,Tech,2023-09-18,95,Completed,2000
EMP-16063,CRS-202,Cross-Cultural Business Communication,Soft Skills,2024-04-13,89,Completed,800
EMP-16063,CRS-301,Cloud Security & Compliance,Compliance,2024-05-25,88,Completed,3000
EMP-13400,CRS-202,Cross-Cultural Business Communication,Soft Skills,2023-07-15,62,Failed,0
EMP-13400,CRS-202,Cross-Cultural Business Communication,Soft Skills,2023-08-18,77,Completed,800
EMP-12785,CRS-201,Agile Project Management,Leadership,2024-06-28,84,Completed,1200
EMP-12785,CRS-202,Cross-Cultural Business Communication,Soft Skills,2024-01-31,58,Failed,0
EMP-12785,CRS-202,Cross-Cultural Business Communication,Soft Skills,2024-02-17,90,Completed,800
EMP-14160,CRS-301,Cloud Security & Compliance,Compliance,2023-01-07,81,Completed,3000
EMP-12189,CRS-102,Python for Data Engineering,Tech,2024-07-12,85,Completed,2500
EMP-15924,CRS-202,Cross-Cultural Business Communication,Soft Skills,2024-01-21,69,Failed,0
EMP-15924,CRS-202,Cross-Cultural Business Communication,Soft Skills,2024-03-21,76,Completed,800
EMP-15924,CRS-102,Python for Data Engineering,Tech,2024-02-04,95,Completed,2500
EMP-12318,CRS-201,Agile Project Management,Leadership,2025-05-16,79,Completed,1200
EMP-12446,CRS-101,Advanced SQL & Performance Tuning,Tech,2023-03-01,72,Completed,1500
EMP-12446,CRS-101,Advanced SQL & Performance Tuning,Tech,2023-03-24,89,Completed,1500
EMP-14809,CRS-202,Cross-Cultural Business Communication,Soft Skills,2026-05-01,94,Completed,800
EMP-14809,CRS-102,Python for Data Engineering,Tech,2024-07-14,78,Completed,2500
EMP-14751,CRS-103,Power BI DAX Masterclass,Tech,2026-04-16,80,Completed,2000
EMP-14751,CRS-102,Python for Data Engineering,Tech,2023-09-11,97,Completed,2500
EMP-16450,CRS-102,Python for Data Engineering,Tech,2024-10-07,62,Failed,0
EMP-16450,CRS-102,Python for Data Engineering,Tech,2024-11-17,95,Completed,2500
EMP-14012,CRS-102,Python for Data Engineering,Tech,2024-10-30,96,Completed,2500
EMP-11218,CRS-103,Power BI DAX Masterclass,Tech,2026-03-10,98,Completed,2000
EMP-11218,CRS-202,Cross-Cultural Business Communication,Soft Skills,2023-09-28,72,Completed,800
EMP-11218,CRS-202,Cross-Cultural Business Communication,Soft Skills,2023-10-20,79,Completed,800
EMP-13659,CRS-102,Python for Data Engineering,Tech,2024-04-26,94,Completed,2500
EMP-14413,CRS-101,Advanced SQL & Performance Tuning,Tech,2025-04-25,60,Failed,0
EMP-14413,CRS-101,Advanced SQL & Performance Tuning,Tech,2025-06-03,92,Completed,1500
EMP-13968,CRS-201,Agile Project Management,Leadership,2025-03-21,87,Completed,1200
EMP-12828,CRS-201,Agile Project Management,Leadership,2024-06-18,57,Failed,0
EMP-12828,CRS-201,Agile Project Management,Leadership,2024-08-14,92,Completed,1200
EMP-12828,CRS-102,Python for Data Engineering,Tech,2023-02-19,90,Completed,2500
EMP-12828,CRS-101,Advanced SQL & Performance Tuning,Tech,2024-04-06,65,Failed,0
EMP-12828,CRS-101,Advanced SQL & Performance Tuning,Tech,2024-05-04,79,Completed,1500
EMP-12724,CRS-102,Python for Data Engineering,Tech,2025-03-04,70,Completed,2500
EMP-12724,CRS-102,Python for Data Engineering,Tech,2025-04-05,90,Completed,2500
EMP-12724,CRS-202,Cross-Cultural Business Communication,Soft Skills,2023-02-18,63,Failed,0
EMP-12724,CRS-202,Cross-Cultural Business Communication,Soft Skills,2023-03-16,93,Completed,800
EMP-12724,CRS-103,Power BI DAX Masterclass,Tech,2023-03-15,77,Completed,2000
EMP-12724,CRS-301,Cloud Security & Compliance,Compliance,2023-01-15,61,Failed,0
EMP-12724,CRS-301,Cloud Security & Compliance,Compliance,2023-02-21,91,Completed,3000
EMP-15927,CRS-102,Python for Data Engineering,Tech,2023-11-08,70,Completed,2500
EMP-15927,CRS-102,Python for Data Engineering,Tech,2023-12-31,84,Completed,2500
EMP-15927,CRS-201,Agile Project Management,Leadership,2024-06-28,81,Completed,1200
EMP-15927,CRS-302,Modern Data Stack Architecture,Tech,2023-11-24,94,Completed,4000
EMP-14452,CRS-103,Power BI DAX Masterclass,Tech,2024-06-17,73,Completed,2000
EMP-14452,CRS-103,Power BI DAX Masterclass,Tech,2024-07-29,75,Completed,2000
EMP-13091,CRS-301,Cloud Security & Compliance,Compliance,2025-11-14,76,Completed,3000
EMP-16328,CRS-302,Modern Data Stack Architecture,Tech,2023-08-07,76,Completed,4000
EMP-12637,CRS-103,Power BI DAX Masterclass,Tech,2024-03-14,96,Completed,2000
EMP-12637,CRS-301,Cloud Security & Compliance,Compliance,2025-08-07,90,Completed,3000
EMP-11546,CRS-302,Modern Data Stack Architecture,Tech,2024-03-20,70,Completed,4000
EMP-11546,CRS-302,Modern Data Stack Architecture,Tech,2024-04-16,80,Completed,4000
EMP-11546,CRS-103,Power BI DAX Masterclass,Tech,2024-11-14,85,Completed,2000
EMP-15987,CRS-103,Power BI DAX Masterclass,Tech,2025-07-26,89,Completed,2000
EMP-11957,CRS-201,Agile Project Management,Leadership,2024-08-07,72,Completed,1200
EMP-11957,CRS-201,Agile Project Management,Leadership,2024-08-21,75,Completed,1200
EMP-11957,CRS-202,Cross-Cultural Business Communication,Soft Skills,2023-04-13,100,Completed,800
EMP-11957,CRS-301,Cloud Security & Compliance,Compliance,2023-01-01,84,Completed,3000
EMP-14685,CRS-102,Python for Data Engineering,Tech,2023-04-20,76,Completed,2500
EMP-14685,CRS-101,Advanced SQL & Performance Tuning,Tech,2025-05-16,72,Completed,1500
EMP-14685,CRS-101,Advanced SQL & Performance Tuning,Tech,2025-07-10,75,Completed,1500
EMP-16256,CRS-101,Advanced SQL & Performance Tuning,Tech,2023-09-03,74,Completed,1500
EMP-16256,CRS-101,Advanced SQL & Performance Tuning,Tech,2023-09-30,78,Completed,1500
EMP-11914,CRS-301,Cloud Security & Compliance,Compliance,2025-09-02,55,Failed,0
EMP-11914,CRS-301,Cloud Security & Compliance,Compliance,2025-11-01,82,Completed,3000
EMP-11914,CRS-302,Modern Data Stack Architecture,Tech,2025-07-21,92,Completed,4000
EMP-11914,CRS-101,Advanced SQL & Performance Tuning,Tech,2024-07-07,92,Completed,1500
EMP-13366,CRS-301,Cloud Security & Compliance,Compliance,2023-11-10,72,Completed,3000
EMP-13366,CRS-301,Cloud Security & Compliance,Compliance,2023-12-18,75,Completed,3000
EMP-10358,CRS-201,Agile Project Management,Leadership,2025-08-11,75,Completed,1200
EMP-12607,CRS-101,Advanced SQL & Performance Tuning,Tech,2023-05-10,92,Completed,1500
EMP-12607,CRS-301,Cloud Security & Compliance,Compliance,2025-09-08,95,Completed,3000
EMP-16707,CRS-302,Modern Data Stack Architecture,Tech,2024-04-25,64,Failed,0
EMP-16707,CRS-302,Modern Data Stack Architecture,Tech,2024-06-19,76,Completed,4000
EMP-16707,CRS-102,Python for Data Engineering,Tech,2026-02-27,87,Completed,2500
EMP-13124,CRS-102,Python for Data Engineering,Tech,2023-04-07,59,Failed,0
EMP-13124,CRS-102,Python for Data Engineering,Tech,2023-05-14,89,Completed,2500
EMP-13163,CRS-202,Cross-Cultural Business Communication,Soft Skills,2025-01-30,67,Failed,0
EMP-13163,CRS-202,Cross-Cultural Business Communication,Soft Skills,2025-03-25,86,Completed,800
EMP-13163,CRS-102,Python for Data Engineering,Tech,2025-04-13,88,Completed,2500
EMP-13163,CRS-103,Power BI DAX Masterclass,Tech,2025-08-15,94,Completed,2000
EMP-15437,CRS-302,Modern Data Stack Architecture,Tech,2025-04-15,100,Completed,4000
EMP-15437,CRS-201,Agile Project Management,Leadership,2026-05-18,58,Failed,0
EMP-15437,CRS-202,Cross-Cultural Business Communication,Soft Skills,2025-08-13,94,Completed,800
EMP-15342,CRS-101,Advanced SQL & Performance Tuning,Tech,2025-11-03,89,Completed,1500
EMP-15342,CRS-103,Power BI DAX Masterclass,Tech,2023-11-23,74,Completed,2000
EMP-15342,CRS-103,Power BI DAX Masterclass,Tech,2023-12-20,97,Completed,2000
EMP-11247,CRS-302,Modern Data Stack Architecture,Tech,2025-05-08,86,Completed,4000
EMP-14058,CRS-202,Cross-Cultural Business Communication,Soft Skills,2024-06-05,91,Completed,800
EMP-14058,CRS-101,Advanced SQL & Performance Tuning,Tech,2024-04-09,60,Failed,0
EMP-14058,CRS-101,Advanced SQL & Performance Tuning,Tech,2024-06-08,100,Completed,1500
EMP-10304,CRS-201,Agile Project Management,Leadership,2025-12-07,77,Completed,1200
EMP-15986,CRS-301,Cloud Security & Compliance,Compliance,2024-04-07,74,Completed,3000
EMP-15986,CRS-301,Cloud Security & Compliance,Compliance,2024-05-03,97,Completed,3000
EMP-15986,CRS-101,Advanced SQL & Performance Tuning,Tech,2023-01-02,66,Failed,0
EMP-15986,CRS-101,Advanced SQL & Performance Tuning,Tech,2023-01-25,77,Completed,1500
EMP-14115,CRS-103,Power BI DAX Masterclass,Tech,2025-04-11,96,Completed,2000
EMP-14115,CRS-102,Python for Data Engineering,Tech,2023-07-17,56,Failed,0
EMP-14115,CRS-102,Python for Data Engineering,Tech,2023-08-18,78,Completed,2500
EMP-14835,CRS-302,Modern Data Stack Architecture,Tech,2023-05-27,78,Completed,4000
EMP-12720,CRS-103,Power BI DAX Masterclass,Tech,2025-04-05,92,Completed,2000
EMP-10823,CRS-103,Power BI DAX Masterclass,Tech,2024-03-02,83,Completed,2000
EMP-13607,CRS-301,Cloud Security & Compliance,Compliance,2023-03-27,71,Completed,3000
EMP-13607,CRS-301,Cloud Security & Compliance,Compliance,2023-05-02,75,Completed,3000
EMP-13607,CRS-202,Cross-Cultural Business Communication,Soft Skills,2024-06-07,97,Completed,800
EMP-13607,CRS-302,Modern Data Stack Architecture,Tech,2026-01-08,83,Completed,4000
EMP-10817,CRS-103,Power BI DAX Masterclass,Tech,2025-10-01,50,Failed,0
EMP-10817,CRS-103,Power BI DAX Masterclass,Tech,2025-11-15,99,Completed,2000
EMP-10817,CRS-301,Cloud Security & Compliance,Compliance,2023-06-27,78,Completed,3000
EMP-14309,CRS-301,Cloud Security & Compliance,Compliance,2023-07-12,82,Completed,3000
EMP-13744,CRS-201,Agile Project Management,Leadership,2023-03-12,79,Completed,1200
EMP-10126,CRS-201,Agile Project Management,Leadership,2025-04-20,70,Completed,1200
EMP-10126,CRS-201,Agile Project Management,Leadership,2025-06-10,96,Completed,1200
EMP-10126,CRS-102,Python for Data Engineering,Tech,2023-02-27,66,Failed,0
EMP-10126,CRS-102,Python for Data Engineering,Tech,2023-03-24,89,Completed,2500
EMP-11181,CRS-202,Cross-Cultural Business Communication,Soft Skills,2025-03-05,90,Completed,800
EMP-13359,CRS-101,Advanced SQL & Performance Tuning,Tech,2025-11-24,75,Completed,1500
EMP-16362,CRS-102,Python for Data Engineering,Tech,2023-03-23,89,Completed,2500
EMP-11265,CRS-102,Python for Data Engineering,Tech,2023-06-07,85,Completed,2500
EMP-10613,CRS-302,Modern Data Stack Architecture,Tech,2023-12-28,71,Completed,4000
EMP-10613,CRS-302,Modern Data Stack Architecture,Tech,2024-01-25,85,Completed,4000
EMP-13847,CRS-202,Cross-Cultural Business Communication,Soft Skills,2025-06-29,73,Completed,800
EMP-13847,CRS-202,Cross-Cultural Business Communication,Soft Skills,2025-07-21,98,Completed,800
EMP-13847,CRS-201,Agile Project Management,Leadership,2026-05-24,70,Completed,1200
EMP-13847,CRS-102,Python for Data Engineering,Tech,2025-05-30,92,Completed,2500
EMP-16761,CRS-301,Cloud Security & Compliance,Compliance,2023-08-06,63,Failed,0
EMP-16761,CRS-301,Cloud Security & Compliance,Compliance,2023-09-16,92,Completed,3000
EMP-16761,CRS-202,Cross-Cultural Business Communication,Soft Skills,2025-05-14,52,Failed,0
EMP-16761,CRS-202,Cross-Cultural Business Communication,Soft Skills,2025-07-09,86,Completed,800
EMP-12774,CRS-202,Cross-Cultural Business Communication,Soft Skills,2024-05-13,54,Failed,0
EMP-12774,CRS-202,Cross-Cultural Business Communication,Soft Skills,2024-06-01,93,Completed,800
EMP-15106,CRS-102,Python for Data Engineering,Tech,2025-07-02,81,Completed,2500
EMP-15675,CRS-302,Modern Data Stack Architecture,Tech,2024-01-15,68,Failed,0
EMP-15675,CRS-302,Modern Data Stack Architecture,Tech,2024-01-31,82,Completed,4000
EMP-13257,CRS-103,Power BI DAX Masterclass,Tech,2023-09-30,70,Completed,2000
EMP-13257,CRS-103,Power BI DAX Masterclass,Tech,2023-11-15,100,Completed,2000
EMP-16747,CRS-202,Cross-Cultural Business Communication,Soft Skills,2024-06-28,68,Failed,0
EMP-16747,CRS-202,Cross-Cultural Business Communication,Soft Skills,2024-07-20,85,Completed,800
EMP-10658,CRS-302,Modern Data Stack Architecture,Tech,2024-01-22,85,Completed,4000
EMP-10658,CRS-201,Agile Project Management,Leadership,2023-07-22,82,Completed,1200
EMP-10658,CRS-102,Python for Data Engineering,Tech,2026-01-13,74,Completed,2500
EMP-10658,CRS-102,Python for Data Engineering,Tech,2026-02-28,79,Completed,2500
EMP-12692,CRS-101,Advanced SQL & Performance Tuning,Tech,2023-05-29,75,Completed,1500
EMP-12692,CRS-201,Agile Project Management,Leadership,2025-04-26,100,Completed,1200
EMP-12692,CRS-202,Cross-Cultural Business Communication,Soft Skills,2024-06-21,71,Completed,800
EMP-12692,CRS-202,Cross-Cultural Business Communication,Soft Skills,2024-07-07,85,Completed,800
EMP-15525,CRS-101,Advanced SQL & Performance Tuning,Tech,2025-02-04,84,Completed,1500
EMP-15525,CRS-102,Python for Data Engineering,Tech,2024-04-05,85,Completed,2500
EMP-14372,CRS-201,Agile Project Management,Leadership,2023-11-19,89,Completed,1200
EMP-14372,CRS-301,Cloud Security & Compliance,Compliance,2025-10-15,83,Completed,3000
EMP-16917,CRS-202,Cross-Cultural Business Communication,Soft Skills,2023-06-23,94,Completed,800
EMP-12595,CRS-201,Agile Project Management,Leadership,2024-07-29,90,Completed,1200
EMP-16272,CRS-103,Power BI DAX Masterclass,Tech,2024-10-31,97,Completed,2000
EMP-16272,CRS-202,Cross-Cultural Business Communication,Soft Skills,2025-11-13,82,Completed,800
EMP-16272,CRS-301,Cloud Security & Compliance,Compliance,2026-04-22,99,Completed,3000
EMP-13998,CRS-302,Modern Data Stack Architecture,Tech,2023-10-09,65,Failed,0
EMP-13998,CRS-302,Modern Data Stack Architecture,Tech,2023-11-23,85,Completed,4000
EMP-13998,CRS-202,Cross-Cultural Business Communication,Soft Skills,2025-12-27,89,Completed,800
EMP-14433,CRS-103,Power BI DAX Masterclass,Tech,2024-07-09,89,Completed,2000
EMP-10295,CRS-103,Power BI DAX Masterclass,Tech,2024-05-05,76,Completed,2000
EMP-15059,CRS-302,Modern Data Stack Architecture,Tech,2024-11-17,91,Completed,4000
EMP-10561,CRS-201,Agile Project Management,Leadership,2024-01-21,98,Completed,1200
EMP-11924,CRS-301,Cloud Security & Compliance,Compliance,2025-01-10,87,Completed,3000
EMP-11924,CRS-103,Power BI DAX Masterclass,Tech,2025-08-05,86,Completed,2000
EMP-11924,CRS-102,Python for Data Engineering,Tech,2024-08-19,76,Completed,2500
EMP-15171,CRS-103,Power BI DAX Masterclass,Tech,2025-10-14,77,Completed,2000
EMP-15171,CRS-102,Python for Data Engineering,Tech,2024-07-08,84,Completed,2500
EMP-15607,CRS-202,Cross-Cultural Business Communication,Soft Skills,2023-05-28,73,Completed,800
EMP-15607,CRS-202,Cross-Cultural Business Communication,Soft Skills,2023-07-16,87,Completed,800
EMP-12355,CRS-102,Python for Data Engineering,Tech,2024-06-05,84,Completed,2500
EMP-16000,CRS-302,Modern Data Stack Architecture,Tech,2025-11-12,83,Completed,4000
EMP-16000,CRS-103,Power BI DAX Masterclass,Tech,2023-04-15,90,Completed,2000
EMP-10741,CRS-201,Agile Project Management,Leadership,2025-03-03,60,Failed,0
EMP-10741,CRS-201,Agile Project Management,Leadership,2025-03-24,86,Completed,1200
EMP-10741,CRS-302,Modern Data Stack Architecture,Tech,2023-04-22,51,Failed,0
EMP-10741,CRS-302,Modern Data Stack Architecture,Tech,2023-05-12,92,Completed,4000
EMP-13556,CRS-102,Python for Data Engineering,Tech,2025-05-16,71,Completed,2500
EMP-13556,CRS-102,Python for Data Engineering,Tech,2025-07-05,76,Completed,2500
EMP-13556,CRS-101,Advanced SQL & Performance Tuning,Tech,2023-01-21,80,Completed,1500
EMP-16690,CRS-103,Power BI DAX Masterclass,Tech,2024-05-07,77,Completed,2000
EMP-16690,CRS-201,Agile Project Management,Leadership,2026-03-14,99,Completed,1200
EMP-15192,CRS-102,Python for Data Engineering,Tech,2026-04-11,94,Completed,2500
EMP-15192,CRS-101,Advanced SQL & Performance Tuning,Tech,2025-02-23,87,Completed,1500
EMP-15192,CRS-202,Cross-Cultural Business Communication,Soft Skills,2023-11-25,88,Completed,800
EMP-16003,CRS-103,Power BI DAX Masterclass,Tech,2024-05-19,77,Completed,2000
EMP-16003,CRS-201,Agile Project Management,Leadership,2023-12-06,99,Completed,1200
EMP-16003,CRS-101,Advanced SQL & Performance Tuning,Tech,2023-08-08,77,Completed,1500
EMP-16003,CRS-202,Cross-Cultural Business Communication,Soft Skills,2025-06-10,97,Completed,800
EMP-13635,CRS-102,Python for Data Engineering,Tech,2024-04-20,53,Failed,0
EMP-13635,CRS-102,Python for Data Engineering,Tech,2024-06-18,89,Completed,2500
EMP-16660,CRS-301,Cloud Security & Compliance,Compliance,2025-02-26,94,Completed,3000
EMP-12454,CRS-103,Power BI DAX Masterclass,Tech,2025-10-03,95,Completed,2000
EMP-12454,CRS-102,Python for Data Engineering,Tech,2024-12-02,70,Completed,2500
EMP-12454,CRS-102,Python for Data Engineering,Tech,2025-01-24,87,Completed,2500
EMP-16963,CRS-202,Cross-Cultural Business Communication,Soft Skills,2023-10-23,89,Completed,800
EMP-16963,CRS-102,Python for Data Engineering,Tech,2025-02-12,95,Completed,2500
EMP-16963,CRS-103,Power BI DAX Masterclass,Tech,2024-03-22,81,Completed,2000
EMP-10377,CRS-103,Power BI DAX Masterclass,Tech,2024-04-17,89,Completed,2000
EMP-12658,CRS-301,Cloud Security & Compliance,Compliance,2025-07-15,82,Completed,3000
EMP-12658,CRS-202,Cross-Cultural Business Communication,Soft Skills,2025-01-06,70,Completed,800
EMP-12658,CRS-202,Cross-Cultural Business Communication,Soft Skills,2025-03-07,89,Completed,800
EMP-12658,CRS-102,Python for Data Engineering,Tech,2025-05-18,83,Completed,2500
EMP-12658,CRS-101,Advanced SQL & Performance Tuning,Tech,2024-04-13,81,Completed,1500
EMP-10460,CRS-102,Python for Data Engineering,Tech,2023-12-12,97,Completed,2500
EMP-12404,CRS-202,Cross-Cultural Business Communication,Soft Skills,2023-03-16,62,Failed,0
EMP-12404,CRS-202,Cross-Cultural Business Communication,Soft Skills,2023-04-13,77,Completed,800
EMP-12404,CRS-102,Python for Data Engineering,Tech,2023-11-22,89,Completed,2500
EMP-12937,CRS-101,Advanced SQL & Performance Tuning,Tech,2025-12-11,58,Failed,0
EMP-12937,CRS-101,Advanced SQL & Performance Tuning,Tech,2026-01-03,88,Completed,1500
EMP-13071,CRS-102,Python for Data Engineering,Tech,2024-04-14,79,Completed,2500
EMP-13529,CRS-302,Modern Data Stack Architecture,Tech,2023-07-08,71,Completed,4000
EMP-13529,CRS-302,Modern Data Stack Architecture,Tech,2023-08-02,84,Completed,4000
EMP-11193,CRS-201,Agile Project Management,Leadership,2024-04-28,95,Completed,1200
EMP-11193,CRS-102,Python for Data Engineering,Tech,2026-05-19,72,Completed,2500
EMP-12001,CRS-102,Python for Data Engineering,Tech,2025-08-05,94,Completed,2500
EMP-12001,CRS-202,Cross-Cultural Business Communication,Soft Skills,2024-01-02,87,Completed,800
EMP-12001,CRS-101,Advanced SQL & Performance Tuning,Tech,2024-05-18,80,Completed,1500
EMP-16330,CRS-202,Cross-Cultural Business Communication,Soft Skills,2025-10-22,66,Failed,0
EMP-16330,CRS-202,Cross-Cultural Business Communication,Soft Skills,2025-11-13,80,Completed,800
EMP-16330,CRS-101,Advanced SQL & Performance Tuning,Tech,2023-04-10,74,Completed,1500
EMP-16330,CRS-101,Advanced SQL & Performance Tuning,Tech,2023-05-09,94,Completed,1500
EMP-13376,CRS-202,Cross-Cultural Business Communication,Soft Skills,2024-05-18,75,Completed,800
EMP-13376,CRS-103,Power BI DAX Masterclass,Tech,2024-05-23,90,Completed,2000
EMP-13376,CRS-201,Agile Project Management,Leadership,2023-03-28,52,Failed,0
EMP-13376,CRS-201,Agile Project Management,Leadership,2023-04-29,89,Completed,1200
EMP-16122,CRS-201,Agile Project Management,Leadership,2025-03-19,87,Completed,1200
EMP-16122,CRS-301,Cloud Security & Compliance,Compliance,2025-12-11,100,Completed,3000
EMP-15586,CRS-302,Modern Data Stack Architecture,Tech,2026-03-28,94,Completed,4000
EMP-15586,CRS-202,Cross-Cultural Business Communication,Soft Skills,2025-04-14,86,Completed,800
EMP-11476,CRS-101,Advanced SQL & Performance Tuning,Tech,2024-02-28,89,Completed,1500
EMP-11393,CRS-101,Advanced SQL & Performance Tuning,Tech,2025-02-22,79,Completed,1500
EMP-11393,CRS-202,Cross-Cultural Business Communication,Soft Skills,2024-10-06,76,Completed,800
EMP-11393,CRS-201,Agile Project Management,Leadership,2024-03-17,94,Completed,1200
EMP-11435,CRS-302,Modern Data Stack Architecture,Tech,2026-04-24,90,Completed,4000
EMP-10647,CRS-102,Python for Data Engineering,Tech,2023-02-03,98,Completed,2500
EMP-14993,CRS-201,Agile Project Management,Leadership,2025-08-10,98,Completed,1200
EMP-16461,CRS-101,Advanced SQL & Performance Tuning,Tech,2024-05-17,98,Completed,1500
EMP-15077,CRS-103,Power BI DAX Masterclass,Tech,2023-04-19,84,Completed,2000
EMP-15597,CRS-302,Modern Data Stack Architecture,Tech,2026-05-10,81,Completed,4000
EMP-15597,CRS-201,Agile Project Management,Leadership,2026-02-03,71,Completed,1200
EMP-15597,CRS-201,Agile Project Management,Leadership,2026-03-19,77,Completed,1200
EMP-15597,CRS-101,Advanced SQL & Performance Tuning,Tech,2024-12-22,76,Completed,1500
EMP-11973,CRS-101,Advanced SQL & Performance Tuning,Tech,2023-10-26,67,Failed,0
EMP-11973,CRS-101,Advanced SQL & Performance Tuning,Tech,2023-12-11,81,Completed,1500
EMP-11973,CRS-302,Modern Data Stack Architecture,Tech,2025-12-03,70,Completed,4000
EMP-11973,CRS-302,Modern Data Stack Architecture,Tech,2026-01-07,100,Completed,4000
EMP-14077,CRS-103,Power BI DAX Masterclass,Tech,2024-10-30,59,Failed,0
EMP-14077,CRS-103,Power BI DAX Masterclass,Tech,2024-12-16,93,Completed,2000
EMP-14077,CRS-202,Cross-Cultural Business Communication,Soft Skills,2023-09-10,94,Completed,800
EMP-14778,CRS-101,Advanced SQL & Performance Tuning,Tech,2026-01-27,68,Failed,0
EMP-14778,CRS-101,Advanced SQL & Performance Tuning,Tech,2026-02-19,87,Completed,1500
EMP-14778,CRS-301,Cloud Security & Compliance,Compliance,2024-11-07,93,Completed,3000
EMP-11173,CRS-102,Python for Data Engineering,Tech,2024-02-07,89,Completed,2500
EMP-11903,CRS-101,Advanced SQL & Performance Tuning,Tech,2023-04-01,70,Completed,1500
EMP-11903,CRS-101,Advanced SQL & Performance Tuning,Tech,2023-04-27,88,Completed,1500
EMP-13778,CRS-201,Agile Project Management,Leadership,2025-05-24,88,Completed,1200
EMP-13778,CRS-102,Python for Data Engineering,Tech,2024-03-07,72,Completed,2500
EMP-13778,CRS-102,Python for Data Engineering,Tech,2024-03-23,83,Completed,2500
EMP-16642,CRS-302,Modern Data Stack Architecture,Tech,2024-03-24,99,Completed,4000
EMP-16642,CRS-101,Advanced SQL & Performance Tuning,Tech,2025-10-07,72,Completed,1500
EMP-16642,CRS-101,Advanced SQL & Performance Tuning,Tech,2025-11-11,94,Completed,1500
EMP-12081,CRS-103,Power BI DAX Masterclass,Tech,2024-06-12,87,Completed,2000
EMP-12081,CRS-201,Agile Project Management,Leadership,2024-11-08,86,Completed,1200
EMP-13765,CRS-301,Cloud Security & Compliance,Compliance,2025-12-01,95,Completed,3000
EMP-13765,CRS-202,Cross-Cultural Business Communication,Soft Skills,2024-05-17,57,Failed,0
EMP-13765,CRS-202,Cross-Cultural Business Communication,Soft Skills,2024-06-30,83,Completed,800
EMP-12092,CRS-202,Cross-Cultural Business Communication,Soft Skills,2024-09-07,93,Completed,800
EMP-15463,CRS-202,Cross-Cultural Business Communication,Soft Skills,2024-09-07,73,Completed,800
EMP-15463,CRS-202,Cross-Cultural Business Communication,Soft Skills,2024-10-26,82,Completed,800
EMP-16578,CRS-102,Python for Data Engineering,Tech,2023-11-10,92,Completed,2500
EMP-16578,CRS-302,Modern Data Stack Architecture,Tech,2025-01-13,93,Completed,4000
EMP-16578,CRS-201,Agile Project Management,Leadership,2026-03-06,60,Failed,0
EMP-16578,CRS-201,Agile Project Management,Leadership,2026-03-30,94,Completed,1200
EMP-13812,CRS-301,Cloud Security & Compliance,Compliance,2023-05-16,99,Completed,3000
EMP-12357,CRS-302,Modern Data Stack Architecture,Tech,2025-06-04,83,Completed,4000
EMP-15551,CRS-103,Power BI DAX Masterclass,Tech,2023-08-31,77,Completed,2000
EMP-14478,CRS-201,Agile Project Management,Leadership,2025-05-30,79,Completed,1200
EMP-14478,CRS-202,Cross-Cultural Business Communication,Soft Skills,2023-12-04,75,Completed,800
EMP-14478,CRS-102,Python for Data Engineering,Tech,2026-04-30,62,Failed,0
EMP-14478,CRS-102,Python for Data Engineering,Tech,2026-05-19,77,Completed,2500
EMP-14478,CRS-302,Modern Data Stack Architecture,Tech,2023-01-18,87,Completed,4000
EMP-11295,CRS-302,Modern Data Stack Architecture,Tech,2023-04-16,85,Completed,4000
EMP-11295,CRS-301,Cloud Security & Compliance,Compliance,2023-10-01,96,Completed,3000
EMP-11295,CRS-102,Python for Data Engineering,Tech,2025-01-01,68,Failed,0
EMP-11295,CRS-102,Python for Data Engineering,Tech,2025-02-03,85,Completed,2500
EMP-10606,CRS-202,Cross-Cultural Business Communication,Soft Skills,2023-06-18,51,Failed,0
EMP-10606,CRS-202,Cross-Cultural Business Communication,Soft Skills,2023-07-14,100,Completed,800
EMP-13619,CRS-201,Agile Project Management,Leadership,2025-10-01,78,Completed,1200
EMP-12831,CRS-202,Cross-Cultural Business Communication,Soft Skills,2024-08-05,72,Completed,800
EMP-12831,CRS-202,Cross-Cultural Business Communication,Soft Skills,2024-09-04,80,Completed,800
EMP-12831,CRS-101,Advanced SQL & Performance Tuning,Tech,2025-11-20,85,Completed,1500
EMP-14814,CRS-101,Advanced SQL & Performance Tuning,Tech,2024-11-24,92,Completed,1500
EMP-14814,CRS-201,Agile Project Management,Leadership,2025-07-15,100,Completed,1200
EMP-12451,CRS-301,Cloud Security & Compliance,Compliance,2025-04-01,95,Completed,3000
EMP-16800,CRS-302,Modern Data Stack Architecture,Tech,2024-10-30,77,Completed,4000
EMP-16800,CRS-103,Power BI DAX Masterclass,Tech,2023-11-14,51,Failed,0
EMP-16800,CRS-103,Power BI DAX Masterclass,Tech,2023-12-05,79,Completed,2000
EMP-13476,CRS-201,Agile Project Management,Leadership,2023-09-16,54,Failed,0
EMP-13476,CRS-201,Agile Project Management,Leadership,2023-10-21,97,Completed,1200
EMP-12049,CRS-102,Python for Data Engineering,Tech,2025-09-13,63,Failed,0
EMP-12049,CRS-102,Python for Data Engineering,Tech,2025-11-07,96,Completed,2500
EMP-13743,CRS-202,Cross-Cultural Business Communication,Soft Skills,2024-09-11,98,Completed,800
EMP-13743,CRS-301,Cloud Security & Compliance,Compliance,2023-03-11,75,Completed,3000
EMP-13743,CRS-302,Modern Data Stack Architecture,Tech,2024-12-07,52,Failed,0
EMP-13743,CRS-302,Modern Data Stack Architecture,Tech,2025-01-06,87,Completed,4000
EMP-12475,CRS-201,Agile Project Management,Leadership,2025-08-07,95,Completed,1200
EMP-16337,CRS-102,Python for Data Engineering,Tech,2024-10-31,91,Completed,2500
EMP-13152,CRS-202,Cross-Cultural Business Communication,Soft Skills,2023-01-16,100,Completed,800
EMP-13152,CRS-301,Cloud Security & Compliance,Compliance,2023-07-10,98,Completed,3000
EMP-13152,CRS-102,Python for Data Engineering,Tech,2023-10-31,51,Failed,0
EMP-13152,CRS-102,Python for Data Engineering,Tech,2023-12-16,94,Completed,2500
EMP-13959,CRS-103,Power BI DAX Masterclass,Tech,2024-02-19,55,Failed,0
EMP-13959,CRS-103,Power BI DAX Masterclass,Tech,2024-03-04,95,Completed,2000
EMP-16311,CRS-103,Power BI DAX Masterclass,Tech,2025-02-02,60,Failed,0
EMP-16311,CRS-103,Power BI DAX Masterclass,Tech,2025-03-20,81,Completed,2000
EMP-11944,CRS-103,Power BI DAX Masterclass,Tech,2025-10-31,86,Completed,2000
EMP-13125,CRS-202,Cross-Cultural Business Communication,Soft Skills,2024-02-07,94,Completed,800
EMP-13125,CRS-302,Modern Data Stack Architecture,Tech,2023-03-22,100,Completed,4000
EMP-14686,CRS-202,Cross-Cultural Business Communication,Soft Skills,2023-04-02,59,Failed,0
EMP-14686,CRS-202,Cross-Cultural Business Communication,Soft Skills,2023-05-23,95,Completed,800
EMP-14686,CRS-201,Agile Project Management,Leadership,2023-05-09,96,Completed,1200
EMP-16948,CRS-202,Cross-Cultural Business Communication,Soft Skills,2024-10-07,77,Completed,800
EMP-16948,CRS-302,Modern Data Stack Architecture,Tech,2024-09-06,96,Completed,4000
EMP-16948,CRS-102,Python for Data Engineering,Tech,2026-04-01,82,Completed,2500
EMP-14709,CRS-101,Advanced SQL & Performance Tuning,Tech,2025-07-09,57,Failed,0
EMP-14709,CRS-101,Advanced SQL & Performance Tuning,Tech,2025-07-26,77,Completed,1500
EMP-14709,CRS-102,Python for Data Engineering,Tech,2024-07-14,96,Completed,2500
EMP-12424,CRS-101,Advanced SQL & Performance Tuning,Tech,2026-05-14,85,Completed,1500
EMP-12424,CRS-202,Cross-Cultural Business Communication,Soft Skills,2024-03-13,91,Completed,800
EMP-12424,CRS-103,Power BI DAX Masterclass,Tech,2023-08-26,99,Completed,2000
EMP-12419,CRS-103,Power BI DAX Masterclass,Tech,2026-01-21,70,Completed,2000
EMP-12419,CRS-103,Power BI DAX Masterclass,Tech,2026-02-09,85,Completed,2000
EMP-12419,CRS-102,Python for Data Engineering,Tech,2024-05-17,65,Failed,0
EMP-12419,CRS-102,Python for Data Engineering,Tech,2024-07-16,83,Completed,2500
EMP-10180,CRS-103,Power BI DAX Masterclass,Tech,2024-06-10,75,Completed,2000
EMP-15393,CRS-102,Python for Data Engineering,Tech,2025-01-10,94,Completed,2500
EMP-16587,CRS-202,Cross-Cultural Business Communication,Soft Skills,2026-01-28,72,Completed,800
EMP-16587,CRS-202,Cross-Cultural Business Communication,Soft Skills,2026-02-18,75,Completed,800
EMP-12249,CRS-101,Advanced SQL & Performance Tuning,Tech,2025-07-13,73,Completed,1500
EMP-12249,CRS-101,Advanced SQL & Performance Tuning,Tech,2025-08-30,89,Completed,1500
EMP-12249,CRS-103,Power BI DAX Masterclass,Tech,2025-11-12,85,Completed,2000
EMP-12249,CRS-102,Python for Data Engineering,Tech,2024-07-23,81,Completed,2500
EMP-12249,CRS-302,Modern Data Stack Architecture,Tech,2024-12-24,82,Completed,4000
EMP-10067,CRS-103,Power BI DAX Masterclass,Tech,2023-02-07,95,Completed,2000
EMP-10067,CRS-301,Cloud Security & Compliance,Compliance,2023-06-26,52,Failed,0
EMP-10067,CRS-301,Cloud Security & Compliance,Compliance,2023-07-20,91,Completed,3000
EMP-15664,CRS-202,Cross-Cultural Business Communication,Soft Skills,2024-12-20,80,Completed,800
EMP-15664,CRS-102,Python for Data Engineering,Tech,2025-06-04,95,Completed,2500
EMP-15664,CRS-201,Agile Project Management,Leadership,2025-04-04,75,Completed,1200
EMP-10402,CRS-302,Modern Data Stack Architecture,Tech,2023-05-18,96,Completed,4000
EMP-10402,CRS-202,Cross-Cultural Business Communication,Soft Skills,2025-10-09,94,Completed,800
EMP-14968,CRS-103,Power BI DAX Masterclass,Tech,2024-02-12,71,Completed,2000
EMP-14968,CRS-103,Power BI DAX Masterclass,Tech,2024-02-26,93,Completed,2000
EMP-14070,CRS-301,Cloud Security & Compliance,Compliance,2025-02-01,83,Completed,3000
EMP-12345,CRS-103,Power BI DAX Masterclass,Tech,2025-08-07,74,Completed,2000
EMP-12345,CRS-103,Power BI DAX Masterclass,Tech,2025-09-28,91,Completed,2000
EMP-16734,CRS-101,Advanced SQL & Performance Tuning,Tech,2023-10-06,85,Completed,1500
EMP-16734,CRS-202,Cross-Cultural Business Communication,Soft Skills,2026-02-03,73,Completed,800
EMP-16734,CRS-202,Cross-Cultural Business Communication,Soft Skills,2026-02-19,100,Completed,800
EMP-14974,CRS-103,Power BI DAX Masterclass,Tech,2026-01-04,63,Failed,0
EMP-14974,CRS-103,Power BI DAX Masterclass,Tech,2026-01-24,76,Completed,2000
EMP-14974,CRS-102,Python for Data Engineering,Tech,2024-09-06,92,Completed,2500
EMP-14974,CRS-302,Modern Data Stack Architecture,Tech,2025-02-16,78,Completed,4000
EMP-12887,CRS-101,Advanced SQL & Performance Tuning,Tech,2025-12-23,72,Completed,1500
EMP-12887,CRS-101,Advanced SQL & Performance Tuning,Tech,2026-01-25,88,Completed,1500
EMP-11795,CRS-103,Power BI DAX Masterclass,Tech,2024-11-02,55,Failed,0
EMP-11795,CRS-103,Power BI DAX Masterclass,Tech,2024-11-24,91,Completed,2000
EMP-15216,CRS-302,Modern Data Stack Architecture,Tech,2025-01-12,73,Completed,4000
EMP-15216,CRS-302,Modern Data Stack Architecture,Tech,2025-02-16,85,Completed,4000
EMP-15216,CRS-101,Advanced SQL & Performance Tuning,Tech,2023-09-11,88,Completed,1500
EMP-16416,CRS-102,Python for Data Engineering,Tech,2024-09-29,94,Completed,2500
EMP-16416,CRS-101,Advanced SQL & Performance Tuning,Tech,2023-06-13,99,Completed,1500
EMP-16416,CRS-103,Power BI DAX Masterclass,Tech,2026-01-23,99,Completed,2000
EMP-15087,CRS-201,Agile Project Management,Leadership,2023-03-25,99,Completed,1200
EMP-12054,CRS-103,Power BI DAX Masterclass,Tech,2024-07-05,51,Failed,0
EMP-12054,CRS-103,Power BI DAX Masterclass,Tech,2024-08-25,75,Completed,2000
EMP-15553,CRS-201,Agile Project Management,Leadership,2023-03-29,95,Completed,1200
EMP-15401,CRS-103,Power BI DAX Masterclass,Tech,2026-04-25,98,Completed,2000
EMP-15401,CRS-102,Python for Data Engineering,Tech,2023-06-17,75,Completed,2500
EMP-15578,CRS-301,Cloud Security & Compliance,Compliance,2025-08-21,93,Completed,3000
EMP-15578,CRS-101,Advanced SQL & Performance Tuning,Tech,2023-12-13,77,Completed,1500
EMP-15578,CRS-302,Modern Data Stack Architecture,Tech,2023-01-11,98,Completed,4000
EMP-11121,CRS-302,Modern Data Stack Architecture,Tech,2025-10-05,67,Failed,0
EMP-11121,CRS-302,Modern Data Stack Architecture,Tech,2025-11-01,94,Completed,4000
EMP-11121,CRS-102,Python for Data Engineering,Tech,2025-03-06,96,Completed,2500
EMP-15147,CRS-201,Agile Project Management,Leadership,2026-04-24,99,Completed,1200
EMP-10796,CRS-202,Cross-Cultural Business Communication,Soft Skills,2023-09-13,78,Completed,800
EMP-16841,CRS-101,Advanced SQL & Performance Tuning,Tech,2025-04-10,76,Completed,1500
EMP-15295,CRS-202,Cross-Cultural Business Communication,Soft Skills,2026-04-03,100,Completed,800
EMP-15295,CRS-102,Python for Data Engineering,Tech,2023-09-29,77,Completed,2500
EMP-10323,CRS-301,Cloud Security & Compliance,Compliance,2025-03-19,100,Completed,3000
EMP-10323,CRS-101,Advanced SQL & Performance Tuning,Tech,2023-08-19,70,Completed,1500
EMP-10323,CRS-101,Advanced SQL & Performance Tuning,Tech,2023-10-17,78,Completed,1500
EMP-12531,CRS-101,Advanced SQL & Performance Tuning,Tech,2024-11-30,56,Failed,0
EMP-12531,CRS-101,Advanced SQL & Performance Tuning,Tech,2025-01-29,95,Completed,1500
EMP-12531,CRS-201,Agile Project Management,Leadership,2023-09-10,80,Completed,1200
EMP-12531,CRS-302,Modern Data Stack Architecture,Tech,2025-02-14,91,Completed,4000
EMP-13612,CRS-302,Modern Data Stack Architecture,Tech,2023-10-26,82,Completed,4000
EMP-13612,CRS-301,Cloud Security & Compliance,Compliance,2024-05-12,85,Completed,3000
EMP-10274,CRS-103,Power BI DAX Masterclass,Tech,2023-01-07,84,Completed,2000
EMP-14748,CRS-302,Modern Data Stack Architecture,Tech,2025-07-28,79,Completed,4000
EMP-14748,CRS-101,Advanced SQL & Performance Tuning,Tech,2023-08-15,74,Completed,1500
EMP-14748,CRS-101,Advanced SQL & Performance Tuning,Tech,2023-09-09,88,Completed,1500
EMP-16912,CRS-201,Agile Project Management,Leadership,2023-05-14,84,Completed,1200
EMP-16912,CRS-202,Cross-Cultural Business Communication,Soft Skills,2024-04-04,76,Completed,800
EMP-11077,CRS-201,Agile Project Management,Leadership,2025-03-10,75,Completed,1200
EMP-10739,CRS-102,Python for Data Engineering,Tech,2023-02-05,90,Completed,2500
EMP-12418,CRS-202,Cross-Cultural Business Communication,Soft Skills,2025-11-09,73,Completed,800
EMP-12418,CRS-202,Cross-Cultural Business Communication,Soft Skills,2025-12-16,91,Completed,800
EMP-12677,CRS-101,Advanced SQL & Performance Tuning,Tech,2024-07-10,95,Completed,1500
EMP-15776,CRS-101,Advanced SQL & Performance Tuning,Tech,2026-03-07,77,Completed,1500
EMP-11439,CRS-102,Python for Data Engineering,Tech,2026-02-12,88,Completed,2500
EMP-11645,CRS-102,Python for Data Engineering,Tech,2025-10-14,66,Failed,0
EMP-11645,CRS-102,Python for Data Engineering,Tech,2025-10-29,85,Completed,2500
EMP-11645,CRS-301,Cloud Security & Compliance,Compliance,2026-02-08,88,Completed,3000
EMP-11083,CRS-102,Python for Data Engineering,Tech,2023-08-11,93,Completed,2500
EMP-16176,CRS-302,Modern Data Stack Architecture,Tech,2024-07-10,76,Completed,4000
EMP-12998,CRS-202,Cross-Cultural Business Communication,Soft Skills,2026-03-01,73,Completed,800
EMP-12998,CRS-202,Cross-Cultural Business Communication,Soft Skills,2026-04-23,81,Completed,800
EMP-12998,CRS-302,Modern Data Stack Architecture,Tech,2024-05-16,71,Completed,4000
EMP-12998,CRS-302,Modern Data Stack Architecture,Tech,2024-06-21,90,Completed,4000
EMP-14349,CRS-202,Cross-Cultural Business Communication,Soft Skills,2025-10-06,83,Completed,800
EMP-14349,CRS-103,Power BI DAX Masterclass,Tech,2023-02-03,73,Completed,2000
EMP-14349,CRS-103,Power BI DAX Masterclass,Tech,2023-02-25,82,Completed,2000
EMP-14111,CRS-101,Advanced SQL & Performance Tuning,Tech,2024-02-24,83,Completed,1500
EMP-12233,CRS-101,Advanced SQL & Performance Tuning,Tech,2026-01-28,64,Failed,0
EMP-12233,CRS-101,Advanced SQL & Performance Tuning,Tech,2026-02-24,81,Completed,1500
EMP-12233,CRS-301,Cloud Security & Compliance,Compliance,2025-01-29,71,Completed,3000
EMP-12233,CRS-301,Cloud Security & Compliance,Compliance,2025-03-21,88,Completed,3000
EMP-11348,CRS-103,Power BI DAX Masterclass,Tech,2026-04-20,98,Completed,2000
EMP-12106,CRS-102,Python for Data Engineering,Tech,2023-09-01,95,Completed,2500
EMP-13948,CRS-301,Cloud Security & Compliance,Compliance,2024-05-08,85,Completed,3000
EMP-13948,CRS-302,Modern Data Stack Architecture,Tech,2026-01-13,91,Completed,4000
EMP-15582,CRS-302,Modern Data Stack Architecture,Tech,2024-03-19,98,Completed,4000
EMP-15582,CRS-201,Agile Project Management,Leadership,2023-07-01,88,Completed,1200
EMP-12775,CRS-101,Advanced SQL & Performance Tuning,Tech,2024-12-15,94,Completed,1500
EMP-12775,CRS-201,Agile Project Management,Leadership,2023-12-03,50,Failed,0
EMP-12775,CRS-201,Agile Project Management,Leadership,2024-01-26,93,Completed,1200
EMP-10944,CRS-103,Power BI DAX Masterclass,Tech,2024-01-30,96,Completed,2000
EMP-13837,CRS-301,Cloud Security & Compliance,Compliance,2024-02-06,56,Failed,0
EMP-13837,CRS-301,Cloud Security & Compliance,Compliance,2024-03-20,76,Completed,3000
EMP-13837,CRS-102,Python for Data Engineering,Tech,2025-07-09,57,Failed,0
EMP-13837,CRS-102,Python for Data Engineering,Tech,2025-07-30,98,Completed,2500
EMP-16507,CRS-102,Python for Data Engineering,Tech,2025-06-03,54,Failed,0
EMP-16507,CRS-102,Python for Data Engineering,Tech,2025-06-27,90,Completed,2500
EMP-16507,CRS-103,Power BI DAX Masterclass,Tech,2025-02-13,75,Completed,2000
EMP-16507,CRS-301,Cloud Security & Compliance,Compliance,2025-12-27,91,Completed,3000
EMP-11154,CRS-101,Advanced SQL & Performance Tuning,Tech,2023-11-19,72,Completed,1500
EMP-11154,CRS-101,Advanced SQL & Performance Tuning,Tech,2023-12-09,88,Completed,1500
EMP-15950,CRS-302,Modern Data Stack Architecture,Tech,2023-12-07,92,Completed,4000
EMP-15541,CRS-301,Cloud Security & Compliance,Compliance,2026-04-26,80,Completed,3000
EMP-15541,CRS-202,Cross-Cultural Business Communication,Soft Skills,2023-11-19,87,Completed,800
EMP-15699,CRS-201,Agile Project Management,Leadership,2025-05-20,89,Completed,1200
EMP-13256,CRS-103,Power BI DAX Masterclass,Tech,2024-06-16,76,Completed,2000
EMP-14566,CRS-302,Modern Data Stack Architecture,Tech,2024-02-06,79,Completed,4000
EMP-14566,CRS-101,Advanced SQL & Performance Tuning,Tech,2026-01-01,64,Failed,0
EMP-14566,CRS-101,Advanced SQL & Performance Tuning,Tech,2026-02-21,78,Completed,1500
EMP-12997,CRS-102,Python for Data Engineering,Tech,2024-04-15,100,Completed,2500
EMP-12997,CRS-101,Advanced SQL & Performance Tuning,Tech,2026-02-21,82,Completed,1500
EMP-10740,CRS-301,Cloud Security & Compliance,Compliance,2023-04-19,75,Completed,3000
EMP-10740,CRS-102,Python for Data Engineering,Tech,2024-04-19,77,Completed,2500
EMP-13233,CRS-202,Cross-Cultural Business Communication,Soft Skills,2023-06-01,87,Completed,800
EMP-13233,CRS-302,Modern Data Stack Architecture,Tech,2024-11-25,66,Failed,0
EMP-13233,CRS-302,Modern Data Stack Architecture,Tech,2024-12-25,85,Completed,4000
EMP-10115,CRS-302,Modern Data Stack Architecture,Tech,2023-04-01,85,Completed,4000
EMP-10115,CRS-102,Python for Data Engineering,Tech,2024-02-25,95,Completed,2500
EMP-16547,CRS-101,Advanced SQL & Performance Tuning,Tech,2023-10-30,69,Failed,0
EMP-16547,CRS-101,Advanced SQL & Performance Tuning,Tech,2023-12-29,95,Completed,1500
EMP-16547,CRS-202,Cross-Cultural Business Communication,Soft Skills,2026-01-24,93,Completed,800
EMP-14396,CRS-301,Cloud Security & Compliance,Compliance,2024-07-19,60,Failed,0
EMP-14396,CRS-301,Cloud Security & Compliance,Compliance,2024-08-02,99,Completed,3000
EMP-11013,CRS-301,Cloud Security & Compliance,Compliance,2023-02-19,72,Completed,3000
EMP-11013,CRS-301,Cloud Security & Compliance,Compliance,2023-04-14,93,Completed,3000
EMP-15828,CRS-301,Cloud Security & Compliance,Compliance,2024-01-25,100,Completed,3000
EMP-13020,CRS-202,Cross-Cultural Business Communication,Soft Skills,2025-01-30,95,Completed,800
EMP-16340,CRS-101,Advanced SQL & Performance Tuning,Tech,2024-10-02,62,Failed,0
EMP-16340,CRS-101,Advanced SQL & Performance Tuning,Tech,2024-11-17,95,Completed,1500
EMP-16340,CRS-301,Cloud Security & Compliance,Compliance,2024-08-16,78,Completed,3000
EMP-16340,CRS-102,Python for Data Engineering,Tech,2026-01-22,89,Completed,2500
EMP-16340,CRS-103,Power BI DAX Masterclass,Tech,2026-01-10,79,Completed,2000
EMP-15861,CRS-101,Advanced SQL & Performance Tuning,Tech,2024-08-14,89,Completed,1500
EMP-15861,CRS-102,Python for Data Engineering,Tech,2024-10-05,62,Failed,0
EMP-15861,CRS-102,Python for Data Engineering,Tech,2024-11-15,89,Completed,2500
EMP-15861,CRS-301,Cloud Security & Compliance,Compliance,2023-02-23,51,Failed,0
EMP-15861,CRS-301,Cloud Security & Compliance,Compliance,2023-04-20,83,Completed,3000
EMP-12148,CRS-201,Agile Project Management,Leadership,2023-07-01,93,Completed,1200
EMP-12148,CRS-103,Power BI DAX Masterclass,Tech,2025-12-21,82,Completed,2000
EMP-12148,CRS-301,Cloud Security & Compliance,Compliance,2023-09-09,57,Failed,0
EMP-12148,CRS-301,Cloud Security & Compliance,Compliance,2023-10-10,91,Completed,3000
EMP-16855,CRS-103,Power BI DAX Masterclass,Tech,2025-01-26,81,Completed,2000
EMP-13122,CRS-202,Cross-Cultural Business Communication,Soft Skills,2025-02-07,87,Completed,800
EMP-15231,CRS-101,Advanced SQL & Performance Tuning,Tech,2024-03-01,83,Completed,1500
EMP-15231,CRS-201,Agile Project Management,Leadership,2026-02-17,89,Completed,1200
EMP-13044,CRS-302,Modern Data Stack Architecture,Tech,2023-09-15,71,Completed,4000
EMP-13044,CRS-302,Modern Data Stack Architecture,Tech,2023-10-02,78,Completed,4000
EMP-13044,CRS-202,Cross-Cultural Business Communication,Soft Skills,2025-03-13,96,Completed,800
EMP-13044,CRS-301,Cloud Security & Compliance,Compliance,2026-02-12,66,Failed,0
EMP-13044,CRS-301,Cloud Security & Compliance,Compliance,2026-04-07,98,Completed,3000
EMP-13044,CRS-102,Python for Data Engineering,Tech,2024-06-13,87,Completed,2500
EMP-10888,CRS-102,Python for Data Engineering,Tech,2025-11-22,82,Completed,2500
EMP-15529,CRS-301,Cloud Security & Compliance,Compliance,2023-05-12,78,Completed,3000
EMP-11916,CRS-102,Python for Data Engineering,Tech,2025-03-30,91,Completed,2500
EMP-11916,CRS-301,Cloud Security & Compliance,Compliance,2023-12-16,88,Completed,3000
EMP-13863,CRS-103,Power BI DAX Masterclass,Tech,2024-09-01,70,Completed,2000
EMP-13863,CRS-103,Power BI DAX Masterclass,Tech,2024-10-11,99,Completed,2000
EMP-13863,CRS-201,Agile Project Management,Leadership,2023-09-25,93,Completed,1200
EMP-10206,CRS-102,Python for Data Engineering,Tech,2024-09-26,72,Completed,2500
EMP-10206,CRS-102,Python for Data Engineering,Tech,2024-10-12,87,Completed,2500
EMP-10206,CRS-101,Advanced SQL & Performance Tuning,Tech,2024-08-20,75,Completed,1500
EMP-15076,CRS-302,Modern Data Stack Architecture,Tech,2023-03-28,82,Completed,4000
EMP-15076,CRS-103,Power BI DAX Masterclass,Tech,2025-01-25,87,Completed,2000
EMP-14600,CRS-302,Modern Data Stack Architecture,Tech,2023-02-17,85,Completed,4000
EMP-12688,CRS-103,Power BI DAX Masterclass,Tech,2024-08-18,88,Completed,2000
EMP-14998,CRS-101,Advanced SQL & Performance Tuning,Tech,2023-08-12,77,Completed,1500
EMP-14998,CRS-102,Python for Data Engineering,Tech,2025-10-22,75,Completed,2500
EMP-11814,CRS-301,Cloud Security & Compliance,Compliance,2023-10-02,89,Completed,3000
EMP-15898,CRS-301,Cloud Security & Compliance,Compliance,2024-11-27,79,Completed,3000
EMP-10518,CRS-302,Modern Data Stack Architecture,Tech,2024-08-19,76,Completed,4000
EMP-15206,CRS-302,Modern Data Stack Architecture,Tech,2024-12-28,96,Completed,4000
EMP-13804,CRS-301,Cloud Security & Compliance,Compliance,2025-03-19,57,Failed,0
EMP-13804,CRS-301,Cloud Security & Compliance,Compliance,2025-04-08,77,Completed,3000
EMP-13804,CRS-101,Advanced SQL & Performance Tuning,Tech,2023-07-13,84,Completed,1500
EMP-12476,CRS-302,Modern Data Stack Architecture,Tech,2026-01-19,89,Completed,4000
EMP-12476,CRS-101,Advanced SQL & Performance Tuning,Tech,2024-05-08,72,Completed,1500
EMP-12476,CRS-101,Advanced SQL & Performance Tuning,Tech,2024-06-03,90,Completed,1500
EMP-15319,CRS-201,Agile Project Management,Leadership,2024-10-23,71,Completed,1200
EMP-15319,CRS-201,Agile Project Management,Leadership,2024-11-08,98,Completed,1200
EMP-13345,CRS-101,Advanced SQL & Performance Tuning,Tech,2025-10-31,94,Completed,1500
EMP-10956,CRS-101,Advanced SQL & Performance Tuning,Tech,2026-02-05,66,Failed,0
EMP-10956,CRS-101,Advanced SQL & Performance Tuning,Tech,2026-03-02,81,Completed,1500
EMP-10956,CRS-201,Agile Project Management,Leadership,2023-02-24,50,Failed,0
EMP-10956,CRS-201,Agile Project Management,Leadership,2023-04-05,78,Completed,1200
EMP-10956,CRS-202,Cross-Cultural Business Communication,Soft Skills,2026-01-30,96,Completed,800
EMP-10956,CRS-301,Cloud Security & Compliance,Compliance,2023-01-27,92,Completed,3000
EMP-11146,CRS-301,Cloud Security & Compliance,Compliance,2025-10-15,93,Completed,3000
EMP-10372,CRS-101,Advanced SQL & Performance Tuning,Tech,2024-03-13,81,Completed,1500
EMP-10372,CRS-301,Cloud Security & Compliance,Compliance,2024-12-09,54,Failed,0
EMP-10372,CRS-301,Cloud Security & Compliance,Compliance,2025-01-11,94,Completed,3000
EMP-10372,CRS-201,Agile Project Management,Leadership,2023-05-26,97,Completed,1200
EMP-10372,CRS-302,Modern Data Stack Architecture,Tech,2026-03-23,73,Completed,4000
EMP-10372,CRS-302,Modern Data Stack Architecture,Tech,2026-04-20,82,Completed,4000
EMP-10305,CRS-201,Agile Project Management,Leadership,2024-12-03,50,Failed,0
EMP-10305,CRS-201,Agile Project Management,Leadership,2025-01-12,81,Completed,1200
EMP-12494,CRS-301,Cloud Security & Compliance,Compliance,2023-11-19,89,Completed,3000
EMP-14036,CRS-102,Python for Data Engineering,Tech,2025-07-13,80,Completed,2500
EMP-10952,CRS-103,Power BI DAX Masterclass,Tech,2023-03-16,74,Completed,2000
EMP-10952,CRS-103,Power BI DAX Masterclass,Tech,2023-04-25,98,Completed,2000
EMP-10797,CRS-103,Power BI DAX Masterclass,Tech,2023-02-13,77,Completed,2000
EMP-15689,CRS-201,Agile Project Management,Leadership,2023-04-05,66,Failed,0
EMP-15689,CRS-201,Agile Project Management,Leadership,2023-04-27,88,Completed,1200
EMP-14404,CRS-101,Advanced SQL & Performance Tuning,Tech,2024-01-31,86,Completed,1500
EMP-14404,CRS-302,Modern Data Stack Architecture,Tech,2025-01-09,82,Completed,4000
EMP-16196,CRS-302,Modern Data Stack Architecture,Tech,2023-02-25,74,Completed,4000
EMP-16196,CRS-302,Modern Data Stack Architecture,Tech,2023-03-15,85,Completed,4000
EMP-13184,CRS-102,Python for Data Engineering,Tech,2024-03-23,98,Completed,2500
EMP-13184,CRS-101,Advanced SQL & Performance Tuning,Tech,2023-04-17,86,Completed,1500
EMP-13184,CRS-302,Modern Data Stack Architecture,Tech,2025-06-12,73,Completed,4000
EMP-13184,CRS-302,Modern Data Stack Architecture,Tech,2025-07-27,88,Completed,4000
EMP-16812,CRS-301,Cloud Security & Compliance,Compliance,2024-03-07,96,Completed,3000
EMP-16812,CRS-102,Python for Data Engineering,Tech,2023-03-24,77,Completed,2500
EMP-13040,CRS-302,Modern Data Stack Architecture,Tech,2025-07-05,80,Completed,4000
EMP-13040,CRS-202,Cross-Cultural Business Communication,Soft Skills,2025-09-03,93,Completed,800
EMP-15493,CRS-101,Advanced SQL & Performance Tuning,Tech,2024-03-10,90,Completed,1500
EMP-14426,CRS-101,Advanced SQL & Performance Tuning,Tech,2025-01-28,92,Completed,1500
EMP-14426,CRS-302,Modern Data Stack Architecture,Tech,2026-05-25,86,Completed,4000
EMP-13434,CRS-301,Cloud Security & Compliance,Compliance,2024-08-15,88,Completed,3000
EMP-13434,CRS-101,Advanced SQL & Performance Tuning,Tech,2023-02-02,78,Completed,1500
EMP-14812,CRS-302,Modern Data Stack Architecture,Tech,2026-05-09,89,Completed,4000
EMP-11266,CRS-202,Cross-Cultural Business Communication,Soft Skills,2026-03-18,97,Completed,800
EMP-16250,CRS-202,Cross-Cultural Business Communication,Soft Skills,2026-05-23,93,Completed,800
EMP-15366,CRS-302,Modern Data Stack Architecture,Tech,2023-07-03,66,Failed,0
EMP-15366,CRS-302,Modern Data Stack Architecture,Tech,2023-08-09,93,Completed,4000
EMP-15366,CRS-201,Agile Project Management,Leadership,2025-02-25,68,Failed,0
EMP-15366,CRS-201,Agile Project Management,Leadership,2025-04-16,78,Completed,1200
EMP-10812,CRS-302,Modern Data Stack Architecture,Tech,2025-10-21,88,Completed,4000
EMP-14009,CRS-102,Python for Data Engineering,Tech,2024-01-14,79,Completed,2500
EMP-14009,CRS-302,Modern Data Stack Architecture,Tech,2025-05-30,88,Completed,4000
EMP-14009,CRS-301,Cloud Security & Compliance,Compliance,2023-04-23,89,Completed,3000
EMP-14009,CRS-101,Advanced SQL & Performance Tuning,Tech,2026-02-16,74,Completed,1500
EMP-14009,CRS-101,Advanced SQL & Performance Tuning,Tech,2026-03-09,89,Completed,1500
EMP-15044,CRS-101,Advanced SQL & Performance Tuning,Tech,2025-06-24,93,Completed,1500
EMP-15044,CRS-301,Cloud Security & Compliance,Compliance,2026-02-24,86,Completed,3000
EMP-13344,CRS-301,Cloud Security & Compliance,Compliance,2026-05-18,90,Completed,3000
EMP-12292,CRS-102,Python for Data Engineering,Tech,2024-08-06,98,Completed,2500
EMP-12292,CRS-301,Cloud Security & Compliance,Compliance,2025-04-14,74,Completed,3000
EMP-12292,CRS-301,Cloud Security & Compliance,Compliance,2025-06-03,94,Completed,3000
EMP-12292,CRS-202,Cross-Cultural Business Communication,Soft Skills,2025-06-08,70,Completed,800
EMP-12292,CRS-202,Cross-Cultural Business Communication,Soft Skills,2025-07-01,87,Completed,800
EMP-12292,CRS-101,Advanced SQL & Performance Tuning,Tech,2026-04-24,87,Completed,1500
EMP-10269,CRS-103,Power BI DAX Masterclass,Tech,2023-07-11,82,Completed,2000
EMP-16116,CRS-301,Cloud Security & Compliance,Compliance,2023-05-30,70,Completed,3000
EMP-16116,CRS-301,Cloud Security & Compliance,Compliance,2023-07-10,78,Completed,3000
EMP-11780,CRS-301,Cloud Security & Compliance,Compliance,2024-01-25,80,Completed,3000
EMP-11780,CRS-102,Python for Data Engineering,Tech,2023-09-04,96,Completed,2500
EMP-13633,CRS-202,Cross-Cultural Business Communication,Soft Skills,2023-11-02,88,Completed,800
EMP-13643,CRS-202,Cross-Cultural Business Communication,Soft Skills,2024-07-10,51,Failed,0
EMP-13643,CRS-202,Cross-Cultural Business Communication,Soft Skills,2024-08-03,90,Completed,800
EMP-11935,CRS-101,Advanced SQL & Performance Tuning,Tech,2025-11-18,89,Completed,1500
EMP-11935,CRS-302,Modern Data Stack Architecture,Tech,2025-03-08,52,Failed,0
EMP-11935,CRS-302,Modern Data Stack Architecture,Tech,2025-04-15,91,Completed,4000
EMP-12972,CRS-101,Advanced SQL & Performance Tuning,Tech,2024-01-31,80,Completed,1500
EMP-10814,CRS-101,Advanced SQL & Performance Tuning,Tech,2025-02-07,71,Completed,1500
EMP-10814,CRS-101,Advanced SQL & Performance Tuning,Tech,2025-03-10,77,Completed,1500
EMP-10814,CRS-302,Modern Data Stack Architecture,Tech,2024-08-23,72,Completed,4000
EMP-10814,CRS-302,Modern Data Stack Architecture,Tech,2024-09-26,76,Completed,4000
EMP-10814,CRS-301,Cloud Security & Compliance,Compliance,2025-07-17,94,Completed,3000
EMP-13010,CRS-102,Python for Data Engineering,Tech,2025-06-26,63,Failed,0
EMP-13010,CRS-102,Python for Data Engineering,Tech,2025-08-25,86,Completed,2500
EMP-13010,CRS-202,Cross-Cultural Business Communication,Soft Skills,2024-03-27,58,Failed,0
EMP-13010,CRS-202,Cross-Cultural Business Communication,Soft Skills,2024-05-11,89,Completed,800
EMP-14461,CRS-103,Power BI DAX Masterclass,Tech,2025-03-11,71,Completed,2000
EMP-14461,CRS-103,Power BI DAX Masterclass,Tech,2025-04-22,79,Completed,2000
EMP-15283,CRS-302,Modern Data Stack Architecture,Tech,2023-09-24,74,Completed,4000
EMP-15283,CRS-302,Modern Data Stack Architecture,Tech,2023-11-12,100,Completed,4000
EMP-15283,CRS-201,Agile Project Management,Leadership,2023-07-08,93,Completed,1200
EMP-12939,CRS-201,Agile Project Management,Leadership,2023-04-08,88,Completed,1200
EMP-16689,CRS-302,Modern Data Stack Architecture,Tech,2023-02-16,99,Completed,4000
EMP-16689,CRS-103,Power BI DAX Masterclass,Tech,2025-12-28,72,Completed,2000
EMP-16689,CRS-103,Power BI DAX Masterclass,Tech,2026-01-23,81,Completed,2000
EMP-13262,CRS-101,Advanced SQL & Performance Tuning,Tech,2023-09-29,81,Completed,1500
EMP-12261,CRS-103,Power BI DAX Masterclass,Tech,2025-04-01,84,Completed,2000
EMP-11555,CRS-101,Advanced SQL & Performance Tuning,Tech,2024-02-24,55,Failed,0
EMP-11555,CRS-101,Advanced SQL & Performance Tuning,Tech,2024-04-16,80,Completed,1500
EMP-11001,CRS-101,Advanced SQL & Performance Tuning,Tech,2024-03-24,77,Completed,1500
EMP-15550,CRS-103,Power BI DAX Masterclass,Tech,2026-01-23,81,Completed,2000
EMP-15550,CRS-102,Python for Data Engineering,Tech,2024-01-25,56,Failed,0
EMP-15550,CRS-102,Python for Data Engineering,Tech,2024-03-21,92,Completed,2500
EMP-15550,CRS-201,Agile Project Management,Leadership,2024-08-30,78,Completed,1200
EMP-15550,CRS-202,Cross-Cultural Business Communication,Soft Skills,2023-12-12,68,Failed,0
EMP-15550,CRS-202,Cross-Cultural Business Communication,Soft Skills,2024-01-20,84,Completed,800
EMP-10751,CRS-302,Modern Data Stack Architecture,Tech,2025-06-02,79,Completed,4000
EMP-10751,CRS-101,Advanced SQL & Performance Tuning,Tech,2024-04-29,76,Completed,1500
EMP-15430,CRS-201,Agile Project Management,Leadership,2023-08-10,98,Completed,1200
EMP-15430,CRS-302,Modern Data Stack Architecture,Tech,2025-10-20,75,Completed,4000
EMP-15430,CRS-202,Cross-Cultural Business Communication,Soft Skills,2023-06-03,96,Completed,800
EMP-16070,CRS-201,Agile Project Management,Leadership,2026-04-21,96,Completed,1200
EMP-15257,CRS-103,Power BI DAX Masterclass,Tech,2025-05-09,88,Completed,2000
EMP-15257,CRS-202,Cross-Cultural Business Communication,Soft Skills,2025-10-03,84,Completed,800
EMP-17000,CRS-302,Modern Data Stack Architecture,Tech,2024-04-19,77,Completed,4000
EMP-14892,CRS-102,Python for Data Engineering,Tech,2025-04-16,80,Completed,2500
EMP-14892,CRS-202,Cross-Cultural Business Communication,Soft Skills,2025-07-09,85,Completed,800
EMP-14892,CRS-103,Power BI DAX Masterclass,Tech,2026-04-20,93,Completed,2000
EMP-10175,CRS-101,Advanced SQL & Performance Tuning,Tech,2025-07-17,65,Failed,0
EMP-10175,CRS-101,Advanced SQL & Performance Tuning,Tech,2025-08-31,82,Completed,1500
EMP-16667,CRS-202,Cross-Cultural Business Communication,Soft Skills,2025-01-17,82,Completed,800
EMP-16667,CRS-102,Python for Data Engineering,Tech,2023-06-22,75,Completed,2500
EMP-16667,CRS-101,Advanced SQL & Performance Tuning,Tech,2024-12-16,91,Completed,1500
EMP-16521,CRS-301,Cloud Security & Compliance,Compliance,2024-11-17,84,Completed,3000
EMP-16521,CRS-302,Modern Data Stack Architecture,Tech,2024-06-26,88,Completed,4000
EMP-16521,CRS-103,Power BI DAX Masterclass,Tech,2023-05-30,90,Completed,2000
EMP-16521,CRS-101,Advanced SQL & Performance Tuning,Tech,2023-12-23,52,Failed,0
EMP-16521,CRS-101,Advanced SQL & Performance Tuning,Tech,2024-02-11,87,Completed,1500
EMP-11996,CRS-302,Modern Data Stack Architecture,Tech,2024-04-26,89,Completed,4000
EMP-11996,CRS-202,Cross-Cultural Business Communication,Soft Skills,2024-08-14,67,Failed,0
EMP-11996,CRS-202,Cross-Cultural Business Communication,Soft Skills,2024-09-07,79,Completed,800
EMP-11996,CRS-101,Advanced SQL & Performance Tuning,Tech,2023-03-19,60,Failed,0
EMP-11996,CRS-101,Advanced SQL & Performance Tuning,Tech,2023-05-10,97,Completed,1500
EMP-11996,CRS-103,Power BI DAX Masterclass,Tech,2024-04-15,83,Completed,2000
EMP-11032,CRS-301,Cloud Security & Compliance,Compliance,2025-11-05,59,Failed,0
EMP-11032,CRS-301,Cloud Security & Compliance,Compliance,2025-12-27,85,Completed,3000
EMP-11032,CRS-103,Power BI DAX Masterclass,Tech,2025-11-14,67,Failed,0
EMP-11032,CRS-103,Power BI DAX Masterclass,Tech,2025-12-03,84,Completed,2000
EMP-14626,CRS-301,Cloud Security & Compliance,Compliance,2026-01-22,84,Completed,3000
EMP-11682,CRS-101,Advanced SQL & Performance Tuning,Tech,2025-06-22,81,Completed,1500
EMP-11682,CRS-301,Cloud Security & Compliance,Compliance,2024-04-26,82,Completed,3000
EMP-16171,CRS-202,Cross-Cultural Business Communication,Soft Skills,2024-01-18,99,Completed,800
EMP-14541,CRS-302,Modern Data Stack Architecture,Tech,2023-06-09,72,Completed,4000
EMP-14541,CRS-302,Modern Data Stack Architecture,Tech,2023-08-04,89,Completed,4000
EMP-11698,CRS-202,Cross-Cultural Business Communication,Soft Skills,2025-10-05,62,Failed,0
EMP-11698,CRS-202,Cross-Cultural Business Communication,Soft Skills,2025-11-27,93,Completed,800
EMP-14804,CRS-202,Cross-Cultural Business Communication,Soft Skills,2023-09-23,86,Completed,800
EMP-14804,CRS-201,Agile Project Management,Leadership,2025-10-08,95,Completed,1200
EMP-14804,CRS-102,Python for Data Engineering,Tech,2024-10-13,70,Completed,2500
EMP-14804,CRS-102,Python for Data Engineering,Tech,2024-11-07,96,Completed,2500
EMP-11770,CRS-102,Python for Data Engineering,Tech,2023-04-17,58,Failed,0
EMP-11770,CRS-102,Python for Data Engineering,Tech,2023-05-24,99,Completed,2500
EMP-11770,CRS-103,Power BI DAX Masterclass,Tech,2025-03-10,93,Completed,2000
EMP-11909,CRS-202,Cross-Cultural Business Communication,Soft Skills,2023-03-04,75,Completed,800
EMP-11909,CRS-101,Advanced SQL & Performance Tuning,Tech,2026-01-14,94,Completed,1500
EMP-15700,CRS-103,Power BI DAX Masterclass,Tech,2025-12-08,84,Completed,2000
EMP-15700,CRS-302,Modern Data Stack Architecture,Tech,2024-02-06,81,Completed,4000
EMP-15700,CRS-102,Python for Data Engineering,Tech,2024-08-25,90,Completed,2500
EMP-16317,CRS-301,Cloud Security & Compliance,Compliance,2025-03-12,97,Completed,3000
EMP-16317,CRS-202,Cross-Cultural Business Communication,Soft Skills,2026-01-23,68,Failed,0
EMP-16317,CRS-202,Cross-Cultural Business Communication,Soft Skills,2026-03-03,80,Completed,800
EMP-16317,CRS-302,Modern Data Stack Architecture,Tech,2024-06-17,91,Completed,4000
EMP-16317,CRS-103,Power BI DAX Masterclass,Tech,2024-11-02,87,Completed,2000
EMP-14883,CRS-201,Agile Project Management,Leadership,2024-12-04,75,Completed,1200
EMP-14883,CRS-102,Python for Data Engineering,Tech,2023-12-18,100,Completed,2500
EMP-10024,CRS-102,Python for Data Engineering,Tech,2026-05-30,73,Completed,2500
EMP-10024,CRS-103,Power BI DAX Masterclass,Tech,2023-08-06,92,Completed,2000
EMP-10024,CRS-202,Cross-Cultural Business Communication,Soft Skills,2025-01-19,100,Completed,800
EMP-16276,CRS-201,Agile Project Management,Leadership,2024-10-26,89,Completed,1200
EMP-16276,CRS-202,Cross-Cultural Business Communication,Soft Skills,2025-09-25,96,Completed,800
EMP-11186,CRS-103,Power BI DAX Masterclass,Tech,2023-09-03,96,Completed,2000
EMP-11065,CRS-101,Advanced SQL & Performance Tuning,Tech,2025-09-18,71,Completed,1500
EMP-11065,CRS-101,Advanced SQL & Performance Tuning,Tech,2025-11-16,85,Completed,1500
EMP-11065,CRS-201,Agile Project Management,Leadership,2026-04-06,78,Completed,1200
EMP-11065,CRS-202,Cross-Cultural Business Communication,Soft Skills,2023-06-26,76,Completed,800
EMP-15509,CRS-103,Power BI DAX Masterclass,Tech,2025-07-18,80,Completed,2000
EMP-15599,CRS-102,Python for Data Engineering,Tech,2023-12-22,89,Completed,2500
EMP-11430,CRS-201,Agile Project Management,Leadership,2023-07-19,95,Completed,1200
EMP-11430,CRS-301,Cloud Security & Compliance,Compliance,2024-10-11,70,Completed,3000
EMP-11430,CRS-301,Cloud Security & Compliance,Compliance,2024-11-11,79,Completed,3000
EMP-11430,CRS-202,Cross-Cultural Business Communication,Soft Skills,2023-08-12,100,Completed,800
EMP-10901,CRS-302,Modern Data Stack Architecture,Tech,2024-12-25,84,Completed,4000
EMP-15416,CRS-101,Advanced SQL & Performance Tuning,Tech,2026-04-26,85,Completed,1500
EMP-15416,CRS-301,Cloud Security & Compliance,Compliance,2026-05-24,94,Completed,3000
EMP-16591,CRS-102,Python for Data Engineering,Tech,2024-04-26,86,Completed,2500
EMP-11080,CRS-201,Agile Project Management,Leadership,2023-10-08,87,Completed,1200
EMP-11080,CRS-102,Python for Data Engineering,Tech,2025-05-26,71,Completed,2500
EMP-11080,CRS-102,Python for Data Engineering,Tech,2025-07-16,91,Completed,2500
EMP-10122,CRS-302,Modern Data Stack Architecture,Tech,2025-07-10,84,Completed,4000
EMP-12935,CRS-102,Python for Data Engineering,Tech,2025-11-10,93,Completed,2500
EMP-12935,CRS-201,Agile Project Management,Leadership,2024-07-26,90,Completed,1200
EMP-12935,CRS-103,Power BI DAX Masterclass,Tech,2026-04-19,100,Completed,2000
EMP-16720,CRS-302,Modern Data Stack Architecture,Tech,2024-08-12,55,Failed,0
EMP-16720,CRS-302,Modern Data Stack Architecture,Tech,2024-10-04,78,Completed,4000
EMP-16720,CRS-301,Cloud Security & Compliance,Compliance,2023-06-19,63,Failed,0
EMP-16720,CRS-301,Cloud Security & Compliance,Compliance,2023-07-03,76,Completed,3000
EMP-16720,CRS-202,Cross-Cultural Business Communication,Soft Skills,2023-03-29,95,Completed,800
EMP-14824,CRS-202,Cross-Cultural Business Communication,Soft Skills,2024-04-20,100,Completed,800
EMP-14824,CRS-301,Cloud Security & Compliance,Compliance,2023-08-26,97,Completed,3000
EMP-12653,CRS-103,Power BI DAX Masterclass,Tech,2024-11-27,71,Completed,2000
EMP-12653,CRS-103,Power BI DAX Masterclass,Tech,2025-01-20,95,Completed,2000
EMP-10130,CRS-301,Cloud Security & Compliance,Compliance,2024-01-09,79,Completed,3000
EMP-11428,CRS-202,Cross-Cultural Business Communication,Soft Skills,2025-03-01,89,Completed,800
EMP-11428,CRS-302,Modern Data Stack Architecture,Tech,2025-10-01,85,Completed,4000
EMP-11428,CRS-201,Agile Project Management,Leadership,2024-03-30,84,Completed,1200
EMP-12174,CRS-301,Cloud Security & Compliance,Compliance,2025-04-26,54,Failed,0
EMP-12174,CRS-301,Cloud Security & Compliance,Compliance,2025-06-02,91,Completed,3000
EMP-12174,CRS-103,Power BI DAX Masterclass,Tech,2023-12-10,79,Completed,2000
EMP-10430,CRS-202,Cross-Cultural Business Communication,Soft Skills,2023-10-01,56,Failed,0
EMP-10430,CRS-202,Cross-Cultural Business Communication,Soft Skills,2023-10-27,94,Completed,800
EMP-10430,CRS-102,Python for Data Engineering,Tech,2023-10-21,90,Completed,2500
EMP-10430,CRS-301,Cloud Security & Compliance,Compliance,2023-07-09,82,Completed,3000
EMP-10430,CRS-101,Advanced SQL & Performance Tuning,Tech,2023-07-04,77,Completed,1500
EMP-11039,CRS-102,Python for Data Engineering,Tech,2026-02-06,64,Failed,0
EMP-11039,CRS-102,Python for Data Engineering,Tech,2026-03-02,99,Completed,2500
EMP-13449,CRS-202,Cross-Cultural Business Communication,Soft Skills,2023-06-28,75,Completed,800
EMP-14310,CRS-201,Agile Project Management,Leadership,2024-06-17,87,Completed,1200
EMP-14310,CRS-302,Modern Data Stack Architecture,Tech,2025-09-17,82,Completed,4000
EMP-14310,CRS-103,Power BI DAX Masterclass,Tech,2026-03-15,51,Failed,0
EMP-14310,CRS-103,Power BI DAX Masterclass,Tech,2026-04-03,91,Completed,2000
EMP-10932,CRS-302,Modern Data Stack Architecture,Tech,2025-02-22,77,Completed,4000
EMP-10932,CRS-301,Cloud Security & Compliance,Compliance,2025-03-14,87,Completed,3000
EMP-10932,CRS-201,Agile Project Management,Leadership,2025-06-19,90,Completed,1200
EMP-16835,CRS-301,Cloud Security & Compliance,Compliance,2024-03-16,84,Completed,3000
EMP-13902,CRS-202,Cross-Cultural Business Communication,Soft Skills,2026-04-08,100,Completed,800
EMP-13902,CRS-301,Cloud Security & Compliance,Compliance,2023-03-01,75,Completed,3000
EMP-13673,CRS-202,Cross-Cultural Business Communication,Soft Skills,2024-03-14,98,Completed,800
EMP-13673,CRS-302,Modern Data Stack Architecture,Tech,2023-07-26,95,Completed,4000
EMP-16851,CRS-101,Advanced SQL & Performance Tuning,Tech,2024-04-28,67,Failed,0
EMP-16851,CRS-101,Advanced SQL & Performance Tuning,Tech,2024-05-22,85,Completed,1500
EMP-16851,CRS-301,Cloud Security & Compliance,Compliance,2025-01-14,95,Completed,3000
EMP-16851,CRS-103,Power BI DAX Masterclass,Tech,2026-01-11,80,Completed,2000
EMP-14205,CRS-201,Agile Project Management,Leadership,2023-09-08,93,Completed,1200
EMP-14864,CRS-201,Agile Project Management,Leadership,2023-11-27,79,Completed,1200
EMP-14864,CRS-102,Python for Data Engineering,Tech,2023-02-10,80,Completed,2500
EMP-10894,CRS-302,Modern Data Stack Architecture,Tech,2025-10-17,92,Completed,4000
EMP-13703,CRS-201,Agile Project Management,Leadership,2026-05-21,68,Failed,0
EMP-14128,CRS-101,Advanced SQL & Performance Tuning,Tech,2023-11-28,80,Completed,1500
EMP-11815,CRS-201,Agile Project Management,Leadership,2023-08-19,85,Completed,1200
EMP-11815,CRS-202,Cross-Cultural Business Communication,Soft Skills,2024-10-31,88,Completed,800
EMP-11815,CRS-302,Modern Data Stack Architecture,Tech,2025-11-28,57,Failed,0
EMP-11815,CRS-302,Modern Data Stack Architecture,Tech,2026-01-24,99,Completed,4000
EMP-15039,CRS-102,Python for Data Engineering,Tech,2026-01-27,56,Failed,0
EMP-15039,CRS-102,Python for Data Engineering,Tech,2026-02-12,83,Completed,2500
EMP-15039,CRS-103,Power BI DAX Masterclass,Tech,2026-02-09,89,Completed,2000
EMP-15039,CRS-201,Agile Project Management,Leadership,2025-08-11,86,Completed,1200
EMP-15039,CRS-101,Advanced SQL & Performance Tuning,Tech,2026-03-11,81,Completed,1500
EMP-16942,CRS-301,Cloud Security & Compliance,Compliance,2025-02-01,81,Completed,3000
EMP-16942,CRS-302,Modern Data Stack Architecture,Tech,2025-12-31,62,Failed,0
EMP-16942,CRS-302,Modern Data Stack Architecture,Tech,2026-01-16,81,Completed,4000
EMP-16351,CRS-103,Power BI DAX Masterclass,Tech,2024-04-28,62,Failed,0
EMP-16351,CRS-103,Power BI DAX Masterclass,Tech,2024-06-17,100,Completed,2000
EMP-14272,CRS-101,Advanced SQL & Performance Tuning,Tech,2023-05-17,96,Completed,1500
EMP-14272,CRS-201,Agile Project Management,Leadership,2024-03-06,98,Completed,1200
EMP-16126,CRS-302,Modern Data Stack Architecture,Tech,2023-11-02,75,Completed,4000
EMP-13753,CRS-202,Cross-Cultural Business Communication,Soft Skills,2024-12-14,72,Completed,800
EMP-13753,CRS-202,Cross-Cultural Business Communication,Soft Skills,2025-01-27,83,Completed,800
EMP-13753,CRS-301,Cloud Security & Compliance,Compliance,2025-11-13,71,Completed,3000
EMP-13753,CRS-301,Cloud Security & Compliance,Compliance,2025-12-09,75,Completed,3000
EMP-15271,CRS-201,Agile Project Management,Leadership,2024-03-06,68,Failed,0
EMP-15271,CRS-201,Agile Project Management,Leadership,2024-03-27,79,Completed,1200
EMP-15271,CRS-101,Advanced SQL & Performance Tuning,Tech,2025-03-25,90,Completed,1500
EMP-10256,CRS-102,Python for Data Engineering,Tech,2023-11-19,97,Completed,2500
EMP-10499,CRS-201,Agile Project Management,Leadership,2025-08-13,54,Failed,0
EMP-10499,CRS-201,Agile Project Management,Leadership,2025-10-09,77,Completed,1200
EMP-10499,CRS-302,Modern Data Stack Architecture,Tech,2023-08-26,82,Completed,4000
EMP-13924,CRS-102,Python for Data Engineering,Tech,2023-03-27,89,Completed,2500
EMP-13291,CRS-301,Cloud Security & Compliance,Compliance,2024-12-03,94,Completed,3000
EMP-13493,CRS-202,Cross-Cultural Business Communication,Soft Skills,2024-03-14,79,Completed,800
EMP-10885,CRS-103,Power BI DAX Masterclass,Tech,2024-03-02,70,Completed,2000
EMP-10885,CRS-103,Power BI DAX Masterclass,Tech,2024-04-14,95,Completed,2000
EMP-14017,CRS-302,Modern Data Stack Architecture,Tech,2023-08-01,94,Completed,4000
EMP-14017,CRS-103,Power BI DAX Masterclass,Tech,2023-12-27,72,Completed,2000
EMP-14017,CRS-103,Power BI DAX Masterclass,Tech,2024-02-14,96,Completed,2000
EMP-14017,CRS-202,Cross-Cultural Business Communication,Soft Skills,2025-03-19,74,Completed,800
EMP-14017,CRS-202,Cross-Cultural Business Communication,Soft Skills,2025-04-02,93,Completed,800
EMP-13634,CRS-102,Python for Data Engineering,Tech,2026-05-06,59,Failed,0
EMP-13634,CRS-302,Modern Data Stack Architecture,Tech,2024-02-01,100,Completed,4000
EMP-10603,CRS-302,Modern Data Stack Architecture,Tech,2023-05-16,95,Completed,4000
EMP-10662,CRS-202,Cross-Cultural Business Communication,Soft Skills,2024-12-08,94,Completed,800
EMP-10662,CRS-302,Modern Data Stack Architecture,Tech,2025-10-13,50,Failed,0
EMP-10662,CRS-302,Modern Data Stack Architecture,Tech,2025-11-25,78,Completed,4000
EMP-12639,CRS-102,Python for Data Engineering,Tech,2025-05-18,87,Completed,2500
EMP-14984,CRS-103,Power BI DAX Masterclass,Tech,2023-09-24,56,Failed,0
EMP-14984,CRS-103,Power BI DAX Masterclass,Tech,2023-10-12,98,Completed,2000
EMP-11216,CRS-101,Advanced SQL & Performance Tuning,Tech,2025-09-13,51,Failed,0
EMP-11216,CRS-101,Advanced SQL & Performance Tuning,Tech,2025-11-05,80,Completed,1500
EMP-11216,CRS-102,Python for Data Engineering,Tech,2025-09-08,87,Completed,2500
EMP-10539,CRS-202,Cross-Cultural Business Communication,Soft Skills,2023-05-06,93,Completed,800
EMP-11034,CRS-201,Agile Project Management,Leadership,2026-04-24,83,Completed,1200
EMP-12253,CRS-103,Power BI DAX Masterclass,Tech,2025-12-23,80,Completed,2000
EMP-15115,CRS-102,Python for Data Engineering,Tech,2024-08-07,51,Failed,0
EMP-15115,CRS-102,Python for Data Engineering,Tech,2024-08-22,94,Completed,2500
EMP-15115,CRS-301,Cloud Security & Compliance,Compliance,2025-01-13,100,Completed,3000
EMP-15115,CRS-101,Advanced SQL & Performance Tuning,Tech,2025-07-13,83,Completed,1500
EMP-15115,CRS-302,Modern Data Stack Architecture,Tech,2024-09-23,72,Completed,4000
EMP-15115,CRS-302,Modern Data Stack Architecture,Tech,2024-11-13,96,Completed,4000
EMP-15187,CRS-103,Power BI DAX Masterclass,Tech,2024-08-06,96,Completed,2000
EMP-15187,CRS-302,Modern Data Stack Architecture,Tech,2024-05-19,85,Completed,4000
EMP-15850,CRS-302,Modern Data Stack Architecture,Tech,2024-05-29,64,Failed,0
EMP-15850,CRS-302,Modern Data Stack Architecture,Tech,2024-06-14,92,Completed,4000
EMP-14493,CRS-101,Advanced SQL & Performance Tuning,Tech,2025-11-19,71,Completed,1500
EMP-14493,CRS-101,Advanced SQL & Performance Tuning,Tech,2025-12-29,92,Completed,1500
EMP-12664,CRS-201,Agile Project Management,Leadership,2025-03-27,94,Completed,1200
EMP-13121,CRS-201,Agile Project Management,Leadership,2025-11-23,51,Failed,0
EMP-13121,CRS-201,Agile Project Management,Leadership,2025-12-13,100,Completed,1200
EMP-14894,CRS-103,Power BI DAX Masterclass,Tech,2023-08-08,54,Failed,0
EMP-14894,CRS-103,Power BI DAX Masterclass,Tech,2023-10-07,78,Completed,2000
EMP-14894,CRS-201,Agile Project Management,Leadership,2024-12-02,51,Failed,0
EMP-14894,CRS-201,Agile Project Management,Leadership,2025-01-17,76,Completed,1200
EMP-14347,CRS-101,Advanced SQL & Performance Tuning,Tech,2024-05-19,84,Completed,1500
EMP-12416,CRS-101,Advanced SQL & Performance Tuning,Tech,2024-08-12,86,Completed,1500
EMP-15548,CRS-102,Python for Data Engineering,Tech,2025-03-31,73,Completed,2500
EMP-15548,CRS-102,Python for Data Engineering,Tech,2025-04-15,75,Completed,2500
EMP-14142,CRS-102,Python for Data Engineering,Tech,2025-12-24,91,Completed,2500
EMP-14142,CRS-103,Power BI DAX Masterclass,Tech,2025-05-22,89,Completed,2000
EMP-14960,CRS-101,Advanced SQL & Performance Tuning,Tech,2026-02-23,80,Completed,1500
EMP-13525,CRS-302,Modern Data Stack Architecture,Tech,2026-05-28,75,Completed,4000
EMP-13525,CRS-102,Python for Data Engineering,Tech,2025-06-19,96,Completed,2500
EMP-15937,CRS-302,Modern Data Stack Architecture,Tech,2023-11-01,81,Completed,4000
EMP-16158,CRS-302,Modern Data Stack Architecture,Tech,2025-08-30,50,Failed,0
EMP-16158,CRS-302,Modern Data Stack Architecture,Tech,2025-09-30,87,Completed,4000
EMP-16158,CRS-102,Python for Data Engineering,Tech,2025-04-29,73,Completed,2500
EMP-16158,CRS-102,Python for Data Engineering,Tech,2025-06-03,95,Completed,2500
EMP-15711,CRS-302,Modern Data Stack Architecture,Tech,2023-08-27,84,Completed,4000
EMP-15711,CRS-101,Advanced SQL & Performance Tuning,Tech,2025-08-15,99,Completed,1500
EMP-15333,CRS-301,Cloud Security & Compliance,Compliance,2024-06-21,77,Completed,3000
EMP-14517,CRS-101,Advanced SQL & Performance Tuning,Tech,2024-07-06,70,Completed,1500
EMP-14517,CRS-101,Advanced SQL & Performance Tuning,Tech,2024-08-31,97,Completed,1500
EMP-14517,CRS-301,Cloud Security & Compliance,Compliance,2023-05-15,95,Completed,3000
EMP-14517,CRS-202,Cross-Cultural Business Communication,Soft Skills,2024-06-07,89,Completed,800
EMP-11762,CRS-103,Power BI DAX Masterclass,Tech,2025-10-14,95,Completed,2000
EMP-11762,CRS-301,Cloud Security & Compliance,Compliance,2025-10-06,57,Failed,0
EMP-11762,CRS-301,Cloud Security & Compliance,Compliance,2025-11-18,93,Completed,3000
EMP-11762,CRS-202,Cross-Cultural Business Communication,Soft Skills,2025-06-18,96,Completed,800
EMP-13524,CRS-301,Cloud Security & Compliance,Compliance,2023-07-29,99,Completed,3000
EMP-13524,CRS-103,Power BI DAX Masterclass,Tech,2023-07-23,76,Completed,2000
EMP-13700,CRS-201,Agile Project Management,Leadership,2024-05-23,96,Completed,1200
EMP-13700,CRS-302,Modern Data Stack Architecture,Tech,2024-10-22,75,Completed,4000
EMP-13700,CRS-202,Cross-Cultural Business Communication,Soft Skills,2025-11-21,89,Completed,800
EMP-13700,CRS-103,Power BI DAX Masterclass,Tech,2026-03-10,89,Completed,2000
EMP-11872,CRS-301,Cloud Security & Compliance,Compliance,2024-06-24,98,Completed,3000
EMP-13390,CRS-301,Cloud Security & Compliance,Compliance,2025-08-14,86,Completed,3000
EMP-13390,CRS-102,Python for Data Engineering,Tech,2026-01-12,55,Failed,0
EMP-13390,CRS-102,Python for Data Engineering,Tech,2026-01-29,80,Completed,2500
EMP-13390,CRS-101,Advanced SQL & Performance Tuning,Tech,2023-02-26,73,Completed,1500
EMP-13390,CRS-101,Advanced SQL & Performance Tuning,Tech,2023-04-15,100,Completed,1500
EMP-13390,CRS-302,Modern Data Stack Architecture,Tech,2023-06-21,81,Completed,4000
EMP-12777,CRS-202,Cross-Cultural Business Communication,Soft Skills,2026-05-04,98,Completed,800
EMP-12777,CRS-302,Modern Data Stack Architecture,Tech,2026-04-12,64,Failed,0
EMP-12777,CRS-302,Modern Data Stack Architecture,Tech,2026-05-03,77,Completed,4000
EMP-13716,CRS-101,Advanced SQL & Performance Tuning,Tech,2025-11-06,96,Completed,1500
EMP-13716,CRS-301,Cloud Security & Compliance,Compliance,2023-05-25,99,Completed,3000
EMP-13716,CRS-202,Cross-Cultural Business Communication,Soft Skills,2024-06-16,59,Failed,0
EMP-13716,CRS-202,Cross-Cultural Business Communication,Soft Skills,2024-07-07,89,Completed,800
EMP-13716,CRS-103,Power BI DAX Masterclass,Tech,2024-12-30,86,Completed,2000
EMP-13267,CRS-201,Agile Project Management,Leadership,2025-11-04,84,Completed,1200
EMP-13408,CRS-101,Advanced SQL & Performance Tuning,Tech,2024-06-15,71,Completed,1500
EMP-13408,CRS-101,Advanced SQL & Performance Tuning,Tech,2024-07-19,90,Completed,1500
EMP-13408,CRS-302,Modern Data Stack Architecture,Tech,2023-07-11,96,Completed,4000
EMP-10779,CRS-103,Power BI DAX Masterclass,Tech,2025-04-05,94,Completed,2000
EMP-10779,CRS-202,Cross-Cultural Business Communication,Soft Skills,2023-06-22,86,Completed,800
EMP-12561,CRS-202,Cross-Cultural Business Communication,Soft Skills,2023-12-05,91,Completed,800
EMP-12561,CRS-103,Power BI DAX Masterclass,Tech,2025-10-30,84,Completed,2000
EMP-13497,CRS-301,Cloud Security & Compliance,Compliance,2025-09-04,51,Failed,0
EMP-13497,CRS-301,Cloud Security & Compliance,Compliance,2025-10-10,82,Completed,3000
EMP-15373,CRS-103,Power BI DAX Masterclass,Tech,2026-04-04,73,Completed,2000
EMP-15373,CRS-103,Power BI DAX Masterclass,Tech,2026-04-20,90,Completed,2000
EMP-15373,CRS-101,Advanced SQL & Performance Tuning,Tech,2026-02-04,75,Completed,1500
EMP-12089,CRS-302,Modern Data Stack Architecture,Tech,2026-02-06,77,Completed,4000
EMP-12089,CRS-301,Cloud Security & Compliance,Compliance,2025-02-11,73,Completed,3000
EMP-12089,CRS-301,Cloud Security & Compliance,Compliance,2025-03-26,93,Completed,3000
EMP-13067,CRS-302,Modern Data Stack Architecture,Tech,2025-03-26,79,Completed,4000
EMP-13067,CRS-301,Cloud Security & Compliance,Compliance,2026-05-23,92,Completed,3000
EMP-11251,CRS-201,Agile Project Management,Leadership,2024-05-24,99,Completed,1200
EMP-11251,CRS-302,Modern Data Stack Architecture,Tech,2023-02-22,84,Completed,4000
EMP-11251,CRS-202,Cross-Cultural Business Communication,Soft Skills,2023-11-07,52,Failed,0
EMP-11251,CRS-202,Cross-Cultural Business Communication,Soft Skills,2023-12-26,85,Completed,800
EMP-13886,CRS-102,Python for Data Engineering,Tech,2023-11-24,88,Completed,2500
EMP-10550,CRS-201,Agile Project Management,Leadership,2026-01-24,70,Completed,1200
EMP-10550,CRS-201,Agile Project Management,Leadership,2026-03-15,100,Completed,1200
EMP-10550,CRS-103,Power BI DAX Masterclass,Tech,2024-03-30,87,Completed,2000
EMP-10550,CRS-202,Cross-Cultural Business Communication,Soft Skills,2025-10-24,57,Failed,0
EMP-10550,CRS-202,Cross-Cultural Business Communication,Soft Skills,2025-12-04,79,Completed,800
EMP-16267,CRS-201,Agile Project Management,Leadership,2026-05-17,72,Completed,1200
EMP-16267,CRS-302,Modern Data Stack Architecture,Tech,2023-05-10,52,Failed,0
EMP-16267,CRS-302,Modern Data Stack Architecture,Tech,2023-05-31,93,Completed,4000
EMP-16267,CRS-102,Python for Data Engineering,Tech,2024-05-23,91,Completed,2500
EMP-16267,CRS-301,Cloud Security & Compliance,Compliance,2026-05-13,96,Completed,3000
EMP-10700,CRS-101,Advanced SQL & Performance Tuning,Tech,2024-03-12,93,Completed,1500
EMP-10700,CRS-102,Python for Data Engineering,Tech,2023-01-01,75,Completed,2500
EMP-16253,CRS-103,Power BI DAX Masterclass,Tech,2024-10-19,67,Failed,0
EMP-16253,CRS-103,Power BI DAX Masterclass,Tech,2024-11-23,99,Completed,2000
EMP-13538,CRS-101,Advanced SQL & Performance Tuning,Tech,2024-07-24,59,Failed,0
EMP-13538,CRS-101,Advanced SQL & Performance Tuning,Tech,2024-08-14,94,Completed,1500
EMP-13538,CRS-102,Python for Data Engineering,Tech,2023-07-19,80,Completed,2500
EMP-13538,CRS-103,Power BI DAX Masterclass,Tech,2024-01-31,59,Failed,0
EMP-13538,CRS-103,Power BI DAX Masterclass,Tech,2024-03-21,88,Completed,2000
EMP-10792,CRS-101,Advanced SQL & Performance Tuning,Tech,2025-08-20,98,Completed,1500
EMP-13053,CRS-302,Modern Data Stack Architecture,Tech,2023-09-17,89,Completed,4000
EMP-13053,CRS-202,Cross-Cultural Business Communication,Soft Skills,2026-01-24,87,Completed,800
EMP-11066,CRS-101,Advanced SQL & Performance Tuning,Tech,2026-02-02,73,Completed,1500
EMP-11066,CRS-101,Advanced SQL & Performance Tuning,Tech,2026-03-16,83,Completed,1500
EMP-11066,CRS-201,Agile Project Management,Leadership,2025-04-27,97,Completed,1200
EMP-11066,CRS-301,Cloud Security & Compliance,Compliance,2024-04-08,89,Completed,3000
EMP-14558,CRS-201,Agile Project Management,Leadership,2024-06-26,83,Completed,1200
EMP-10492,CRS-302,Modern Data Stack Architecture,Tech,2026-04-06,92,Completed,4000
EMP-10492,CRS-102,Python for Data Engineering,Tech,2025-06-20,99,Completed,2500
EMP-14805,CRS-301,Cloud Security & Compliance,Compliance,2024-11-01,88,Completed,3000
EMP-14805,CRS-101,Advanced SQL & Performance Tuning,Tech,2024-10-04,51,Failed,0
EMP-14805,CRS-101,Advanced SQL & Performance Tuning,Tech,2024-10-26,98,Completed,1500
EMP-14601,CRS-102,Python for Data Engineering,Tech,2025-09-05,77,Completed,2500
EMP-14601,CRS-101,Advanced SQL & Performance Tuning,Tech,2025-02-20,51,Failed,0
EMP-14601,CRS-101,Advanced SQL & Performance Tuning,Tech,2025-04-05,77,Completed,1500
EMP-14602,CRS-301,Cloud Security & Compliance,Compliance,2023-05-07,96,Completed,3000
EMP-12701,CRS-202,Cross-Cultural Business Communication,Soft Skills,2024-02-29,80,Completed,800
EMP-12701,CRS-201,Agile Project Management,Leadership,2023-09-15,86,Completed,1200
EMP-11002,CRS-202,Cross-Cultural Business Communication,Soft Skills,2023-04-25,62,Failed,0
EMP-11002,CRS-202,Cross-Cultural Business Communication,Soft Skills,2023-05-10,94,Completed,800
EMP-15734,CRS-202,Cross-Cultural Business Communication,Soft Skills,2023-10-06,86,Completed,800
EMP-15734,CRS-103,Power BI DAX Masterclass,Tech,2024-05-27,71,Completed,2000
EMP-15734,CRS-103,Power BI DAX Masterclass,Tech,2024-07-04,87,Completed,2000
EMP-12897,CRS-103,Power BI DAX Masterclass,Tech,2026-02-14,83,Completed,2000
EMP-12897,CRS-301,Cloud Security & Compliance,Compliance,2025-04-20,80,Completed,3000
EMP-13465,CRS-101,Advanced SQL & Performance Tuning,Tech,2024-09-28,83,Completed,1500
EMP-10422,CRS-201,Agile Project Management,Leadership,2024-11-27,67,Failed,0
EMP-10422,CRS-201,Agile Project Management,Leadership,2025-01-08,100,Completed,1200
EMP-15641,CRS-302,Modern Data Stack Architecture,Tech,2025-11-03,70,Completed,4000
EMP-15641,CRS-302,Modern Data Stack Architecture,Tech,2025-12-02,100,Completed,4000
EMP-15641,CRS-103,Power BI DAX Masterclass,Tech,2025-01-26,95,Completed,2000
EMP-15641,CRS-102,Python for Data Engineering,Tech,2025-02-19,97,Completed,2500
EMP-15641,CRS-202,Cross-Cultural Business Communication,Soft Skills,2025-05-07,92,Completed,800
EMP-16227,CRS-301,Cloud Security & Compliance,Compliance,2024-11-15,89,Completed,3000
EMP-12560,CRS-101,Advanced SQL & Performance Tuning,Tech,2023-11-25,73,Completed,1500
EMP-12560,CRS-101,Advanced SQL & Performance Tuning,Tech,2023-12-27,80,Completed,1500
EMP-12560,CRS-301,Cloud Security & Compliance,Compliance,2025-07-14,100,Completed,3000
EMP-12560,CRS-201,Agile Project Management,Leadership,2025-08-28,59,Failed,0
EMP-12560,CRS-201,Agile Project Management,Leadership,2025-10-01,94,Completed,1200
EMP-12881,CRS-101,Advanced SQL & Performance Tuning,Tech,2023-08-01,75,Completed,1500
EMP-16549,CRS-101,Advanced SQL & Performance Tuning,Tech,2025-12-28,90,Completed,1500
EMP-16549,CRS-103,Power BI DAX Masterclass,Tech,2023-05-03,94,Completed,2000
EMP-16549,CRS-202,Cross-Cultural Business Communication,Soft Skills,2026-01-04,73,Completed,800
EMP-16549,CRS-202,Cross-Cultural Business Communication,Soft Skills,2026-02-20,87,Completed,800
EMP-16549,CRS-301,Cloud Security & Compliance,Compliance,2025-09-12,65,Failed,0
EMP-16549,CRS-301,Cloud Security & Compliance,Compliance,2025-10-01,80,Completed,3000
EMP-14735,CRS-103,Power BI DAX Masterclass,Tech,2023-01-28,58,Failed,0
EMP-14735,CRS-103,Power BI DAX Masterclass,Tech,2023-03-28,88,Completed,2000
EMP-14735,CRS-201,Agile Project Management,Leadership,2024-06-22,90,Completed,1200
EMP-14157,CRS-301,Cloud Security & Compliance,Compliance,2023-08-16,71,Completed,3000
EMP-14157,CRS-301,Cloud Security & Compliance,Compliance,2023-09-15,82,Completed,3000
EMP-11743,CRS-201,Agile Project Management,Leadership,2024-04-11,81,Completed,1200
EMP-11743,CRS-103,Power BI DAX Masterclass,Tech,2025-03-01,71,Completed,2000
EMP-11743,CRS-103,Power BI DAX Masterclass,Tech,2025-04-06,95,Completed,2000
EMP-11268,CRS-103,Power BI DAX Masterclass,Tech,2025-11-18,55,Failed,0
EMP-11268,CRS-103,Power BI DAX Masterclass,Tech,2026-01-13,92,Completed,2000
EMP-13951,CRS-102,Python for Data Engineering,Tech,2024-10-26,81,Completed,2500
EMP-13951,CRS-202,Cross-Cultural Business Communication,Soft Skills,2024-07-03,71,Completed,800
EMP-13951,CRS-202,Cross-Cultural Business Communication,Soft Skills,2024-08-13,83,Completed,800
EMP-11838,CRS-103,Power BI DAX Masterclass,Tech,2024-08-07,80,Completed,2000
EMP-10887,CRS-302,Modern Data Stack Architecture,Tech,2023-10-14,74,Completed,4000
EMP-10887,CRS-302,Modern Data Stack Architecture,Tech,2023-11-25,84,Completed,4000
EMP-10887,CRS-101,Advanced SQL & Performance Tuning,Tech,2026-01-05,94,Completed,1500
EMP-10887,CRS-301,Cloud Security & Compliance,Compliance,2025-10-03,93,Completed,3000
EMP-12869,CRS-201,Agile Project Management,Leadership,2025-03-26,77,Completed,1200
EMP-14557,CRS-301,Cloud Security & Compliance,Compliance,2023-12-07,65,Failed,0
EMP-14557,CRS-301,Cloud Security & Compliance,Compliance,2024-01-25,92,Completed,3000
EMP-14557,CRS-302,Modern Data Stack Architecture,Tech,2025-02-16,55,Failed,0
EMP-14557,CRS-302,Modern Data Stack Architecture,Tech,2025-04-01,86,Completed,4000
EMP-13012,CRS-301,Cloud Security & Compliance,Compliance,2023-05-05,89,Completed,3000
EMP-13012,CRS-202,Cross-Cultural Business Communication,Soft Skills,2024-05-20,78,Completed,800
EMP-10942,CRS-101,Advanced SQL & Performance Tuning,Tech,2026-05-31,80,Completed,1500
EMP-10942,CRS-201,Agile Project Management,Leadership,2025-10-27,78,Completed,1200
EMP-16446,CRS-302,Modern Data Stack Architecture,Tech,2024-04-15,59,Failed,0
EMP-16446,CRS-302,Modern Data Stack Architecture,Tech,2024-06-12,100,Completed,4000
EMP-14704,CRS-101,Advanced SQL & Performance Tuning,Tech,2023-05-22,84,Completed,1500
EMP-14704,CRS-202,Cross-Cultural Business Communication,Soft Skills,2024-08-09,66,Failed,0
EMP-14704,CRS-202,Cross-Cultural Business Communication,Soft Skills,2024-09-19,86,Completed,800
EMP-11853,CRS-103,Power BI DAX Masterclass,Tech,2024-06-19,58,Failed,0
EMP-11853,CRS-103,Power BI DAX Masterclass,Tech,2024-08-06,81,Completed,2000
EMP-11853,CRS-302,Modern Data Stack Architecture,Tech,2025-12-31,61,Failed,0
EMP-11853,CRS-302,Modern Data Stack Architecture,Tech,2026-02-21,94,Completed,4000
EMP-11853,CRS-301,Cloud Security & Compliance,Compliance,2024-03-21,92,Completed,3000
EMP-11853,CRS-202,Cross-Cultural Business Communication,Soft Skills,2023-08-08,90,Completed,800
EMP-13516,CRS-302,Modern Data Stack Architecture,Tech,2024-10-18,90,Completed,4000
EMP-13516,CRS-301,Cloud Security & Compliance,Compliance,2023-10-29,84,Completed,3000
EMP-14596,CRS-103,Power BI DAX Masterclass,Tech,2025-03-01,88,Completed,2000
EMP-14596,CRS-202,Cross-Cultural Business Communication,Soft Skills,2026-04-15,86,Completed,800
EMP-15094,CRS-302,Modern Data Stack Architecture,Tech,2023-05-05,80,Completed,4000
EMP-15094,CRS-301,Cloud Security & Compliance,Compliance,2023-09-30,73,Completed,3000
EMP-15094,CRS-301,Cloud Security & Compliance,Compliance,2023-11-11,96,Completed,3000
EMP-15094,CRS-202,Cross-Cultural Business Communication,Soft Skills,2023-10-09,82,Completed,800
EMP-15027,CRS-302,Modern Data Stack Architecture,Tech,2026-01-11,92,Completed,4000
EMP-15027,CRS-301,Cloud Security & Compliance,Compliance,2024-07-02,98,Completed,3000
EMP-15027,CRS-202,Cross-Cultural Business Communication,Soft Skills,2026-02-14,88,Completed,800
EMP-15265,CRS-102,Python for Data Engineering,Tech,2023-07-31,73,Completed,2500
EMP-15265,CRS-102,Python for Data Engineering,Tech,2023-09-25,92,Completed,2500
EMP-15265,CRS-202,Cross-Cultural Business Communication,Soft Skills,2025-10-20,82,Completed,800
EMP-14561,CRS-202,Cross-Cultural Business Communication,Soft Skills,2024-03-06,86,Completed,800
EMP-10216,CRS-301,Cloud Security & Compliance,Compliance,2024-03-10,55,Failed,0
EMP-10216,CRS-301,Cloud Security & Compliance,Compliance,2024-03-31,75,Completed,3000
EMP-10216,CRS-202,Cross-Cultural Business Communication,Soft Skills,2024-01-15,75,Completed,800
EMP-10216,CRS-302,Modern Data Stack Architecture,Tech,2023-02-03,92,Completed,4000
EMP-16798,CRS-201,Agile Project Management,Leadership,2023-08-23,51,Failed,0
EMP-16798,CRS-201,Agile Project Management,Leadership,2023-10-16,94,Completed,1200
EMP-12191,CRS-202,Cross-Cultural Business Communication,Soft Skills,2025-09-11,62,Failed,0
EMP-12191,CRS-202,Cross-Cultural Business Communication,Soft Skills,2025-09-30,84,Completed,800
EMP-12191,CRS-301,Cloud Security & Compliance,Compliance,2024-01-23,82,Completed,3000
EMP-15676,CRS-301,Cloud Security & Compliance,Compliance,2024-04-26,79,Completed,3000
EMP-11478,CRS-301,Cloud Security & Compliance,Compliance,2026-04-22,66,Failed,0
EMP-11478,CRS-101,Advanced SQL & Performance Tuning,Tech,2024-07-19,95,Completed,1500
EMP-12239,CRS-301,Cloud Security & Compliance,Compliance,2024-10-06,83,Completed,3000
EMP-12239,CRS-102,Python for Data Engineering,Tech,2026-04-20,96,Completed,2500
EMP-12239,CRS-302,Modern Data Stack Architecture,Tech,2023-07-20,70,Completed,4000
EMP-12239,CRS-302,Modern Data Stack Architecture,Tech,2023-08-04,89,Completed,4000
EMP-12532,CRS-201,Agile Project Management,Leadership,2025-01-27,100,Completed,1200
EMP-12532,CRS-102,Python for Data Engineering,Tech,2026-04-19,84,Completed,2500
EMP-12532,CRS-101,Advanced SQL & Performance Tuning,Tech,2024-11-09,98,Completed,1500
EMP-12784,CRS-301,Cloud Security & Compliance,Compliance,2025-03-09,63,Failed,0
EMP-12784,CRS-301,Cloud Security & Compliance,Compliance,2025-03-23,95,Completed,3000
EMP-12876,CRS-103,Power BI DAX Masterclass,Tech,2024-09-04,52,Failed,0
EMP-12876,CRS-103,Power BI DAX Masterclass,Tech,2024-10-02,84,Completed,2000
EMP-10051,CRS-201,Agile Project Management,Leadership,2026-01-14,73,Completed,1200
EMP-10051,CRS-201,Agile Project Management,Leadership,2026-03-06,83,Completed,1200
EMP-15851,CRS-201,Agile Project Management,Leadership,2025-12-06,70,Completed,1200
EMP-15851,CRS-201,Agile Project Management,Leadership,2026-01-24,99,Completed,1200
EMP-15851,CRS-101,Advanced SQL & Performance Tuning,Tech,2024-02-03,83,Completed,1500
EMP-11174,CRS-102,Python for Data Engineering,Tech,2025-02-12,93,Completed,2500
EMP-14640,CRS-102,Python for Data Engineering,Tech,2026-05-27,64,Failed,0
EMP-14640,CRS-201,Agile Project Management,Leadership,2026-01-10,87,Completed,1200
EMP-13284,CRS-202,Cross-Cultural Business Communication,Soft Skills,2025-12-19,95,Completed,800
EMP-13284,CRS-101,Advanced SQL & Performance Tuning,Tech,2025-01-15,81,Completed,1500
EMP-13284,CRS-201,Agile Project Management,Leadership,2025-05-28,81,Completed,1200
EMP-10571,CRS-201,Agile Project Management,Leadership,2025-02-11,92,Completed,1200
EMP-11163,CRS-101,Advanced SQL & Performance Tuning,Tech,2023-09-29,98,Completed,1500
EMP-15400,CRS-201,Agile Project Management,Leadership,2025-02-17,79,Completed,1200
EMP-15400,CRS-301,Cloud Security & Compliance,Compliance,2026-02-07,94,Completed,3000
EMP-15400,CRS-202,Cross-Cultural Business Communication,Soft Skills,2026-03-16,61,Failed,0
EMP-15400,CRS-202,Cross-Cultural Business Communication,Soft Skills,2026-04-03,100,Completed,800
EMP-15400,CRS-102,Python for Data Engineering,Tech,2025-08-02,80,Completed,2500
EMP-10252,CRS-101,Advanced SQL & Performance Tuning,Tech,2024-08-18,91,Completed,1500
EMP-10252,CRS-201,Agile Project Management,Leadership,2025-09-26,82,Completed,1200
EMP-10252,CRS-301,Cloud Security & Compliance,Compliance,2023-06-02,87,Completed,3000
EMP-10252,CRS-202,Cross-Cultural Business Communication,Soft Skills,2026-02-03,54,Failed,0
EMP-10252,CRS-202,Cross-Cultural Business Communication,Soft Skills,2026-04-03,93,Completed,800
EMP-10752,CRS-102,Python for Data Engineering,Tech,2025-06-11,75,Completed,2500
EMP-14346,CRS-201,Agile Project Management,Leadership,2025-11-15,72,Completed,1200
EMP-14346,CRS-201,Agile Project Management,Leadership,2026-01-13,83,Completed,1200
EMP-14346,CRS-103,Power BI DAX Masterclass,Tech,2025-01-20,58,Failed,0
EMP-14346,CRS-103,Power BI DAX Masterclass,Tech,2025-03-10,86,Completed,2000
EMP-11763,CRS-103,Power BI DAX Masterclass,Tech,2023-04-03,83,Completed,2000
EMP-11763,CRS-201,Agile Project Management,Leadership,2023-09-16,97,Completed,1200
EMP-13082,CRS-302,Modern Data Stack Architecture,Tech,2025-01-21,65,Failed,0
EMP-13082,CRS-302,Modern Data Stack Architecture,Tech,2025-03-12,75,Completed,4000
EMP-13440,CRS-101,Advanced SQL & Performance Tuning,Tech,2024-03-25,83,Completed,1500
EMP-13440,CRS-302,Modern Data Stack Architecture,Tech,2023-04-19,75,Completed,4000
EMP-13440,CRS-201,Agile Project Management,Leadership,2023-10-06,97,Completed,1200
EMP-15392,CRS-202,Cross-Cultural Business Communication,Soft Skills,2024-07-27,50,Failed,0
EMP-15392,CRS-202,Cross-Cultural Business Communication,Soft Skills,2024-09-12,95,Completed,800
EMP-15392,CRS-102,Python for Data Engineering,Tech,2025-11-24,75,Completed,2500
EMP-15392,CRS-302,Modern Data Stack Architecture,Tech,2025-07-15,57,Failed,0
EMP-15392,CRS-302,Modern Data Stack Architecture,Tech,2025-08-24,77,Completed,4000
EMP-15392,CRS-103,Power BI DAX Masterclass,Tech,2025-03-08,99,Completed,2000
EMP-12793,CRS-101,Advanced SQL & Performance Tuning,Tech,2023-05-15,95,Completed,1500
EMP-12793,CRS-201,Agile Project Management,Leadership,2026-02-25,51,Failed,0
EMP-12793,CRS-201,Agile Project Management,Leadership,2026-04-03,75,Completed,1200
EMP-16619,CRS-302,Modern Data Stack Architecture,Tech,2023-08-12,80,Completed,4000
EMP-16619,CRS-201,Agile Project Management,Leadership,2023-06-15,93,Completed,1200
EMP-13032,CRS-302,Modern Data Stack Architecture,Tech,2026-03-12,54,Failed,0
EMP-13032,CRS-302,Modern Data Stack Architecture,Tech,2026-04-24,77,Completed,4000
EMP-13032,CRS-201,Agile Project Management,Leadership,2025-05-31,80,Completed,1200
EMP-13032,CRS-101,Advanced SQL & Performance Tuning,Tech,2023-01-10,78,Completed,1500
EMP-12553,CRS-301,Cloud Security & Compliance,Compliance,2026-03-21,87,Completed,3000
EMP-12553,CRS-101,Advanced SQL & Performance Tuning,Tech,2024-08-23,95,Completed,1500
EMP-12553,CRS-202,Cross-Cultural Business Communication,Soft Skills,2026-03-08,84,Completed,800
EMP-15674,CRS-102,Python for Data Engineering,Tech,2024-12-06,89,Completed,2500
EMP-15674,CRS-201,Agile Project Management,Leadership,2025-08-25,83,Completed,1200
EMP-14650,CRS-202,Cross-Cultural Business Communication,Soft Skills,2025-11-20,85,Completed,800
EMP-14885,CRS-202,Cross-Cultural Business Communication,Soft Skills,2023-06-19,98,Completed,800
EMP-10696,CRS-101,Advanced SQL & Performance Tuning,Tech,2024-11-11,74,Completed,1500
EMP-10696,CRS-101,Advanced SQL & Performance Tuning,Tech,2024-12-30,96,Completed,1500
EMP-10696,CRS-103,Power BI DAX Masterclass,Tech,2025-04-05,91,Completed,2000
EMP-10431,CRS-103,Power BI DAX Masterclass,Tech,2024-03-12,84,Completed,2000
EMP-11275,CRS-302,Modern Data Stack Architecture,Tech,2024-11-21,83,Completed,4000
EMP-11275,CRS-102,Python for Data Engineering,Tech,2025-04-10,87,Completed,2500
EMP-15297,CRS-201,Agile Project Management,Leadership,2026-04-19,77,Completed,1200
EMP-15297,CRS-102,Python for Data Engineering,Tech,2024-05-29,99,Completed,2500
EMP-15062,CRS-103,Power BI DAX Masterclass,Tech,2023-12-29,95,Completed,2000
EMP-10408,CRS-302,Modern Data Stack Architecture,Tech,2025-04-11,54,Failed,0
EMP-10408,CRS-302,Modern Data Stack Architecture,Tech,2025-05-16,76,Completed,4000
EMP-10408,CRS-301,Cloud Security & Compliance,Compliance,2025-07-01,99,Completed,3000
EMP-10408,CRS-103,Power BI DAX Masterclass,Tech,2023-04-13,81,Completed,2000
EMP-10669,CRS-101,Advanced SQL & Performance Tuning,Tech,2025-01-15,75,Completed,1500
EMP-12230,CRS-302,Modern Data Stack Architecture,Tech,2023-01-20,71,Completed,4000
EMP-12230,CRS-302,Modern Data Stack Architecture,Tech,2023-02-24,99,Completed,4000
EMP-13630,CRS-101,Advanced SQL & Performance Tuning,Tech,2025-10-07,59,Failed,0
EMP-13630,CRS-101,Advanced SQL & Performance Tuning,Tech,2025-11-28,78,Completed,1500
EMP-13474,CRS-101,Advanced SQL & Performance Tuning,Tech,2025-08-05,100,Completed,1500
EMP-13474,CRS-302,Modern Data Stack Architecture,Tech,2026-05-15,74,Completed,4000
EMP-13474,CRS-301,Cloud Security & Compliance,Compliance,2025-06-30,71,Completed,3000
EMP-13474,CRS-301,Cloud Security & Compliance,Compliance,2025-07-25,80,Completed,3000
EMP-16218,CRS-201,Agile Project Management,Leadership,2025-01-29,80,Completed,1200
EMP-16218,CRS-301,Cloud Security & Compliance,Compliance,2024-07-02,91,Completed,3000
EMP-15605,CRS-101,Advanced SQL & Performance Tuning,Tech,2023-10-04,84,Completed,1500
EMP-15808,CRS-202,Cross-Cultural Business Communication,Soft Skills,2023-05-02,75,Completed,800
EMP-15808,CRS-103,Power BI DAX Masterclass,Tech,2023-04-14,52,Failed,0
EMP-15808,CRS-103,Power BI DAX Masterclass,Tech,2023-05-11,98,Completed,2000
EMP-13393,CRS-103,Power BI DAX Masterclass,Tech,2024-06-15,90,Completed,2000
EMP-13393,CRS-301,Cloud Security & Compliance,Compliance,2024-11-26,84,Completed,3000
EMP-13393,CRS-202,Cross-Cultural Business Communication,Soft Skills,2025-10-05,94,Completed,800
EMP-12238,CRS-102,Python for Data Engineering,Tech,2025-08-07,69,Failed,0
EMP-12238,CRS-102,Python for Data Engineering,Tech,2025-09-12,97,Completed,2500
EMP-11766,CRS-301,Cloud Security & Compliance,Compliance,2023-02-27,91,Completed,3000
EMP-11766,CRS-103,Power BI DAX Masterclass,Tech,2023-05-15,70,Completed,2000
EMP-11766,CRS-103,Power BI DAX Masterclass,Tech,2023-06-16,96,Completed,2000
EMP-14198,CRS-103,Power BI DAX Masterclass,Tech,2023-01-25,92,Completed,2000
EMP-14198,CRS-301,Cloud Security & Compliance,Compliance,2023-08-31,78,Completed,3000
EMP-10933,CRS-102,Python for Data Engineering,Tech,2025-11-03,92,Completed,2500
EMP-10933,CRS-201,Agile Project Management,Leadership,2024-08-05,72,Completed,1200
EMP-10933,CRS-201,Agile Project Management,Leadership,2024-09-28,94,Completed,1200
EMP-10933,CRS-101,Advanced SQL & Performance Tuning,Tech,2023-07-12,90,Completed,1500
EMP-15747,CRS-102,Python for Data Engineering,Tech,2025-01-05,94,Completed,2500
EMP-15747,CRS-202,Cross-Cultural Business Communication,Soft Skills,2025-02-04,68,Failed,0
EMP-15747,CRS-202,Cross-Cultural Business Communication,Soft Skills,2025-03-13,87,Completed,800
EMP-16365,CRS-101,Advanced SQL & Performance Tuning,Tech,2025-04-14,88,Completed,1500
EMP-10909,CRS-101,Advanced SQL & Performance Tuning,Tech,2025-03-25,83,Completed,1500
EMP-12321,CRS-202,Cross-Cultural Business Communication,Soft Skills,2026-01-24,92,Completed,800
EMP-12321,CRS-101,Advanced SQL & Performance Tuning,Tech,2024-06-22,94,Completed,1500
EMP-12321,CRS-301,Cloud Security & Compliance,Compliance,2024-05-09,86,Completed,3000
EMP-14859,CRS-301,Cloud Security & Compliance,Compliance,2024-02-01,97,Completed,3000
EMP-14859,CRS-102,Python for Data Engineering,Tech,2026-04-04,97,Completed,2500
EMP-16637,CRS-201,Agile Project Management,Leadership,2025-07-27,94,Completed,1200
EMP-14317,CRS-103,Power BI DAX Masterclass,Tech,2023-01-17,75,Completed,2000
EMP-12527,CRS-101,Advanced SQL & Performance Tuning,Tech,2025-02-16,60,Failed,0
EMP-12527,CRS-101,Advanced SQL & Performance Tuning,Tech,2025-03-27,80,Completed,1500
EMP-12527,CRS-201,Agile Project Management,Leadership,2024-08-08,84,Completed,1200
EMP-12527,CRS-102,Python for Data Engineering,Tech,2024-01-12,71,Completed,2500
EMP-12527,CRS-102,Python for Data Engineering,Tech,2024-03-08,93,Completed,2500
EMP-15991,CRS-102,Python for Data Engineering,Tech,2024-03-29,80,Completed,2500
EMP-15991,CRS-302,Modern Data Stack Architecture,Tech,2023-05-23,93,Completed,4000
EMP-16223,CRS-301,Cloud Security & Compliance,Compliance,2023-04-06,61,Failed,0
EMP-16223,CRS-301,Cloud Security & Compliance,Compliance,2023-05-24,92,Completed,3000
EMP-16223,CRS-201,Agile Project Management,Leadership,2025-04-27,78,Completed,1200
EMP-13238,CRS-101,Advanced SQL & Performance Tuning,Tech,2023-07-01,82,Completed,1500
EMP-14910,CRS-202,Cross-Cultural Business Communication,Soft Skills,2024-07-30,100,Completed,800
EMP-14910,CRS-101,Advanced SQL & Performance Tuning,Tech,2025-07-23,94,Completed,1500
EMP-10449,CRS-302,Modern Data Stack Architecture,Tech,2025-07-12,97,Completed,4000
EMP-10449,CRS-202,Cross-Cultural Business Communication,Soft Skills,2024-01-17,75,Completed,800
EMP-10063,CRS-201,Agile Project Management,Leadership,2023-12-10,71,Completed,1200
EMP-10063,CRS-201,Agile Project Management,Leadership,2024-01-08,88,Completed,1200
EMP-10063,CRS-103,Power BI DAX Masterclass,Tech,2024-01-02,98,Completed,2000
EMP-11675,CRS-103,Power BI DAX Masterclass,Tech,2025-12-02,72,Completed,2000
EMP-11675,CRS-103,Power BI DAX Masterclass,Tech,2026-01-14,75,Completed,2000
EMP-12470,CRS-102,Python for Data Engineering,Tech,2025-06-30,72,Completed,2500
EMP-12470,CRS-102,Python for Data Engineering,Tech,2025-07-24,82,Completed,2500
EMP-12470,CRS-101,Advanced SQL & Performance Tuning,Tech,2026-02-01,75,Completed,1500
EMP-11731,CRS-102,Python for Data Engineering,Tech,2026-05-30,72,Completed,2500
EMP-11731,CRS-101,Advanced SQL & Performance Tuning,Tech,2023-09-12,88,Completed,1500
EMP-11125,CRS-301,Cloud Security & Compliance,Compliance,2026-03-04,53,Failed,0
EMP-11125,CRS-301,Cloud Security & Compliance,Compliance,2026-03-25,91,Completed,3000
EMP-11125,CRS-103,Power BI DAX Masterclass,Tech,2025-06-13,87,Completed,2000
EMP-12094,CRS-101,Advanced SQL & Performance Tuning,Tech,2026-04-20,88,Completed,1500
EMP-12094,CRS-301,Cloud Security & Compliance,Compliance,2025-08-21,92,Completed,3000
EMP-12372,CRS-202,Cross-Cultural Business Communication,Soft Skills,2023-04-02,94,Completed,800
EMP-15534,CRS-102,Python for Data Engineering,Tech,2025-09-07,94,Completed,2500
EMP-16608,CRS-102,Python for Data Engineering,Tech,2026-01-26,89,Completed,2500
EMP-16608,CRS-101,Advanced SQL & Performance Tuning,Tech,2025-11-07,85,Completed,1500
EMP-10064,CRS-103,Power BI DAX Masterclass,Tech,2023-04-20,53,Failed,0
EMP-10064,CRS-103,Power BI DAX Masterclass,Tech,2023-06-19,99,Completed,2000
EMP-10064,CRS-302,Modern Data Stack Architecture,Tech,2025-09-03,55,Failed,0
EMP-10064,CRS-302,Modern Data Stack Architecture,Tech,2025-10-22,81,Completed,4000
EMP-10064,CRS-301,Cloud Security & Compliance,Compliance,2024-08-26,74,Completed,3000
EMP-10064,CRS-301,Cloud Security & Compliance,Compliance,2024-09-23,79,Completed,3000
EMP-14075,CRS-102,Python for Data Engineering,Tech,2024-05-31,78,Completed,2500
EMP-14075,CRS-101,Advanced SQL & Performance Tuning,Tech,2024-07-24,56,Failed,0
EMP-14075,CRS-101,Advanced SQL & Performance Tuning,Tech,2024-09-09,98,Completed,1500
EMP-13528,CRS-201,Agile Project Management,Leadership,2025-01-07,89,Completed,1200
EMP-11440,CRS-301,Cloud Security & Compliance,Compliance,2023-01-27,71,Completed,3000
EMP-11440,CRS-301,Cloud Security & Compliance,Compliance,2023-02-13,83,Completed,3000
EMP-11440,CRS-102,Python for Data Engineering,Tech,2023-11-02,57,Failed,0
EMP-11440,CRS-102,Python for Data Engineering,Tech,2023-12-31,89,Completed,2500
EMP-11059,CRS-302,Modern Data Stack Architecture,Tech,2023-09-18,77,Completed,4000
EMP-13115,CRS-302,Modern Data Stack Architecture,Tech,2023-09-25,72,Completed,4000
EMP-13115,CRS-302,Modern Data Stack Architecture,Tech,2023-10-12,88,Completed,4000
EMP-14363,CRS-102,Python for Data Engineering,Tech,2023-01-06,81,Completed,2500
EMP-16125,CRS-302,Modern Data Stack Architecture,Tech,2025-07-24,81,Completed,4000
EMP-16125,CRS-201,Agile Project Management,Leadership,2026-04-12,89,Completed,1200
EMP-14099,CRS-101,Advanced SQL & Performance Tuning,Tech,2023-02-16,55,Failed,0
EMP-14099,CRS-101,Advanced SQL & Performance Tuning,Tech,2023-04-14,96,Completed,1500
EMP-14578,CRS-101,Advanced SQL & Performance Tuning,Tech,2026-05-30,97,Completed,1500
EMP-14578,CRS-201,Agile Project Management,Leadership,2026-04-07,66,Failed,0
EMP-14578,CRS-201,Agile Project Management,Leadership,2026-04-22,83,Completed,1200
EMP-14578,CRS-103,Power BI DAX Masterclass,Tech,2024-05-22,96,Completed,2000
EMP-14578,CRS-301,Cloud Security & Compliance,Compliance,2025-03-03,75,Completed,3000
EMP-12902,CRS-302,Modern Data Stack Architecture,Tech,2024-02-20,83,Completed,4000
EMP-10591,CRS-103,Power BI DAX Masterclass,Tech,2026-02-15,96,Completed,2000
EMP-10591,CRS-201,Agile Project Management,Leadership,2025-03-16,100,Completed,1200
EMP-13253,CRS-201,Agile Project Management,Leadership,2023-11-10,88,Completed,1200
EMP-13253,CRS-102,Python for Data Engineering,Tech,2025-03-17,61,Failed,0
EMP-13253,CRS-102,Python for Data Engineering,Tech,2025-05-07,84,Completed,2500
EMP-13253,CRS-302,Modern Data Stack Architecture,Tech,2024-06-05,59,Failed,0
EMP-13253,CRS-302,Modern Data Stack Architecture,Tech,2024-07-16,87,Completed,4000
EMP-10347,CRS-301,Cloud Security & Compliance,Compliance,2024-04-05,83,Completed,3000
EMP-10347,CRS-103,Power BI DAX Masterclass,Tech,2024-09-11,82,Completed,2000
EMP-10347,CRS-202,Cross-Cultural Business Communication,Soft Skills,2024-01-24,97,Completed,800
EMP-10347,CRS-102,Python for Data Engineering,Tech,2023-10-03,98,Completed,2500
EMP-13574,CRS-102,Python for Data Engineering,Tech,2024-06-07,95,Completed,2500
EMP-10154,CRS-302,Modern Data Stack Architecture,Tech,2024-12-04,92,Completed,4000
EMP-16104,CRS-101,Advanced SQL & Performance Tuning,Tech,2025-11-20,90,Completed,1500
EMP-16104,CRS-301,Cloud Security & Compliance,Compliance,2023-03-22,93,Completed,3000
EMP-10638,CRS-301,Cloud Security & Compliance,Compliance,2023-10-30,93,Completed,3000
EMP-10638,CRS-202,Cross-Cultural Business Communication,Soft Skills,2023-06-23,88,Completed,800
EMP-10638,CRS-101,Advanced SQL & Performance Tuning,Tech,2024-06-23,76,Completed,1500
EMP-10638,CRS-201,Agile Project Management,Leadership,2024-05-05,93,Completed,1200
EMP-12565,CRS-201,Agile Project Management,Leadership,2025-01-16,77,Completed,1200
EMP-12565,CRS-102,Python for Data Engineering,Tech,2024-06-17,100,Completed,2500
EMP-12565,CRS-103,Power BI DAX Masterclass,Tech,2024-05-08,72,Completed,2000
EMP-12565,CRS-103,Power BI DAX Masterclass,Tech,2024-06-14,96,Completed,2000
EMP-12565,CRS-101,Advanced SQL & Performance Tuning,Tech,2025-12-19,65,Failed,0
EMP-12565,CRS-101,Advanced SQL & Performance Tuning,Tech,2026-02-17,83,Completed,1500
EMP-16139,CRS-201,Agile Project Management,Leadership,2025-03-10,91,Completed,1200
EMP-13517,CRS-201,Agile Project Management,Leadership,2025-04-02,92,Completed,1200
EMP-14698,CRS-103,Power BI DAX Masterclass,Tech,2024-11-18,81,Completed,2000
EMP-14698,CRS-301,Cloud Security & Compliance,Compliance,2025-06-13,88,Completed,3000
EMP-13314,CRS-201,Agile Project Management,Leadership,2025-10-26,100,Completed,1200
EMP-13314,CRS-302,Modern Data Stack Architecture,Tech,2025-06-01,98,Completed,4000
EMP-13314,CRS-202,Cross-Cultural Business Communication,Soft Skills,2023-06-11,80,Completed,800
EMP-13422,CRS-301,Cloud Security & Compliance,Compliance,2023-01-17,80,Completed,3000
EMP-15254,CRS-103,Power BI DAX Masterclass,Tech,2024-11-30,94,Completed,2000
EMP-15254,CRS-202,Cross-Cultural Business Communication,Soft Skills,2023-10-20,95,Completed,800
EMP-15254,CRS-101,Advanced SQL & Performance Tuning,Tech,2026-03-25,82,Completed,1500
EMP-15566,CRS-101,Advanced SQL & Performance Tuning,Tech,2024-05-05,84,Completed,1500
EMP-13319,CRS-102,Python for Data Engineering,Tech,2025-01-23,73,Completed,2500
EMP-13319,CRS-102,Python for Data Engineering,Tech,2025-03-02,78,Completed,2500
EMP-10171,CRS-103,Power BI DAX Masterclass,Tech,2026-01-20,76,Completed,2000
EMP-10171,CRS-101,Advanced SQL & Performance Tuning,Tech,2023-11-19,63,Failed,0
EMP-10171,CRS-101,Advanced SQL & Performance Tuning,Tech,2023-12-23,84,Completed,1500
EMP-10171,CRS-302,Modern Data Stack Architecture,Tech,2024-03-13,84,Completed,4000
EMP-12661,CRS-302,Modern Data Stack Architecture,Tech,2025-07-26,73,Completed,4000
EMP-12661,CRS-302,Modern Data Stack Architecture,Tech,2025-09-21,75,Completed,4000
EMP-11408,CRS-301,Cloud Security & Compliance,Compliance,2023-09-07,100,Completed,3000
EMP-15064,CRS-102,Python for Data Engineering,Tech,2023-10-18,72,Completed,2500
EMP-15064,CRS-102,Python for Data Engineering,Tech,2023-12-06,89,Completed,2500
EMP-13770,CRS-202,Cross-Cultural Business Communication,Soft Skills,2024-07-29,75,Completed,800
EMP-12965,CRS-301,Cloud Security & Compliance,Compliance,2025-06-05,95,Completed,3000
EMP-12965,CRS-103,Power BI DAX Masterclass,Tech,2024-06-30,65,Failed,0
EMP-12965,CRS-103,Power BI DAX Masterclass,Tech,2024-07-26,95,Completed,2000
EMP-12965,CRS-102,Python for Data Engineering,Tech,2023-12-02,92,Completed,2500
EMP-15827,CRS-301,Cloud Security & Compliance,Compliance,2024-03-31,84,Completed,3000
EMP-15827,CRS-102,Python for Data Engineering,Tech,2026-03-28,82,Completed,2500
EMP-13578,CRS-102,Python for Data Engineering,Tech,2025-08-16,73,Completed,2500
EMP-13578,CRS-102,Python for Data Engineering,Tech,2025-09-02,95,Completed,2500
EMP-10868,CRS-302,Modern Data Stack Architecture,Tech,2023-11-09,99,Completed,4000
EMP-10868,CRS-301,Cloud Security & Compliance,Compliance,2023-02-20,80,Completed,3000
EMP-10868,CRS-103,Power BI DAX Masterclass,Tech,2023-04-04,70,Completed,2000
EMP-10868,CRS-103,Power BI DAX Masterclass,Tech,2023-05-18,96,Completed,2000
EMP-16039,CRS-102,Python for Data Engineering,Tech,2023-05-15,75,Completed,2500
EMP-13570,CRS-102,Python for Data Engineering,Tech,2025-05-21,89,Completed,2500
EMP-13570,CRS-101,Advanced SQL & Performance Tuning,Tech,2026-03-20,94,Completed,1500
EMP-14825,CRS-202,Cross-Cultural Business Communication,Soft Skills,2023-06-27,75,Completed,800
EMP-14825,CRS-301,Cloud Security & Compliance,Compliance,2024-02-11,76,Completed,3000
EMP-15831,CRS-301,Cloud Security & Compliance,Compliance,2023-11-12,94,Completed,3000
EMP-14293,CRS-101,Advanced SQL & Performance Tuning,Tech,2026-03-24,95,Completed,1500
EMP-14293,CRS-202,Cross-Cultural Business Communication,Soft Skills,2023-09-19,100,Completed,800
EMP-14293,CRS-102,Python for Data Engineering,Tech,2024-03-12,74,Completed,2500
EMP-14293,CRS-102,Python for Data Engineering,Tech,2024-05-05,97,Completed,2500
EMP-10645,CRS-201,Agile Project Management,Leadership,2024-01-25,89,Completed,1200
EMP-10645,CRS-102,Python for Data Engineering,Tech,2023-01-03,81,Completed,2500
EMP-15614,CRS-302,Modern Data Stack Architecture,Tech,2024-12-26,74,Completed,4000
EMP-15614,CRS-302,Modern Data Stack Architecture,Tech,2025-02-05,77,Completed,4000
EMP-15614,CRS-102,Python for Data Engineering,Tech,2025-11-04,71,Completed,2500
EMP-15614,CRS-102,Python for Data Engineering,Tech,2025-11-23,76,Completed,2500
EMP-12542,CRS-201,Agile Project Management,Leadership,2025-11-13,82,Completed,1200
EMP-12542,CRS-101,Advanced SQL & Performance Tuning,Tech,2023-09-05,95,Completed,1500
EMP-12782,CRS-201,Agile Project Management,Leadership,2023-01-29,73,Completed,1200
EMP-12782,CRS-201,Agile Project Management,Leadership,2023-02-18,86,Completed,1200
EMP-12782,CRS-101,Advanced SQL & Performance Tuning,Tech,2026-02-07,98,Completed,1500
EMP-12782,CRS-301,Cloud Security & Compliance,Compliance,2026-02-21,55,Failed,0
EMP-12782,CRS-301,Cloud Security & Compliance,Compliance,2026-04-07,96,Completed,3000
EMP-16042,CRS-301,Cloud Security & Compliance,Compliance,2024-06-20,97,Completed,3000
EMP-16042,CRS-201,Agile Project Management,Leadership,2025-04-04,76,Completed,1200
EMP-12729,CRS-102,Python for Data Engineering,Tech,2024-03-05,92,Completed,2500
EMP-12729,CRS-302,Modern Data Stack Architecture,Tech,2023-10-18,99,Completed,4000
EMP-11378,CRS-101,Advanced SQL & Performance Tuning,Tech,2026-05-29,78,Completed,1500
EMP-10626,CRS-301,Cloud Security & Compliance,Compliance,2026-03-05,92,Completed,3000
EMP-14182,CRS-301,Cloud Security & Compliance,Compliance,2025-04-09,82,Completed,3000
EMP-14182,CRS-102,Python for Data Engineering,Tech,2024-11-22,81,Completed,2500
EMP-14182,CRS-302,Modern Data Stack Architecture,Tech,2025-03-08,96,Completed,4000
EMP-14182,CRS-103,Power BI DAX Masterclass,Tech,2025-09-07,72,Completed,2000
EMP-14182,CRS-103,Power BI DAX Masterclass,Tech,2025-09-28,92,Completed,2000
EMP-15188,CRS-201,Agile Project Management,Leadership,2025-10-04,73,Completed,1200
EMP-15188,CRS-201,Agile Project Management,Leadership,2025-10-18,90,Completed,1200
EMP-15971,CRS-102,Python for Data Engineering,Tech,2024-09-16,90,Completed,2500
EMP-15971,CRS-202,Cross-Cultural Business Communication,Soft Skills,2023-11-01,98,Completed,800
EMP-15394,CRS-201,Agile Project Management,Leadership,2023-12-24,62,Failed,0
EMP-15394,CRS-201,Agile Project Management,Leadership,2024-01-25,96,Completed,1200
EMP-14178,CRS-202,Cross-Cultural Business Communication,Soft Skills,2025-08-27,61,Failed,0
EMP-14178,CRS-202,Cross-Cultural Business Communication,Soft Skills,2025-10-26,83,Completed,800
EMP-11589,CRS-101,Advanced SQL & Performance Tuning,Tech,2024-10-14,58,Failed,0
EMP-11589,CRS-101,Advanced SQL & Performance Tuning,Tech,2024-11-08,95,Completed,1500
EMP-11589,CRS-103,Power BI DAX Masterclass,Tech,2023-05-18,72,Completed,2000
EMP-11589,CRS-103,Power BI DAX Masterclass,Tech,2023-07-17,83,Completed,2000
EMP-12863,CRS-202,Cross-Cultural Business Communication,Soft Skills,2024-12-01,83,Completed,800
EMP-16442,CRS-301,Cloud Security & Compliance,Compliance,2026-03-26,88,Completed,3000
EMP-16442,CRS-101,Advanced SQL & Performance Tuning,Tech,2026-04-25,84,Completed,1500
EMP-11210,CRS-102,Python for Data Engineering,Tech,2023-05-04,65,Failed,0
EMP-11210,CRS-102,Python for Data Engineering,Tech,2023-05-26,75,Completed,2500
EMP-11936,CRS-201,Agile Project Management,Leadership,2023-11-21,72,Completed,1200
EMP-11936,CRS-201,Agile Project Management,Leadership,2024-01-15,90,Completed,1200
EMP-16487,CRS-301,Cloud Security & Compliance,Compliance,2023-07-03,54,Failed,0
EMP-16487,CRS-301,Cloud Security & Compliance,Compliance,2023-07-29,93,Completed,3000
EMP-11200,CRS-301,Cloud Security & Compliance,Compliance,2025-05-30,82,Completed,3000
EMP-12097,CRS-201,Agile Project Management,Leadership,2023-03-16,100,Completed,1200
EMP-12097,CRS-302,Modern Data Stack Architecture,Tech,2024-03-17,75,Completed,4000
EMP-11617,CRS-102,Python for Data Engineering,Tech,2024-01-15,84,Completed,2500
EMP-11617,CRS-101,Advanced SQL & Performance Tuning,Tech,2023-02-27,100,Completed,1500
EMP-11617,CRS-202,Cross-Cultural Business Communication,Soft Skills,2026-03-27,87,Completed,800
EMP-11422,CRS-201,Agile Project Management,Leadership,2024-04-30,100,Completed,1200
EMP-11422,CRS-103,Power BI DAX Masterclass,Tech,2026-03-16,59,Failed,0
EMP-11422,CRS-103,Power BI DAX Masterclass,Tech,2026-04-04,95,Completed,2000
EMP-14935,CRS-103,Power BI DAX Masterclass,Tech,2024-01-21,100,Completed,2000
EMP-14935,CRS-302,Modern Data Stack Architecture,Tech,2026-03-30,75,Completed,4000
EMP-16796,CRS-102,Python for Data Engineering,Tech,2023-09-05,72,Completed,2500
EMP-16796,CRS-102,Python for Data Engineering,Tech,2023-09-20,99,Completed,2500
EMP-16672,CRS-302,Modern Data Stack Architecture,Tech,2025-02-13,79,Completed,4000
EMP-11452,CRS-103,Power BI DAX Masterclass,Tech,2025-09-09,50,Failed,0
EMP-11452,CRS-103,Power BI DAX Masterclass,Tech,2025-10-01,88,Completed,2000
EMP-15145,CRS-201,Agile Project Management,Leadership,2026-01-20,85,Completed,1200
EMP-15145,CRS-302,Modern Data Stack Architecture,Tech,2026-03-18,88,Completed,4000
EMP-15145,CRS-103,Power BI DAX Masterclass,Tech,2024-09-25,83,Completed,2000
EMP-15145,CRS-202,Cross-Cultural Business Communication,Soft Skills,2025-02-28,83,Completed,800
EMP-14048,CRS-302,Modern Data Stack Architecture,Tech,2024-11-08,70,Completed,4000
EMP-14048,CRS-302,Modern Data Stack Architecture,Tech,2024-12-14,85,Completed,4000
EMP-13801,CRS-201,Agile Project Management,Leadership,2023-03-19,93,Completed,1200
EMP-13801,CRS-102,Python for Data Engineering,Tech,2024-07-11,83,Completed,2500
EMP-14619,CRS-201,Agile Project Management,Leadership,2023-10-09,92,Completed,1200
EMP-14619,CRS-101,Advanced SQL & Performance Tuning,Tech,2024-10-19,71,Completed,1500
EMP-14619,CRS-101,Advanced SQL & Performance Tuning,Tech,2024-12-09,89,Completed,1500
EMP-14619,CRS-301,Cloud Security & Compliance,Compliance,2023-01-17,81,Completed,3000
EMP-14619,CRS-103,Power BI DAX Masterclass,Tech,2023-11-27,75,Completed,2000
EMP-15663,CRS-201,Agile Project Management,Leadership,2024-04-25,97,Completed,1200
EMP-15663,CRS-103,Power BI DAX Masterclass,Tech,2024-08-16,89,Completed,2000
EMP-13678,CRS-302,Modern Data Stack Architecture,Tech,2025-03-16,99,Completed,4000
EMP-13678,CRS-103,Power BI DAX Masterclass,Tech,2025-06-09,79,Completed,2000
EMP-13678,CRS-202,Cross-Cultural Business Communication,Soft Skills,2024-06-20,93,Completed,800
EMP-14625,CRS-302,Modern Data Stack Architecture,Tech,2024-09-17,73,Completed,4000
EMP-14625,CRS-302,Modern Data Stack Architecture,Tech,2024-11-08,93,Completed,4000
EMP-14625,CRS-101,Advanced SQL & Performance Tuning,Tech,2024-05-15,77,Completed,1500
EMP-15117,CRS-103,Power BI DAX Masterclass,Tech,2025-07-12,77,Completed,2000
EMP-15117,CRS-302,Modern Data Stack Architecture,Tech,2024-07-06,63,Failed,0
EMP-15117,CRS-302,Modern Data Stack Architecture,Tech,2024-09-01,96,Completed,4000
EMP-15117,CRS-202,Cross-Cultural Business Communication,Soft Skills,2026-02-23,74,Completed,800
EMP-15117,CRS-202,Cross-Cultural Business Communication,Soft Skills,2026-04-15,85,Completed,800
EMP-12648,CRS-102,Python for Data Engineering,Tech,2025-09-03,88,Completed,2500
EMP-12648,CRS-202,Cross-Cultural Business Communication,Soft Skills,2025-12-27,88,Completed,800
EMP-16130,CRS-102,Python for Data Engineering,Tech,2023-11-19,53,Failed,0
EMP-16130,CRS-102,Python for Data Engineering,Tech,2024-01-08,89,Completed,2500
EMP-12590,CRS-301,Cloud Security & Compliance,Compliance,2023-12-21,97,Completed,3000
EMP-11237,CRS-103,Power BI DAX Masterclass,Tech,2024-09-09,81,Completed,2000
EMP-13603,CRS-302,Modern Data Stack Architecture,Tech,2025-01-28,85,Completed,4000
EMP-13603,CRS-201,Agile Project Management,Leadership,2023-09-28,71,Completed,1200
EMP-13603,CRS-201,Agile Project Management,Leadership,2023-10-14,84,Completed,1200
EMP-10560,CRS-201,Agile Project Management,Leadership,2024-09-15,62,Failed,0
EMP-10560,CRS-201,Agile Project Management,Leadership,2024-11-14,94,Completed,1200
EMP-13842,CRS-101,Advanced SQL & Performance Tuning,Tech,2023-02-26,98,Completed,1500
EMP-15853,CRS-102,Python for Data Engineering,Tech,2023-08-24,93,Completed,2500
EMP-12481,CRS-201,Agile Project Management,Leadership,2024-12-30,92,Completed,1200
EMP-12251,CRS-202,Cross-Cultural Business Communication,Soft Skills,2024-11-21,65,Failed,0
EMP-12251,CRS-202,Cross-Cultural Business Communication,Soft Skills,2025-01-01,100,Completed,800
EMP-14845,CRS-202,Cross-Cultural Business Communication,Soft Skills,2024-03-23,78,Completed,800
EMP-10461,CRS-102,Python for Data Engineering,Tech,2024-11-01,82,Completed,2500
EMP-10461,CRS-103,Power BI DAX Masterclass,Tech,2023-05-29,99,Completed,2000
EMP-12884,CRS-102,Python for Data Engineering,Tech,2024-08-30,76,Completed,2500
EMP-15341,CRS-301,Cloud Security & Compliance,Compliance,2023-10-05,97,Completed,3000
EMP-10608,CRS-103,Power BI DAX Masterclass,Tech,2024-01-11,83,Completed,2000
EMP-16339,CRS-103,Power BI DAX Masterclass,Tech,2024-04-20,92,Completed,2000
EMP-16195,CRS-301,Cloud Security & Compliance,Compliance,2025-03-22,67,Failed,0
EMP-16195,CRS-301,Cloud Security & Compliance,Compliance,2025-05-10,100,Completed,3000
EMP-16195,CRS-302,Modern Data Stack Architecture,Tech,2024-10-04,88,Completed,4000
EMP-15427,CRS-202,Cross-Cultural Business Communication,Soft Skills,2023-04-13,98,Completed,800
EMP-10309,CRS-301,Cloud Security & Compliance,Compliance,2025-09-24,98,Completed,3000
EMP-10467,CRS-102,Python for Data Engineering,Tech,2023-03-18,76,Completed,2500
EMP-13021,CRS-102,Python for Data Engineering,Tech,2026-01-03,61,Failed,0
EMP-13021,CRS-102,Python for Data Engineering,Tech,2026-01-27,92,Completed,2500
EMP-12352,CRS-103,Power BI DAX Masterclass,Tech,2025-03-11,75,Completed,2000
EMP-12352,CRS-201,Agile Project Management,Leadership,2024-11-20,76,Completed,1200
EMP-10629,CRS-102,Python for Data Engineering,Tech,2024-04-23,50,Failed,0
EMP-10629,CRS-102,Python for Data Engineering,Tech,2024-05-28,87,Completed,2500
EMP-10629,CRS-202,Cross-Cultural Business Communication,Soft Skills,2026-03-20,76,Completed,800
EMP-15556,CRS-101,Advanced SQL & Performance Tuning,Tech,2024-03-25,78,Completed,1500
EMP-15424,CRS-301,Cloud Security & Compliance,Compliance,2023-09-09,95,Completed,3000
EMP-14867,CRS-101,Advanced SQL & Performance Tuning,Tech,2023-10-18,89,Completed,1500
EMP-14867,CRS-201,Agile Project Management,Leadership,2024-10-07,98,Completed,1200
EMP-14867,CRS-301,Cloud Security & Compliance,Compliance,2023-12-22,90,Completed,3000
EMP-14154,CRS-102,Python for Data Engineering,Tech,2024-04-17,87,Completed,2500
EMP-13150,CRS-102,Python for Data Engineering,Tech,2024-03-19,92,Completed,2500
EMP-13150,CRS-302,Modern Data Stack Architecture,Tech,2023-09-27,74,Completed,4000
EMP-13150,CRS-302,Modern Data Stack Architecture,Tech,2023-11-09,77,Completed,4000
EMP-13150,CRS-101,Advanced SQL & Performance Tuning,Tech,2026-04-05,72,Completed,1500
EMP-13150,CRS-101,Advanced SQL & Performance Tuning,Tech,2026-04-29,80,Completed,1500
EMP-13791,CRS-102,Python for Data Engineering,Tech,2023-04-17,71,Completed,2500
EMP-13791,CRS-102,Python for Data Engineering,Tech,2023-06-16,88,Completed,2500
EMP-13791,CRS-103,Power BI DAX Masterclass,Tech,2024-06-14,84,Completed,2000
EMP-14755,CRS-302,Modern Data Stack Architecture,Tech,2024-06-17,73,Completed,4000
EMP-14755,CRS-302,Modern Data Stack Architecture,Tech,2024-08-08,80,Completed,4000
EMP-14755,CRS-201,Agile Project Management,Leadership,2024-06-24,82,Completed,1200
EMP-14755,CRS-301,Cloud Security & Compliance,Compliance,2026-01-14,87,Completed,3000
EMP-14755,CRS-103,Power BI DAX Masterclass,Tech,2025-06-21,95,Completed,2000
EMP-15466,CRS-103,Power BI DAX Masterclass,Tech,2023-05-12,74,Completed,2000
EMP-15466,CRS-103,Power BI DAX Masterclass,Tech,2023-05-28,100,Completed,2000
EMP-15466,CRS-202,Cross-Cultural Business Communication,Soft Skills,2026-04-12,82,Completed,800
EMP-16121,CRS-301,Cloud Security & Compliance,Compliance,2025-11-04,100,Completed,3000
EMP-16121,CRS-103,Power BI DAX Masterclass,Tech,2024-05-25,84,Completed,2000
EMP-13685,CRS-302,Modern Data Stack Architecture,Tech,2023-09-24,72,Completed,4000
EMP-13685,CRS-302,Modern Data Stack Architecture,Tech,2023-10-15,91,Completed,4000
EMP-13685,CRS-102,Python for Data Engineering,Tech,2025-07-26,71,Completed,2500
EMP-13685,CRS-102,Python for Data Engineering,Tech,2025-08-31,97,Completed,2500
EMP-13685,CRS-101,Advanced SQL & Performance Tuning,Tech,2026-02-06,95,Completed,1500
EMP-14684,CRS-301,Cloud Security & Compliance,Compliance,2025-07-19,97,Completed,3000
EMP-14684,CRS-101,Advanced SQL & Performance Tuning,Tech,2024-08-19,95,Completed,1500
EMP-11543,CRS-102,Python for Data Engineering,Tech,2024-12-22,88,Completed,2500
EMP-12634,CRS-301,Cloud Security & Compliance,Compliance,2023-12-31,80,Completed,3000
EMP-12634,CRS-103,Power BI DAX Masterclass,Tech,2023-08-13,73,Completed,2000
EMP-12634,CRS-103,Power BI DAX Masterclass,Tech,2023-09-05,90,Completed,2000
EMP-14957,CRS-301,Cloud Security & Compliance,Compliance,2024-03-27,84,Completed,3000
EMP-14957,CRS-103,Power BI DAX Masterclass,Tech,2023-02-13,97,Completed,2000
EMP-14957,CRS-102,Python for Data Engineering,Tech,2023-10-23,82,Completed,2500
EMP-13897,CRS-301,Cloud Security & Compliance,Compliance,2026-04-25,97,Completed,3000
EMP-13897,CRS-103,Power BI DAX Masterclass,Tech,2024-02-04,92,Completed,2000
EMP-14108,CRS-103,Power BI DAX Masterclass,Tech,2024-08-25,84,Completed,2000
EMP-16258,CRS-103,Power BI DAX Masterclass,Tech,2025-10-19,89,Completed,2000
EMP-16258,CRS-202,Cross-Cultural Business Communication,Soft Skills,2024-11-08,78,Completed,800
EMP-16258,CRS-301,Cloud Security & Compliance,Compliance,2023-12-07,97,Completed,3000
EMP-10507,CRS-302,Modern Data Stack Architecture,Tech,2024-12-16,89,Completed,4000
EMP-10507,CRS-202,Cross-Cultural Business Communication,Soft Skills,2024-10-03,95,Completed,800
EMP-15922,CRS-202,Cross-Cultural Business Communication,Soft Skills,2024-01-08,83,Completed,800
EMP-10848,CRS-202,Cross-Cultural Business Communication,Soft Skills,2024-10-10,77,Completed,800
EMP-12814,CRS-201,Agile Project Management,Leadership,2025-08-29,95,Completed,1200
EMP-10691,CRS-202,Cross-Cultural Business Communication,Soft Skills,2025-05-06,98,Completed,800
EMP-10691,CRS-102,Python for Data Engineering,Tech,2026-01-16,74,Completed,2500
EMP-10691,CRS-102,Python for Data Engineering,Tech,2026-02-07,75,Completed,2500
EMP-10691,CRS-101,Advanced SQL & Performance Tuning,Tech,2025-01-25,93,Completed,1500
EMP-14134,CRS-103,Power BI DAX Masterclass,Tech,2023-08-28,80,Completed,2000
EMP-11414,CRS-302,Modern Data Stack Architecture,Tech,2023-11-07,80,Completed,4000
EMP-11414,CRS-201,Agile Project Management,Leadership,2026-04-06,77,Completed,1200
EMP-11414,CRS-102,Python for Data Engineering,Tech,2025-08-06,90,Completed,2500
EMP-11414,CRS-101,Advanced SQL & Performance Tuning,Tech,2024-08-30,71,Completed,1500
EMP-11414,CRS-101,Advanced SQL & Performance Tuning,Tech,2024-09-17,85,Completed,1500
EMP-10321,CRS-202,Cross-Cultural Business Communication,Soft Skills,2023-02-25,67,Failed,0
EMP-10321,CRS-202,Cross-Cultural Business Communication,Soft Skills,2023-03-24,98,Completed,800
EMP-10321,CRS-302,Modern Data Stack Architecture,Tech,2023-08-08,90,Completed,4000
EMP-12030,CRS-101,Advanced SQL & Performance Tuning,Tech,2025-12-30,92,Completed,1500
EMP-12030,CRS-103,Power BI DAX Masterclass,Tech,2023-05-12,75,Completed,2000
EMP-12030,CRS-202,Cross-Cultural Business Communication,Soft Skills,2023-07-13,55,Failed,0
EMP-12030,CRS-202,Cross-Cultural Business Communication,Soft Skills,2023-08-14,91,Completed,800
EMP-15876,CRS-101,Advanced SQL & Performance Tuning,Tech,2025-02-01,74,Completed,1500
EMP-15876,CRS-101,Advanced SQL & Performance Tuning,Tech,2025-03-21,88,Completed,1500
EMP-15876,CRS-301,Cloud Security & Compliance,Compliance,2026-01-02,82,Completed,3000
EMP-13600,CRS-302,Modern Data Stack Architecture,Tech,2026-04-08,86,Completed,4000
EMP-14294,CRS-101,Advanced SQL & Performance Tuning,Tech,2024-09-25,59,Failed,0
EMP-14294,CRS-101,Advanced SQL & Performance Tuning,Tech,2024-11-21,75,Completed,1500
EMP-14294,CRS-201,Agile Project Management,Leadership,2023-03-29,75,Completed,1200
EMP-16596,CRS-201,Agile Project Management,Leadership,2025-12-10,77,Completed,1200
EMP-16596,CRS-302,Modern Data Stack Architecture,Tech,2025-12-02,94,Completed,4000
EMP-14996,CRS-201,Agile Project Management,Leadership,2024-07-31,93,Completed,1200
EMP-11301,CRS-202,Cross-Cultural Business Communication,Soft Skills,2023-09-22,79,Completed,800
EMP-11301,CRS-201,Agile Project Management,Leadership,2023-08-17,74,Completed,1200
EMP-11301,CRS-201,Agile Project Management,Leadership,2023-09-27,100,Completed,1200
EMP-12982,CRS-101,Advanced SQL & Performance Tuning,Tech,2024-01-31,70,Completed,1500
EMP-12982,CRS-101,Advanced SQL & Performance Tuning,Tech,2024-02-18,76,Completed,1500
EMP-13055,CRS-202,Cross-Cultural Business Communication,Soft Skills,2024-06-02,76,Completed,800
EMP-15757,CRS-301,Cloud Security & Compliance,Compliance,2025-09-21,99,Completed,3000
EMP-13174,CRS-301,Cloud Security & Compliance,Compliance,2023-07-04,97,Completed,3000
EMP-13174,CRS-101,Advanced SQL & Performance Tuning,Tech,2023-11-11,88,Completed,1500
EMP-13349,CRS-103,Power BI DAX Masterclass,Tech,2023-11-26,92,Completed,2000
EMP-13349,CRS-202,Cross-Cultural Business Communication,Soft Skills,2026-01-30,71,Completed,800
EMP-13349,CRS-202,Cross-Cultural Business Communication,Soft Skills,2026-03-12,88,Completed,800
EMP-13349,CRS-301,Cloud Security & Compliance,Compliance,2025-04-19,93,Completed,3000
EMP-13349,CRS-101,Advanced SQL & Performance Tuning,Tech,2023-12-11,50,Failed,0
EMP-13349,CRS-101,Advanced SQL & Performance Tuning,Tech,2024-01-06,98,Completed,1500
EMP-12772,CRS-103,Power BI DAX Masterclass,Tech,2024-02-01,82,Completed,2000
EMP-14898,CRS-103,Power BI DAX Masterclass,Tech,2023-04-06,95,Completed,2000
EMP-10429,CRS-202,Cross-Cultural Business Communication,Soft Skills,2024-04-26,67,Failed,0
EMP-10429,CRS-202,Cross-Cultural Business Communication,Soft Skills,2024-06-01,92,Completed,800
EMP-12742,CRS-201,Agile Project Management,Leadership,2023-12-17,94,Completed,1200
EMP-12742,CRS-202,Cross-Cultural Business Communication,Soft Skills,2023-05-03,82,Completed,800
EMP-10540,CRS-302,Modern Data Stack Architecture,Tech,2025-07-25,99,Completed,4000
EMP-15353,CRS-302,Modern Data Stack Architecture,Tech,2026-02-12,98,Completed,4000
EMP-10775,CRS-201,Agile Project Management,Leadership,2024-02-22,96,Completed,1200
EMP-10775,CRS-301,Cloud Security & Compliance,Compliance,2023-06-20,80,Completed,3000
EMP-14571,CRS-202,Cross-Cultural Business Communication,Soft Skills,2025-03-25,73,Completed,800
EMP-14571,CRS-202,Cross-Cultural Business Communication,Soft Skills,2025-05-13,84,Completed,800
EMP-14571,CRS-201,Agile Project Management,Leadership,2023-08-11,72,Completed,1200
EMP-14571,CRS-201,Agile Project Management,Leadership,2023-10-06,91,Completed,1200
EMP-14571,CRS-102,Python for Data Engineering,Tech,2023-11-18,98,Completed,2500
EMP-13167,CRS-101,Advanced SQL & Performance Tuning,Tech,2026-01-12,93,Completed,1500
EMP-13167,CRS-301,Cloud Security & Compliance,Compliance,2024-12-16,84,Completed,3000
EMP-12328,CRS-101,Advanced SQL & Performance Tuning,Tech,2025-09-03,92,Completed,1500
EMP-12328,CRS-202,Cross-Cultural Business Communication,Soft Skills,2023-02-10,100,Completed,800
EMP-12065,CRS-101,Advanced SQL & Performance Tuning,Tech,2023-03-30,94,Completed,1500
EMP-14938,CRS-202,Cross-Cultural Business Communication,Soft Skills,2023-12-09,90,Completed,800
EMP-11232,CRS-101,Advanced SQL & Performance Tuning,Tech,2024-06-29,57,Failed,0
EMP-11232,CRS-101,Advanced SQL & Performance Tuning,Tech,2024-07-21,89,Completed,1500
EMP-11232,CRS-301,Cloud Security & Compliance,Compliance,2026-05-27,100,Completed,3000
EMP-15842,CRS-202,Cross-Cultural Business Communication,Soft Skills,2023-08-15,88,Completed,800
EMP-10668,CRS-301,Cloud Security & Compliance,Compliance,2024-09-04,91,Completed,3000
EMP-10668,CRS-102,Python for Data Engineering,Tech,2023-02-04,92,Completed,2500
EMP-10668,CRS-202,Cross-Cultural Business Communication,Soft Skills,2025-01-24,87,Completed,800
EMP-14774,CRS-302,Modern Data Stack Architecture,Tech,2024-12-25,68,Failed,0
EMP-14774,CRS-302,Modern Data Stack Architecture,Tech,2025-01-28,89,Completed,4000
EMP-11159,CRS-202,Cross-Cultural Business Communication,Soft Skills,2025-11-04,88,Completed,800
EMP-12866,CRS-103,Power BI DAX Masterclass,Tech,2024-04-02,78,Completed,2000
EMP-16914,CRS-101,Advanced SQL & Performance Tuning,Tech,2024-09-02,88,Completed,1500
EMP-16914,CRS-201,Agile Project Management,Leadership,2023-02-16,78,Completed,1200
EMP-13211,CRS-202,Cross-Cultural Business Communication,Soft Skills,2025-04-23,88,Completed,800
EMP-11057,CRS-302,Modern Data Stack Architecture,Tech,2025-06-15,89,Completed,4000
EMP-15890,CRS-101,Advanced SQL & Performance Tuning,Tech,2026-02-07,84,Completed,1500
EMP-16350,CRS-103,Power BI DAX Masterclass,Tech,2024-12-21,97,Completed,2000
EMP-16350,CRS-202,Cross-Cultural Business Communication,Soft Skills,2025-04-10,72,Completed,800
EMP-16350,CRS-202,Cross-Cultural Business Communication,Soft Skills,2025-05-06,100,Completed,800
EMP-12537,CRS-202,Cross-Cultural Business Communication,Soft Skills,2023-08-19,84,Completed,800
EMP-12537,CRS-103,Power BI DAX Masterclass,Tech,2025-07-27,100,Completed,2000
EMP-16885,CRS-301,Cloud Security & Compliance,Compliance,2026-04-05,95,Completed,3000
EMP-13086,CRS-103,Power BI DAX Masterclass,Tech,2024-06-27,59,Failed,0
EMP-13086,CRS-103,Power BI DAX Masterclass,Tech,2024-08-18,80,Completed,2000
EMP-13086,CRS-202,Cross-Cultural Business Communication,Soft Skills,2025-11-20,62,Failed,0
EMP-13086,CRS-202,Cross-Cultural Business Communication,Soft Skills,2025-12-14,78,Completed,800
EMP-13086,CRS-301,Cloud Security & Compliance,Compliance,2023-03-06,55,Failed,0
EMP-13086,CRS-301,Cloud Security & Compliance,Compliance,2023-04-18,76,Completed,3000
EMP-13086,CRS-101,Advanced SQL & Performance Tuning,Tech,2025-03-23,79,Completed,1500
EMP-12691,CRS-101,Advanced SQL & Performance Tuning,Tech,2024-07-08,96,Completed,1500
EMP-12691,CRS-202,Cross-Cultural Business Communication,Soft Skills,2025-12-01,94,Completed,800
EMP-12691,CRS-102,Python for Data Engineering,Tech,2026-02-13,88,Completed,2500
EMP-11047,CRS-302,Modern Data Stack Architecture,Tech,2025-09-15,91,Completed,4000
EMP-11047,CRS-101,Advanced SQL & Performance Tuning,Tech,2026-02-02,89,Completed,1500
EMP-11047,CRS-103,Power BI DAX Masterclass,Tech,2025-08-28,96,Completed,2000
EMP-14313,CRS-202,Cross-Cultural Business Communication,Soft Skills,2023-01-30,99,Completed,800
EMP-14313,CRS-103,Power BI DAX Masterclass,Tech,2025-01-28,50,Failed,0
EMP-14313,CRS-103,Power BI DAX Masterclass,Tech,2025-02-13,96,Completed,2000
EMP-14313,CRS-201,Agile Project Management,Leadership,2024-12-07,94,Completed,1200
EMP-14313,CRS-102,Python for Data Engineering,Tech,2023-07-28,98,Completed,2500
EMP-16343,CRS-301,Cloud Security & Compliance,Compliance,2023-02-05,82,Completed,3000
EMP-16343,CRS-102,Python for Data Engineering,Tech,2026-02-16,94,Completed,2500
EMP-13469,CRS-202,Cross-Cultural Business Communication,Soft Skills,2025-06-03,64,Failed,0
EMP-13469,CRS-202,Cross-Cultural Business Communication,Soft Skills,2025-07-17,98,Completed,800
EMP-13469,CRS-301,Cloud Security & Compliance,Compliance,2023-02-09,86,Completed,3000
EMP-13469,CRS-103,Power BI DAX Masterclass,Tech,2025-04-28,51,Failed,0
EMP-13469,CRS-103,Power BI DAX Masterclass,Tech,2025-05-25,88,Completed,2000
EMP-14166,CRS-301,Cloud Security & Compliance,Compliance,2023-09-09,77,Completed,3000
EMP-15219,CRS-103,Power BI DAX Masterclass,Tech,2023-09-27,89,Completed,2000
EMP-10150,CRS-103,Power BI DAX Masterclass,Tech,2024-12-03,87,Completed,2000
EMP-12971,CRS-103,Power BI DAX Masterclass,Tech,2023-12-04,59,Failed,0
EMP-12971,CRS-103,Power BI DAX Masterclass,Tech,2023-12-27,100,Completed,2000
EMP-15589,CRS-101,Advanced SQL & Performance Tuning,Tech,2024-12-05,89,Completed,1500
EMP-15589,CRS-103,Power BI DAX Masterclass,Tech,2025-09-05,80,Completed,2000
EMP-11477,CRS-102,Python for Data Engineering,Tech,2023-09-13,70,Completed,2500
EMP-11477,CRS-102,Python for Data Engineering,Tech,2023-10-10,95,Completed,2500
EMP-11477,CRS-302,Modern Data Stack Architecture,Tech,2024-08-26,64,Failed,0
EMP-11477,CRS-302,Modern Data Stack Architecture,Tech,2024-10-10,84,Completed,4000
EMP-11755,CRS-201,Agile Project Management,Leadership,2024-09-13,79,Completed,1200
EMP-12800,CRS-202,Cross-Cultural Business Communication,Soft Skills,2024-04-01,83,Completed,800
EMP-13984,CRS-302,Modern Data Stack Architecture,Tech,2024-04-19,77,Completed,4000
EMP-11573,CRS-101,Advanced SQL & Performance Tuning,Tech,2023-10-08,80,Completed,1500
EMP-11856,CRS-102,Python for Data Engineering,Tech,2026-05-05,70,Completed,2500
EMP-11127,CRS-102,Python for Data Engineering,Tech,2023-07-07,99,Completed,2500
EMP-11270,CRS-302,Modern Data Stack Architecture,Tech,2023-10-21,85,Completed,4000
EMP-10633,CRS-202,Cross-Cultural Business Communication,Soft Skills,2026-01-22,89,Completed,800
EMP-10633,CRS-301,Cloud Security & Compliance,Compliance,2024-10-19,87,Completed,3000
EMP-15618,CRS-301,Cloud Security & Compliance,Compliance,2024-09-17,91,Completed,3000
EMP-10829,CRS-302,Modern Data Stack Architecture,Tech,2024-10-02,53,Failed,0
EMP-10829,CRS-302,Modern Data Stack Architecture,Tech,2024-11-17,85,Completed,4000
EMP-16799,CRS-202,Cross-Cultural Business Communication,Soft Skills,2023-06-22,64,Failed,0
EMP-16799,CRS-202,Cross-Cultural Business Communication,Soft Skills,2023-07-09,91,Completed,800
EMP-14422,CRS-101,Advanced SQL & Performance Tuning,Tech,2026-05-12,78,Completed,1500
EMP-14422,CRS-103,Power BI DAX Masterclass,Tech,2024-09-21,85,Completed,2000
EMP-14422,CRS-301,Cloud Security & Compliance,Compliance,2025-01-19,81,Completed,3000
EMP-14314,CRS-302,Modern Data Stack Architecture,Tech,2025-12-19,73,Completed,4000
EMP-14314,CRS-302,Modern Data Stack Architecture,Tech,2026-01-31,78,Completed,4000
EMP-10310,CRS-103,Power BI DAX Masterclass,Tech,2026-03-15,76,Completed,2000
EMP-12759,CRS-202,Cross-Cultural Business Communication,Soft Skills,2024-11-13,85,Completed,800
EMP-12759,CRS-102,Python for Data Engineering,Tech,2023-03-04,57,Failed,0
EMP-12759,CRS-102,Python for Data Engineering,Tech,2023-03-31,88,Completed,2500
EMP-12759,CRS-101,Advanced SQL & Performance Tuning,Tech,2023-06-20,92,Completed,1500
EMP-15063,CRS-202,Cross-Cultural Business Communication,Soft Skills,2025-05-24,86,Completed,800
EMP-15063,CRS-302,Modern Data Stack Architecture,Tech,2025-12-31,95,Completed,4000
EMP-15063,CRS-102,Python for Data Engineering,Tech,2023-05-20,95,Completed,2500
EMP-15803,CRS-102,Python for Data Engineering,Tech,2024-08-07,83,Completed,2500
EMP-15803,CRS-101,Advanced SQL & Performance Tuning,Tech,2023-05-09,60,Failed,0
EMP-15803,CRS-101,Advanced SQL & Performance Tuning,Tech,2023-07-06,84,Completed,1500
EMP-14893,CRS-302,Modern Data Stack Architecture,Tech,2024-03-11,93,Completed,4000
EMP-13087,CRS-302,Modern Data Stack Architecture,Tech,2023-07-27,88,Completed,4000
EMP-13087,CRS-202,Cross-Cultural Business Communication,Soft Skills,2024-12-30,91,Completed,800
EMP-13087,CRS-101,Advanced SQL & Performance Tuning,Tech,2024-08-22,97,Completed,1500
EMP-11264,CRS-201,Agile Project Management,Leadership,2025-06-25,99,Completed,1200
EMP-11330,CRS-202,Cross-Cultural Business Communication,Soft Skills,2024-04-04,96,Completed,800
EMP-11330,CRS-101,Advanced SQL & Performance Tuning,Tech,2026-04-18,88,Completed,1500
EMP-11330,CRS-103,Power BI DAX Masterclass,Tech,2025-02-09,78,Completed,2000
EMP-11482,CRS-202,Cross-Cultural Business Communication,Soft Skills,2026-04-18,88,Completed,800
EMP-11357,CRS-101,Advanced SQL & Performance Tuning,Tech,2025-12-26,87,Completed,1500
EMP-11357,CRS-302,Modern Data Stack Architecture,Tech,2024-04-11,70,Completed,4000
EMP-11357,CRS-302,Modern Data Stack Architecture,Tech,2024-05-09,96,Completed,4000
EMP-13586,CRS-102,Python for Data Engineering,Tech,2023-06-24,89,Completed,2500
EMP-13586,CRS-101,Advanced SQL & Performance Tuning,Tech,2025-12-05,98,Completed,1500
EMP-16872,CRS-201,Agile Project Management,Leadership,2025-11-19,79,Completed,1200
EMP-16872,CRS-103,Power BI DAX Masterclass,Tech,2025-07-26,81,Completed,2000
EMP-15351,CRS-103,Power BI DAX Masterclass,Tech,2024-11-03,81,Completed,2000
EMP-15351,CRS-201,Agile Project Management,Leadership,2023-09-16,66,Failed,0
EMP-15351,CRS-201,Agile Project Management,Leadership,2023-11-06,76,Completed,1200
EMP-12985,CRS-101,Advanced SQL & Performance Tuning,Tech,2025-06-22,84,Completed,1500
EMP-11946,CRS-301,Cloud Security & Compliance,Compliance,2023-06-01,79,Completed,3000
EMP-11946,CRS-302,Modern Data Stack Architecture,Tech,2024-01-20,99,Completed,4000
EMP-13639,CRS-201,Agile Project Management,Leadership,2026-04-04,79,Completed,1200
EMP-13639,CRS-101,Advanced SQL & Performance Tuning,Tech,2024-06-21,60,Failed,0
EMP-13639,CRS-101,Advanced SQL & Performance Tuning,Tech,2024-07-22,100,Completed,1500
EMP-13639,CRS-103,Power BI DAX Masterclass,Tech,2024-02-27,85,Completed,2000
EMP-15002,CRS-201,Agile Project Management,Leadership,2025-12-07,72,Completed,1200
EMP-15002,CRS-201,Agile Project Management,Leadership,2026-01-03,95,Completed,1200
EMP-16563,CRS-202,Cross-Cultural Business Communication,Soft Skills,2025-10-26,94,Completed,800
EMP-15178,CRS-302,Modern Data Stack Architecture,Tech,2026-03-29,89,Completed,4000
EMP-15178,CRS-101,Advanced SQL & Performance Tuning,Tech,2025-10-03,72,Completed,1500
EMP-15178,CRS-101,Advanced SQL & Performance Tuning,Tech,2025-11-07,93,Completed,1500
EMP-11917,CRS-302,Modern Data Stack Architecture,Tech,2023-02-16,91,Completed,4000
EMP-14375,CRS-301,Cloud Security & Compliance,Compliance,2025-06-30,64,Failed,0
EMP-14375,CRS-301,Cloud Security & Compliance,Compliance,2025-08-03,79,Completed,3000
EMP-14375,CRS-202,Cross-Cultural Business Communication,Soft Skills,2026-02-21,99,Completed,800
EMP-14375,CRS-102,Python for Data Engineering,Tech,2024-03-01,96,Completed,2500
EMP-14375,CRS-101,Advanced SQL & Performance Tuning,Tech,2023-07-03,93,Completed,1500
EMP-16271,CRS-302,Modern Data Stack Architecture,Tech,2025-08-09,94,Completed,4000
EMP-16271,CRS-301,Cloud Security & Compliance,Compliance,2024-10-14,74,Completed,3000
EMP-16271,CRS-301,Cloud Security & Compliance,Compliance,2024-10-29,98,Completed,3000
EMP-12536,CRS-101,Advanced SQL & Performance Tuning,Tech,2024-05-08,68,Failed,0
EMP-12536,CRS-101,Advanced SQL & Performance Tuning,Tech,2024-06-25,79,Completed,1500
EMP-12536,CRS-202,Cross-Cultural Business Communication,Soft Skills,2026-03-20,65,Failed,0
EMP-12536,CRS-202,Cross-Cultural Business Communication,Soft Skills,2026-04-23,86,Completed,800
EMP-13843,CRS-301,Cloud Security & Compliance,Compliance,2025-05-23,51,Failed,0
EMP-13843,CRS-301,Cloud Security & Compliance,Compliance,2025-07-09,85,Completed,3000
EMP-11590,CRS-302,Modern Data Stack Architecture,Tech,2023-09-09,79,Completed,4000
EMP-11590,CRS-101,Advanced SQL & Performance Tuning,Tech,2023-10-05,76,Completed,1500
EMP-11590,CRS-202,Cross-Cultural Business Communication,Soft Skills,2024-02-28,72,Completed,800
EMP-11590,CRS-202,Cross-Cultural Business Communication,Soft Skills,2024-04-26,100,Completed,800
EMP-13014,CRS-201,Agile Project Management,Leadership,2025-02-15,74,Completed,1200
EMP-13014,CRS-201,Agile Project Management,Leadership,2025-03-06,81,Completed,1200
EMP-13014,CRS-102,Python for Data Engineering,Tech,2024-12-15,93,Completed,2500
EMP-14673,CRS-102,Python for Data Engineering,Tech,2024-05-10,71,Completed,2500
EMP-14673,CRS-102,Python for Data Engineering,Tech,2024-07-03,85,Completed,2500
EMP-14673,CRS-103,Power BI DAX Masterclass,Tech,2026-01-20,97,Completed,2000
EMP-13610,CRS-201,Agile Project Management,Leadership,2024-08-20,91,Completed,1200
EMP-13610,CRS-101,Advanced SQL & Performance Tuning,Tech,2024-11-15,96,Completed,1500
EMP-13610,CRS-103,Power BI DAX Masterclass,Tech,2026-04-12,88,Completed,2000
EMP-15159,CRS-101,Advanced SQL & Performance Tuning,Tech,2023-07-27,79,Completed,1500
EMP-16540,CRS-202,Cross-Cultural Business Communication,Soft Skills,2025-08-23,75,Completed,800
EMP-16540,CRS-101,Advanced SQL & Performance Tuning,Tech,2023-11-21,89,Completed,1500
EMP-16540,CRS-102,Python for Data Engineering,Tech,2025-02-13,70,Completed,2500
EMP-16540,CRS-102,Python for Data Engineering,Tech,2025-03-14,84,Completed,2500
EMP-16540,CRS-302,Modern Data Stack Architecture,Tech,2023-12-29,72,Completed,4000
EMP-16540,CRS-302,Modern Data Stack Architecture,Tech,2024-01-28,83,Completed,4000
EMP-13129,CRS-301,Cloud Security & Compliance,Compliance,2025-04-24,71,Completed,3000
EMP-13129,CRS-301,Cloud Security & Compliance,Compliance,2025-06-16,97,Completed,3000
EMP-16621,CRS-103,Power BI DAX Masterclass,Tech,2024-02-24,87,Completed,2000
EMP-14321,CRS-103,Power BI DAX Masterclass,Tech,2024-06-27,81,Completed,2000
EMP-14321,CRS-201,Agile Project Management,Leadership,2023-03-18,91,Completed,1200
EMP-13430,CRS-201,Agile Project Management,Leadership,2024-03-14,50,Failed,0
EMP-13430,CRS-201,Agile Project Management,Leadership,2024-04-23,81,Completed,1200
EMP-11328,CRS-302,Modern Data Stack Architecture,Tech,2025-11-08,78,Completed,4000
EMP-11636,CRS-201,Agile Project Management,Leadership,2025-12-19,77,Completed,1200
EMP-11636,CRS-101,Advanced SQL & Performance Tuning,Tech,2024-03-08,88,Completed,1500
EMP-14954,CRS-201,Agile Project Management,Leadership,2025-04-03,92,Completed,1200
EMP-14954,CRS-302,Modern Data Stack Architecture,Tech,2026-05-27,88,Completed,4000
EMP-16259,CRS-302,Modern Data Stack Architecture,Tech,2025-11-08,94,Completed,4000
EMP-16259,CRS-103,Power BI DAX Masterclass,Tech,2024-10-17,73,Completed,2000
EMP-16259,CRS-103,Power BI DAX Masterclass,Tech,2024-11-15,99,Completed,2000
EMP-15630,CRS-301,Cloud Security & Compliance,Compliance,2025-07-18,97,Completed,3000
EMP-10428,CRS-102,Python for Data Engineering,Tech,2023-02-13,95,Completed,2500
EMP-13937,CRS-101,Advanced SQL & Performance Tuning,Tech,2025-02-24,94,Completed,1500
EMP-13937,CRS-302,Modern Data Stack Architecture,Tech,2023-03-13,79,Completed,4000
EMP-13041,CRS-302,Modern Data Stack Architecture,Tech,2023-05-14,85,Completed,4000
EMP-13041,CRS-202,Cross-Cultural Business Communication,Soft Skills,2025-08-20,90,Completed,800
EMP-14543,CRS-102,Python for Data Engineering,Tech,2025-04-08,94,Completed,2500
EMP-14543,CRS-301,Cloud Security & Compliance,Compliance,2023-01-29,73,Completed,3000
EMP-14543,CRS-301,Cloud Security & Compliance,Compliance,2023-02-12,94,Completed,3000
EMP-14543,CRS-302,Modern Data Stack Architecture,Tech,2023-01-26,69,Failed,0
EMP-14543,CRS-302,Modern Data Stack Architecture,Tech,2023-03-03,81,Completed,4000
EMP-14543,CRS-202,Cross-Cultural Business Communication,Soft Skills,2025-11-15,70,Completed,800
EMP-14543,CRS-202,Cross-Cultural Business Communication,Soft Skills,2025-12-07,87,Completed,800
EMP-15983,CRS-103,Power BI DAX Masterclass,Tech,2023-12-08,99,Completed,2000
EMP-14227,CRS-102,Python for Data Engineering,Tech,2023-06-24,71,Completed,2500
EMP-14227,CRS-102,Python for Data Engineering,Tech,2023-07-30,89,Completed,2500
EMP-14227,CRS-302,Modern Data Stack Architecture,Tech,2025-08-03,70,Completed,4000
EMP-14227,CRS-302,Modern Data Stack Architecture,Tech,2025-09-03,77,Completed,4000
EMP-11022,CRS-301,Cloud Security & Compliance,Compliance,2025-10-10,96,Completed,3000
EMP-12336,CRS-102,Python for Data Engineering,Tech,2023-11-23,81,Completed,2500
EMP-16199,CRS-202,Cross-Cultural Business Communication,Soft Skills,2023-06-04,89,Completed,800
EMP-11314,CRS-101,Advanced SQL & Performance Tuning,Tech,2023-10-23,94,Completed,1500
EMP-11314,CRS-301,Cloud Security & Compliance,Compliance,2025-08-11,88,Completed,3000
EMP-12235,CRS-102,Python for Data Engineering,Tech,2025-03-09,97,Completed,2500
EMP-12235,CRS-301,Cloud Security & Compliance,Compliance,2025-04-13,75,Completed,3000
EMP-13681,CRS-201,Agile Project Management,Leadership,2024-09-03,75,Completed,1200
EMP-14206,CRS-301,Cloud Security & Compliance,Compliance,2024-03-14,55,Failed,0
EMP-14206,CRS-301,Cloud Security & Compliance,Compliance,2024-05-01,94,Completed,3000
EMP-16444,CRS-102,Python for Data Engineering,Tech,2024-09-17,86,Completed,2500
EMP-13584,CRS-102,Python for Data Engineering,Tech,2025-08-30,74,Completed,2500
EMP-13584,CRS-102,Python for Data Engineering,Tech,2025-10-11,97,Completed,2500
EMP-13584,CRS-101,Advanced SQL & Performance Tuning,Tech,2023-12-14,99,Completed,1500
EMP-15304,CRS-101,Advanced SQL & Performance Tuning,Tech,2024-11-17,82,Completed,1500
EMP-15304,CRS-202,Cross-Cultural Business Communication,Soft Skills,2025-04-28,72,Completed,800
EMP-15304,CRS-202,Cross-Cultural Business Communication,Soft Skills,2025-05-24,88,Completed,800
EMP-11819,CRS-202,Cross-Cultural Business Communication,Soft Skills,2025-08-10,89,Completed,800
EMP-11819,CRS-101,Advanced SQL & Performance Tuning,Tech,2023-05-03,85,Completed,1500
EMP-11819,CRS-301,Cloud Security & Compliance,Compliance,2024-11-14,68,Failed,0
EMP-11819,CRS-301,Cloud Security & Compliance,Compliance,2024-12-27,81,Completed,3000
EMP-11819,CRS-103,Power BI DAX Masterclass,Tech,2025-08-03,76,Completed,2000
EMP-13696,CRS-201,Agile Project Management,Leadership,2023-12-18,55,Failed,0
EMP-13696,CRS-201,Agile Project Management,Leadership,2024-02-04,87,Completed,1200
EMP-12864,CRS-301,Cloud Security & Compliance,Compliance,2025-08-25,90,Completed,3000
EMP-12864,CRS-202,Cross-Cultural Business Communication,Soft Skills,2023-10-19,55,Failed,0
EMP-12864,CRS-202,Cross-Cultural Business Communication,Soft Skills,2023-11-18,85,Completed,800
EMP-10219,CRS-301,Cloud Security & Compliance,Compliance,2023-08-18,73,Completed,3000
EMP-10219,CRS-301,Cloud Security & Compliance,Compliance,2023-10-06,100,Completed,3000
EMP-10219,CRS-103,Power BI DAX Masterclass,Tech,2023-05-21,65,Failed,0
EMP-10219,CRS-103,Power BI DAX Masterclass,Tech,2023-06-20,84,Completed,2000
EMP-10219,CRS-201,Agile Project Management,Leadership,2024-05-16,71,Completed,1200
EMP-10219,CRS-201,Agile Project Management,Leadership,2024-06-08,82,Completed,1200
EMP-15505,CRS-103,Power BI DAX Masterclass,Tech,2024-01-12,61,Failed,0
EMP-15505,CRS-103,Power BI DAX Masterclass,Tech,2024-02-20,75,Completed,2000
EMP-15505,CRS-102,Python for Data Engineering,Tech,2023-10-23,75,Completed,2500
EMP-10437,CRS-302,Modern Data Stack Architecture,Tech,2023-10-18,88,Completed,4000
EMP-10437,CRS-101,Advanced SQL & Performance Tuning,Tech,2025-07-02,98,Completed,1500
EMP-13248,CRS-102,Python for Data Engineering,Tech,2024-01-10,90,Completed,2500
EMP-13248,CRS-301,Cloud Security & Compliance,Compliance,2024-10-08,77,Completed,3000
EMP-14113,CRS-101,Advanced SQL & Performance Tuning,Tech,2025-08-11,96,Completed,1500
EMP-16933,CRS-301,Cloud Security & Compliance,Compliance,2024-07-07,96,Completed,3000
EMP-16933,CRS-102,Python for Data Engineering,Tech,2026-04-11,67,Failed,0
EMP-16933,CRS-102,Python for Data Engineering,Tech,2026-04-27,79,Completed,2500
EMP-11932,CRS-202,Cross-Cultural Business Communication,Soft Skills,2023-08-15,100,Completed,800
EMP-13164,CRS-302,Modern Data Stack Architecture,Tech,2023-12-16,87,Completed,4000
EMP-13164,CRS-101,Advanced SQL & Performance Tuning,Tech,2024-08-07,95,Completed,1500
EMP-15285,CRS-201,Agile Project Management,Leadership,2026-02-12,95,Completed,1200
EMP-13072,CRS-301,Cloud Security & Compliance,Compliance,2025-08-07,71,Completed,3000
EMP-13072,CRS-301,Cloud Security & Compliance,Compliance,2025-09-22,91,Completed,3000
EMP-13072,CRS-201,Agile Project Management,Leadership,2024-07-05,84,Completed,1200
EMP-13072,CRS-102,Python for Data Engineering,Tech,2025-11-12,84,Completed,2500
EMP-13072,CRS-202,Cross-Cultural Business Communication,Soft Skills,2026-02-15,52,Failed,0
EMP-13072,CRS-202,Cross-Cultural Business Communication,Soft Skills,2026-03-03,90,Completed,800
EMP-11840,CRS-302,Modern Data Stack Architecture,Tech,2026-03-07,72,Completed,4000
EMP-11840,CRS-302,Modern Data Stack Architecture,Tech,2026-03-23,76,Completed,4000
EMP-10231,CRS-301,Cloud Security & Compliance,Compliance,2025-12-19,82,Completed,3000
EMP-12611,CRS-102,Python for Data Engineering,Tech,2024-10-29,78,Completed,2500
EMP-12611,CRS-302,Modern Data Stack Architecture,Tech,2025-11-10,78,Completed,4000
EMP-16585,CRS-202,Cross-Cultural Business Communication,Soft Skills,2026-03-21,83,Completed,800
EMP-16585,CRS-102,Python for Data Engineering,Tech,2025-06-03,74,Completed,2500
EMP-16585,CRS-102,Python for Data Engineering,Tech,2025-06-17,80,Completed,2500
EMP-16585,CRS-101,Advanced SQL & Performance Tuning,Tech,2023-05-16,76,Completed,1500
EMP-16585,CRS-301,Cloud Security & Compliance,Compliance,2025-10-03,54,Failed,0
EMP-16585,CRS-301,Cloud Security & Compliance,Compliance,2025-11-07,75,Completed,3000
EMP-12747,CRS-302,Modern Data Stack Architecture,Tech,2023-05-05,70,Completed,4000
EMP-12747,CRS-302,Modern Data Stack Architecture,Tech,2023-06-12,82,Completed,4000
EMP-12747,CRS-102,Python for Data Engineering,Tech,2024-08-20,84,Completed,2500
EMP-12747,CRS-101,Advanced SQL & Performance Tuning,Tech,2023-08-16,69,Failed,0
EMP-12747,CRS-101,Advanced SQL & Performance Tuning,Tech,2023-10-02,93,Completed,1500
EMP-11197,CRS-202,Cross-Cultural Business Communication,Soft Skills,2023-09-06,73,Completed,800
EMP-11197,CRS-202,Cross-Cultural Business Communication,Soft Skills,2023-09-20,75,Completed,800
EMP-11197,CRS-101,Advanced SQL & Performance Tuning,Tech,2026-04-02,82,Completed,1500
EMP-11128,CRS-102,Python for Data Engineering,Tech,2023-10-12,76,Completed,2500
EMP-11128,CRS-302,Modern Data Stack Architecture,Tech,2026-04-06,100,Completed,4000
EMP-16429,CRS-301,Cloud Security & Compliance,Compliance,2023-04-02,70,Completed,3000
EMP-16429,CRS-301,Cloud Security & Compliance,Compliance,2023-06-01,85,Completed,3000
EMP-16429,CRS-302,Modern Data Stack Architecture,Tech,2024-09-06,96,Completed,4000
EMP-16367,CRS-302,Modern Data Stack Architecture,Tech,2025-09-10,82,Completed,4000
EMP-16367,CRS-202,Cross-Cultural Business Communication,Soft Skills,2023-04-14,99,Completed,800
EMP-16367,CRS-201,Agile Project Management,Leadership,2026-04-22,78,Completed,1200
EMP-13871,CRS-101,Advanced SQL & Performance Tuning,Tech,2023-07-18,100,Completed,1500
EMP-11137,CRS-202,Cross-Cultural Business Communication,Soft Skills,2023-07-09,87,Completed,800
EMP-11137,CRS-101,Advanced SQL & Performance Tuning,Tech,2024-06-14,60,Failed,0
EMP-11137,CRS-101,Advanced SQL & Performance Tuning,Tech,2024-08-03,100,Completed,1500
EMP-11137,CRS-103,Power BI DAX Masterclass,Tech,2024-09-24,70,Completed,2000
EMP-11137,CRS-103,Power BI DAX Masterclass,Tech,2024-10-24,100,Completed,2000
EMP-15042,CRS-101,Advanced SQL & Performance Tuning,Tech,2024-02-21,94,Completed,1500
EMP-15042,CRS-302,Modern Data Stack Architecture,Tech,2025-04-25,70,Completed,4000
EMP-15042,CRS-302,Modern Data Stack Architecture,Tech,2025-06-02,93,Completed,4000
EMP-15042,CRS-103,Power BI DAX Masterclass,Tech,2026-05-28,78,Completed,2000
EMP-13675,CRS-103,Power BI DAX Masterclass,Tech,2025-06-23,54,Failed,0
EMP-13675,CRS-103,Power BI DAX Masterclass,Tech,2025-07-10,92,Completed,2000
EMP-13675,CRS-201,Agile Project Management,Leadership,2023-10-10,98,Completed,1200
EMP-13675,CRS-301,Cloud Security & Compliance,Compliance,2023-02-02,92,Completed,3000
EMP-10044,CRS-301,Cloud Security & Compliance,Compliance,2023-10-10,86,Completed,3000
EMP-10044,CRS-202,Cross-Cultural Business Communication,Soft Skills,2024-08-14,74,Completed,800
EMP-10044,CRS-202,Cross-Cultural Business Communication,Soft Skills,2024-09-22,79,Completed,800
EMP-10044,CRS-102,Python for Data Engineering,Tech,2023-03-10,81,Completed,2500
EMP-10650,CRS-103,Power BI DAX Masterclass,Tech,2024-10-27,84,Completed,2000
EMP-10156,CRS-301,Cloud Security & Compliance,Compliance,2024-09-30,100,Completed,3000
EMP-10156,CRS-102,Python for Data Engineering,Tech,2024-12-06,64,Failed,0
EMP-10156,CRS-102,Python for Data Engineering,Tech,2024-12-25,80,Completed,2500
EMP-10156,CRS-201,Agile Project Management,Leadership,2023-07-13,67,Failed,0
EMP-10156,CRS-201,Agile Project Management,Leadership,2023-09-09,85,Completed,1200
EMP-15190,CRS-101,Advanced SQL & Performance Tuning,Tech,2025-05-07,90,Completed,1500
EMP-11767,CRS-103,Power BI DAX Masterclass,Tech,2026-03-02,79,Completed,2000
EMP-11767,CRS-302,Modern Data Stack Architecture,Tech,2025-03-25,53,Failed,0
EMP-11767,CRS-302,Modern Data Stack Architecture,Tech,2025-05-07,94,Completed,4000
EMP-11225,CRS-101,Advanced SQL & Performance Tuning,Tech,2024-06-25,63,Failed,0
EMP-11225,CRS-101,Advanced SQL & Performance Tuning,Tech,2024-07-14,79,Completed,1500
EMP-14496,CRS-202,Cross-Cultural Business Communication,Soft Skills,2025-07-27,52,Failed,0
EMP-14496,CRS-202,Cross-Cultural Business Communication,Soft Skills,2025-08-21,81,Completed,800
EMP-14496,CRS-102,Python for Data Engineering,Tech,2023-09-18,93,Completed,2500
EMP-14324,CRS-101,Advanced SQL & Performance Tuning,Tech,2023-07-03,70,Completed,1500
EMP-14324,CRS-101,Advanced SQL & Performance Tuning,Tech,2023-08-02,92,Completed,1500
EMP-14324,CRS-103,Power BI DAX Masterclass,Tech,2025-02-05,85,Completed,2000
EMP-13468,CRS-103,Power BI DAX Masterclass,Tech,2024-04-04,79,Completed,2000
EMP-10911,CRS-103,Power BI DAX Masterclass,Tech,2023-12-30,84,Completed,2000
EMP-15915,CRS-301,Cloud Security & Compliance,Compliance,2024-09-06,96,Completed,3000
EMP-11947,CRS-101,Advanced SQL & Performance Tuning,Tech,2024-11-12,70,Completed,1500
EMP-11947,CRS-101,Advanced SQL & Performance Tuning,Tech,2025-01-11,98,Completed,1500
EMP-12468,CRS-102,Python for Data Engineering,Tech,2024-09-25,65,Failed,0
EMP-12468,CRS-102,Python for Data Engineering,Tech,2024-10-24,86,Completed,2500
EMP-12468,CRS-301,Cloud Security & Compliance,Compliance,2026-02-17,72,Completed,3000
EMP-12468,CRS-301,Cloud Security & Compliance,Compliance,2026-03-29,92,Completed,3000
EMP-10999,CRS-103,Power BI DAX Masterclass,Tech,2023-07-27,96,Completed,2000
EMP-10392,CRS-201,Agile Project Management,Leadership,2025-05-06,99,Completed,1200
EMP-10392,CRS-302,Modern Data Stack Architecture,Tech,2025-03-30,54,Failed,0
EMP-10392,CRS-302,Modern Data Stack Architecture,Tech,2025-04-17,94,Completed,4000
EMP-10392,CRS-101,Advanced SQL & Performance Tuning,Tech,2025-06-24,97,Completed,1500
EMP-10392,CRS-301,Cloud Security & Compliance,Compliance,2025-11-11,95,Completed,3000
EMP-11954,CRS-302,Modern Data Stack Architecture,Tech,2023-06-14,55,Failed,0
EMP-11954,CRS-302,Modern Data Stack Architecture,Tech,2023-07-11,86,Completed,4000
EMP-15300,CRS-201,Agile Project Management,Leadership,2023-08-11,79,Completed,1200
EMP-13745,CRS-103,Power BI DAX Masterclass,Tech,2023-10-26,77,Completed,2000
EMP-10515,CRS-102,Python for Data Engineering,Tech,2024-09-21,79,Completed,2500
EMP-16924,CRS-302,Modern Data Stack Architecture,Tech,2023-11-09,53,Failed,0
EMP-16924,CRS-302,Modern Data Stack Architecture,Tech,2024-01-02,88,Completed,4000
EMP-16924,CRS-201,Agile Project Management,Leadership,2024-06-01,93,Completed,1200
EMP-16924,CRS-202,Cross-Cultural Business Communication,Soft Skills,2023-12-02,78,Completed,800
EMP-14095,CRS-201,Agile Project Management,Leadership,2024-07-20,90,Completed,1200
EMP-16005,CRS-101,Advanced SQL & Performance Tuning,Tech,2025-10-06,87,Completed,1500
EMP-16005,CRS-301,Cloud Security & Compliance,Compliance,2025-12-23,84,Completed,3000
EMP-14392,CRS-201,Agile Project Management,Leadership,2024-04-06,91,Completed,1200
EMP-14392,CRS-102,Python for Data Engineering,Tech,2024-08-11,97,Completed,2500
EMP-14392,CRS-103,Power BI DAX Masterclass,Tech,2024-01-02,86,Completed,2000
EMP-10135,CRS-201,Agile Project Management,Leadership,2023-02-17,82,Completed,1200
EMP-10135,CRS-202,Cross-Cultural Business Communication,Soft Skills,2023-02-07,61,Failed,0
EMP-10135,CRS-202,Cross-Cultural Business Communication,Soft Skills,2023-02-27,76,Completed,800
EMP-14222,CRS-102,Python for Data Engineering,Tech,2025-01-29,76,Completed,2500
EMP-14711,CRS-302,Modern Data Stack Architecture,Tech,2024-01-17,57,Failed,0
EMP-14711,CRS-302,Modern Data Stack Architecture,Tech,2024-03-16,87,Completed,4000
EMP-11982,CRS-202,Cross-Cultural Business Communication,Soft Skills,2025-12-17,70,Completed,800
EMP-11982,CRS-202,Cross-Cultural Business Communication,Soft Skills,2026-01-15,90,Completed,800
EMP-11177,CRS-301,Cloud Security & Compliance,Compliance,2025-10-31,71,Completed,3000
EMP-11177,CRS-301,Cloud Security & Compliance,Compliance,2025-11-26,80,Completed,3000
EMP-12387,CRS-301,Cloud Security & Compliance,Compliance,2024-02-17,89,Completed,3000
EMP-15543,CRS-202,Cross-Cultural Business Communication,Soft Skills,2023-06-14,95,Completed,800
EMP-15543,CRS-302,Modern Data Stack Architecture,Tech,2023-01-28,79,Completed,4000
EMP-15543,CRS-101,Advanced SQL & Performance Tuning,Tech,2025-08-30,53,Failed,0
EMP-15543,CRS-101,Advanced SQL & Performance Tuning,Tech,2025-10-27,90,Completed,1500
EMP-10013,CRS-202,Cross-Cultural Business Communication,Soft Skills,2026-02-10,71,Completed,800
EMP-10013,CRS-202,Cross-Cultural Business Communication,Soft Skills,2026-03-02,95,Completed,800
EMP-10013,CRS-201,Agile Project Management,Leadership,2025-03-05,94,Completed,1200
EMP-12891,CRS-301,Cloud Security & Compliance,Compliance,2023-04-15,66,Failed,0
EMP-12891,CRS-301,Cloud Security & Compliance,Compliance,2023-06-09,84,Completed,3000
EMP-11971,CRS-301,Cloud Security & Compliance,Compliance,2024-11-04,61,Failed,0
EMP-11971,CRS-301,Cloud Security & Compliance,Compliance,2024-11-25,77,Completed,3000
EMP-11971,CRS-201,Agile Project Management,Leadership,2024-02-26,80,Completed,1200
EMP-11971,CRS-202,Cross-Cultural Business Communication,Soft Skills,2025-12-21,55,Failed,0
EMP-11971,CRS-202,Cross-Cultural Business Communication,Soft Skills,2026-02-03,80,Completed,800
EMP-14675,CRS-301,Cloud Security & Compliance,Compliance,2025-12-06,50,Failed,0
EMP-14675,CRS-301,Cloud Security & Compliance,Compliance,2026-01-18,94,Completed,3000
EMP-14675,CRS-201,Agile Project Management,Leadership,2023-04-26,57,Failed,0
EMP-14675,CRS-201,Agile Project Management,Leadership,2023-06-05,78,Completed,1200
EMP-13413,CRS-202,Cross-Cultural Business Communication,Soft Skills,2025-11-14,94,Completed,800
EMP-11535,CRS-102,Python for Data Engineering,Tech,2024-05-29,85,Completed,2500
EMP-11535,CRS-302,Modern Data Stack Architecture,Tech,2026-01-01,85,Completed,4000
EMP-11535,CRS-301,Cloud Security & Compliance,Compliance,2024-04-09,84,Completed,3000
EMP-11535,CRS-201,Agile Project Management,Leadership,2026-02-20,98,Completed,1200
EMP-16058,CRS-103,Power BI DAX Masterclass,Tech,2026-01-25,91,Completed,2000
EMP-14289,CRS-302,Modern Data Stack Architecture,Tech,2025-08-11,66,Failed,0
EMP-14289,CRS-302,Modern Data Stack Architecture,Tech,2025-10-05,83,Completed,4000
EMP-14289,CRS-103,Power BI DAX Masterclass,Tech,2024-08-23,95,Completed,2000
EMP-12955,CRS-201,Agile Project Management,Leadership,2024-01-17,55,Failed,0
EMP-12955,CRS-201,Agile Project Management,Leadership,2024-03-08,76,Completed,1200
EMP-10555,CRS-201,Agile Project Management,Leadership,2025-02-22,81,Completed,1200
EMP-10555,CRS-202,Cross-Cultural Business Communication,Soft Skills,2024-06-15,91,Completed,800
EMP-15436,CRS-201,Agile Project Management,Leadership,2024-12-31,83,Completed,1200
EMP-14458,CRS-202,Cross-Cultural Business Communication,Soft Skills,2025-01-16,72,Completed,800
EMP-14458,CRS-202,Cross-Cultural Business Communication,Soft Skills,2025-02-06,88,Completed,800
EMP-15796,CRS-302,Modern Data Stack Architecture,Tech,2023-05-29,85,Completed,4000
EMP-15796,CRS-102,Python for Data Engineering,Tech,2024-03-21,56,Failed,0
EMP-15796,CRS-102,Python for Data Engineering,Tech,2024-05-15,91,Completed,2500
EMP-15796,CRS-201,Agile Project Management,Leadership,2024-06-12,79,Completed,1200
EMP-15068,CRS-301,Cloud Security & Compliance,Compliance,2026-01-07,57,Failed,0
EMP-15068,CRS-301,Cloud Security & Compliance,Compliance,2026-02-24,84,Completed,3000
EMP-15068,CRS-101,Advanced SQL & Performance Tuning,Tech,2025-10-27,52,Failed,0
EMP-15068,CRS-101,Advanced SQL & Performance Tuning,Tech,2025-11-29,78,Completed,1500
EMP-14540,CRS-202,Cross-Cultural Business Communication,Soft Skills,2023-02-01,97,Completed,800
EMP-14540,CRS-101,Advanced SQL & Performance Tuning,Tech,2023-10-29,81,Completed,1500
EMP-16165,CRS-301,Cloud Security & Compliance,Compliance,2025-01-16,82,Completed,3000
EMP-16650,CRS-302,Modern Data Stack Architecture,Tech,2024-05-16,91,Completed,4000
EMP-13852,CRS-103,Power BI DAX Masterclass,Tech,2024-09-26,67,Failed,0
EMP-13852,CRS-103,Power BI DAX Masterclass,Tech,2024-10-30,75,Completed,2000
EMP-13852,CRS-102,Python for Data Engineering,Tech,2023-08-31,99,Completed,2500
EMP-10357,CRS-102,Python for Data Engineering,Tech,2025-10-01,96,Completed,2500
EMP-13170,CRS-302,Modern Data Stack Architecture,Tech,2024-10-17,77,Completed,4000
EMP-13170,CRS-101,Advanced SQL & Performance Tuning,Tech,2024-10-19,74,Completed,1500
EMP-13170,CRS-101,Advanced SQL & Performance Tuning,Tech,2024-11-06,89,Completed,1500
EMP-13059,CRS-103,Power BI DAX Masterclass,Tech,2024-04-24,81,Completed,2000
EMP-13059,CRS-101,Advanced SQL & Performance Tuning,Tech,2025-10-16,73,Completed,1500
EMP-13059,CRS-101,Advanced SQL & Performance Tuning,Tech,2025-11-15,79,Completed,1500
EMP-13059,CRS-102,Python for Data Engineering,Tech,2025-02-09,94,Completed,2500
EMP-12078,CRS-102,Python for Data Engineering,Tech,2025-02-24,74,Completed,2500
EMP-12078,CRS-102,Python for Data Engineering,Tech,2025-03-28,88,Completed,2500
EMP-12078,CRS-302,Modern Data Stack Architecture,Tech,2025-01-27,83,Completed,4000
EMP-10134,CRS-101,Advanced SQL & Performance Tuning,Tech,2025-01-03,52,Failed,0
EMP-10134,CRS-101,Advanced SQL & Performance Tuning,Tech,2025-02-15,81,Completed,1500
EMP-12926,CRS-202,Cross-Cultural Business Communication,Soft Skills,2025-08-07,81,Completed,800
EMP-10554,CRS-301,Cloud Security & Compliance,Compliance,2025-09-11,90,Completed,3000
EMP-12825,CRS-301,Cloud Security & Compliance,Compliance,2023-05-06,73,Completed,3000
EMP-12825,CRS-301,Cloud Security & Compliance,Compliance,2023-06-08,82,Completed,3000
EMP-11976,CRS-302,Modern Data Stack Architecture,Tech,2025-06-24,59,Failed,0
EMP-11976,CRS-302,Modern Data Stack Architecture,Tech,2025-07-27,91,Completed,4000
EMP-11976,CRS-102,Python for Data Engineering,Tech,2024-10-26,91,Completed,2500
EMP-10850,CRS-202,Cross-Cultural Business Communication,Soft Skills,2023-12-20,78,Completed,800
EMP-14767,CRS-202,Cross-Cultural Business Communication,Soft Skills,2025-04-04,98,Completed,800
EMP-16972,CRS-302,Modern Data Stack Architecture,Tech,2023-04-04,83,Completed,4000
EMP-16972,CRS-103,Power BI DAX Masterclass,Tech,2023-10-06,84,Completed,2000
EMP-16299,CRS-102,Python for Data Engineering,Tech,2023-10-22,65,Failed,0
EMP-16299,CRS-102,Python for Data Engineering,Tech,2023-12-20,81,Completed,2500
EMP-16414,CRS-102,Python for Data Engineering,Tech,2025-04-01,83,Completed,2500
EMP-16414,CRS-301,Cloud Security & Compliance,Compliance,2025-01-03,74,Completed,3000
EMP-16414,CRS-301,Cloud Security & Compliance,Compliance,2025-02-19,88,Completed,3000
EMP-16414,CRS-202,Cross-Cultural Business Communication,Soft Skills,2025-10-29,65,Failed,0
EMP-16414,CRS-202,Cross-Cultural Business Communication,Soft Skills,2025-12-24,97,Completed,800
EMP-15604,CRS-103,Power BI DAX Masterclass,Tech,2025-11-24,82,Completed,2000
EMP-14473,CRS-101,Advanced SQL & Performance Tuning,Tech,2024-11-16,94,Completed,1500
EMP-15706,CRS-302,Modern Data Stack Architecture,Tech,2023-02-22,100,Completed,4000
EMP-15660,CRS-201,Agile Project Management,Leadership,2026-03-29,63,Failed,0
EMP-15660,CRS-201,Agile Project Management,Leadership,2026-05-02,94,Completed,1200
EMP-15660,CRS-102,Python for Data Engineering,Tech,2025-07-09,100,Completed,2500
EMP-16081,CRS-102,Python for Data Engineering,Tech,2024-10-20,63,Failed,0
EMP-16081,CRS-102,Python for Data Engineering,Tech,2024-12-03,91,Completed,2500
EMP-13921,CRS-201,Agile Project Management,Leadership,2024-11-25,78,Completed,1200
EMP-13921,CRS-302,Modern Data Stack Architecture,Tech,2023-06-07,92,Completed,4000
EMP-11494,CRS-302,Modern Data Stack Architecture,Tech,2025-12-15,74,Completed,4000
EMP-11494,CRS-302,Modern Data Stack Architecture,Tech,2026-01-28,81,Completed,4000
EMP-11105,CRS-301,Cloud Security & Compliance,Compliance,2024-02-27,71,Completed,3000
EMP-11105,CRS-301,Cloud Security & Compliance,Compliance,2024-03-23,95,Completed,3000
EMP-11105,CRS-102,Python for Data Engineering,Tech,2023-10-29,65,Failed,0
EMP-11105,CRS-102,Python for Data Engineering,Tech,2023-11-16,89,Completed,2500
EMP-11105,CRS-201,Agile Project Management,Leadership,2025-01-29,83,Completed,1200
EMP-10517,CRS-101,Advanced SQL & Performance Tuning,Tech,2024-08-26,89,Completed,1500
EMP-10517,CRS-201,Agile Project Management,Leadership,2025-01-31,79,Completed,1200
EMP-10517,CRS-102,Python for Data Engineering,Tech,2026-02-05,88,Completed,2500
EMP-10517,CRS-302,Modern Data Stack Architecture,Tech,2023-03-08,75,Completed,4000
EMP-13750,CRS-202,Cross-Cultural Business Communication,Soft Skills,2026-04-12,55,Failed,0
EMP-13750,CRS-202,Cross-Cultural Business Communication,Soft Skills,2026-05-07,98,Completed,800
EMP-13750,CRS-101,Advanced SQL & Performance Tuning,Tech,2025-04-26,95,Completed,1500
EMP-13750,CRS-102,Python for Data Engineering,Tech,2023-07-15,75,Completed,2500
EMP-10303,CRS-302,Modern Data Stack Architecture,Tech,2023-06-08,83,Completed,4000
EMP-15672,CRS-201,Agile Project Management,Leadership,2024-03-18,82,Completed,1200
EMP-15672,CRS-302,Modern Data Stack Architecture,Tech,2025-07-01,98,Completed,4000
EMP-15672,CRS-101,Advanced SQL & Performance Tuning,Tech,2023-01-23,79,Completed,1500
EMP-11652,CRS-201,Agile Project Management,Leadership,2025-07-28,78,Completed,1200
EMP-10359,CRS-102,Python for Data Engineering,Tech,2023-08-20,75,Completed,2500
EMP-16457,CRS-201,Agile Project Management,Leadership,2026-02-11,87,Completed,1200
EMP-16457,CRS-102,Python for Data Engineering,Tech,2026-02-26,93,Completed,2500
EMP-10344,CRS-103,Power BI DAX Masterclass,Tech,2024-12-17,93,Completed,2000
EMP-10344,CRS-101,Advanced SQL & Performance Tuning,Tech,2026-01-31,73,Completed,1500
EMP-10344,CRS-101,Advanced SQL & Performance Tuning,Tech,2026-02-28,98,Completed,1500
EMP-10344,CRS-102,Python for Data Engineering,Tech,2026-05-23,74,Completed,2500
EMP-12586,CRS-201,Agile Project Management,Leadership,2023-11-24,73,Completed,1200
EMP-12586,CRS-201,Agile Project Management,Leadership,2023-12-22,86,Completed,1200
EMP-12586,CRS-102,Python for Data Engineering,Tech,2023-04-08,94,Completed,2500
EMP-12586,CRS-202,Cross-Cultural Business Communication,Soft Skills,2025-05-29,74,Completed,800
EMP-12586,CRS-202,Cross-Cultural Business Communication,Soft Skills,2025-07-27,88,Completed,800
EMP-12586,CRS-101,Advanced SQL & Performance Tuning,Tech,2025-07-15,90,Completed,1500
EMP-12541,CRS-302,Modern Data Stack Architecture,Tech,2023-12-07,90,Completed,4000
EMP-16348,CRS-202,Cross-Cultural Business Communication,Soft Skills,2023-02-17,64,Failed,0
EMP-16348,CRS-202,Cross-Cultural Business Communication,Soft Skills,2023-04-06,88,Completed,800
EMP-16348,CRS-201,Agile Project Management,Leadership,2024-09-09,83,Completed,1200
EMP-16348,CRS-103,Power BI DAX Masterclass,Tech,2025-01-14,97,Completed,2000
EMP-16348,CRS-302,Modern Data Stack Architecture,Tech,2023-12-14,51,Failed,0
EMP-16348,CRS-302,Modern Data Stack Architecture,Tech,2024-02-11,78,Completed,4000
EMP-13263,CRS-302,Modern Data Stack Architecture,Tech,2026-05-03,75,Completed,4000
EMP-13263,CRS-102,Python for Data Engineering,Tech,2023-06-09,94,Completed,2500
EMP-14449,CRS-302,Modern Data Stack Architecture,Tech,2024-05-02,71,Completed,4000
EMP-14449,CRS-302,Modern Data Stack Architecture,Tech,2024-06-19,93,Completed,4000
EMP-13879,CRS-202,Cross-Cultural Business Communication,Soft Skills,2023-11-18,100,Completed,800
EMP-13879,CRS-102,Python for Data Engineering,Tech,2024-02-27,70,Completed,2500
EMP-13879,CRS-102,Python for Data Engineering,Tech,2024-03-27,86,Completed,2500
EMP-13879,CRS-301,Cloud Security & Compliance,Compliance,2023-05-18,74,Completed,3000
EMP-13879,CRS-301,Cloud Security & Compliance,Compliance,2023-07-12,100,Completed,3000
EMP-12076,CRS-302,Modern Data Stack Architecture,Tech,2023-05-02,89,Completed,4000
EMP-10300,CRS-103,Power BI DAX Masterclass,Tech,2024-08-03,95,Completed,2000
EMP-16059,CRS-102,Python for Data Engineering,Tech,2025-10-29,95,Completed,2500
EMP-16059,CRS-201,Agile Project Management,Leadership,2024-03-02,76,Completed,1200
EMP-16059,CRS-202,Cross-Cultural Business Communication,Soft Skills,2024-05-17,98,Completed,800
EMP-12344,CRS-201,Agile Project Management,Leadership,2025-05-23,70,Completed,1200
EMP-12344,CRS-201,Agile Project Management,Leadership,2025-06-07,86,Completed,1200
EMP-12344,CRS-102,Python for Data Engineering,Tech,2026-03-01,90,Completed,2500
EMP-12344,CRS-202,Cross-Cultural Business Communication,Soft Skills,2023-09-16,94,Completed,800
EMP-12925,CRS-202,Cross-Cultural Business Communication,Soft Skills,2023-04-28,94,Completed,800
EMP-16363,CRS-103,Power BI DAX Masterclass,Tech,2026-05-16,74,Completed,2000
EMP-16363,CRS-202,Cross-Cultural Business Communication,Soft Skills,2023-10-20,100,Completed,800
EMP-16960,CRS-201,Agile Project Management,Leadership,2025-07-30,88,Completed,1200
EMP-15317,CRS-101,Advanced SQL & Performance Tuning,Tech,2025-02-25,89,Completed,1500
EMP-11020,CRS-101,Advanced SQL & Performance Tuning,Tech,2026-03-05,98,Completed,1500
EMP-13015,CRS-302,Modern Data Stack Architecture,Tech,2026-04-15,75,Completed,4000
EMP-13015,CRS-101,Advanced SQL & Performance Tuning,Tech,2023-06-05,73,Completed,1500
EMP-13015,CRS-101,Advanced SQL & Performance Tuning,Tech,2023-07-03,98,Completed,1500
EMP-13580,CRS-201,Agile Project Management,Leadership,2024-07-15,80,Completed,1200
EMP-13277,CRS-301,Cloud Security & Compliance,Compliance,2025-02-23,98,Completed,3000
EMP-13277,CRS-201,Agile Project Management,Leadership,2023-02-22,69,Failed,0
EMP-13277,CRS-201,Agile Project Management,Leadership,2023-03-22,75,Completed,1200
EMP-13277,CRS-103,Power BI DAX Masterclass,Tech,2023-01-10,88,Completed,2000
EMP-15688,CRS-202,Cross-Cultural Business Communication,Soft Skills,2024-10-07,54,Failed,0
EMP-15688,CRS-202,Cross-Cultural Business Communication,Soft Skills,2024-10-31,97,Completed,800
EMP-15688,CRS-103,Power BI DAX Masterclass,Tech,2023-08-05,81,Completed,2000
EMP-13168,CRS-103,Power BI DAX Masterclass,Tech,2023-07-12,76,Completed,2000
EMP-13168,CRS-101,Advanced SQL & Performance Tuning,Tech,2023-10-13,88,Completed,1500
EMP-13168,CRS-302,Modern Data Stack Architecture,Tech,2024-09-05,91,Completed,4000
EMP-12778,CRS-201,Agile Project Management,Leadership,2026-04-25,64,Failed,0
EMP-12778,CRS-302,Modern Data Stack Architecture,Tech,2026-05-24,81,Completed,4000
EMP-11531,CRS-102,Python for Data Engineering,Tech,2023-11-11,86,Completed,2500
EMP-14065,CRS-103,Power BI DAX Masterclass,Tech,2024-10-20,67,Failed,0
EMP-14065,CRS-103,Power BI DAX Masterclass,Tech,2024-11-14,98,Completed,2000
EMP-14065,CRS-301,Cloud Security & Compliance,Compliance,2023-01-16,94,Completed,3000
EMP-14076,CRS-201,Agile Project Management,Leadership,2025-10-06,96,Completed,1200
EMP-15840,CRS-102,Python for Data Engineering,Tech,2024-12-26,81,Completed,2500
EMP-15840,CRS-302,Modern Data Stack Architecture,Tech,2023-04-28,80,Completed,4000
EMP-15840,CRS-202,Cross-Cultural Business Communication,Soft Skills,2026-01-16,100,Completed,800
EMP-15840,CRS-201,Agile Project Management,Leadership,2023-04-28,80,Completed,1200
EMP-14254,CRS-103,Power BI DAX Masterclass,Tech,2025-12-15,76,Completed,2000
EMP-14254,CRS-301,Cloud Security & Compliance,Compliance,2026-01-13,94,Completed,3000
EMP-12185,CRS-302,Modern Data Stack Architecture,Tech,2025-09-05,82,Completed,4000
EMP-10677,CRS-202,Cross-Cultural Business Communication,Soft Skills,2024-06-29,62,Failed,0
EMP-10677,CRS-202,Cross-Cultural Business Communication,Soft Skills,2024-08-19,99,Completed,800
EMP-13478,CRS-103,Power BI DAX Masterclass,Tech,2024-03-19,93,Completed,2000
EMP-15659,CRS-201,Agile Project Management,Leadership,2026-02-11,75,Completed,1200
EMP-15659,CRS-102,Python for Data Engineering,Tech,2024-12-18,50,Failed,0
EMP-15659,CRS-102,Python for Data Engineering,Tech,2025-01-12,86,Completed,2500
EMP-15249,CRS-301,Cloud Security & Compliance,Compliance,2025-04-10,94,Completed,3000
EMP-15249,CRS-302,Modern Data Stack Architecture,Tech,2024-09-06,75,Completed,4000
EMP-11479,CRS-302,Modern Data Stack Architecture,Tech,2024-05-30,55,Failed,0
EMP-11479,CRS-302,Modern Data Stack Architecture,Tech,2024-06-23,100,Completed,4000
EMP-14469,CRS-103,Power BI DAX Masterclass,Tech,2023-06-28,88,Completed,2000
EMP-12407,CRS-302,Modern Data Stack Architecture,Tech,2026-05-25,82,Completed,4000
EMP-12407,CRS-101,Advanced SQL & Performance Tuning,Tech,2025-06-27,74,Completed,1500
EMP-12407,CRS-101,Advanced SQL & Performance Tuning,Tech,2025-07-11,83,Completed,1500
EMP-12632,CRS-103,Power BI DAX Masterclass,Tech,2025-01-09,76,Completed,2000
EMP-12632,CRS-101,Advanced SQL & Performance Tuning,Tech,2025-09-04,59,Failed,0
EMP-12632,CRS-101,Advanced SQL & Performance Tuning,Tech,2025-11-02,82,Completed,1500
EMP-12632,CRS-202,Cross-Cultural Business Communication,Soft Skills,2023-06-03,93,Completed,800
EMP-15022,CRS-102,Python for Data Engineering,Tech,2024-02-16,89,Completed,2500
EMP-15022,CRS-103,Power BI DAX Masterclass,Tech,2023-11-25,96,Completed,2000
EMP-10656,CRS-202,Cross-Cultural Business Communication,Soft Skills,2024-03-31,62,Failed,0
EMP-10656,CRS-202,Cross-Cultural Business Communication,Soft Skills,2024-04-16,88,Completed,800
EMP-12687,CRS-202,Cross-Cultural Business Communication,Soft Skills,2023-03-18,82,Completed,800
EMP-12687,CRS-102,Python for Data Engineering,Tech,2023-08-16,96,Completed,2500
EMP-12687,CRS-201,Agile Project Management,Leadership,2025-08-28,63,Failed,0
EMP-12687,CRS-201,Agile Project Management,Leadership,2025-09-29,81,Completed,1200
EMP-12687,CRS-302,Modern Data Stack Architecture,Tech,2025-12-12,61,Failed,0
EMP-12687,CRS-302,Modern Data Stack Architecture,Tech,2026-01-15,82,Completed,4000
EMP-12422,CRS-102,Python for Data Engineering,Tech,2024-07-09,72,Completed,2500
EMP-12422,CRS-102,Python for Data Engineering,Tech,2024-08-19,96,Completed,2500
EMP-12511,CRS-102,Python for Data Engineering,Tech,2023-08-16,97,Completed,2500
EMP-16285,CRS-101,Advanced SQL & Performance Tuning,Tech,2024-06-14,59,Failed,0
EMP-16285,CRS-101,Advanced SQL & Performance Tuning,Tech,2024-07-25,84,Completed,1500
EMP-16285,CRS-302,Modern Data Stack Architecture,Tech,2023-10-09,56,Failed,0
EMP-16285,CRS-302,Modern Data Stack Architecture,Tech,2023-11-14,83,Completed,4000
EMP-13491,CRS-103,Power BI DAX Masterclass,Tech,2025-07-30,84,Completed,2000
EMP-13491,CRS-101,Advanced SQL & Performance Tuning,Tech,2025-03-06,81,Completed,1500
EMP-13491,CRS-102,Python for Data Engineering,Tech,2025-05-10,83,Completed,2500
EMP-11366,CRS-103,Power BI DAX Masterclass,Tech,2026-05-22,75,Completed,2000
EMP-13637,CRS-103,Power BI DAX Masterclass,Tech,2025-05-27,85,Completed,2000
EMP-12880,CRS-202,Cross-Cultural Business Communication,Soft Skills,2026-02-01,70,Completed,800
EMP-12880,CRS-202,Cross-Cultural Business Communication,Soft Skills,2026-03-18,94,Completed,800
EMP-13663,CRS-102,Python for Data Engineering,Tech,2024-09-05,71,Completed,2500
EMP-13663,CRS-102,Python for Data Engineering,Tech,2024-10-07,92,Completed,2500
EMP-13663,CRS-302,Modern Data Stack Architecture,Tech,2024-03-24,79,Completed,4000
EMP-15238,CRS-302,Modern Data Stack Architecture,Tech,2025-10-13,77,Completed,4000
EMP-12889,CRS-103,Power BI DAX Masterclass,Tech,2024-02-07,96,Completed,2000
EMP-13564,CRS-202,Cross-Cultural Business Communication,Soft Skills,2023-01-23,81,Completed,800
EMP-16270,CRS-103,Power BI DAX Masterclass,Tech,2024-04-06,96,Completed,2000
EMP-16270,CRS-301,Cloud Security & Compliance,Compliance,2025-05-06,67,Failed,0
EMP-16270,CRS-301,Cloud Security & Compliance,Compliance,2025-07-03,89,Completed,3000
EMP-10470,CRS-202,Cross-Cultural Business Communication,Soft Skills,2025-06-07,72,Completed,800
EMP-10470,CRS-202,Cross-Cultural Business Communication,Soft Skills,2025-06-21,94,Completed,800
EMP-16713,CRS-202,Cross-Cultural Business Communication,Soft Skills,2024-11-21,85,Completed,800
EMP-13328,CRS-101,Advanced SQL & Performance Tuning,Tech,2025-03-11,77,Completed,1500
EMP-12977,CRS-101,Advanced SQL & Performance Tuning,Tech,2026-04-06,85,Completed,1500
EMP-12977,CRS-302,Modern Data Stack Architecture,Tech,2024-06-20,71,Completed,4000
EMP-12977,CRS-302,Modern Data Stack Architecture,Tech,2024-08-14,95,Completed,4000
EMP-14204,CRS-101,Advanced SQL & Performance Tuning,Tech,2024-08-24,84,Completed,1500
EMP-16840,CRS-103,Power BI DAX Masterclass,Tech,2025-07-25,82,Completed,2000
EMP-16840,CRS-302,Modern Data Stack Architecture,Tech,2023-06-18,94,Completed,4000
EMP-16840,CRS-102,Python for Data Engineering,Tech,2024-12-20,78,Completed,2500
EMP-15904,CRS-102,Python for Data Engineering,Tech,2024-04-23,87,Completed,2500
EMP-15904,CRS-301,Cloud Security & Compliance,Compliance,2023-05-18,91,Completed,3000
EMP-15904,CRS-201,Agile Project Management,Leadership,2023-06-28,81,Completed,1200
EMP-11170,CRS-202,Cross-Cultural Business Communication,Soft Skills,2023-05-03,84,Completed,800
EMP-11170,CRS-101,Advanced SQL & Performance Tuning,Tech,2023-12-08,68,Failed,0
EMP-11170,CRS-101,Advanced SQL & Performance Tuning,Tech,2024-01-24,84,Completed,1500
EMP-15995,CRS-301,Cloud Security & Compliance,Compliance,2025-07-19,67,Failed,0
EMP-15995,CRS-301,Cloud Security & Compliance,Compliance,2025-08-17,86,Completed,3000
EMP-10286,CRS-201,Agile Project Management,Leadership,2023-03-10,60,Failed,0
EMP-10286,CRS-201,Agile Project Management,Leadership,2023-05-08,82,Completed,1200
EMP-15723,CRS-201,Agile Project Management,Leadership,2026-04-27,77,Completed,1200
EMP-10551,CRS-301,Cloud Security & Compliance,Compliance,2025-06-20,70,Completed,3000
EMP-10551,CRS-301,Cloud Security & Compliance,Compliance,2025-08-03,97,Completed,3000
EMP-11934,CRS-101,Advanced SQL & Performance Tuning,Tech,2023-10-05,93,Completed,1500
EMP-11934,CRS-202,Cross-Cultural Business Communication,Soft Skills,2025-04-20,99,Completed,800
EMP-13001,CRS-101,Advanced SQL & Performance Tuning,Tech,2023-02-03,84,Completed,1500
EMP-12967,CRS-103,Power BI DAX Masterclass,Tech,2025-10-25,91,Completed,2000
EMP-12967,CRS-102,Python for Data Engineering,Tech,2023-04-06,85,Completed,2500
EMP-13137,CRS-102,Python for Data Engineering,Tech,2023-12-13,92,Completed,2500
EMP-13137,CRS-103,Power BI DAX Masterclass,Tech,2025-10-28,65,Failed,0
EMP-13137,CRS-103,Power BI DAX Masterclass,Tech,2025-12-01,100,Completed,2000
EMP-16873,CRS-103,Power BI DAX Masterclass,Tech,2023-10-12,92,Completed,2000
EMP-16873,CRS-101,Advanced SQL & Performance Tuning,Tech,2024-06-21,83,Completed,1500
EMP-16873,CRS-302,Modern Data Stack Architecture,Tech,2023-06-09,97,Completed,4000
EMP-16873,CRS-102,Python for Data Engineering,Tech,2025-06-25,83,Completed,2500
EMP-10266,CRS-101,Advanced SQL & Performance Tuning,Tech,2023-05-23,94,Completed,1500
EMP-11257,CRS-301,Cloud Security & Compliance,Compliance,2024-01-28,88,Completed,3000
EMP-11257,CRS-101,Advanced SQL & Performance Tuning,Tech,2025-11-08,72,Completed,1500
EMP-11257,CRS-101,Advanced SQL & Performance Tuning,Tech,2025-12-28,92,Completed,1500
EMP-11257,CRS-201,Agile Project Management,Leadership,2023-11-24,73,Completed,1200
EMP-11257,CRS-201,Agile Project Management,Leadership,2024-01-03,97,Completed,1200
EMP-13686,CRS-302,Modern Data Stack Architecture,Tech,2024-02-22,57,Failed,0
EMP-13686,CRS-302,Modern Data Stack Architecture,Tech,2024-03-07,92,Completed,4000
EMP-13039,CRS-302,Modern Data Stack Architecture,Tech,2024-09-22,78,Completed,4000
EMP-13048,CRS-102,Python for Data Engineering,Tech,2024-02-27,87,Completed,2500
EMP-13048,CRS-101,Advanced SQL & Performance Tuning,Tech,2024-04-25,91,Completed,1500
EMP-14863,CRS-103,Power BI DAX Masterclass,Tech,2023-08-20,81,Completed,2000
EMP-14863,CRS-301,Cloud Security & Compliance,Compliance,2025-05-07,70,Completed,3000
EMP-14863,CRS-301,Cloud Security & Compliance,Compliance,2025-06-28,80,Completed,3000
EMP-14863,CRS-202,Cross-Cultural Business Communication,Soft Skills,2023-05-11,80,Completed,800
EMP-14863,CRS-101,Advanced SQL & Performance Tuning,Tech,2025-06-18,70,Completed,1500
EMP-14863,CRS-101,Advanced SQL & Performance Tuning,Tech,2025-08-09,91,Completed,1500
EMP-10630,CRS-103,Power BI DAX Masterclass,Tech,2024-04-20,99,Completed,2000
EMP-14702,CRS-301,Cloud Security & Compliance,Compliance,2023-04-22,95,Completed,3000
EMP-14702,CRS-102,Python for Data Engineering,Tech,2023-06-04,93,Completed,2500
EMP-16901,CRS-202,Cross-Cultural Business Communication,Soft Skills,2023-01-12,90,Completed,800
EMP-14338,CRS-301,Cloud Security & Compliance,Compliance,2023-08-22,98,Completed,3000
EMP-14338,CRS-102,Python for Data Engineering,Tech,2026-04-02,73,Completed,2500
EMP-14338,CRS-102,Python for Data Engineering,Tech,2026-05-02,99,Completed,2500
EMP-13007,CRS-301,Cloud Security & Compliance,Compliance,2023-10-18,72,Completed,3000
EMP-13007,CRS-301,Cloud Security & Compliance,Compliance,2023-11-13,89,Completed,3000
EMP-13007,CRS-302,Modern Data Stack Architecture,Tech,2023-04-05,53,Failed,0
EMP-13007,CRS-302,Modern Data Stack Architecture,Tech,2023-05-27,79,Completed,4000
EMP-13261,CRS-103,Power BI DAX Masterclass,Tech,2023-03-29,64,Failed,0
EMP-13261,CRS-103,Power BI DAX Masterclass,Tech,2023-04-13,91,Completed,2000
EMP-12576,CRS-101,Advanced SQL & Performance Tuning,Tech,2023-05-15,75,Completed,1500
EMP-12576,CRS-202,Cross-Cultural Business Communication,Soft Skills,2025-12-18,89,Completed,800
EMP-12284,CRS-301,Cloud Security & Compliance,Compliance,2024-09-04,80,Completed,3000
EMP-12284,CRS-103,Power BI DAX Masterclass,Tech,2023-03-03,50,Failed,0
EMP-12284,CRS-103,Power BI DAX Masterclass,Tech,2023-04-18,96,Completed,2000
EMP-16839,CRS-103,Power BI DAX Masterclass,Tech,2024-01-12,90,Completed,2000
EMP-16839,CRS-202,Cross-Cultural Business Communication,Soft Skills,2023-06-04,63,Failed,0
EMP-16839,CRS-202,Cross-Cultural Business Communication,Soft Skills,2023-07-25,96,Completed,800
EMP-15785,CRS-202,Cross-Cultural Business Communication,Soft Skills,2025-02-27,75,Completed,800
EMP-10213,CRS-102,Python for Data Engineering,Tech,2023-02-01,71,Completed,2500
EMP-10213,CRS-102,Python for Data Engineering,Tech,2023-02-16,82,Completed,2500
EMP-11525,CRS-201,Agile Project Management,Leadership,2023-12-25,76,Completed,1200
EMP-11525,CRS-101,Advanced SQL & Performance Tuning,Tech,2024-06-25,78,Completed,1500
EMP-14089,CRS-201,Agile Project Management,Leadership,2024-06-02,86,Completed,1200
EMP-14089,CRS-301,Cloud Security & Compliance,Compliance,2025-09-19,72,Completed,3000
EMP-14089,CRS-301,Cloud Security & Compliance,Compliance,2025-10-21,100,Completed,3000
EMP-14089,CRS-102,Python for Data Engineering,Tech,2023-10-20,75,Completed,2500
EMP-14242,CRS-201,Agile Project Management,Leadership,2026-05-06,50,Failed,0
EMP-14242,CRS-201,Agile Project Management,Leadership,2026-05-29,82,Completed,1200
EMP-13171,CRS-102,Python for Data Engineering,Tech,2023-01-19,87,Completed,2500
EMP-16692,CRS-201,Agile Project Management,Leadership,2023-05-01,89,Completed,1200
EMP-16692,CRS-301,Cloud Security & Compliance,Compliance,2025-07-08,74,Completed,3000
EMP-16692,CRS-301,Cloud Security & Compliance,Compliance,2025-08-09,82,Completed,3000
EMP-10965,CRS-102,Python for Data Engineering,Tech,2024-09-23,81,Completed,2500
EMP-12145,CRS-201,Agile Project Management,Leadership,2025-10-23,92,Completed,1200
EMP-12145,CRS-103,Power BI DAX Masterclass,Tech,2025-06-19,94,Completed,2000
EMP-12133,CRS-102,Python for Data Engineering,Tech,2024-07-11,66,Failed,0
EMP-12133,CRS-102,Python for Data Engineering,Tech,2024-08-16,97,Completed,2500
EMP-12133,CRS-201,Agile Project Management,Leadership,2026-03-13,85,Completed,1200
EMP-13656,CRS-301,Cloud Security & Compliance,Compliance,2025-03-30,74,Completed,3000
EMP-13656,CRS-301,Cloud Security & Compliance,Compliance,2025-04-21,82,Completed,3000
EMP-11758,CRS-201,Agile Project Management,Leadership,2025-04-05,89,Completed,1200
EMP-12340,CRS-201,Agile Project Management,Leadership,2023-09-22,88,Completed,1200
EMP-12340,CRS-103,Power BI DAX Masterclass,Tech,2025-09-19,74,Completed,2000
EMP-12340,CRS-103,Power BI DAX Masterclass,Tech,2025-10-19,80,Completed,2000
EMP-12340,CRS-202,Cross-Cultural Business Communication,Soft Skills,2026-05-23,82,Completed,800
EMP-12340,CRS-101,Advanced SQL & Performance Tuning,Tech,2025-04-21,68,Failed,0
EMP-12340,CRS-101,Advanced SQL & Performance Tuning,Tech,2025-05-29,88,Completed,1500
EMP-14024,CRS-201,Agile Project Management,Leadership,2026-03-11,83,Completed,1200
EMP-11640,CRS-201,Agile Project Management,Leadership,2026-05-15,88,Completed,1200
EMP-11640,CRS-202,Cross-Cultural Business Communication,Soft Skills,2026-05-20,77,Completed,800
EMP-11640,CRS-301,Cloud Security & Compliance,Compliance,2026-02-06,97,Completed,3000
EMP-11005,CRS-201,Agile Project Management,Leadership,2025-10-11,89,Completed,1200
EMP-11005,CRS-301,Cloud Security & Compliance,Compliance,2025-06-07,50,Failed,0
EMP-11005,CRS-301,Cloud Security & Compliance,Compliance,2025-07-07,91,Completed,3000
EMP-15514,CRS-202,Cross-Cultural Business Communication,Soft Skills,2024-05-30,96,Completed,800
EMP-15967,CRS-202,Cross-Cultural Business Communication,Soft Skills,2025-12-17,94,Completed,800
EMP-13704,CRS-102,Python for Data Engineering,Tech,2025-04-04,50,Failed,0
EMP-13704,CRS-102,Python for Data Engineering,Tech,2025-04-22,84,Completed,2500
EMP-11415,CRS-301,Cloud Security & Compliance,Compliance,2025-08-13,74,Completed,3000
EMP-11415,CRS-301,Cloud Security & Compliance,Compliance,2025-10-12,98,Completed,3000
EMP-13647,CRS-302,Modern Data Stack Architecture,Tech,2023-03-11,93,Completed,4000
EMP-13647,CRS-103,Power BI DAX Masterclass,Tech,2023-05-25,56,Failed,0
EMP-13647,CRS-103,Power BI DAX Masterclass,Tech,2023-06-21,91,Completed,2000
EMP-13647,CRS-102,Python for Data Engineering,Tech,2026-03-23,80,Completed,2500
EMP-10720,CRS-202,Cross-Cultural Business Communication,Soft Skills,2023-09-29,88,Completed,800
EMP-10720,CRS-201,Agile Project Management,Leadership,2025-06-09,96,Completed,1200
EMP-12619,CRS-301,Cloud Security & Compliance,Compliance,2023-10-05,59,Failed,0
EMP-12619,CRS-301,Cloud Security & Compliance,Compliance,2023-11-27,97,Completed,3000
EMP-12847,CRS-101,Advanced SQL & Performance Tuning,Tech,2024-01-10,80,Completed,1500
EMP-12847,CRS-202,Cross-Cultural Business Communication,Soft Skills,2023-03-05,99,Completed,800
EMP-10532,CRS-202,Cross-Cultural Business Communication,Soft Skills,2023-07-29,100,Completed,800
EMP-14506,CRS-201,Agile Project Management,Leadership,2026-01-21,90,Completed,1200
EMP-14506,CRS-102,Python for Data Engineering,Tech,2025-01-27,62,Failed,0
EMP-14506,CRS-102,Python for Data Engineering,Tech,2025-02-10,77,Completed,2500
EMP-14506,CRS-202,Cross-Cultural Business Communication,Soft Skills,2025-08-28,77,Completed,800
EMP-16629,CRS-202,Cross-Cultural Business Communication,Soft Skills,2025-04-16,73,Completed,800
EMP-16629,CRS-202,Cross-Cultural Business Communication,Soft Skills,2025-05-27,93,Completed,800
EMP-12379,CRS-201,Agile Project Management,Leadership,2023-11-10,97,Completed,1200
EMP-16583,CRS-302,Modern Data Stack Architecture,Tech,2024-09-21,65,Failed,0
EMP-16583,CRS-302,Modern Data Stack Architecture,Tech,2024-10-15,85,Completed,4000
EMP-11291,CRS-101,Advanced SQL & Performance Tuning,Tech,2024-02-02,91,Completed,1500
EMP-11427,CRS-101,Advanced SQL & Performance Tuning,Tech,2025-10-13,85,Completed,1500
EMP-11427,CRS-302,Modern Data Stack Architecture,Tech,2023-12-14,85,Completed,4000
EMP-11427,CRS-301,Cloud Security & Compliance,Compliance,2024-12-17,77,Completed,3000
EMP-12962,CRS-302,Modern Data Stack Architecture,Tech,2024-01-03,74,Completed,4000
EMP-12962,CRS-302,Modern Data Stack Architecture,Tech,2024-02-25,98,Completed,4000
EMP-12962,CRS-301,Cloud Security & Compliance,Compliance,2026-04-10,69,Failed,0
EMP-12962,CRS-301,Cloud Security & Compliance,Compliance,2026-05-06,91,Completed,3000
EMP-14168,CRS-102,Python for Data Engineering,Tech,2025-07-30,76,Completed,2500
EMP-16770,CRS-103,Power BI DAX Masterclass,Tech,2024-09-27,97,Completed,2000
EMP-15798,CRS-101,Advanced SQL & Performance Tuning,Tech,2025-10-07,70,Completed,1500
EMP-15798,CRS-101,Advanced SQL & Performance Tuning,Tech,2025-11-24,88,Completed,1500
EMP-15798,CRS-103,Power BI DAX Masterclass,Tech,2023-09-21,80,Completed,2000
EMP-11647,CRS-101,Advanced SQL & Performance Tuning,Tech,2025-04-26,72,Completed,1500
EMP-11647,CRS-101,Advanced SQL & Performance Tuning,Tech,2025-06-17,77,Completed,1500
EMP-11647,CRS-301,Cloud Security & Compliance,Compliance,2025-08-23,99,Completed,3000
EMP-11647,CRS-201,Agile Project Management,Leadership,2025-01-01,85,Completed,1200
EMP-11138,CRS-102,Python for Data Engineering,Tech,2023-06-10,81,Completed,2500
EMP-11138,CRS-202,Cross-Cultural Business Communication,Soft Skills,2024-06-07,89,Completed,800
EMP-11138,CRS-301,Cloud Security & Compliance,Compliance,2026-02-17,61,Failed,0
EMP-11138,CRS-301,Cloud Security & Compliance,Compliance,2026-03-25,92,Completed,3000
EMP-11138,CRS-103,Power BI DAX Masterclass,Tech,2023-06-11,80,Completed,2000
EMP-16479,CRS-103,Power BI DAX Masterclass,Tech,2025-03-14,77,Completed,2000
EMP-15182,CRS-201,Agile Project Management,Leadership,2023-04-07,96,Completed,1200
EMP-15322,CRS-101,Advanced SQL & Performance Tuning,Tech,2026-04-18,98,Completed,1500
EMP-15999,CRS-103,Power BI DAX Masterclass,Tech,2024-10-15,73,Completed,2000
EMP-15999,CRS-103,Power BI DAX Masterclass,Tech,2024-10-30,99,Completed,2000
EMP-14539,CRS-302,Modern Data Stack Architecture,Tech,2026-01-23,54,Failed,0
EMP-14539,CRS-302,Modern Data Stack Architecture,Tech,2026-03-12,75,Completed,4000
EMP-14689,CRS-202,Cross-Cultural Business Communication,Soft Skills,2025-03-17,94,Completed,800
EMP-14689,CRS-201,Agile Project Management,Leadership,2023-03-23,86,Completed,1200
EMP-13023,CRS-202,Cross-Cultural Business Communication,Soft Skills,2023-02-13,87,Completed,800
EMP-13023,CRS-201,Agile Project Management,Leadership,2023-11-07,80,Completed,1200
EMP-13023,CRS-103,Power BI DAX Masterclass,Tech,2024-11-23,98,Completed,2000
EMP-16209,CRS-301,Cloud Security & Compliance,Compliance,2024-02-28,93,Completed,3000
EMP-16209,CRS-202,Cross-Cultural Business Communication,Soft Skills,2025-05-05,54,Failed,0
EMP-16209,CRS-202,Cross-Cultural Business Communication,Soft Skills,2025-05-31,94,Completed,800
EMP-16513,CRS-103,Power BI DAX Masterclass,Tech,2025-06-03,71,Completed,2000
EMP-16513,CRS-103,Power BI DAX Masterclass,Tech,2025-07-25,92,Completed,2000
EMP-16513,CRS-302,Modern Data Stack Architecture,Tech,2025-09-16,89,Completed,4000
EMP-16513,CRS-101,Advanced SQL & Performance Tuning,Tech,2023-08-29,92,Completed,1500
EMP-16513,CRS-202,Cross-Cultural Business Communication,Soft Skills,2026-01-12,97,Completed,800
EMP-11064,CRS-301,Cloud Security & Compliance,Compliance,2023-10-25,62,Failed,0
EMP-11064,CRS-301,Cloud Security & Compliance,Compliance,2023-11-29,92,Completed,3000
EMP-10707,CRS-103,Power BI DAX Masterclass,Tech,2026-02-22,80,Completed,2000
EMP-15404,CRS-102,Python for Data Engineering,Tech,2023-09-02,89,Completed,2500
EMP-16390,CRS-201,Agile Project Management,Leadership,2023-11-22,70,Completed,1200
EMP-16390,CRS-201,Agile Project Management,Leadership,2024-01-13,90,Completed,1200
EMP-16279,CRS-201,Agile Project Management,Leadership,2024-07-12,92,Completed,1200
EMP-16279,CRS-302,Modern Data Stack Architecture,Tech,2025-09-10,97,Completed,4000
EMP-16941,CRS-302,Modern Data Stack Architecture,Tech,2023-06-13,64,Failed,0
EMP-16941,CRS-302,Modern Data Stack Architecture,Tech,2023-07-21,98,Completed,4000
EMP-16941,CRS-102,Python for Data Engineering,Tech,2023-05-31,88,Completed,2500
EMP-16941,CRS-301,Cloud Security & Compliance,Compliance,2024-05-14,78,Completed,3000
EMP-14307,CRS-302,Modern Data Stack Architecture,Tech,2025-04-15,97,Completed,4000
EMP-14307,CRS-201,Agile Project Management,Leadership,2024-05-23,92,Completed,1200
EMP-15053,CRS-101,Advanced SQL & Performance Tuning,Tech,2025-01-14,57,Failed,0
EMP-15053,CRS-101,Advanced SQL & Performance Tuning,Tech,2025-02-21,77,Completed,1500
EMP-13355,CRS-103,Power BI DAX Masterclass,Tech,2023-09-23,85,Completed,2000
EMP-13355,CRS-101,Advanced SQL & Performance Tuning,Tech,2025-07-07,76,Completed,1500
EMP-14710,CRS-101,Advanced SQL & Performance Tuning,Tech,2023-04-17,62,Failed,0
EMP-14710,CRS-101,Advanced SQL & Performance Tuning,Tech,2023-05-26,82,Completed,1500
EMP-14710,CRS-103,Power BI DAX Masterclass,Tech,2025-06-07,50,Failed,0
EMP-14710,CRS-103,Power BI DAX Masterclass,Tech,2025-08-06,91,Completed,2000
EMP-10605,CRS-101,Advanced SQL & Performance Tuning,Tech,2024-06-28,89,Completed,1500
EMP-10605,CRS-301,Cloud Security & Compliance,Compliance,2023-09-05,97,Completed,3000
EMP-10605,CRS-201,Agile Project Management,Leadership,2023-03-31,73,Completed,1200
EMP-10605,CRS-201,Agile Project Management,Leadership,2023-04-17,100,Completed,1200
EMP-11027,CRS-301,Cloud Security & Compliance,Compliance,2023-10-21,61,Failed,0
EMP-11027,CRS-301,Cloud Security & Compliance,Compliance,2023-11-20,85,Completed,3000
EMP-11027,CRS-101,Advanced SQL & Performance Tuning,Tech,2023-11-20,94,Completed,1500
EMP-12598,CRS-202,Cross-Cultural Business Communication,Soft Skills,2026-05-08,77,Completed,800
EMP-12598,CRS-201,Agile Project Management,Leadership,2026-03-22,55,Failed,0
EMP-12598,CRS-201,Agile Project Management,Leadership,2026-05-14,97,Completed,1200
EMP-15161,CRS-101,Advanced SQL & Performance Tuning,Tech,2025-08-07,99,Completed,1500
EMP-15161,CRS-102,Python for Data Engineering,Tech,2025-10-06,91,Completed,2500
EMP-16281,CRS-301,Cloud Security & Compliance,Compliance,2023-03-31,79,Completed,3000
EMP-16281,CRS-202,Cross-Cultural Business Communication,Soft Skills,2026-05-23,92,Completed,800
EMP-16281,CRS-102,Python for Data Engineering,Tech,2024-11-05,57,Failed,0
EMP-16281,CRS-102,Python for Data Engineering,Tech,2024-12-24,75,Completed,2500
EMP-16246,CRS-101,Advanced SQL & Performance Tuning,Tech,2026-01-27,82,Completed,1500
EMP-16246,CRS-301,Cloud Security & Compliance,Compliance,2024-12-18,76,Completed,3000
EMP-14239,CRS-103,Power BI DAX Masterclass,Tech,2025-04-11,97,Completed,2000
EMP-14239,CRS-302,Modern Data Stack Architecture,Tech,2025-01-29,73,Completed,4000
EMP-14239,CRS-302,Modern Data Stack Architecture,Tech,2025-03-15,76,Completed,4000
EMP-14239,CRS-201,Agile Project Management,Leadership,2024-10-06,63,Failed,0
EMP-14239,CRS-201,Agile Project Management,Leadership,2024-11-15,78,Completed,1200
EMP-12823,CRS-302,Modern Data Stack Architecture,Tech,2026-01-14,70,Completed,4000
EMP-12823,CRS-302,Modern Data Stack Architecture,Tech,2026-02-15,89,Completed,4000
EMP-12823,CRS-102,Python for Data Engineering,Tech,2023-11-12,98,Completed,2500
EMP-12823,CRS-103,Power BI DAX Masterclass,Tech,2023-02-02,76,Completed,2000
EMP-16766,CRS-103,Power BI DAX Masterclass,Tech,2023-05-26,100,Completed,2000
EMP-16766,CRS-202,Cross-Cultural Business Communication,Soft Skills,2023-01-09,84,Completed,800
EMP-16766,CRS-302,Modern Data Stack Architecture,Tech,2023-07-04,85,Completed,4000
EMP-16766,CRS-101,Advanced SQL & Performance Tuning,Tech,2024-10-09,71,Completed,1500
EMP-16766,CRS-101,Advanced SQL & Performance Tuning,Tech,2024-11-20,93,Completed,1500
EMP-15384,CRS-102,Python for Data Engineering,Tech,2024-01-03,58,Failed,0
EMP-15384,CRS-102,Python for Data Engineering,Tech,2024-02-01,93,Completed,2500
EMP-11491,CRS-201,Agile Project Management,Leadership,2026-03-07,71,Completed,1200
EMP-11491,CRS-201,Agile Project Management,Leadership,2026-04-06,98,Completed,1200
EMP-11058,CRS-102,Python for Data Engineering,Tech,2024-10-17,64,Failed,0
EMP-11058,CRS-102,Python for Data Engineering,Tech,2024-12-16,89,Completed,2500
EMP-11058,CRS-101,Advanced SQL & Performance Tuning,Tech,2023-09-10,99,Completed,1500
EMP-13545,CRS-202,Cross-Cultural Business Communication,Soft Skills,2026-03-24,82,Completed,800
EMP-13545,CRS-301,Cloud Security & Compliance,Compliance,2024-09-07,88,Completed,3000
EMP-15034,CRS-101,Advanced SQL & Performance Tuning,Tech,2026-02-08,76,Completed,1500
EMP-10454,CRS-201,Agile Project Management,Leadership,2026-02-19,82,Completed,1200
EMP-10454,CRS-103,Power BI DAX Masterclass,Tech,2023-01-15,91,Completed,2000
EMP-11018,CRS-102,Python for Data Engineering,Tech,2025-09-06,95,Completed,2500
EMP-11018,CRS-301,Cloud Security & Compliance,Compliance,2026-01-15,77,Completed,3000
EMP-14245,CRS-101,Advanced SQL & Performance Tuning,Tech,2023-12-02,89,Completed,1500
EMP-14245,CRS-202,Cross-Cultural Business Communication,Soft Skills,2025-09-28,76,Completed,800
EMP-14245,CRS-102,Python for Data Engineering,Tech,2023-10-22,92,Completed,2500
EMP-16102,CRS-102,Python for Data Engineering,Tech,2026-03-04,79,Completed,2500
EMP-16102,CRS-302,Modern Data Stack Architecture,Tech,2024-01-17,67,Failed,0
EMP-16102,CRS-302,Modern Data Stack Architecture,Tech,2024-02-15,99,Completed,4000
EMP-15883,CRS-201,Agile Project Management,Leadership,2025-07-31,89,Completed,1200
EMP-16653,CRS-103,Power BI DAX Masterclass,Tech,2025-06-18,99,Completed,2000
EMP-16653,CRS-102,Python for Data Engineering,Tech,2023-11-23,93,Completed,2500
EMP-11327,CRS-102,Python for Data Engineering,Tech,2023-04-06,77,Completed,2500
EMP-12644,CRS-101,Advanced SQL & Performance Tuning,Tech,2024-05-29,72,Completed,1500
EMP-12644,CRS-101,Advanced SQL & Performance Tuning,Tech,2024-06-24,82,Completed,1500
EMP-11848,CRS-102,Python for Data Engineering,Tech,2024-07-25,74,Completed,2500
EMP-11848,CRS-102,Python for Data Engineering,Tech,2024-08-27,90,Completed,2500
EMP-11848,CRS-202,Cross-Cultural Business Communication,Soft Skills,2023-05-25,88,Completed,800
EMP-12835,CRS-101,Advanced SQL & Performance Tuning,Tech,2024-11-09,60,Failed,0
EMP-12835,CRS-101,Advanced SQL & Performance Tuning,Tech,2024-12-10,97,Completed,1500
EMP-12835,CRS-301,Cloud Security & Compliance,Compliance,2024-12-01,98,Completed,3000
EMP-12835,CRS-201,Agile Project Management,Leadership,2025-06-25,83,Completed,1200
EMP-14251,CRS-101,Advanced SQL & Performance Tuning,Tech,2026-02-02,57,Failed,0
EMP-14251,CRS-101,Advanced SQL & Performance Tuning,Tech,2026-04-02,87,Completed,1500
EMP-14251,CRS-102,Python for Data Engineering,Tech,2024-08-05,76,Completed,2500
EMP-12327,CRS-302,Modern Data Stack Architecture,Tech,2025-06-04,54,Failed,0
EMP-12327,CRS-302,Modern Data Stack Architecture,Tech,2025-07-16,89,Completed,4000
EMP-14877,CRS-102,Python for Data Engineering,Tech,2023-06-04,98,Completed,2500
EMP-12053,CRS-101,Advanced SQL & Performance Tuning,Tech,2025-04-02,93,Completed,1500
EMP-12053,CRS-201,Agile Project Management,Leadership,2025-06-26,76,Completed,1200
EMP-11609,CRS-201,Agile Project Management,Leadership,2023-03-12,89,Completed,1200
EMP-15791,CRS-302,Modern Data Stack Architecture,Tech,2023-10-05,72,Completed,4000
EMP-15791,CRS-302,Modern Data Stack Architecture,Tech,2023-10-21,95,Completed,4000
EMP-15791,CRS-103,Power BI DAX Masterclass,Tech,2025-08-26,59,Failed,0
EMP-15791,CRS-103,Power BI DAX Masterclass,Tech,2025-10-10,83,Completed,2000
EMP-15613,CRS-301,Cloud Security & Compliance,Compliance,2025-06-08,95,Completed,3000
EMP-11026,CRS-201,Agile Project Management,Leadership,2025-05-10,81,Completed,1200
EMP-11026,CRS-302,Modern Data Stack Architecture,Tech,2023-01-05,96,Completed,4000
EMP-15167,CRS-102,Python for Data Engineering,Tech,2024-01-26,91,Completed,2500
EMP-15167,CRS-301,Cloud Security & Compliance,Compliance,2025-04-06,100,Completed,3000
EMP-15167,CRS-201,Agile Project Management,Leadership,2023-05-26,88,Completed,1200
EMP-14371,CRS-201,Agile Project Management,Leadership,2026-04-15,73,Completed,1200
EMP-14371,CRS-201,Agile Project Management,Leadership,2026-05-12,93,Completed,1200
EMP-15086,CRS-202,Cross-Cultural Business Communication,Soft Skills,2025-09-19,96,Completed,800
EMP-15086,CRS-301,Cloud Security & Compliance,Compliance,2024-07-22,69,Failed,0
EMP-15086,CRS-301,Cloud Security & Compliance,Compliance,2024-09-12,97,Completed,3000
EMP-14118,CRS-101,Advanced SQL & Performance Tuning,Tech,2024-10-07,70,Completed,1500
EMP-14118,CRS-101,Advanced SQL & Performance Tuning,Tech,2024-11-28,97,Completed,1500
EMP-14118,CRS-202,Cross-Cultural Business Communication,Soft Skills,2024-03-01,96,Completed,800
EMP-11382,CRS-103,Power BI DAX Masterclass,Tech,2023-09-27,88,Completed,2000
EMP-11382,CRS-102,Python for Data Engineering,Tech,2025-02-19,53,Failed,0
EMP-11382,CRS-102,Python for Data Engineering,Tech,2025-04-19,92,Completed,2500
EMP-11382,CRS-301,Cloud Security & Compliance,Compliance,2026-04-14,95,Completed,3000
EMP-15691,CRS-101,Advanced SQL & Performance Tuning,Tech,2024-08-13,99,Completed,1500
EMP-15691,CRS-103,Power BI DAX Masterclass,Tech,2024-05-30,70,Completed,2000
EMP-15691,CRS-103,Power BI DAX Masterclass,Tech,2024-06-24,96,Completed,2000
EMP-11403,CRS-301,Cloud Security & Compliance,Compliance,2023-12-01,99,Completed,3000
EMP-12766,CRS-202,Cross-Cultural Business Communication,Soft Skills,2024-09-14,79,Completed,800
EMP-12766,CRS-301,Cloud Security & Compliance,Compliance,2023-11-27,82,Completed,3000
EMP-14618,CRS-301,Cloud Security & Compliance,Compliance,2023-05-12,94,Completed,3000
EMP-14618,CRS-201,Agile Project Management,Leadership,2023-10-17,76,Completed,1200
EMP-10338,CRS-301,Cloud Security & Compliance,Compliance,2023-04-29,91,Completed,3000
EMP-10338,CRS-201,Agile Project Management,Leadership,2024-08-17,82,Completed,1200
EMP-10233,CRS-101,Advanced SQL & Performance Tuning,Tech,2024-02-14,88,Completed,1500
EMP-15931,CRS-201,Agile Project Management,Leadership,2026-03-23,87,Completed,1200
EMP-15702,CRS-201,Agile Project Management,Leadership,2025-06-27,78,Completed,1200
EMP-15702,CRS-101,Advanced SQL & Performance Tuning,Tech,2025-03-03,98,Completed,1500
EMP-15702,CRS-103,Power BI DAX Masterclass,Tech,2024-05-09,97,Completed,2000
EMP-15702,CRS-302,Modern Data Stack Architecture,Tech,2025-06-29,76,Completed,4000
EMP-12169,CRS-302,Modern Data Stack Architecture,Tech,2026-01-17,88,Completed,4000
EMP-11727,CRS-201,Agile Project Management,Leadership,2025-03-31,54,Failed,0
EMP-11727,CRS-201,Agile Project Management,Leadership,2025-05-04,86,Completed,1200
EMP-14687,CRS-301,Cloud Security & Compliance,Compliance,2025-04-12,80,Completed,3000
EMP-14687,CRS-201,Agile Project Management,Leadership,2025-12-06,80,Completed,1200
EMP-14687,CRS-202,Cross-Cultural Business Communication,Soft Skills,2025-01-04,65,Failed,0
EMP-14687,CRS-202,Cross-Cultural Business Communication,Soft Skills,2025-01-29,83,Completed,800
EMP-14950,CRS-103,Power BI DAX Masterclass,Tech,2023-01-12,71,Completed,2000
EMP-14950,CRS-103,Power BI DAX Masterclass,Tech,2023-02-23,85,Completed,2000
EMP-10249,CRS-302,Modern Data Stack Architecture,Tech,2025-12-23,79,Completed,4000
EMP-10249,CRS-201,Agile Project Management,Leadership,2025-01-01,83,Completed,1200
EMP-14080,CRS-101,Advanced SQL & Performance Tuning,Tech,2023-11-12,98,Completed,1500
EMP-16504,CRS-101,Advanced SQL & Performance Tuning,Tech,2025-11-15,89,Completed,1500
EMP-12373,CRS-102,Python for Data Engineering,Tech,2024-02-18,86,Completed,2500
EMP-15628,CRS-201,Agile Project Management,Leadership,2025-11-15,96,Completed,1200
EMP-15628,CRS-101,Advanced SQL & Performance Tuning,Tech,2025-08-20,51,Failed,0
EMP-15628,CRS-101,Advanced SQL & Performance Tuning,Tech,2025-09-04,82,Completed,1500
EMP-13957,CRS-101,Advanced SQL & Performance Tuning,Tech,2024-09-02,74,Completed,1500
EMP-13957,CRS-101,Advanced SQL & Performance Tuning,Tech,2024-10-18,95,Completed,1500
EMP-16995,CRS-102,Python for Data Engineering,Tech,2023-04-03,60,Failed,0
EMP-16995,CRS-102,Python for Data Engineering,Tech,2023-05-26,98,Completed,2500
EMP-16371,CRS-101,Advanced SQL & Performance Tuning,Tech,2024-07-23,76,Completed,1500
EMP-16371,CRS-202,Cross-Cultural Business Communication,Soft Skills,2026-03-30,88,Completed,800
EMP-12437,CRS-302,Modern Data Stack Architecture,Tech,2025-09-01,85,Completed,4000
EMP-12437,CRS-202,Cross-Cultural Business Communication,Soft Skills,2026-03-25,74,Completed,800
EMP-12437,CRS-202,Cross-Cultural Business Communication,Soft Skills,2026-04-29,79,Completed,800
EMP-15377,CRS-101,Advanced SQL & Performance Tuning,Tech,2025-01-12,89,Completed,1500
EMP-15377,CRS-102,Python for Data Engineering,Tech,2023-01-27,80,Completed,2500
EMP-10598,CRS-103,Power BI DAX Masterclass,Tech,2025-02-12,79,Completed,2000
EMP-10491,CRS-101,Advanced SQL & Performance Tuning,Tech,2024-04-01,78,Completed,1500
EMP-10491,CRS-202,Cross-Cultural Business Communication,Soft Skills,2024-11-20,96,Completed,800
EMP-10491,CRS-103,Power BI DAX Masterclass,Tech,2026-01-28,74,Completed,2000
EMP-10491,CRS-103,Power BI DAX Masterclass,Tech,2026-03-10,75,Completed,2000
EMP-10491,CRS-201,Agile Project Management,Leadership,2023-12-12,78,Completed,1200
EMP-16890,CRS-302,Modern Data Stack Architecture,Tech,2024-04-22,81,Completed,4000
EMP-16890,CRS-101,Advanced SQL & Performance Tuning,Tech,2026-05-14,80,Completed,1500
EMP-13602,CRS-302,Modern Data Stack Architecture,Tech,2025-08-17,97,Completed,4000
EMP-13602,CRS-101,Advanced SQL & Performance Tuning,Tech,2023-03-25,73,Completed,1500
EMP-13602,CRS-101,Advanced SQL & Performance Tuning,Tech,2023-05-06,96,Completed,1500
EMP-13405,CRS-103,Power BI DAX Masterclass,Tech,2025-12-26,84,Completed,2000
EMP-16010,CRS-101,Advanced SQL & Performance Tuning,Tech,2024-09-24,86,Completed,1500
EMP-13805,CRS-301,Cloud Security & Compliance,Compliance,2023-11-22,70,Completed,3000
EMP-13805,CRS-301,Cloud Security & Compliance,Compliance,2024-01-21,79,Completed,3000
EMP-13805,CRS-202,Cross-Cultural Business Communication,Soft Skills,2026-05-26,95,Completed,800
EMP-11672,CRS-301,Cloud Security & Compliance,Compliance,2023-08-06,83,Completed,3000
EMP-11672,CRS-202,Cross-Cultural Business Communication,Soft Skills,2024-03-26,98,Completed,800
EMP-11672,CRS-103,Power BI DAX Masterclass,Tech,2025-01-08,82,Completed,2000
EMP-16817,CRS-102,Python for Data Engineering,Tech,2025-05-10,79,Completed,2500
EMP-16817,CRS-201,Agile Project Management,Leadership,2024-03-05,97,Completed,1200
EMP-15174,CRS-101,Advanced SQL & Performance Tuning,Tech,2025-02-25,75,Completed,1500
EMP-15371,CRS-301,Cloud Security & Compliance,Compliance,2023-06-27,72,Completed,3000
EMP-15371,CRS-301,Cloud Security & Compliance,Compliance,2023-08-13,100,Completed,3000
EMP-12616,CRS-201,Agile Project Management,Leadership,2025-10-22,79,Completed,1200
EMP-12616,CRS-202,Cross-Cultural Business Communication,Soft Skills,2025-02-20,96,Completed,800
EMP-12830,CRS-202,Cross-Cultural Business Communication,Soft Skills,2026-01-28,68,Failed,0
EMP-12830,CRS-202,Cross-Cultural Business Communication,Soft Skills,2026-03-09,79,Completed,800
EMP-15376,CRS-201,Agile Project Management,Leadership,2023-10-23,90,Completed,1200
EMP-16519,CRS-202,Cross-Cultural Business Communication,Soft Skills,2026-04-01,74,Completed,800
EMP-16519,CRS-202,Cross-Cultural Business Communication,Soft Skills,2026-04-29,90,Completed,800
EMP-15497,CRS-202,Cross-Cultural Business Communication,Soft Skills,2023-03-15,80,Completed,800
EMP-15497,CRS-101,Advanced SQL & Performance Tuning,Tech,2026-01-15,71,Completed,1500
EMP-15497,CRS-101,Advanced SQL & Performance Tuning,Tech,2026-03-05,83,Completed,1500
EMP-14219,CRS-201,Agile Project Management,Leadership,2024-06-15,90,Completed,1200
EMP-14219,CRS-202,Cross-Cultural Business Communication,Soft Skills,2025-05-11,80,Completed,800
EMP-14219,CRS-103,Power BI DAX Masterclass,Tech,2026-04-30,72,Completed,2000
EMP-14818,CRS-301,Cloud Security & Compliance,Compliance,2025-07-15,84,Completed,3000
EMP-14818,CRS-101,Advanced SQL & Performance Tuning,Tech,2024-12-23,72,Completed,1500
EMP-14818,CRS-101,Advanced SQL & Performance Tuning,Tech,2025-02-13,76,Completed,1500
EMP-10870,CRS-103,Power BI DAX Masterclass,Tech,2025-11-10,94,Completed,2000
EMP-10870,CRS-302,Modern Data Stack Architecture,Tech,2025-03-10,82,Completed,4000
EMP-12615,CRS-103,Power BI DAX Masterclass,Tech,2026-02-01,84,Completed,2000
EMP-11981,CRS-302,Modern Data Stack Architecture,Tech,2023-02-04,65,Failed,0
EMP-11981,CRS-302,Modern Data Stack Architecture,Tech,2023-03-05,93,Completed,4000
EMP-11981,CRS-102,Python for Data Engineering,Tech,2025-03-28,53,Failed,0
EMP-11981,CRS-102,Python for Data Engineering,Tech,2025-05-21,100,Completed,2500
EMP-13822,CRS-101,Advanced SQL & Performance Tuning,Tech,2024-11-14,87,Completed,1500
EMP-13822,CRS-301,Cloud Security & Compliance,Compliance,2026-01-24,74,Completed,3000
EMP-13822,CRS-301,Cloud Security & Compliance,Compliance,2026-03-20,100,Completed,3000
EMP-11004,CRS-301,Cloud Security & Compliance,Compliance,2023-07-21,66,Failed,0
EMP-11004,CRS-301,Cloud Security & Compliance,Compliance,2023-08-05,95,Completed,3000
EMP-11004,CRS-201,Agile Project Management,Leadership,2025-09-27,99,Completed,1200
EMP-12192,CRS-302,Modern Data Stack Architecture,Tech,2023-03-17,71,Completed,4000
EMP-12192,CRS-302,Modern Data Stack Architecture,Tech,2023-04-08,82,Completed,4000
EMP-12192,CRS-202,Cross-Cultural Business Communication,Soft Skills,2025-09-12,88,Completed,800
EMP-13684,CRS-202,Cross-Cultural Business Communication,Soft Skills,2024-04-18,78,Completed,800
EMP-16741,CRS-302,Modern Data Stack Architecture,Tech,2024-09-14,98,Completed,4000
EMP-16741,CRS-201,Agile Project Management,Leadership,2023-04-05,92,Completed,1200
EMP-11155,CRS-103,Power BI DAX Masterclass,Tech,2025-07-31,89,Completed,2000
EMP-10794,CRS-301,Cloud Security & Compliance,Compliance,2024-01-27,81,Completed,3000
EMP-10794,CRS-102,Python for Data Engineering,Tech,2023-01-28,84,Completed,2500
EMP-15473,CRS-102,Python for Data Engineering,Tech,2024-03-22,80,Completed,2500
EMP-12378,CRS-301,Cloud Security & Compliance,Compliance,2025-06-20,51,Failed,0
EMP-12378,CRS-301,Cloud Security & Compliance,Compliance,2025-07-09,91,Completed,3000
EMP-12378,CRS-103,Power BI DAX Masterclass,Tech,2025-09-06,89,Completed,2000
EMP-13147,CRS-202,Cross-Cultural Business Communication,Soft Skills,2024-07-27,71,Completed,800
EMP-13147,CRS-202,Cross-Cultural Business Communication,Soft Skills,2024-09-11,92,Completed,800
EMP-13147,CRS-103,Power BI DAX Masterclass,Tech,2024-03-04,72,Completed,2000
EMP-13147,CRS-103,Power BI DAX Masterclass,Tech,2024-04-06,90,Completed,2000
EMP-13426,CRS-301,Cloud Security & Compliance,Compliance,2024-04-09,60,Failed,0
EMP-13426,CRS-301,Cloud Security & Compliance,Compliance,2024-05-18,92,Completed,3000
EMP-13426,CRS-302,Modern Data Stack Architecture,Tech,2025-06-28,80,Completed,4000
EMP-13426,CRS-101,Advanced SQL & Performance Tuning,Tech,2025-03-16,67,Failed,0
EMP-13426,CRS-101,Advanced SQL & Performance Tuning,Tech,2025-04-01,93,Completed,1500
EMP-13426,CRS-102,Python for Data Engineering,Tech,2025-06-15,89,Completed,2500
EMP-15957,CRS-102,Python for Data Engineering,Tech,2024-04-20,95,Completed,2500
EMP-11309,CRS-201,Agile Project Management,Leadership,2025-11-15,78,Completed,1200
EMP-12683,CRS-302,Modern Data Stack Architecture,Tech,2024-08-23,99,Completed,4000
EMP-12562,CRS-302,Modern Data Stack Architecture,Tech,2025-05-16,100,Completed,4000
EMP-16635,CRS-201,Agile Project Management,Leadership,2024-03-22,89,Completed,1200
EMP-11306,CRS-201,Agile Project Management,Leadership,2025-11-02,56,Failed,0
EMP-11306,CRS-201,Agile Project Management,Leadership,2025-12-23,90,Completed,1200
EMP-14082,CRS-301,Cloud Security & Compliance,Compliance,2023-11-25,99,Completed,3000
EMP-14217,CRS-201,Agile Project Management,Leadership,2024-04-23,86,Completed,1200
EMP-13825,CRS-301,Cloud Security & Compliance,Compliance,2023-03-19,88,Completed,3000
EMP-13825,CRS-102,Python for Data Engineering,Tech,2024-11-09,81,Completed,2500
EMP-14086,CRS-301,Cloud Security & Compliance,Compliance,2024-04-09,75,Completed,3000
EMP-14086,CRS-102,Python for Data Engineering,Tech,2025-02-08,72,Completed,2500
EMP-14086,CRS-102,Python for Data Engineering,Tech,2025-04-03,98,Completed,2500
EMP-12528,CRS-102,Python for Data Engineering,Tech,2026-04-09,95,Completed,2500
EMP-15250,CRS-102,Python for Data Engineering,Tech,2025-02-26,92,Completed,2500
EMP-15250,CRS-103,Power BI DAX Masterclass,Tech,2023-12-28,81,Completed,2000
EMP-15250,CRS-301,Cloud Security & Compliance,Compliance,2026-03-18,87,Completed,3000
EMP-10190,CRS-301,Cloud Security & Compliance,Compliance,2025-09-24,93,Completed,3000
EMP-10738,CRS-101,Advanced SQL & Performance Tuning,Tech,2025-06-24,50,Failed,0
EMP-10738,CRS-101,Advanced SQL & Performance Tuning,Tech,2025-07-18,80,Completed,1500
EMP-10738,CRS-201,Agile Project Management,Leadership,2023-06-07,66,Failed,0
EMP-10738,CRS-201,Agile Project Management,Leadership,2023-07-27,92,Completed,1200
EMP-10738,CRS-302,Modern Data Stack Architecture,Tech,2023-05-28,98,Completed,4000
EMP-13222,CRS-302,Modern Data Stack Architecture,Tech,2024-09-06,91,Completed,4000
EMP-16531,CRS-101,Advanced SQL & Performance Tuning,Tech,2026-04-24,96,Completed,1500
EMP-16531,CRS-301,Cloud Security & Compliance,Compliance,2025-09-24,64,Failed,0
EMP-16531,CRS-301,Cloud Security & Compliance,Compliance,2025-10-16,93,Completed,3000
EMP-16582,CRS-302,Modern Data Stack Architecture,Tech,2025-04-09,91,Completed,4000
EMP-16582,CRS-102,Python for Data Engineering,Tech,2024-05-09,94,Completed,2500
EMP-16582,CRS-202,Cross-Cultural Business Communication,Soft Skills,2023-11-07,100,Completed,800
EMP-16014,CRS-301,Cloud Security & Compliance,Compliance,2023-03-02,93,Completed,3000
EMP-15302,CRS-302,Modern Data Stack Architecture,Tech,2024-01-19,87,Completed,4000
EMP-14953,CRS-201,Agile Project Management,Leadership,2025-07-30,89,Completed,1200
EMP-10399,CRS-201,Agile Project Management,Leadership,2023-10-13,93,Completed,1200
EMP-10399,CRS-302,Modern Data Stack Architecture,Tech,2024-05-07,75,Completed,4000
EMP-10399,CRS-101,Advanced SQL & Performance Tuning,Tech,2023-03-07,95,Completed,1500
EMP-10399,CRS-202,Cross-Cultural Business Communication,Soft Skills,2023-09-20,91,Completed,800
EMP-14681,CRS-202,Cross-Cultural Business Communication,Soft Skills,2026-04-20,67,Failed,0
EMP-14681,CRS-202,Cross-Cultural Business Communication,Soft Skills,2026-05-17,98,Completed,800
EMP-12305,CRS-201,Agile Project Management,Leadership,2026-02-08,98,Completed,1200
EMP-14055,CRS-301,Cloud Security & Compliance,Compliance,2023-02-03,85,Completed,3000
EMP-16459,CRS-103,Power BI DAX Masterclass,Tech,2024-09-15,96,Completed,2000
EMP-16459,CRS-102,Python for Data Engineering,Tech,2024-07-15,70,Completed,2500
EMP-16459,CRS-102,Python for Data Engineering,Tech,2024-08-11,82,Completed,2500
EMP-16266,CRS-103,Power BI DAX Masterclass,Tech,2025-07-26,97,Completed,2000
EMP-16266,CRS-101,Advanced SQL & Performance Tuning,Tech,2025-01-08,98,Completed,1500
EMP-14397,CRS-201,Agile Project Management,Leadership,2026-01-30,77,Completed,1200
EMP-14397,CRS-101,Advanced SQL & Performance Tuning,Tech,2023-09-20,62,Failed,0
EMP-14397,CRS-101,Advanced SQL & Performance Tuning,Tech,2023-11-10,100,Completed,1500
EMP-14397,CRS-301,Cloud Security & Compliance,Compliance,2024-12-31,98,Completed,3000
EMP-15612,CRS-202,Cross-Cultural Business Communication,Soft Skills,2023-11-20,85,Completed,800
EMP-10881,CRS-103,Power BI DAX Masterclass,Tech,2023-07-09,59,Failed,0
EMP-10881,CRS-103,Power BI DAX Masterclass,Tech,2023-08-05,100,Completed,2000
EMP-13531,CRS-202,Cross-Cultural Business Communication,Soft Skills,2024-01-02,60,Failed,0
EMP-13531,CRS-202,Cross-Cultural Business Communication,Soft Skills,2024-03-02,81,Completed,800
EMP-13531,CRS-103,Power BI DAX Masterclass,Tech,2024-07-09,99,Completed,2000
EMP-13531,CRS-101,Advanced SQL & Performance Tuning,Tech,2026-01-30,62,Failed,0
EMP-13531,CRS-101,Advanced SQL & Performance Tuning,Tech,2026-03-19,92,Completed,1500
EMP-11098,CRS-101,Advanced SQL & Performance Tuning,Tech,2024-09-07,94,Completed,1500
EMP-15598,CRS-103,Power BI DAX Masterclass,Tech,2025-01-09,82,Completed,2000
EMP-15557,CRS-103,Power BI DAX Masterclass,Tech,2025-09-14,88,Completed,2000
EMP-15557,CRS-301,Cloud Security & Compliance,Compliance,2023-11-01,61,Failed,0
EMP-15557,CRS-301,Cloud Security & Compliance,Compliance,2023-12-29,100,Completed,3000
EMP-13304,CRS-202,Cross-Cultural Business Communication,Soft Skills,2025-08-13,96,Completed,800
EMP-13304,CRS-302,Modern Data Stack Architecture,Tech,2023-05-11,97,Completed,4000
EMP-16838,CRS-202,Cross-Cultural Business Communication,Soft Skills,2024-10-21,77,Completed,800
EMP-10371,CRS-201,Agile Project Management,Leadership,2025-11-18,71,Completed,1200
EMP-10371,CRS-201,Agile Project Management,Leadership,2025-12-25,91,Completed,1200
EMP-10371,CRS-101,Advanced SQL & Performance Tuning,Tech,2023-04-16,73,Completed,1500
EMP-10371,CRS-101,Advanced SQL & Performance Tuning,Tech,2023-06-03,90,Completed,1500
EMP-13282,CRS-101,Advanced SQL & Performance Tuning,Tech,2024-10-26,52,Failed,0
EMP-13282,CRS-101,Advanced SQL & Performance Tuning,Tech,2024-11-23,88,Completed,1500
EMP-13282,CRS-103,Power BI DAX Masterclass,Tech,2025-09-12,83,Completed,2000
EMP-13282,CRS-102,Python for Data Engineering,Tech,2023-08-01,85,Completed,2500
EMP-13282,CRS-302,Modern Data Stack Architecture,Tech,2023-06-08,67,Failed,0
EMP-13282,CRS-302,Modern Data Stack Architecture,Tech,2023-07-31,96,Completed,4000
EMP-10420,CRS-202,Cross-Cultural Business Communication,Soft Skills,2024-10-17,63,Failed,0
EMP-10420,CRS-202,Cross-Cultural Business Communication,Soft Skills,2024-11-29,76,Completed,800
EMP-14603,CRS-202,Cross-Cultural Business Communication,Soft Skills,2023-01-05,97,Completed,800
EMP-11595,CRS-102,Python for Data Engineering,Tech,2023-05-28,100,Completed,2500
EMP-11595,CRS-302,Modern Data Stack Architecture,Tech,2024-02-06,50,Failed,0
EMP-11595,CRS-302,Modern Data Stack Architecture,Tech,2024-03-02,81,Completed,4000
EMP-12970,CRS-202,Cross-Cultural Business Communication,Soft Skills,2025-06-03,90,Completed,800
EMP-16543,CRS-301,Cloud Security & Compliance,Compliance,2023-02-08,99,Completed,3000
EMP-15888,CRS-301,Cloud Security & Compliance,Compliance,2023-07-15,79,Completed,3000
EMP-15409,CRS-201,Agile Project Management,Leadership,2025-09-10,73,Completed,1200
EMP-15409,CRS-201,Agile Project Management,Leadership,2025-10-10,85,Completed,1200
EMP-13165,CRS-202,Cross-Cultural Business Communication,Soft Skills,2023-02-09,97,Completed,800
EMP-13165,CRS-102,Python for Data Engineering,Tech,2024-05-26,97,Completed,2500
EMP-14131,CRS-102,Python for Data Engineering,Tech,2023-10-07,58,Failed,0
EMP-14131,CRS-102,Python for Data Engineering,Tech,2023-11-10,82,Completed,2500
EMP-13690,CRS-202,Cross-Cultural Business Communication,Soft Skills,2023-12-27,81,Completed,800
EMP-13690,CRS-102,Python for Data Engineering,Tech,2023-02-26,100,Completed,2500
EMP-13690,CRS-301,Cloud Security & Compliance,Compliance,2023-04-05,73,Completed,3000
EMP-13690,CRS-301,Cloud Security & Compliance,Compliance,2023-05-05,92,Completed,3000
EMP-14505,CRS-102,Python for Data Engineering,Tech,2026-03-25,76,Completed,2500
EMP-15499,CRS-102,Python for Data Engineering,Tech,2025-11-24,100,Completed,2500
EMP-10974,CRS-102,Python for Data Engineering,Tech,2026-05-09,80,Completed,2500
EMP-10974,CRS-302,Modern Data Stack Architecture,Tech,2025-04-23,59,Failed,0
EMP-10974,CRS-302,Modern Data Stack Architecture,Tech,2025-05-26,80,Completed,4000
EMP-11055,CRS-103,Power BI DAX Masterclass,Tech,2025-06-25,63,Failed,0
EMP-11055,CRS-103,Power BI DAX Masterclass,Tech,2025-07-25,93,Completed,2000
EMP-11055,CRS-302,Modern Data Stack Architecture,Tech,2025-11-14,83,Completed,4000
EMP-16949,CRS-101,Advanced SQL & Performance Tuning,Tech,2026-04-09,77,Completed,1500
EMP-13227,CRS-301,Cloud Security & Compliance,Compliance,2025-08-27,78,Completed,3000
EMP-13058,CRS-301,Cloud Security & Compliance,Compliance,2023-12-30,85,Completed,3000
EMP-13058,CRS-103,Power BI DAX Masterclass,Tech,2024-12-30,96,Completed,2000
EMP-16836,CRS-102,Python for Data Engineering,Tech,2025-02-24,81,Completed,2500
EMP-14570,CRS-101,Advanced SQL & Performance Tuning,Tech,2025-09-26,100,Completed,1500
EMP-14570,CRS-103,Power BI DAX Masterclass,Tech,2024-05-19,71,Completed,2000
EMP-14570,CRS-103,Power BI DAX Masterclass,Tech,2024-06-28,88,Completed,2000
EMP-12996,CRS-103,Power BI DAX Masterclass,Tech,2025-08-26,77,Completed,2000
EMP-11182,CRS-301,Cloud Security & Compliance,Compliance,2024-08-13,94,Completed,3000
EMP-11182,CRS-103,Power BI DAX Masterclass,Tech,2024-07-08,83,Completed,2000
EMP-11182,CRS-102,Python for Data Engineering,Tech,2024-04-22,76,Completed,2500
EMP-11631,CRS-301,Cloud Security & Compliance,Compliance,2023-09-18,87,Completed,3000
EMP-11631,CRS-201,Agile Project Management,Leadership,2024-05-26,79,Completed,1200
EMP-14171,CRS-302,Modern Data Stack Architecture,Tech,2026-04-28,54,Failed,0
EMP-14171,CRS-201,Agile Project Management,Leadership,2023-06-17,90,Completed,1200
EMP-14171,CRS-301,Cloud Security & Compliance,Compliance,2025-05-06,93,Completed,3000
EMP-13289,CRS-103,Power BI DAX Masterclass,Tech,2024-08-09,87,Completed,2000
EMP-13289,CRS-302,Modern Data Stack Architecture,Tech,2025-05-28,91,Completed,4000
EMP-13289,CRS-102,Python for Data Engineering,Tech,2025-04-25,82,Completed,2500
EMP-14097,CRS-202,Cross-Cultural Business Communication,Soft Skills,2025-08-21,90,Completed,800
EMP-16135,CRS-302,Modern Data Stack Architecture,Tech,2023-06-08,73,Completed,4000
EMP-16135,CRS-302,Modern Data Stack Architecture,Tech,2023-07-06,96,Completed,4000
EMP-16135,CRS-202,Cross-Cultural Business Communication,Soft Skills,2025-10-21,73,Completed,800
EMP-16135,CRS-202,Cross-Cultural Business Communication,Soft Skills,2025-12-06,95,Completed,800
EMP-15522,CRS-201,Agile Project Management,Leadership,2023-07-01,50,Failed,0
EMP-15522,CRS-201,Agile Project Management,Leadership,2023-07-28,90,Completed,1200
EMP-10319,CRS-101,Advanced SQL & Performance Tuning,Tech,2025-08-23,94,Completed,1500
EMP-11123,CRS-101,Advanced SQL & Performance Tuning,Tech,2024-07-14,89,Completed,1500
EMP-15205,CRS-202,Cross-Cultural Business Communication,Soft Skills,2023-02-09,67,Failed,0
EMP-15205,CRS-202,Cross-Cultural Business Communication,Soft Skills,2023-04-10,83,Completed,800
EMP-13881,CRS-101,Advanced SQL & Performance Tuning,Tech,2023-09-08,82,Completed,1500
EMP-13881,CRS-102,Python for Data Engineering,Tech,2026-04-27,95,Completed,2500
EMP-14255,CRS-103,Power BI DAX Masterclass,Tech,2024-07-23,93,Completed,2000
EMP-15715,CRS-102,Python for Data Engineering,Tech,2024-12-06,76,Completed,2500
EMP-15715,CRS-201,Agile Project Management,Leadership,2024-01-27,73,Completed,1200
EMP-15715,CRS-201,Agile Project Management,Leadership,2024-03-18,100,Completed,1200
EMP-15715,CRS-103,Power BI DAX Masterclass,Tech,2026-04-20,70,Completed,2000
EMP-16393,CRS-302,Modern Data Stack Architecture,Tech,2023-06-13,75,Completed,4000
EMP-14224,CRS-201,Agile Project Management,Leadership,2024-08-21,68,Failed,0
EMP-14224,CRS-201,Agile Project Management,Leadership,2024-09-30,89,Completed,1200
EMP-14224,CRS-301,Cloud Security & Compliance,Compliance,2023-02-22,91,Completed,3000
EMP-15523,CRS-103,Power BI DAX Masterclass,Tech,2024-03-27,69,Failed,0
EMP-15523,CRS-103,Power BI DAX Masterclass,Tech,2024-05-04,78,Completed,2000
EMP-14869,CRS-302,Modern Data Stack Architecture,Tech,2026-03-15,73,Completed,4000
EMP-14869,CRS-302,Modern Data Stack Architecture,Tech,2026-05-13,82,Completed,4000
EMP-12610,CRS-103,Power BI DAX Masterclass,Tech,2026-04-13,94,Completed,2000
EMP-12610,CRS-301,Cloud Security & Compliance,Compliance,2024-02-03,77,Completed,3000
EMP-16478,CRS-201,Agile Project Management,Leadership,2025-05-08,91,Completed,1200
EMP-13220,CRS-103,Power BI DAX Masterclass,Tech,2023-04-04,87,Completed,2000
EMP-13220,CRS-202,Cross-Cultural Business Communication,Soft Skills,2024-06-27,52,Failed,0
EMP-13220,CRS-202,Cross-Cultural Business Communication,Soft Skills,2024-07-15,88,Completed,800
EMP-13220,CRS-101,Advanced SQL & Performance Tuning,Tech,2025-10-07,69,Failed,0
EMP-13220,CRS-101,Advanced SQL & Performance Tuning,Tech,2025-11-06,92,Completed,1500
EMP-13220,CRS-302,Modern Data Stack Architecture,Tech,2023-07-06,53,Failed,0
EMP-13220,CRS-302,Modern Data Stack Architecture,Tech,2023-08-07,93,Completed,4000
EMP-12452,CRS-202,Cross-Cultural Business Communication,Soft Skills,2023-06-20,71,Completed,800
EMP-12452,CRS-202,Cross-Cultural Business Communication,Soft Skills,2023-08-14,80,Completed,800
EMP-12452,CRS-301,Cloud Security & Compliance,Compliance,2023-03-21,86,Completed,3000
EMP-16076,CRS-302,Modern Data Stack Architecture,Tech,2025-04-07,71,Completed,4000
EMP-16076,CRS-302,Modern Data Stack Architecture,Tech,2025-04-25,94,Completed,4000
EMP-16076,CRS-201,Agile Project Management,Leadership,2026-05-18,77,Completed,1200
EMP-16076,CRS-101,Advanced SQL & Performance Tuning,Tech,2023-09-07,78,Completed,1500
EMP-14156,CRS-103,Power BI DAX Masterclass,Tech,2026-02-07,98,Completed,2000
EMP-14156,CRS-302,Modern Data Stack Architecture,Tech,2023-05-03,80,Completed,4000
EMP-14176,CRS-301,Cloud Security & Compliance,Compliance,2025-09-06,68,Failed,0
EMP-14176,CRS-301,Cloud Security & Compliance,Compliance,2025-10-27,78,Completed,3000
EMP-14361,CRS-202,Cross-Cultural Business Communication,Soft Skills,2025-02-21,72,Completed,800
EMP-14361,CRS-202,Cross-Cultural Business Communication,Soft Skills,2025-04-06,78,Completed,800
EMP-14013,CRS-101,Advanced SQL & Performance Tuning,Tech,2024-02-21,95,Completed,1500
EMP-14013,CRS-201,Agile Project Management,Leadership,2026-04-08,99,Completed,1200
EMP-14013,CRS-302,Modern Data Stack Architecture,Tech,2023-02-03,79,Completed,4000
EMP-12456,CRS-101,Advanced SQL & Performance Tuning,Tech,2025-12-02,95,Completed,1500
EMP-12456,CRS-102,Python for Data Engineering,Tech,2024-08-15,52,Failed,0
EMP-12456,CRS-102,Python for Data Engineering,Tech,2024-10-02,89,Completed,2500
EMP-13891,CRS-103,Power BI DAX Masterclass,Tech,2025-09-19,94,Completed,2000
EMP-13891,CRS-302,Modern Data Stack Architecture,Tech,2024-03-12,85,Completed,4000
EMP-13891,CRS-102,Python for Data Engineering,Tech,2025-01-24,82,Completed,2500
EMP-10137,CRS-202,Cross-Cultural Business Communication,Soft Skills,2023-05-27,87,Completed,800
EMP-13018,CRS-301,Cloud Security & Compliance,Compliance,2025-10-19,89,Completed,3000
EMP-12714,CRS-201,Agile Project Management,Leadership,2026-03-28,75,Completed,1200
EMP-12714,CRS-101,Advanced SQL & Performance Tuning,Tech,2023-11-07,81,Completed,1500
EMP-10898,CRS-301,Cloud Security & Compliance,Compliance,2024-05-01,99,Completed,3000
EMP-14720,CRS-201,Agile Project Management,Leadership,2026-05-07,100,Completed,1200
EMP-12521,CRS-201,Agile Project Management,Leadership,2026-01-27,96,Completed,1200
EMP-15007,CRS-103,Power BI DAX Masterclass,Tech,2023-12-26,93,Completed,2000
EMP-13888,CRS-102,Python for Data Engineering,Tech,2025-01-14,85,Completed,2500
EMP-16588,CRS-301,Cloud Security & Compliance,Compliance,2025-08-13,87,Completed,3000
EMP-16453,CRS-202,Cross-Cultural Business Communication,Soft Skills,2025-01-05,82,Completed,800
EMP-16453,CRS-302,Modern Data Stack Architecture,Tech,2025-11-03,100,Completed,4000
EMP-16897,CRS-101,Advanced SQL & Performance Tuning,Tech,2025-06-05,81,Completed,1500
EMP-16897,CRS-103,Power BI DAX Masterclass,Tech,2025-04-03,81,Completed,2000
EMP-16897,CRS-302,Modern Data Stack Architecture,Tech,2025-10-30,59,Failed,0
EMP-16897,CRS-302,Modern Data Stack Architecture,Tech,2025-11-24,89,Completed,4000
EMP-16897,CRS-301,Cloud Security & Compliance,Compliance,2023-06-26,74,Completed,3000
EMP-16897,CRS-301,Cloud Security & Compliance,Compliance,2023-07-18,99,Completed,3000
EMP-13936,CRS-201,Agile Project Management,Leadership,2023-02-23,82,Completed,1200
EMP-13936,CRS-103,Power BI DAX Masterclass,Tech,2025-09-02,50,Failed,0
EMP-13936,CRS-103,Power BI DAX Masterclass,Tech,2025-10-04,95,Completed,2000
EMP-11397,CRS-101,Advanced SQL & Performance Tuning,Tech,2025-02-13,90,Completed,1500
EMP-11397,CRS-102,Python for Data Engineering,Tech,2025-05-12,55,Failed,0
EMP-11397,CRS-102,Python for Data Engineering,Tech,2025-07-09,91,Completed,2500
EMP-11397,CRS-302,Modern Data Stack Architecture,Tech,2025-06-30,53,Failed,0
EMP-11397,CRS-302,Modern Data Stack Architecture,Tech,2025-08-23,88,Completed,4000
EMP-14295,CRS-202,Cross-Cultural Business Communication,Soft Skills,2023-05-01,95,Completed,800
EMP-15246,CRS-202,Cross-Cultural Business Communication,Soft Skills,2023-10-16,85,Completed,800
EMP-11211,CRS-301,Cloud Security & Compliance,Compliance,2023-08-16,81,Completed,3000
EMP-11985,CRS-102,Python for Data Engineering,Tech,2023-10-20,74,Completed,2500
EMP-11985,CRS-102,Python for Data Engineering,Tech,2023-12-08,79,Completed,2500
EMP-11985,CRS-302,Modern Data Stack Architecture,Tech,2024-08-04,87,Completed,4000
EMP-10259,CRS-102,Python for Data Engineering,Tech,2025-12-13,81,Completed,2500
EMP-15451,CRS-103,Power BI DAX Masterclass,Tech,2023-01-03,58,Failed,0
EMP-15451,CRS-103,Power BI DAX Masterclass,Tech,2023-02-21,83,Completed,2000
EMP-15451,CRS-101,Advanced SQL & Performance Tuning,Tech,2025-07-15,69,Failed,0
EMP-15451,CRS-101,Advanced SQL & Performance Tuning,Tech,2025-08-21,100,Completed,1500
EMP-11563,CRS-101,Advanced SQL & Performance Tuning,Tech,2024-05-19,61,Failed,0
EMP-11563,CRS-101,Advanced SQL & Performance Tuning,Tech,2024-06-22,81,Completed,1500
EMP-14982,CRS-302,Modern Data Stack Architecture,Tech,2025-06-26,75,Completed,4000
EMP-13613,CRS-102,Python for Data Engineering,Tech,2025-06-13,73,Completed,2500
EMP-13613,CRS-102,Python for Data Engineering,Tech,2025-08-08,86,Completed,2500
EMP-13613,CRS-101,Advanced SQL & Performance Tuning,Tech,2025-09-29,71,Completed,1500
EMP-13613,CRS-101,Advanced SQL & Performance Tuning,Tech,2025-11-11,91,Completed,1500
EMP-16423,CRS-102,Python for Data Engineering,Tech,2026-01-11,50,Failed,0
EMP-16423,CRS-102,Python for Data Engineering,Tech,2026-02-13,78,Completed,2500
EMP-13431,CRS-302,Modern Data Stack Architecture,Tech,2024-11-05,57,Failed,0
EMP-13431,CRS-302,Modern Data Stack Architecture,Tech,2024-12-10,99,Completed,4000
EMP-13431,CRS-301,Cloud Security & Compliance,Compliance,2023-09-16,94,Completed,3000
EMP-11241,CRS-103,Power BI DAX Masterclass,Tech,2026-02-12,95,Completed,2000
EMP-11241,CRS-302,Modern Data Stack Architecture,Tech,2023-09-21,71,Completed,4000
EMP-11241,CRS-302,Modern Data Stack Architecture,Tech,2023-11-15,91,Completed,4000
EMP-11241,CRS-201,Agile Project Management,Leadership,2026-02-11,69,Failed,0
EMP-11241,CRS-201,Agile Project Management,Leadership,2026-03-11,99,Completed,1200
EMP-13383,CRS-202,Cross-Cultural Business Communication,Soft Skills,2023-02-21,84,Completed,800
EMP-11671,CRS-301,Cloud Security & Compliance,Compliance,2023-07-19,96,Completed,3000
EMP-11671,CRS-102,Python for Data Engineering,Tech,2025-06-29,99,Completed,2500
EMP-13362,CRS-301,Cloud Security & Compliance,Compliance,2025-04-04,69,Failed,0
EMP-13362,CRS-301,Cloud Security & Compliance,Compliance,2025-05-09,92,Completed,3000
EMP-16826,CRS-103,Power BI DAX Masterclass,Tech,2025-10-06,88,Completed,2000
EMP-13864,CRS-101,Advanced SQL & Performance Tuning,Tech,2024-07-23,88,Completed,1500
EMP-13864,CRS-202,Cross-Cultural Business Communication,Soft Skills,2023-01-02,89,Completed,800
EMP-16244,CRS-101,Advanced SQL & Performance Tuning,Tech,2024-09-02,98,Completed,1500
EMP-16244,CRS-301,Cloud Security & Compliance,Compliance,2026-05-29,67,Failed,0
EMP-11132,CRS-201,Agile Project Management,Leadership,2025-05-10,77,Completed,1200
EMP-11132,CRS-103,Power BI DAX Masterclass,Tech,2024-07-13,84,Completed,2000
EMP-14250,CRS-103,Power BI DAX Masterclass,Tech,2023-10-22,64,Failed,0
EMP-14250,CRS-103,Power BI DAX Masterclass,Tech,2023-11-19,88,Completed,2000
EMP-11699,CRS-101,Advanced SQL & Performance Tuning,Tech,2026-04-18,67,Failed,0
EMP-11699,CRS-101,Advanced SQL & Performance Tuning,Tech,2026-05-16,95,Completed,1500
EMP-11699,CRS-103,Power BI DAX Masterclass,Tech,2023-02-11,78,Completed,2000
EMP-16515,CRS-202,Cross-Cultural Business Communication,Soft Skills,2023-11-26,97,Completed,800
EMP-16515,CRS-302,Modern Data Stack Architecture,Tech,2024-07-05,84,Completed,4000
EMP-13919,CRS-102,Python for Data Engineering,Tech,2024-10-23,87,Completed,2500
EMP-14305,CRS-301,Cloud Security & Compliance,Compliance,2023-10-16,75,Completed,3000
EMP-15060,CRS-302,Modern Data Stack Architecture,Tech,2024-07-14,84,Completed,4000
EMP-15060,CRS-101,Advanced SQL & Performance Tuning,Tech,2024-09-22,93,Completed,1500
EMP-12571,CRS-302,Modern Data Stack Architecture,Tech,2025-03-26,73,Completed,4000
EMP-12571,CRS-302,Modern Data Stack Architecture,Tech,2025-04-30,85,Completed,4000
EMP-11419,CRS-302,Modern Data Stack Architecture,Tech,2026-04-12,82,Completed,4000
EMP-13766,CRS-302,Modern Data Stack Architecture,Tech,2025-02-14,75,Completed,4000
EMP-14368,CRS-101,Advanced SQL & Performance Tuning,Tech,2024-05-04,77,Completed,1500
EMP-12805,CRS-103,Power BI DAX Masterclass,Tech,2026-05-13,81,Completed,2000
EMP-12805,CRS-301,Cloud Security & Compliance,Compliance,2024-03-31,80,Completed,3000
EMP-14476,CRS-102,Python for Data Engineering,Tech,2024-04-08,51,Failed,0
EMP-14476,CRS-102,Python for Data Engineering,Tech,2024-04-30,94,Completed,2500
EMP-14476,CRS-202,Cross-Cultural Business Communication,Soft Skills,2025-06-10,75,Completed,800
EMP-14476,CRS-201,Agile Project Management,Leadership,2026-05-13,84,Completed,1200
EMP-16699,CRS-102,Python for Data Engineering,Tech,2026-05-14,54,Failed,0
EMP-12166,CRS-201,Agile Project Management,Leadership,2026-01-14,55,Failed,0
EMP-12166,CRS-201,Agile Project Management,Leadership,2026-03-12,82,Completed,1200
EMP-15330,CRS-201,Agile Project Management,Leadership,2026-05-22,85,Completed,1200
EMP-15330,CRS-302,Modern Data Stack Architecture,Tech,2023-01-11,77,Completed,4000
EMP-16928,CRS-302,Modern Data Stack Architecture,Tech,2023-09-06,88,Completed,4000
EMP-16928,CRS-101,Advanced SQL & Performance Tuning,Tech,2023-04-03,87,Completed,1500
EMP-16928,CRS-102,Python for Data Engineering,Tech,2025-01-03,75,Completed,2500
EMP-12020,CRS-301,Cloud Security & Compliance,Compliance,2026-04-13,73,Completed,3000
EMP-12286,CRS-103,Power BI DAX Masterclass,Tech,2024-04-07,89,Completed,2000
EMP-15756,CRS-101,Advanced SQL & Performance Tuning,Tech,2023-02-14,92,Completed,1500
EMP-15756,CRS-302,Modern Data Stack Architecture,Tech,2024-11-30,73,Completed,4000
EMP-15756,CRS-302,Modern Data Stack Architecture,Tech,2024-12-25,85,Completed,4000
EMP-11843,CRS-301,Cloud Security & Compliance,Compliance,2024-07-29,72,Completed,3000
EMP-11843,CRS-301,Cloud Security & Compliance,Compliance,2024-09-04,86,Completed,3000
EMP-12439,CRS-103,Power BI DAX Masterclass,Tech,2024-04-09,79,Completed,2000
EMP-12439,CRS-101,Advanced SQL & Performance Tuning,Tech,2024-12-05,74,Completed,1500
EMP-12439,CRS-101,Advanced SQL & Performance Tuning,Tech,2024-12-24,87,Completed,1500
EMP-12439,CRS-201,Agile Project Management,Leadership,2025-08-17,99,Completed,1200
EMP-12439,CRS-102,Python for Data Engineering,Tech,2023-06-04,80,Completed,2500
EMP-12368,CRS-103,Power BI DAX Masterclass,Tech,2024-05-16,70,Completed,2000
EMP-12368,CRS-103,Power BI DAX Masterclass,Tech,2024-06-06,94,Completed,2000
EMP-14559,CRS-302,Modern Data Stack Architecture,Tech,2024-12-23,91,Completed,4000
EMP-14006,CRS-101,Advanced SQL & Performance Tuning,Tech,2025-10-18,83,Completed,1500
EMP-14006,CRS-301,Cloud Security & Compliance,Compliance,2024-11-27,81,Completed,3000
EMP-14006,CRS-201,Agile Project Management,Leadership,2025-08-22,63,Failed,0
EMP-14006,CRS-201,Agile Project Management,Leadership,2025-10-11,80,Completed,1200
EMP-14766,CRS-302,Modern Data Stack Architecture,Tech,2024-10-19,65,Failed,0
EMP-14766,CRS-302,Modern Data Stack Architecture,Tech,2024-12-14,77,Completed,4000
EMP-14766,CRS-301,Cloud Security & Compliance,Compliance,2023-05-03,74,Completed,3000
EMP-14766,CRS-301,Cloud Security & Compliance,Compliance,2023-06-29,78,Completed,3000
EMP-13931,CRS-301,Cloud Security & Compliance,Compliance,2026-01-25,70,Completed,3000
EMP-13931,CRS-301,Cloud Security & Compliance,Compliance,2026-03-10,95,Completed,3000
EMP-12858,CRS-103,Power BI DAX Masterclass,Tech,2024-05-18,74,Completed,2000
EMP-12858,CRS-103,Power BI DAX Masterclass,Tech,2024-07-02,78,Completed,2000
EMP-12241,CRS-202,Cross-Cultural Business Communication,Soft Skills,2023-05-27,82,Completed,800
EMP-12241,CRS-102,Python for Data Engineering,Tech,2025-11-24,90,Completed,2500
EMP-12358,CRS-201,Agile Project Management,Leadership,2023-06-21,79,Completed,1200
EMP-14971,CRS-102,Python for Data Engineering,Tech,2023-03-24,100,Completed,2500
EMP-14971,CRS-101,Advanced SQL & Performance Tuning,Tech,2025-07-17,94,Completed,1500
EMP-14450,CRS-202,Cross-Cultural Business Communication,Soft Skills,2023-11-01,92,Completed,800
EMP-14450,CRS-302,Modern Data Stack Architecture,Tech,2024-02-29,78,Completed,4000
EMP-13111,CRS-301,Cloud Security & Compliance,Compliance,2025-02-17,89,Completed,3000
EMP-13111,CRS-202,Cross-Cultural Business Communication,Soft Skills,2025-09-07,92,Completed,800
EMP-15555,CRS-202,Cross-Cultural Business Communication,Soft Skills,2024-02-18,83,Completed,800
EMP-15273,CRS-103,Power BI DAX Masterclass,Tech,2024-03-06,66,Failed,0
EMP-15273,CRS-103,Power BI DAX Masterclass,Tech,2024-03-26,99,Completed,2000
EMP-15191,CRS-302,Modern Data Stack Architecture,Tech,2023-03-04,95,Completed,4000
EMP-12380,CRS-201,Agile Project Management,Leadership,2024-01-12,84,Completed,1200
EMP-12380,CRS-103,Power BI DAX Masterclass,Tech,2024-03-27,72,Completed,2000
EMP-12380,CRS-103,Power BI DAX Masterclass,Tech,2024-05-11,80,Completed,2000
EMP-10345,CRS-103,Power BI DAX Masterclass,Tech,2025-09-28,91,Completed,2000
EMP-10345,CRS-302,Modern Data Stack Architecture,Tech,2025-03-01,85,Completed,4000
EMP-10345,CRS-102,Python for Data Engineering,Tech,2024-06-16,84,Completed,2500
EMP-10345,CRS-202,Cross-Cultural Business Communication,Soft Skills,2026-04-20,75,Completed,800
EMP-15347,CRS-202,Cross-Cultural Business Communication,Soft Skills,2023-09-04,79,Completed,800
EMP-15347,CRS-103,Power BI DAX Masterclass,Tech,2023-10-10,70,Completed,2000
EMP-15347,CRS-103,Power BI DAX Masterclass,Tech,2023-11-30,79,Completed,2000
EMP-15347,CRS-301,Cloud Security & Compliance,Compliance,2026-03-08,80,Completed,3000
EMP-10648,CRS-302,Modern Data Stack Architecture,Tech,2023-04-22,63,Failed,0
EMP-10648,CRS-302,Modern Data Stack Architecture,Tech,2023-06-03,88,Completed,4000
EMP-10648,CRS-101,Advanced SQL & Performance Tuning,Tech,2025-10-05,89,Completed,1500
EMP-10648,CRS-102,Python for Data Engineering,Tech,2024-10-16,89,Completed,2500
EMP-12838,CRS-103,Power BI DAX Masterclass,Tech,2024-07-05,54,Failed,0
EMP-12838,CRS-103,Power BI DAX Masterclass,Tech,2024-07-26,84,Completed,2000
EMP-12838,CRS-301,Cloud Security & Compliance,Compliance,2025-06-14,61,Failed,0
EMP-12838,CRS-301,Cloud Security & Compliance,Compliance,2025-07-07,100,Completed,3000
EMP-13624,CRS-201,Agile Project Management,Leadership,2025-08-03,97,Completed,1200
EMP-12101,CRS-301,Cloud Security & Compliance,Compliance,2024-08-10,85,Completed,3000
EMP-12101,CRS-302,Modern Data Stack Architecture,Tech,2025-08-07,54,Failed,0
EMP-12101,CRS-302,Modern Data Stack Architecture,Tech,2025-09-23,84,Completed,4000
EMP-12101,CRS-101,Advanced SQL & Performance Tuning,Tech,2023-04-17,70,Completed,1500
EMP-12101,CRS-101,Advanced SQL & Performance Tuning,Tech,2023-06-11,94,Completed,1500
EMP-13925,CRS-101,Advanced SQL & Performance Tuning,Tech,2025-07-16,91,Completed,1500
EMP-13925,CRS-103,Power BI DAX Masterclass,Tech,2023-10-22,76,Completed,2000
EMP-16252,CRS-102,Python for Data Engineering,Tech,2023-04-25,92,Completed,2500
EMP-16252,CRS-301,Cloud Security & Compliance,Compliance,2024-10-10,92,Completed,3000
EMP-11656,CRS-302,Modern Data Stack Architecture,Tech,2025-06-30,82,Completed,4000
EMP-15749,CRS-301,Cloud Security & Compliance,Compliance,2025-12-01,63,Failed,0
EMP-15749,CRS-301,Cloud Security & Compliance,Compliance,2025-12-19,79,Completed,3000
EMP-15749,CRS-102,Python for Data Engineering,Tech,2023-11-07,96,Completed,2500
EMP-12222,CRS-301,Cloud Security & Compliance,Compliance,2025-11-26,86,Completed,3000
EMP-16264,CRS-302,Modern Data Stack Architecture,Tech,2024-06-02,76,Completed,4000
EMP-16441,CRS-201,Agile Project Management,Leadership,2026-03-26,70,Completed,1200
EMP-16441,CRS-201,Agile Project Management,Leadership,2026-05-11,80,Completed,1200
EMP-16441,CRS-302,Modern Data Stack Architecture,Tech,2026-01-11,82,Completed,4000
EMP-10895,CRS-101,Advanced SQL & Performance Tuning,Tech,2024-02-28,70,Completed,1500
EMP-10895,CRS-101,Advanced SQL & Performance Tuning,Tech,2024-04-22,96,Completed,1500
EMP-10895,CRS-301,Cloud Security & Compliance,Compliance,2024-06-02,99,Completed,3000
EMP-15794,CRS-202,Cross-Cultural Business Communication,Soft Skills,2023-09-30,87,Completed,800
EMP-11987,CRS-103,Power BI DAX Masterclass,Tech,2023-08-21,74,Completed,2000
EMP-11987,CRS-103,Power BI DAX Masterclass,Tech,2023-09-27,99,Completed,2000
EMP-11987,CRS-202,Cross-Cultural Business Communication,Soft Skills,2023-07-11,99,Completed,800
EMP-11987,CRS-101,Advanced SQL & Performance Tuning,Tech,2023-04-13,50,Failed,0
EMP-11987,CRS-101,Advanced SQL & Performance Tuning,Tech,2023-05-18,84,Completed,1500
EMP-10416,CRS-201,Agile Project Management,Leadership,2024-12-07,92,Completed,1200
EMP-16670,CRS-101,Advanced SQL & Performance Tuning,Tech,2023-04-10,100,Completed,1500
EMP-16670,CRS-202,Cross-Cultural Business Communication,Soft Skills,2025-11-09,90,Completed,800
EMP-15562,CRS-103,Power BI DAX Masterclass,Tech,2023-05-20,51,Failed,0
EMP-15562,CRS-103,Power BI DAX Masterclass,Tech,2023-06-18,77,Completed,2000
EMP-15562,CRS-302,Modern Data Stack Architecture,Tech,2024-12-14,82,Completed,4000
EMP-16919,CRS-301,Cloud Security & Compliance,Compliance,2024-03-13,76,Completed,3000
EMP-15290,CRS-103,Power BI DAX Masterclass,Tech,2024-03-20,79,Completed,2000
EMP-15290,CRS-202,Cross-Cultural Business Communication,Soft Skills,2024-12-22,71,Completed,800
EMP-15290,CRS-202,Cross-Cultural Business Communication,Soft Skills,2025-02-13,95,Completed,800
EMP-10821,CRS-201,Agile Project Management,Leadership,2025-11-23,82,Completed,1200
EMP-15816,CRS-302,Modern Data Stack Architecture,Tech,2025-07-12,67,Failed,0
EMP-15816,CRS-302,Modern Data Stack Architecture,Tech,2025-09-02,76,Completed,4000
EMP-12706,CRS-201,Agile Project Management,Leadership,2023-07-30,98,Completed,1200
EMP-13870,CRS-301,Cloud Security & Compliance,Compliance,2024-02-23,65,Failed,0
EMP-13870,CRS-301,Cloud Security & Compliance,Compliance,2024-03-13,78,Completed,3000
EMP-13870,CRS-302,Modern Data Stack Architecture,Tech,2025-01-19,99,Completed,4000
EMP-15680,CRS-202,Cross-Cultural Business Communication,Soft Skills,2026-03-10,85,Completed,800
EMP-15680,CRS-201,Agile Project Management,Leadership,2025-02-28,81,Completed,1200
EMP-15680,CRS-101,Advanced SQL & Performance Tuning,Tech,2025-12-03,91,Completed,1500
EMP-15680,CRS-302,Modern Data Stack Architecture,Tech,2025-04-27,85,Completed,4000
EMP-16345,CRS-302,Modern Data Stack Architecture,Tech,2024-11-12,76,Completed,4000
EMP-16345,CRS-101,Advanced SQL & Performance Tuning,Tech,2024-06-07,90,Completed,1500
EMP-10043,CRS-201,Agile Project Management,Leadership,2025-06-19,87,Completed,1200
EMP-10043,CRS-103,Power BI DAX Masterclass,Tech,2025-01-16,77,Completed,2000
EMP-11294,CRS-302,Modern Data Stack Architecture,Tech,2023-12-01,75,Completed,4000
EMP-11294,CRS-202,Cross-Cultural Business Communication,Soft Skills,2023-10-18,84,Completed,800
EMP-13334,CRS-103,Power BI DAX Masterclass,Tech,2023-03-30,91,Completed,2000
EMP-13334,CRS-202,Cross-Cultural Business Communication,Soft Skills,2024-07-02,83,Completed,800
EMP-15138,CRS-102,Python for Data Engineering,Tech,2024-02-19,74,Completed,2500
EMP-15138,CRS-102,Python for Data Engineering,Tech,2024-03-25,81,Completed,2500
EMP-15138,CRS-101,Advanced SQL & Performance Tuning,Tech,2023-11-19,75,Completed,1500
EMP-13912,CRS-202,Cross-Cultural Business Communication,Soft Skills,2026-02-21,78,Completed,800
EMP-16166,CRS-302,Modern Data Stack Architecture,Tech,2023-05-06,55,Failed,0
EMP-16166,CRS-302,Modern Data Stack Architecture,Tech,2023-06-22,86,Completed,4000
EMP-16166,CRS-301,Cloud Security & Compliance,Compliance,2024-09-06,73,Completed,3000
EMP-16166,CRS-301,Cloud Security & Compliance,Compliance,2024-09-20,100,Completed,3000
EMP-12354,CRS-302,Modern Data Stack Architecture,Tech,2023-01-16,99,Completed,4000
EMP-12354,CRS-102,Python for Data Engineering,Tech,2025-08-24,98,Completed,2500
EMP-14872,CRS-201,Agile Project Management,Leadership,2024-04-03,97,Completed,1200
EMP-12339,CRS-201,Agile Project Management,Leadership,2025-08-31,84,Completed,1200
EMP-10485,CRS-101,Advanced SQL & Performance Tuning,Tech,2023-10-15,74,Completed,1500
EMP-10485,CRS-101,Advanced SQL & Performance Tuning,Tech,2023-11-28,95,Completed,1500
EMP-10485,CRS-302,Modern Data Stack Architecture,Tech,2025-10-29,62,Failed,0
EMP-10485,CRS-302,Modern Data Stack Architecture,Tech,2025-12-20,76,Completed,4000
EMP-10485,CRS-202,Cross-Cultural Business Communication,Soft Skills,2023-01-18,64,Failed,0
EMP-10485,CRS-202,Cross-Cultural Business Communication,Soft Skills,2023-02-05,76,Completed,800
EMP-10485,CRS-103,Power BI DAX Masterclass,Tech,2023-10-17,74,Completed,2000
EMP-10485,CRS-103,Power BI DAX Masterclass,Tech,2023-12-13,84,Completed,2000
EMP-10733,CRS-301,Cloud Security & Compliance,Compliance,2023-04-17,93,Completed,3000
EMP-15650,CRS-301,Cloud Security & Compliance,Compliance,2025-08-19,94,Completed,3000
EMP-15650,CRS-302,Modern Data Stack Architecture,Tech,2025-05-24,91,Completed,4000
EMP-15650,CRS-201,Agile Project Management,Leadership,2025-08-30,82,Completed,1200
EMP-14384,CRS-103,Power BI DAX Masterclass,Tech,2025-04-04,83,Completed,2000
EMP-14384,CRS-201,Agile Project Management,Leadership,2026-05-28,93,Completed,1200
EMP-10306,CRS-102,Python for Data Engineering,Tech,2024-08-11,58,Failed,0
EMP-10306,CRS-102,Python for Data Engineering,Tech,2024-10-09,86,Completed,2500
EMP-10306,CRS-302,Modern Data Stack Architecture,Tech,2023-11-08,99,Completed,4000
EMP-15346,CRS-102,Python for Data Engineering,Tech,2025-02-16,76,Completed,2500
EMP-13424,CRS-301,Cloud Security & Compliance,Compliance,2023-09-18,52,Failed,0
EMP-13424,CRS-301,Cloud Security & Compliance,Compliance,2023-10-18,82,Completed,3000
EMP-13424,CRS-102,Python for Data Engineering,Tech,2023-01-28,70,Completed,2500
EMP-13424,CRS-102,Python for Data Engineering,Tech,2023-03-01,90,Completed,2500
EMP-16308,CRS-201,Agile Project Management,Leadership,2023-08-22,85,Completed,1200
EMP-16308,CRS-101,Advanced SQL & Performance Tuning,Tech,2026-04-16,72,Completed,1500
EMP-16308,CRS-101,Advanced SQL & Performance Tuning,Tech,2026-05-21,76,Completed,1500
EMP-10298,CRS-101,Advanced SQL & Performance Tuning,Tech,2023-05-22,92,Completed,1500
EMP-10298,CRS-302,Modern Data Stack Architecture,Tech,2023-11-07,63,Failed,0
EMP-10298,CRS-302,Modern Data Stack Architecture,Tech,2023-11-23,79,Completed,4000
EMP-15476,CRS-202,Cross-Cultural Business Communication,Soft Skills,2026-03-17,91,Completed,800
EMP-15834,CRS-103,Power BI DAX Masterclass,Tech,2026-05-09,97,Completed,2000
EMP-11527,CRS-102,Python for Data Engineering,Tech,2025-11-05,92,Completed,2500
EMP-11527,CRS-103,Power BI DAX Masterclass,Tech,2025-10-04,89,Completed,2000
EMP-11527,CRS-301,Cloud Security & Compliance,Compliance,2024-08-03,82,Completed,3000
EMP-15227,CRS-103,Power BI DAX Masterclass,Tech,2025-02-26,98,Completed,2000
EMP-10307,CRS-301,Cloud Security & Compliance,Compliance,2024-05-06,70,Completed,3000
EMP-10307,CRS-301,Cloud Security & Compliance,Compliance,2024-05-25,90,Completed,3000
EMP-10307,CRS-201,Agile Project Management,Leadership,2023-10-12,83,Completed,1200
EMP-10307,CRS-103,Power BI DAX Masterclass,Tech,2025-11-27,79,Completed,2000
EMP-10076,CRS-302,Modern Data Stack Architecture,Tech,2026-04-27,93,Completed,4000
EMP-16801,CRS-101,Advanced SQL & Performance Tuning,Tech,2023-03-22,92,Completed,1500
EMP-10880,CRS-102,Python for Data Engineering,Tech,2026-01-23,62,Failed,0
EMP-10880,CRS-102,Python for Data Engineering,Tech,2026-02-25,96,Completed,2500
EMP-10880,CRS-101,Advanced SQL & Performance Tuning,Tech,2025-02-11,50,Failed,0
EMP-10880,CRS-101,Advanced SQL & Performance Tuning,Tech,2025-02-26,92,Completed,1500
EMP-12745,CRS-103,Power BI DAX Masterclass,Tech,2023-10-21,65,Failed,0
EMP-12745,CRS-103,Power BI DAX Masterclass,Tech,2023-12-15,81,Completed,2000
EMP-12745,CRS-102,Python for Data Engineering,Tech,2023-04-27,77,Completed,2500
EMP-12332,CRS-301,Cloud Security & Compliance,Compliance,2024-03-20,89,Completed,3000
EMP-13723,CRS-102,Python for Data Engineering,Tech,2023-04-30,51,Failed,0
EMP-13723,CRS-102,Python for Data Engineering,Tech,2023-05-17,91,Completed,2500
EMP-13723,CRS-101,Advanced SQL & Performance Tuning,Tech,2026-05-03,68,Failed,0
EMP-13723,CRS-301,Cloud Security & Compliance,Compliance,2025-12-03,53,Failed,0
EMP-13723,CRS-301,Cloud Security & Compliance,Compliance,2026-01-05,92,Completed,3000
EMP-16560,CRS-102,Python for Data Engineering,Tech,2024-07-24,80,Completed,2500
EMP-16560,CRS-202,Cross-Cultural Business Communication,Soft Skills,2026-05-14,89,Completed,800
EMP-16560,CRS-302,Modern Data Stack Architecture,Tech,2024-04-16,99,Completed,4000
EMP-16560,CRS-103,Power BI DAX Masterclass,Tech,2024-03-27,83,Completed,2000
EMP-14296,CRS-201,Agile Project Management,Leadership,2025-03-17,87,Completed,1200
EMP-14047,CRS-302,Modern Data Stack Architecture,Tech,2023-06-18,74,Completed,4000
EMP-14047,CRS-302,Modern Data Stack Architecture,Tech,2023-07-29,91,Completed,4000
EMP-11100,CRS-302,Modern Data Stack Architecture,Tech,2026-03-17,94,Completed,4000
EMP-14632,CRS-103,Power BI DAX Masterclass,Tech,2023-01-08,99,Completed,2000
EMP-14632,CRS-201,Agile Project Management,Leadership,2023-05-31,71,Completed,1200
EMP-14632,CRS-201,Agile Project Management,Leadership,2023-07-27,92,Completed,1200
EMP-16831,CRS-301,Cloud Security & Compliance,Compliance,2023-01-18,83,Completed,3000
EMP-16831,CRS-302,Modern Data Stack Architecture,Tech,2024-02-20,84,Completed,4000
EMP-16831,CRS-102,Python for Data Engineering,Tech,2024-08-17,73,Completed,2500
EMP-16831,CRS-102,Python for Data Engineering,Tech,2024-09-07,98,Completed,2500
EMP-16220,CRS-301,Cloud Security & Compliance,Compliance,2025-05-14,77,Completed,3000
EMP-11580,CRS-302,Modern Data Stack Architecture,Tech,2024-12-30,94,Completed,4000
EMP-10923,CRS-201,Agile Project Management,Leadership,2025-05-24,92,Completed,1200
EMP-12709,CRS-201,Agile Project Management,Leadership,2023-09-14,87,Completed,1200
EMP-12709,CRS-302,Modern Data Stack Architecture,Tech,2024-03-19,99,Completed,4000
EMP-14692,CRS-301,Cloud Security & Compliance,Compliance,2025-01-02,72,Completed,3000
EMP-14692,CRS-301,Cloud Security & Compliance,Compliance,2025-02-10,99,Completed,3000
EMP-14692,CRS-302,Modern Data Stack Architecture,Tech,2023-11-27,99,Completed,4000
EMP-13760,CRS-102,Python for Data Engineering,Tech,2025-06-04,84,Completed,2500
EMP-13760,CRS-201,Agile Project Management,Leadership,2025-11-20,88,Completed,1200
EMP-12108,CRS-301,Cloud Security & Compliance,Compliance,2025-03-24,100,Completed,3000
EMP-11526,CRS-102,Python for Data Engineering,Tech,2026-05-18,100,Completed,2500
EMP-11526,CRS-302,Modern Data Stack Architecture,Tech,2025-08-07,88,Completed,4000
EMP-11526,CRS-202,Cross-Cultural Business Communication,Soft Skills,2024-10-13,68,Failed,0
EMP-11526,CRS-202,Cross-Cultural Business Communication,Soft Skills,2024-11-16,85,Completed,800
EMP-16774,CRS-201,Agile Project Management,Leadership,2023-11-08,80,Completed,1200
EMP-16774,CRS-302,Modern Data Stack Architecture,Tech,2025-10-12,62,Failed,0
EMP-16774,CRS-302,Modern Data Stack Architecture,Tech,2025-11-07,92,Completed,4000
EMP-12762,CRS-301,Cloud Security & Compliance,Compliance,2025-12-25,50,Failed,0
EMP-12762,CRS-301,Cloud Security & Compliance,Compliance,2026-01-12,97,Completed,3000
EMP-12417,CRS-103,Power BI DAX Masterclass,Tech,2023-08-12,80,Completed,2000
EMP-12417,CRS-101,Advanced SQL & Performance Tuning,Tech,2026-04-08,56,Failed,0
EMP-12417,CRS-101,Advanced SQL & Performance Tuning,Tech,2026-04-30,93,Completed,1500
EMP-12417,CRS-201,Agile Project Management,Leadership,2024-12-22,81,Completed,1200
EMP-16449,CRS-201,Agile Project Management,Leadership,2023-08-22,86,Completed,1200
EMP-16449,CRS-101,Advanced SQL & Performance Tuning,Tech,2023-04-25,61,Failed,0
EMP-16449,CRS-101,Advanced SQL & Performance Tuning,Tech,2023-06-23,94,Completed,1500
EMP-11438,CRS-103,Power BI DAX Masterclass,Tech,2026-05-02,86,Completed,2000
EMP-13322,CRS-201,Agile Project Management,Leadership,2025-08-06,90,Completed,1200
EMP-13322,CRS-103,Power BI DAX Masterclass,Tech,2023-02-04,88,Completed,2000
EMP-16511,CRS-301,Cloud Security & Compliance,Compliance,2023-11-04,60,Failed,0
EMP-16511,CRS-301,Cloud Security & Compliance,Compliance,2023-12-29,91,Completed,3000
EMP-15390,CRS-301,Cloud Security & Compliance,Compliance,2023-03-15,78,Completed,3000
EMP-14604,CRS-101,Advanced SQL & Performance Tuning,Tech,2026-05-15,74,Completed,1500
EMP-14604,CRS-201,Agile Project Management,Leadership,2024-04-10,83,Completed,1200
EMP-10711,CRS-301,Cloud Security & Compliance,Compliance,2025-02-26,55,Failed,0
EMP-10711,CRS-301,Cloud Security & Compliance,Compliance,2025-04-12,95,Completed,3000
EMP-10711,CRS-202,Cross-Cultural Business Communication,Soft Skills,2024-02-05,50,Failed,0
EMP-10711,CRS-202,Cross-Cultural Business Communication,Soft Skills,2024-03-06,100,Completed,800
EMP-10711,CRS-101,Advanced SQL & Performance Tuning,Tech,2023-12-20,90,Completed,1500
EMP-16903,CRS-301,Cloud Security & Compliance,Compliance,2026-03-21,81,Completed,3000
EMP-10782,CRS-301,Cloud Security & Compliance,Compliance,2023-02-20,85,Completed,3000
EMP-10782,CRS-302,Modern Data Stack Architecture,Tech,2023-07-08,79,Completed,4000
EMP-10782,CRS-103,Power BI DAX Masterclass,Tech,2026-05-08,98,Completed,2000
EMP-11514,CRS-201,Agile Project Management,Leadership,2023-04-12,87,Completed,1200
EMP-11514,CRS-103,Power BI DAX Masterclass,Tech,2024-03-02,90,Completed,2000
EMP-11152,CRS-102,Python for Data Engineering,Tech,2023-05-15,82,Completed,2500
EMP-11152,CRS-103,Power BI DAX Masterclass,Tech,2026-01-29,91,Completed,2000
EMP-11152,CRS-301,Cloud Security & Compliance,Compliance,2024-12-25,76,Completed,3000
EMP-15422,CRS-202,Cross-Cultural Business Communication,Soft Skills,2026-02-24,91,Completed,800
EMP-15422,CRS-102,Python for Data Engineering,Tech,2024-12-24,100,Completed,2500
EMP-15422,CRS-103,Power BI DAX Masterclass,Tech,2023-11-24,96,Completed,2000
EMP-12651,CRS-201,Agile Project Management,Leadership,2024-09-05,80,Completed,1200
EMP-16467,CRS-301,Cloud Security & Compliance,Compliance,2025-08-01,81,Completed,3000
EMP-10056,CRS-202,Cross-Cultural Business Communication,Soft Skills,2026-06-01,77,Completed,800
EMP-16594,CRS-201,Agile Project Management,Leadership,2024-03-23,79,Completed,1200
EMP-16594,CRS-202,Cross-Cultural Business Communication,Soft Skills,2025-05-31,92,Completed,800
EMP-16594,CRS-301,Cloud Security & Compliance,Compliance,2026-01-01,51,Failed,0
EMP-16594,CRS-301,Cloud Security & Compliance,Compliance,2026-03-02,100,Completed,3000
EMP-15769,CRS-302,Modern Data Stack Architecture,Tech,2023-05-03,61,Failed,0
EMP-15769,CRS-302,Modern Data Stack Architecture,Tech,2023-05-28,92,Completed,4000
EMP-11930,CRS-201,Agile Project Management,Leadership,2023-12-05,71,Completed,1200
EMP-11930,CRS-201,Agile Project Management,Leadership,2024-01-05,80,Completed,1200
EMP-13660,CRS-302,Modern Data Stack Architecture,Tech,2026-03-07,92,Completed,4000
EMP-13660,CRS-202,Cross-Cultural Business Communication,Soft Skills,2024-04-10,65,Failed,0
EMP-13660,CRS-202,Cross-Cultural Business Communication,Soft Skills,2024-05-31,85,Completed,800
EMP-13660,CRS-102,Python for Data Engineering,Tech,2024-07-06,91,Completed,2500
EMP-15805,CRS-102,Python for Data Engineering,Tech,2023-02-28,52,Failed,0
EMP-15805,CRS-102,Python for Data Engineering,Tech,2023-04-18,86,Completed,2500
EMP-15805,CRS-202,Cross-Cultural Business Communication,Soft Skills,2023-08-14,71,Completed,800
EMP-15805,CRS-202,Cross-Cultural Business Communication,Soft Skills,2023-10-11,97,Completed,800
EMP-15110,CRS-103,Power BI DAX Masterclass,Tech,2023-02-17,100,Completed,2000
EMP-15110,CRS-302,Modern Data Stack Architecture,Tech,2024-09-30,80,Completed,4000
EMP-12474,CRS-201,Agile Project Management,Leadership,2026-05-06,94,Completed,1200
EMP-10094,CRS-102,Python for Data Engineering,Tech,2025-10-03,97,Completed,2500
EMP-10094,CRS-302,Modern Data Stack Architecture,Tech,2024-11-08,72,Completed,4000
EMP-10094,CRS-302,Modern Data Stack Architecture,Tech,2025-01-07,78,Completed,4000
EMP-12143,CRS-102,Python for Data Engineering,Tech,2024-12-23,70,Completed,2500
EMP-12143,CRS-102,Python for Data Engineering,Tech,2025-01-16,87,Completed,2500
EMP-12946,CRS-201,Agile Project Management,Leadership,2024-06-25,87,Completed,1200
EMP-15193,CRS-102,Python for Data Engineering,Tech,2024-12-05,53,Failed,0
EMP-15193,CRS-102,Python for Data Engineering,Tech,2025-01-11,90,Completed,2500
EMP-15193,CRS-301,Cloud Security & Compliance,Compliance,2024-04-02,76,Completed,3000
EMP-10509,CRS-103,Power BI DAX Masterclass,Tech,2024-12-01,78,Completed,2000
EMP-10509,CRS-302,Modern Data Stack Architecture,Tech,2025-06-02,95,Completed,4000
EMP-10969,CRS-101,Advanced SQL & Performance Tuning,Tech,2024-10-25,72,Completed,1500
EMP-10969,CRS-101,Advanced SQL & Performance Tuning,Tech,2024-11-27,86,Completed,1500
EMP-10969,CRS-202,Cross-Cultural Business Communication,Soft Skills,2025-01-02,94,Completed,800
EMP-10969,CRS-102,Python for Data Engineering,Tech,2025-07-18,99,Completed,2500
EMP-13813,CRS-102,Python for Data Engineering,Tech,2026-01-18,83,Completed,2500
EMP-12514,CRS-103,Power BI DAX Masterclass,Tech,2025-02-28,53,Failed,0
EMP-12514,CRS-103,Power BI DAX Masterclass,Tech,2025-03-19,96,Completed,2000
EMP-14676,CRS-201,Agile Project Management,Leadership,2025-02-06,93,Completed,1200
EMP-14902,CRS-102,Python for Data Engineering,Tech,2023-07-27,94,Completed,2500
EMP-14902,CRS-201,Agile Project Management,Leadership,2025-11-18,58,Failed,0
EMP-14902,CRS-201,Agile Project Management,Leadership,2026-01-12,89,Completed,1200
EMP-14902,CRS-103,Power BI DAX Masterclass,Tech,2025-03-14,70,Completed,2000
EMP-14902,CRS-103,Power BI DAX Masterclass,Tech,2025-03-31,88,Completed,2000
EMP-14117,CRS-101,Advanced SQL & Performance Tuning,Tech,2025-06-02,70,Completed,1500
EMP-14117,CRS-101,Advanced SQL & Performance Tuning,Tech,2025-07-01,94,Completed,1500
EMP-14117,CRS-202,Cross-Cultural Business Communication,Soft Skills,2026-05-09,60,Failed,0
EMP-12548,CRS-103,Power BI DAX Masterclass,Tech,2024-11-06,96,Completed,2000
EMP-12548,CRS-302,Modern Data Stack Architecture,Tech,2023-10-20,99,Completed,4000
EMP-12548,CRS-101,Advanced SQL & Performance Tuning,Tech,2025-05-07,77,Completed,1500
EMP-10962,CRS-102,Python for Data Engineering,Tech,2024-03-16,95,Completed,2500
EMP-15744,CRS-202,Cross-Cultural Business Communication,Soft Skills,2023-03-20,86,Completed,800
EMP-15744,CRS-302,Modern Data Stack Architecture,Tech,2023-07-05,90,Completed,4000
EMP-13011,CRS-202,Cross-Cultural Business Communication,Soft Skills,2024-05-11,79,Completed,800
EMP-11810,CRS-102,Python for Data Engineering,Tech,2024-05-01,77,Completed,2500
EMP-11810,CRS-202,Cross-Cultural Business Communication,Soft Skills,2025-08-23,94,Completed,800
EMP-11810,CRS-302,Modern Data Stack Architecture,Tech,2025-02-14,75,Completed,4000
EMP-11796,CRS-301,Cloud Security & Compliance,Compliance,2024-11-09,59,Failed,0
EMP-11796,CRS-301,Cloud Security & Compliance,Compliance,2024-12-11,95,Completed,3000
EMP-11095,CRS-101,Advanced SQL & Performance Tuning,Tech,2025-12-03,90,Completed,1500
EMP-13918,CRS-202,Cross-Cultural Business Communication,Soft Skills,2025-02-01,99,Completed,800
EMP-11255,CRS-301,Cloud Security & Compliance,Compliance,2026-04-13,65,Failed,0
EMP-11255,CRS-302,Modern Data Stack Architecture,Tech,2023-08-08,70,Completed,4000
EMP-11255,CRS-302,Modern Data Stack Architecture,Tech,2023-10-04,93,Completed,4000
EMP-11255,CRS-102,Python for Data Engineering,Tech,2023-08-23,64,Failed,0
EMP-11255,CRS-102,Python for Data Engineering,Tech,2023-09-27,100,Completed,2500
EMP-16646,CRS-201,Agile Project Management,Leadership,2024-03-13,55,Failed,0
EMP-16646,CRS-201,Agile Project Management,Leadership,2024-04-23,79,Completed,1200
EMP-13061,CRS-101,Advanced SQL & Performance Tuning,Tech,2023-04-20,85,Completed,1500
EMP-13061,CRS-301,Cloud Security & Compliance,Compliance,2023-11-15,73,Completed,3000
EMP-13061,CRS-301,Cloud Security & Compliance,Compliance,2023-12-14,87,Completed,3000
EMP-16245,CRS-101,Advanced SQL & Performance Tuning,Tech,2025-06-25,91,Completed,1500
EMP-16245,CRS-103,Power BI DAX Masterclass,Tech,2025-09-18,53,Failed,0
EMP-16245,CRS-103,Power BI DAX Masterclass,Tech,2025-10-10,93,Completed,2000
EMP-13858,CRS-201,Agile Project Management,Leadership,2023-01-03,90,Completed,1200
EMP-13858,CRS-302,Modern Data Stack Architecture,Tech,2026-05-03,96,Completed,4000
EMP-15515,CRS-102,Python for Data Engineering,Tech,2023-04-26,78,Completed,2500
EMP-11790,CRS-102,Python for Data Engineering,Tech,2023-01-13,94,Completed,2500
EMP-12028,CRS-202,Cross-Cultural Business Communication,Soft Skills,2026-02-21,87,Completed,800
EMP-12028,CRS-102,Python for Data Engineering,Tech,2024-03-12,90,Completed,2500
EMP-16180,CRS-202,Cross-Cultural Business Communication,Soft Skills,2024-10-09,82,Completed,800
EMP-14556,CRS-102,Python for Data Engineering,Tech,2023-04-08,70,Completed,2500
EMP-14556,CRS-102,Python for Data Engineering,Tech,2023-06-07,100,Completed,2500
EMP-15693,CRS-201,Agile Project Management,Leadership,2025-07-29,79,Completed,1200
EMP-14327,CRS-301,Cloud Security & Compliance,Compliance,2024-05-06,87,Completed,3000
EMP-14327,CRS-102,Python for Data Engineering,Tech,2023-04-02,98,Completed,2500
EMP-15812,CRS-102,Python for Data Engineering,Tech,2023-12-20,71,Completed,2500
EMP-15812,CRS-102,Python for Data Engineering,Tech,2024-01-23,78,Completed,2500
EMP-15812,CRS-201,Agile Project Management,Leadership,2024-05-14,78,Completed,1200
EMP-10640,CRS-103,Power BI DAX Masterclass,Tech,2023-11-24,54,Failed,0
EMP-10640,CRS-103,Power BI DAX Masterclass,Tech,2024-01-11,96,Completed,2000
EMP-10920,CRS-103,Power BI DAX Masterclass,Tech,2023-12-22,94,Completed,2000
EMP-10920,CRS-102,Python for Data Engineering,Tech,2024-02-08,98,Completed,2500
EMP-10506,CRS-101,Advanced SQL & Performance Tuning,Tech,2025-04-21,83,Completed,1500
EMP-14662,CRS-202,Cross-Cultural Business Communication,Soft Skills,2023-06-26,77,Completed,800
EMP-11657,CRS-201,Agile Project Management,Leadership,2025-11-11,92,Completed,1200
EMP-11657,CRS-301,Cloud Security & Compliance,Compliance,2025-09-22,85,Completed,3000
EMP-11228,CRS-103,Power BI DAX Masterclass,Tech,2023-09-23,78,Completed,2000
EMP-15571,CRS-101,Advanced SQL & Performance Tuning,Tech,2025-08-28,50,Failed,0
EMP-15571,CRS-101,Advanced SQL & Performance Tuning,Tech,2025-09-26,83,Completed,1500
EMP-15253,CRS-302,Modern Data Stack Architecture,Tech,2025-12-27,69,Failed,0
EMP-15253,CRS-302,Modern Data Stack Architecture,Tech,2026-01-23,89,Completed,4000
EMP-15253,CRS-101,Advanced SQL & Performance Tuning,Tech,2023-01-14,66,Failed,0
EMP-15253,CRS-101,Advanced SQL & Performance Tuning,Tech,2023-02-04,99,Completed,1500
EMP-14263,CRS-101,Advanced SQL & Performance Tuning,Tech,2024-06-26,81,Completed,1500
EMP-14263,CRS-202,Cross-Cultural Business Communication,Soft Skills,2025-01-14,89,Completed,800
EMP-16359,CRS-103,Power BI DAX Masterclass,Tech,2025-03-08,89,Completed,2000
EMP-16359,CRS-302,Modern Data Stack Architecture,Tech,2025-05-26,72,Completed,4000
EMP-16359,CRS-302,Modern Data Stack Architecture,Tech,2025-07-07,98,Completed,4000
EMP-10953,CRS-101,Advanced SQL & Performance Tuning,Tech,2025-10-23,83,Completed,1500
EMP-10953,CRS-301,Cloud Security & Compliance,Compliance,2025-05-21,88,Completed,3000
EMP-11683,CRS-301,Cloud Security & Compliance,Compliance,2025-04-02,99,Completed,3000
EMP-14005,CRS-101,Advanced SQL & Performance Tuning,Tech,2025-01-14,76,Completed,1500
EMP-14005,CRS-103,Power BI DAX Masterclass,Tech,2024-02-05,97,Completed,2000
EMP-16846,CRS-103,Power BI DAX Masterclass,Tech,2023-04-06,55,Failed,0
EMP-16846,CRS-103,Power BI DAX Masterclass,Tech,2023-06-02,95,Completed,2000
EMP-14181,CRS-302,Modern Data Stack Architecture,Tech,2023-05-21,79,Completed,4000
EMP-14181,CRS-103,Power BI DAX Masterclass,Tech,2025-02-19,85,Completed,2000
EMP-14181,CRS-201,Agile Project Management,Leadership,2024-03-23,79,Completed,1200
EMP-13650,CRS-302,Modern Data Stack Architecture,Tech,2025-07-25,63,Failed,0
EMP-13650,CRS-302,Modern Data Stack Architecture,Tech,2025-08-27,80,Completed,4000
EMP-10456,CRS-101,Advanced SQL & Performance Tuning,Tech,2024-01-16,86,Completed,1500
EMP-10456,CRS-103,Power BI DAX Masterclass,Tech,2026-05-15,87,Completed,2000
EMP-16915,CRS-201,Agile Project Management,Leadership,2024-06-20,70,Completed,1200
EMP-16915,CRS-201,Agile Project Management,Leadership,2024-07-28,85,Completed,1200
EMP-11081,CRS-202,Cross-Cultural Business Communication,Soft Skills,2025-03-04,86,Completed,800
EMP-15479,CRS-102,Python for Data Engineering,Tech,2026-02-18,57,Failed,0
EMP-15479,CRS-102,Python for Data Engineering,Tech,2026-04-07,82,Completed,2500
EMP-15479,CRS-201,Agile Project Management,Leadership,2025-09-23,99,Completed,1200
EMP-15479,CRS-202,Cross-Cultural Business Communication,Soft Skills,2025-04-02,92,Completed,800
EMP-15580,CRS-202,Cross-Cultural Business Communication,Soft Skills,2023-10-24,73,Completed,800
EMP-15580,CRS-202,Cross-Cultural Business Communication,Soft Skills,2023-11-17,90,Completed,800
EMP-15580,CRS-102,Python for Data Engineering,Tech,2023-04-29,80,Completed,2500
EMP-15629,CRS-101,Advanced SQL & Performance Tuning,Tech,2024-06-25,82,Completed,1500
EMP-10473,CRS-202,Cross-Cultural Business Communication,Soft Skills,2023-06-17,84,Completed,800
EMP-10473,CRS-101,Advanced SQL & Performance Tuning,Tech,2025-11-17,78,Completed,1500
EMP-13788,CRS-101,Advanced SQL & Performance Tuning,Tech,2026-01-03,84,Completed,1500
EMP-13788,CRS-302,Modern Data Stack Architecture,Tech,2025-03-31,97,Completed,4000
EMP-12525,CRS-201,Agile Project Management,Leadership,2025-12-12,93,Completed,1200
EMP-10179,CRS-301,Cloud Security & Compliance,Compliance,2026-03-26,98,Completed,3000
EMP-10179,CRS-103,Power BI DAX Masterclass,Tech,2025-07-08,69,Failed,0
EMP-10179,CRS-103,Power BI DAX Masterclass,Tech,2025-08-01,79,Completed,2000
EMP-13244,CRS-101,Advanced SQL & Performance Tuning,Tech,2023-08-15,87,Completed,1500
EMP-12085,CRS-201,Agile Project Management,Leadership,2025-11-24,87,Completed,1200
EMP-12085,CRS-103,Power BI DAX Masterclass,Tech,2023-07-28,50,Failed,0
EMP-12085,CRS-103,Power BI DAX Masterclass,Tech,2023-08-24,95,Completed,2000
EMP-10025,CRS-302,Modern Data Stack Architecture,Tech,2025-04-12,73,Completed,4000
EMP-10025,CRS-302,Modern Data Stack Architecture,Tech,2025-05-08,78,Completed,4000
EMP-10025,CRS-301,Cloud Security & Compliance,Compliance,2023-12-11,84,Completed,3000
EMP-10025,CRS-103,Power BI DAX Masterclass,Tech,2025-01-20,84,Completed,2000
EMP-16156,CRS-302,Modern Data Stack Architecture,Tech,2023-07-31,89,Completed,4000
EMP-16156,CRS-201,Agile Project Management,Leadership,2025-04-20,85,Completed,1200
EMP-10599,CRS-101,Advanced SQL & Performance Tuning,Tech,2024-03-08,97,Completed,1500
EMP-10599,CRS-202,Cross-Cultural Business Communication,Soft Skills,2026-04-23,98,Completed,800
EMP-14614,CRS-102,Python for Data Engineering,Tech,2023-04-07,94,Completed,2500
EMP-13471,CRS-201,Agile Project Management,Leadership,2025-10-08,76,Completed,1200
EMP-13471,CRS-101,Advanced SQL & Performance Tuning,Tech,2023-12-18,82,Completed,1500
EMP-13471,CRS-302,Modern Data Stack Architecture,Tech,2024-02-03,63,Failed,0
EMP-13471,CRS-302,Modern Data Stack Architecture,Tech,2024-03-03,77,Completed,4000
EMP-14761,CRS-302,Modern Data Stack Architecture,Tech,2025-12-15,78,Completed,4000
EMP-10523,CRS-101,Advanced SQL & Performance Tuning,Tech,2026-05-18,77,Completed,1500
EMP-10523,CRS-103,Power BI DAX Masterclass,Tech,2023-12-01,81,Completed,2000
EMP-15939,CRS-302,Modern Data Stack Architecture,Tech,2024-11-12,77,Completed,4000
EMP-10566,CRS-302,Modern Data Stack Architecture,Tech,2024-04-25,99,Completed,4000
EMP-13868,CRS-101,Advanced SQL & Performance Tuning,Tech,2025-09-13,93,Completed,1500
EMP-13868,CRS-102,Python for Data Engineering,Tech,2023-11-12,99,Completed,2500
EMP-10260,CRS-103,Power BI DAX Masterclass,Tech,2023-05-23,92,Completed,2000
EMP-10260,CRS-101,Advanced SQL & Performance Tuning,Tech,2024-10-22,98,Completed,1500
EMP-10260,CRS-201,Agile Project Management,Leadership,2024-06-04,97,Completed,1200
EMP-10260,CRS-302,Modern Data Stack Architecture,Tech,2024-01-03,96,Completed,4000
EMP-15154,CRS-102,Python for Data Engineering,Tech,2025-04-11,73,Completed,2500
EMP-15154,CRS-102,Python for Data Engineering,Tech,2025-05-20,82,Completed,2500
EMP-13350,CRS-103,Power BI DAX Masterclass,Tech,2024-06-12,96,Completed,2000
EMP-13350,CRS-302,Modern Data Stack Architecture,Tech,2026-02-10,80,Completed,4000
EMP-11475,CRS-102,Python for Data Engineering,Tech,2023-04-18,69,Failed,0
EMP-11475,CRS-102,Python for Data Engineering,Tech,2023-06-01,94,Completed,2500
EMP-11110,CRS-301,Cloud Security & Compliance,Compliance,2024-11-22,71,Completed,3000
EMP-11110,CRS-301,Cloud Security & Compliance,Compliance,2025-01-02,97,Completed,3000
EMP-13444,CRS-103,Power BI DAX Masterclass,Tech,2026-01-07,74,Completed,2000
EMP-13444,CRS-103,Power BI DAX Masterclass,Tech,2026-03-08,76,Completed,2000
EMP-13444,CRS-202,Cross-Cultural Business Communication,Soft Skills,2026-02-25,89,Completed,800
EMP-13068,CRS-201,Agile Project Management,Leadership,2024-01-21,90,Completed,1200
EMP-13068,CRS-302,Modern Data Stack Architecture,Tech,2023-07-10,82,Completed,4000
EMP-15657,CRS-102,Python for Data Engineering,Tech,2024-03-17,85,Completed,2500
EMP-14985,CRS-101,Advanced SQL & Performance Tuning,Tech,2025-09-06,73,Completed,1500
EMP-14985,CRS-101,Advanced SQL & Performance Tuning,Tech,2025-10-04,97,Completed,1500
EMP-13093,CRS-101,Advanced SQL & Performance Tuning,Tech,2024-01-05,74,Completed,1500
EMP-13093,CRS-101,Advanced SQL & Performance Tuning,Tech,2024-02-29,80,Completed,1500
EMP-13078,CRS-103,Power BI DAX Masterclass,Tech,2025-12-11,95,Completed,2000
EMP-13078,CRS-101,Advanced SQL & Performance Tuning,Tech,2025-04-23,75,Completed,1500
EMP-16307,CRS-103,Power BI DAX Masterclass,Tech,2023-01-30,98,Completed,2000
EMP-11090,CRS-103,Power BI DAX Masterclass,Tech,2024-07-03,79,Completed,2000
EMP-11090,CRS-302,Modern Data Stack Architecture,Tech,2026-02-06,74,Completed,4000
EMP-11090,CRS-302,Modern Data Stack Architecture,Tech,2026-04-03,75,Completed,4000
EMP-12849,CRS-103,Power BI DAX Masterclass,Tech,2024-05-16,70,Completed,2000
EMP-12849,CRS-103,Power BI DAX Masterclass,Tech,2024-06-18,89,Completed,2000
EMP-10972,CRS-301,Cloud Security & Compliance,Compliance,2023-07-06,91,Completed,3000
EMP-16647,CRS-101,Advanced SQL & Performance Tuning,Tech,2024-11-19,63,Failed,0
EMP-16647,CRS-101,Advanced SQL & Performance Tuning,Tech,2025-01-08,84,Completed,1500
EMP-15355,CRS-201,Agile Project Management,Leadership,2024-12-20,89,Completed,1200
EMP-14333,CRS-102,Python for Data Engineering,Tech,2023-03-21,79,Completed,2500
EMP-14333,CRS-201,Agile Project Management,Leadership,2023-10-02,96,Completed,1200
EMP-11044,CRS-301,Cloud Security & Compliance,Compliance,2023-04-25,99,Completed,3000
EMP-11825,CRS-101,Advanced SQL & Performance Tuning,Tech,2023-05-25,90,Completed,1500
EMP-10029,CRS-202,Cross-Cultural Business Communication,Soft Skills,2024-07-01,93,Completed,800
EMP-10187,CRS-101,Advanced SQL & Performance Tuning,Tech,2025-09-10,92,Completed,1500
EMP-10187,CRS-301,Cloud Security & Compliance,Compliance,2026-04-09,89,Completed,3000
EMP-10187,CRS-102,Python for Data Engineering,Tech,2023-12-10,81,Completed,2500
EMP-10187,CRS-202,Cross-Cultural Business Communication,Soft Skills,2026-01-05,72,Completed,800
EMP-10187,CRS-202,Cross-Cultural Business Communication,Soft Skills,2026-01-24,77,Completed,800
EMP-14921,CRS-202,Cross-Cultural Business Communication,Soft Skills,2026-05-31,96,Completed,800
EMP-14921,CRS-102,Python for Data Engineering,Tech,2024-04-17,74,Completed,2500
EMP-14921,CRS-102,Python for Data Engineering,Tech,2024-06-10,79,Completed,2500
EMP-13793,CRS-201,Agile Project Management,Leadership,2025-05-19,86,Completed,1200
EMP-13475,CRS-102,Python for Data Engineering,Tech,2024-02-17,91,Completed,2500
EMP-13108,CRS-102,Python for Data Engineering,Tech,2024-03-03,65,Failed,0
EMP-13108,CRS-102,Python for Data Engineering,Tech,2024-04-19,87,Completed,2500
EMP-13108,CRS-103,Power BI DAX Masterclass,Tech,2025-06-12,78,Completed,2000
EMP-11882,CRS-302,Modern Data Stack Architecture,Tech,2024-08-12,79,Completed,4000
EMP-11882,CRS-103,Power BI DAX Masterclass,Tech,2026-02-25,82,Completed,2000
EMP-14403,CRS-202,Cross-Cultural Business Communication,Soft Skills,2023-02-12,78,Completed,800
EMP-14403,CRS-103,Power BI DAX Masterclass,Tech,2023-02-14,97,Completed,2000
EMP-14403,CRS-301,Cloud Security & Compliance,Compliance,2026-02-19,95,Completed,3000
EMP-13774,CRS-103,Power BI DAX Masterclass,Tech,2025-09-09,77,Completed,2000
EMP-12836,CRS-202,Cross-Cultural Business Communication,Soft Skills,2024-10-31,80,Completed,800
EMP-12836,CRS-201,Agile Project Management,Leadership,2025-08-21,62,Failed,0
EMP-12836,CRS-201,Agile Project Management,Leadership,2025-10-03,78,Completed,1200
EMP-12836,CRS-103,Power BI DAX Masterclass,Tech,2026-01-30,66,Failed,0
EMP-12836,CRS-103,Power BI DAX Masterclass,Tech,2026-03-22,100,Completed,2000
EMP-11271,CRS-103,Power BI DAX Masterclass,Tech,2026-02-01,100,Completed,2000
EMP-11271,CRS-102,Python for Data Engineering,Tech,2024-07-16,93,Completed,2500
EMP-12259,CRS-301,Cloud Security & Compliance,Compliance,2025-11-23,83,Completed,3000
EMP-12259,CRS-201,Agile Project Management,Leadership,2026-01-08,88,Completed,1200
EMP-11545,CRS-301,Cloud Security & Compliance,Compliance,2023-08-07,92,Completed,3000
EMP-10925,CRS-302,Modern Data Stack Architecture,Tech,2026-04-11,72,Completed,4000
EMP-10925,CRS-201,Agile Project Management,Leadership,2025-06-20,52,Failed,0
EMP-10925,CRS-201,Agile Project Management,Leadership,2025-07-17,100,Completed,1200
EMP-10264,CRS-302,Modern Data Stack Architecture,Tech,2025-07-06,80,Completed,4000
EMP-10264,CRS-301,Cloud Security & Compliance,Compliance,2025-01-04,83,Completed,3000
EMP-16600,CRS-103,Power BI DAX Masterclass,Tech,2023-06-06,93,Completed,2000
EMP-10129,CRS-301,Cloud Security & Compliance,Compliance,2025-10-03,78,Completed,3000
EMP-10129,CRS-101,Advanced SQL & Performance Tuning,Tech,2024-01-06,79,Completed,1500
EMP-10129,CRS-201,Agile Project Management,Leadership,2025-01-23,98,Completed,1200
EMP-11972,CRS-202,Cross-Cultural Business Communication,Soft Skills,2024-11-02,98,Completed,800
EMP-11689,CRS-103,Power BI DAX Masterclass,Tech,2025-04-17,97,Completed,2000
EMP-11689,CRS-101,Advanced SQL & Performance Tuning,Tech,2024-04-14,80,Completed,1500
EMP-11689,CRS-302,Modern Data Stack Architecture,Tech,2023-10-05,98,Completed,4000
EMP-10552,CRS-101,Advanced SQL & Performance Tuning,Tech,2026-01-04,75,Completed,1500
EMP-10552,CRS-201,Agile Project Management,Leadership,2025-07-01,79,Completed,1200
EMP-10827,CRS-103,Power BI DAX Masterclass,Tech,2026-01-08,97,Completed,2000
EMP-10827,CRS-101,Advanced SQL & Performance Tuning,Tech,2025-10-01,93,Completed,1500
EMP-10827,CRS-102,Python for Data Engineering,Tech,2025-02-09,86,Completed,2500
EMP-10276,CRS-201,Agile Project Management,Leadership,2024-05-25,90,Completed,1200
EMP-13658,CRS-301,Cloud Security & Compliance,Compliance,2025-04-13,67,Failed,0
EMP-13658,CRS-301,Cloud Security & Compliance,Compliance,2025-05-21,81,Completed,3000
EMP-14657,CRS-103,Power BI DAX Masterclass,Tech,2024-03-28,93,Completed,2000
EMP-12005,CRS-101,Advanced SQL & Performance Tuning,Tech,2023-10-17,87,Completed,1500
EMP-10363,CRS-101,Advanced SQL & Performance Tuning,Tech,2024-03-02,94,Completed,1500
EMP-10363,CRS-202,Cross-Cultural Business Communication,Soft Skills,2025-10-28,74,Completed,800
EMP-10363,CRS-202,Cross-Cultural Business Communication,Soft Skills,2025-12-26,90,Completed,800
EMP-13296,CRS-202,Cross-Cultural Business Communication,Soft Skills,2025-02-09,71,Completed,800
EMP-13296,CRS-202,Cross-Cultural Business Communication,Soft Skills,2025-03-19,85,Completed,800
EMP-13596,CRS-101,Advanced SQL & Performance Tuning,Tech,2024-02-02,76,Completed,1500
EMP-11920,CRS-102,Python for Data Engineering,Tech,2026-05-03,82,Completed,2500
EMP-11920,CRS-301,Cloud Security & Compliance,Compliance,2026-05-09,93,Completed,3000
EMP-15496,CRS-101,Advanced SQL & Performance Tuning,Tech,2026-01-05,91,Completed,1500
EMP-10463,CRS-103,Power BI DAX Masterclass,Tech,2025-06-19,72,Completed,2000
EMP-10463,CRS-103,Power BI DAX Masterclass,Tech,2025-07-06,89,Completed,2000
EMP-11148,CRS-302,Modern Data Stack Architecture,Tech,2024-09-09,97,Completed,4000
EMP-11148,CRS-101,Advanced SQL & Performance Tuning,Tech,2025-08-03,75,Completed,1500
EMP-11148,CRS-201,Agile Project Management,Leadership,2023-10-06,77,Completed,1200
EMP-15426,CRS-103,Power BI DAX Masterclass,Tech,2023-03-26,89,Completed,2000
EMP-12370,CRS-202,Cross-Cultural Business Communication,Soft Skills,2025-10-12,95,Completed,800
EMP-12370,CRS-201,Agile Project Management,Leadership,2025-02-05,78,Completed,1200
EMP-11919,CRS-103,Power BI DAX Masterclass,Tech,2024-11-15,88,Completed,2000
EMP-11919,CRS-202,Cross-Cultural Business Communication,Soft Skills,2024-01-25,93,Completed,800
EMP-12613,CRS-302,Modern Data Stack Architecture,Tech,2023-02-26,85,Completed,4000
EMP-12627,CRS-201,Agile Project Management,Leadership,2024-07-30,78,Completed,1200
EMP-11941,CRS-302,Modern Data Stack Architecture,Tech,2025-09-10,84,Completed,4000
EMP-12473,CRS-201,Agile Project Management,Leadership,2024-12-19,56,Failed,0
EMP-12473,CRS-201,Agile Project Management,Leadership,2025-01-22,99,Completed,1200
EMP-15311,CRS-102,Python for Data Engineering,Tech,2024-03-01,89,Completed,2500
EMP-16275,CRS-301,Cloud Security & Compliance,Compliance,2023-04-06,97,Completed,3000
EMP-16275,CRS-302,Modern Data Stack Architecture,Tech,2023-03-10,81,Completed,4000
EMP-11811,CRS-102,Python for Data Engineering,Tech,2024-08-17,80,Completed,2500
EMP-11811,CRS-302,Modern Data Stack Architecture,Tech,2024-11-14,81,Completed,4000
EMP-13388,CRS-102,Python for Data Engineering,Tech,2025-05-30,90,Completed,2500
EMP-13388,CRS-301,Cloud Security & Compliance,Compliance,2023-01-28,78,Completed,3000
EMP-13388,CRS-302,Modern Data Stack Architecture,Tech,2026-03-14,52,Failed,0
EMP-13388,CRS-302,Modern Data Stack Architecture,Tech,2026-04-12,84,Completed,4000
EMP-13388,CRS-201,Agile Project Management,Leadership,2026-04-12,96,Completed,1200
EMP-12462,CRS-301,Cloud Security & Compliance,Compliance,2026-05-09,88,Completed,3000
EMP-12255,CRS-103,Power BI DAX Masterclass,Tech,2023-06-14,52,Failed,0
EMP-12255,CRS-103,Power BI DAX Masterclass,Tech,2023-07-18,91,Completed,2000
EMP-16628,CRS-201,Agile Project Management,Leadership,2024-07-20,62,Failed,0
EMP-16628,CRS-201,Agile Project Management,Leadership,2024-09-18,84,Completed,1200
EMP-14483,CRS-201,Agile Project Management,Leadership,2023-07-10,90,Completed,1200
EMP-13500,CRS-201,Agile Project Management,Leadership,2023-01-01,93,Completed,1200
EMP-14061,CRS-201,Agile Project Management,Leadership,2025-02-24,67,Failed,0
EMP-14061,CRS-201,Agile Project Management,Leadership,2025-04-18,75,Completed,1200
EMP-14061,CRS-301,Cloud Security & Compliance,Compliance,2025-02-02,81,Completed,3000
EMP-10385,CRS-202,Cross-Cultural Business Communication,Soft Skills,2024-07-19,92,Completed,800
EMP-10385,CRS-103,Power BI DAX Masterclass,Tech,2024-04-19,93,Completed,2000
EMP-10385,CRS-101,Advanced SQL & Performance Tuning,Tech,2024-01-16,83,Completed,1500
EMP-10385,CRS-302,Modern Data Stack Architecture,Tech,2023-02-05,78,Completed,4000
EMP-12822,CRS-202,Cross-Cultural Business Communication,Soft Skills,2025-05-14,99,Completed,800
EMP-12822,CRS-302,Modern Data Stack Architecture,Tech,2024-06-02,51,Failed,0
EMP-12822,CRS-302,Modern Data Stack Architecture,Tech,2024-06-21,92,Completed,4000
EMP-13123,CRS-101,Advanced SQL & Performance Tuning,Tech,2024-09-23,79,Completed,1500
EMP-12612,CRS-202,Cross-Cultural Business Communication,Soft Skills,2026-04-24,78,Completed,800
EMP-13411,CRS-103,Power BI DAX Masterclass,Tech,2024-06-18,79,Completed,2000
EMP-13411,CRS-102,Python for Data Engineering,Tech,2023-09-20,76,Completed,2500
EMP-15560,CRS-101,Advanced SQL & Performance Tuning,Tech,2023-02-04,99,Completed,1500
EMP-15961,CRS-201,Agile Project Management,Leadership,2024-04-07,72,Completed,1200
EMP-15961,CRS-201,Agile Project Management,Leadership,2024-06-03,97,Completed,1200
EMP-15961,CRS-301,Cloud Security & Compliance,Compliance,2025-04-12,79,Completed,3000
EMP-12457,CRS-201,Agile Project Management,Leadership,2024-02-22,76,Completed,1200
EMP-12457,CRS-103,Power BI DAX Masterclass,Tech,2023-06-06,91,Completed,2000
EMP-12457,CRS-101,Advanced SQL & Performance Tuning,Tech,2023-10-17,86,Completed,1500
EMP-13084,CRS-201,Agile Project Management,Leadership,2024-10-13,67,Failed,0
EMP-13084,CRS-201,Agile Project Management,Leadership,2024-11-09,94,Completed,1200
EMP-11507,CRS-302,Modern Data Stack Architecture,Tech,2023-12-10,85,Completed,4000
EMP-11507,CRS-202,Cross-Cultural Business Communication,Soft Skills,2024-11-02,98,Completed,800
EMP-11507,CRS-103,Power BI DAX Masterclass,Tech,2023-04-29,86,Completed,2000
EMP-16580,CRS-302,Modern Data Stack Architecture,Tech,2026-02-08,80,Completed,4000
EMP-16580,CRS-101,Advanced SQL & Performance Tuning,Tech,2025-11-28,82,Completed,1500
EMP-16580,CRS-102,Python for Data Engineering,Tech,2023-12-31,87,Completed,2500
EMP-11975,CRS-202,Cross-Cultural Business Communication,Soft Skills,2025-12-26,72,Completed,800
EMP-11975,CRS-202,Cross-Cultural Business Communication,Soft Skills,2026-02-23,99,Completed,800
EMP-11975,CRS-102,Python for Data Engineering,Tech,2023-03-26,76,Completed,2500
EMP-11975,CRS-103,Power BI DAX Masterclass,Tech,2023-05-14,97,Completed,2000
EMP-11847,CRS-301,Cloud Security & Compliance,Compliance,2026-05-27,79,Completed,3000
EMP-12464,CRS-202,Cross-Cultural Business Communication,Soft Skills,2025-01-27,84,Completed,800
EMP-11183,CRS-302,Modern Data Stack Architecture,Tech,2023-04-17,93,Completed,4000
EMP-13794,CRS-202,Cross-Cultural Business Communication,Soft Skills,2024-10-05,85,Completed,800
EMP-15045,CRS-101,Advanced SQL & Performance Tuning,Tech,2024-08-28,72,Completed,1500
EMP-15045,CRS-101,Advanced SQL & Performance Tuning,Tech,2024-09-16,85,Completed,1500
EMP-13381,CRS-103,Power BI DAX Masterclass,Tech,2023-04-21,80,Completed,2000
EMP-13381,CRS-302,Modern Data Stack Architecture,Tech,2024-01-24,95,Completed,4000
EMP-13381,CRS-102,Python for Data Engineering,Tech,2023-01-22,84,Completed,2500
EMP-14588,CRS-101,Advanced SQL & Performance Tuning,Tech,2025-04-14,89,Completed,1500
EMP-14588,CRS-302,Modern Data Stack Architecture,Tech,2024-10-02,84,Completed,4000
EMP-11099,CRS-201,Agile Project Management,Leadership,2024-10-28,73,Completed,1200
EMP-11099,CRS-201,Agile Project Management,Leadership,2024-11-22,94,Completed,1200
EMP-11099,CRS-102,Python for Data Engineering,Tech,2026-04-25,74,Completed,2500
EMP-11099,CRS-103,Power BI DAX Masterclass,Tech,2026-05-09,80,Completed,2000
EMP-13182,CRS-301,Cloud Security & Compliance,Compliance,2023-06-18,99,Completed,3000
EMP-16376,CRS-201,Agile Project Management,Leadership,2023-08-03,90,Completed,1200
EMP-16869,CRS-101,Advanced SQL & Performance Tuning,Tech,2025-12-14,75,Completed,1500
EMP-16869,CRS-302,Modern Data Stack Architecture,Tech,2023-10-02,82,Completed,4000
EMP-11666,CRS-202,Cross-Cultural Business Communication,Soft Skills,2023-09-15,54,Failed,0
EMP-11666,CRS-202,Cross-Cultural Business Communication,Soft Skills,2023-10-30,86,Completed,800
EMP-14501,CRS-201,Agile Project Management,Leadership,2026-03-10,62,Failed,0
EMP-14501,CRS-201,Agile Project Management,Leadership,2026-04-26,81,Completed,1200
EMP-14501,CRS-102,Python for Data Engineering,Tech,2024-07-08,88,Completed,2500
EMP-14501,CRS-302,Modern Data Stack Architecture,Tech,2023-06-26,70,Completed,4000
EMP-14501,CRS-302,Modern Data Stack Architecture,Tech,2023-07-24,79,Completed,4000
EMP-16064,CRS-301,Cloud Security & Compliance,Compliance,2024-12-21,74,Completed,3000
EMP-16064,CRS-301,Cloud Security & Compliance,Compliance,2025-02-08,95,Completed,3000
EMP-16064,CRS-302,Modern Data Stack Architecture,Tech,2025-07-22,92,Completed,4000
EMP-15143,CRS-101,Advanced SQL & Performance Tuning,Tech,2025-08-06,87,Completed,1500
EMP-15511,CRS-102,Python for Data Engineering,Tech,2024-06-04,87,Completed,2500
EMP-10758,CRS-202,Cross-Cultural Business Communication,Soft Skills,2024-12-17,79,Completed,800
EMP-11561,CRS-302,Modern Data Stack Architecture,Tech,2025-11-14,92,Completed,4000
EMP-11561,CRS-101,Advanced SQL & Performance Tuning,Tech,2025-11-22,70,Completed,1500
EMP-11561,CRS-101,Advanced SQL & Performance Tuning,Tech,2025-12-08,84,Completed,1500
EMP-11561,CRS-103,Power BI DAX Masterclass,Tech,2026-02-05,75,Completed,2000
EMP-16413,CRS-103,Power BI DAX Masterclass,Tech,2025-01-04,98,Completed,2000
EMP-16413,CRS-101,Advanced SQL & Performance Tuning,Tech,2025-07-12,92,Completed,1500
EMP-16413,CRS-201,Agile Project Management,Leadership,2024-11-29,92,Completed,1200
EMP-12200,CRS-101,Advanced SQL & Performance Tuning,Tech,2025-10-26,86,Completed,1500
EMP-13090,CRS-301,Cloud Security & Compliance,Compliance,2024-06-15,56,Failed,0
EMP-13090,CRS-301,Cloud Security & Compliance,Compliance,2024-07-23,85,Completed,3000
EMP-10324,CRS-103,Power BI DAX Masterclass,Tech,2023-10-03,86,Completed,2000
EMP-10324,CRS-201,Agile Project Management,Leadership,2025-12-23,99,Completed,1200
EMP-16329,CRS-201,Agile Project Management,Leadership,2025-05-21,89,Completed,1200
EMP-16329,CRS-103,Power BI DAX Masterclass,Tech,2023-06-01,82,Completed,2000
EMP-11542,CRS-301,Cloud Security & Compliance,Compliance,2023-09-20,96,Completed,3000
EMP-11778,CRS-101,Advanced SQL & Performance Tuning,Tech,2026-02-12,70,Completed,1500
EMP-11778,CRS-101,Advanced SQL & Performance Tuning,Tech,2026-03-28,93,Completed,1500
EMP-11778,CRS-301,Cloud Security & Compliance,Compliance,2024-07-21,98,Completed,3000
EMP-11778,CRS-102,Python for Data Engineering,Tech,2026-03-28,70,Completed,2500
EMP-11778,CRS-102,Python for Data Engineering,Tech,2026-04-12,81,Completed,2500
EMP-13928,CRS-302,Modern Data Stack Architecture,Tech,2024-06-09,88,Completed,4000
EMP-11712,CRS-301,Cloud Security & Compliance,Compliance,2026-02-21,100,Completed,3000
EMP-11712,CRS-102,Python for Data Engineering,Tech,2024-08-16,72,Completed,2500
EMP-11712,CRS-102,Python for Data Engineering,Tech,2024-09-06,83,Completed,2500
EMP-12728,CRS-202,Cross-Cultural Business Communication,Soft Skills,2023-04-08,77,Completed,800
EMP-12484,CRS-102,Python for Data Engineering,Tech,2026-04-20,61,Failed,0
EMP-12484,CRS-102,Python for Data Engineering,Tech,2026-05-30,90,Completed,2500
EMP-15739,CRS-101,Advanced SQL & Performance Tuning,Tech,2026-03-01,93,Completed,1500
EMP-16757,CRS-201,Agile Project Management,Leadership,2023-01-17,78,Completed,1200
EMP-16757,CRS-302,Modern Data Stack Architecture,Tech,2025-11-24,96,Completed,4000
EMP-11557,CRS-201,Agile Project Management,Leadership,2025-02-17,88,Completed,1200
EMP-11557,CRS-103,Power BI DAX Masterclass,Tech,2025-01-22,91,Completed,2000
EMP-14417,CRS-202,Cross-Cultural Business Communication,Soft Skills,2023-01-04,86,Completed,800
EMP-14417,CRS-102,Python for Data Engineering,Tech,2024-05-17,61,Failed,0
EMP-14417,CRS-102,Python for Data Engineering,Tech,2024-07-02,91,Completed,2500
EMP-14417,CRS-302,Modern Data Stack Architecture,Tech,2024-12-03,87,Completed,4000
EMP-15415,CRS-302,Modern Data Stack Architecture,Tech,2025-09-20,90,Completed,4000
EMP-15415,CRS-201,Agile Project Management,Leadership,2023-02-07,100,Completed,1200
EMP-11988,CRS-202,Cross-Cultural Business Communication,Soft Skills,2024-03-24,78,Completed,800
EMP-11676,CRS-302,Modern Data Stack Architecture,Tech,2025-08-30,60,Failed,0
EMP-11676,CRS-302,Modern Data Stack Architecture,Tech,2025-10-05,95,Completed,4000
EMP-11676,CRS-202,Cross-Cultural Business Communication,Soft Skills,2024-02-15,100,Completed,800
EMP-16136,CRS-301,Cloud Security & Compliance,Compliance,2026-05-13,99,Completed,3000
EMP-16136,CRS-302,Modern Data Stack Architecture,Tech,2025-09-27,87,Completed,4000
EMP-16136,CRS-103,Power BI DAX Masterclass,Tech,2024-07-20,100,Completed,2000
EMP-14510,CRS-103,Power BI DAX Masterclass,Tech,2025-03-01,83,Completed,2000
EMP-14510,CRS-202,Cross-Cultural Business Communication,Soft Skills,2023-09-04,95,Completed,800
EMP-12635,CRS-103,Power BI DAX Masterclass,Tech,2024-11-16,78,Completed,2000
EMP-16004,CRS-103,Power BI DAX Masterclass,Tech,2023-05-28,94,Completed,2000
EMP-13119,CRS-101,Advanced SQL & Performance Tuning,Tech,2025-04-05,86,Completed,1500
EMP-13820,CRS-301,Cloud Security & Compliance,Compliance,2023-01-17,88,Completed,3000
EMP-12944,CRS-202,Cross-Cultural Business Communication,Soft Skills,2024-01-12,51,Failed,0
EMP-12944,CRS-202,Cross-Cultural Business Communication,Soft Skills,2024-02-07,76,Completed,800
EMP-16198,CRS-301,Cloud Security & Compliance,Compliance,2024-11-01,85,Completed,3000
EMP-14428,CRS-103,Power BI DAX Masterclass,Tech,2023-10-24,86,Completed,2000
EMP-12947,CRS-301,Cloud Security & Compliance,Compliance,2024-09-17,75,Completed,3000
EMP-12947,CRS-102,Python for Data Engineering,Tech,2025-04-20,71,Completed,2500
EMP-12947,CRS-102,Python for Data Engineering,Tech,2025-06-06,99,Completed,2500
EMP-14201,CRS-301,Cloud Security & Compliance,Compliance,2023-04-11,95,Completed,3000
EMP-14074,CRS-101,Advanced SQL & Performance Tuning,Tech,2023-01-17,76,Completed,1500
EMP-14074,CRS-103,Power BI DAX Masterclass,Tech,2026-02-07,72,Completed,2000
EMP-14074,CRS-103,Power BI DAX Masterclass,Tech,2026-03-14,82,Completed,2000
EMP-13818,CRS-102,Python for Data Engineering,Tech,2025-02-06,82,Completed,2500
EMP-10808,CRS-101,Advanced SQL & Performance Tuning,Tech,2024-10-30,78,Completed,1500
EMP-10808,CRS-103,Power BI DAX Masterclass,Tech,2023-02-02,77,Completed,2000
EMP-15708,CRS-101,Advanced SQL & Performance Tuning,Tech,2025-09-19,99,Completed,1500
EMP-15708,CRS-202,Cross-Cultural Business Communication,Soft Skills,2025-04-05,54,Failed,0
EMP-15708,CRS-202,Cross-Cultural Business Communication,Soft Skills,2025-05-29,85,Completed,800
EMP-15708,CRS-201,Agile Project Management,Leadership,2024-02-27,99,Completed,1200
EMP-12624,CRS-202,Cross-Cultural Business Communication,Soft Skills,2023-05-09,89,Completed,800
EMP-12624,CRS-302,Modern Data Stack Architecture,Tech,2025-12-22,83,Completed,4000
EMP-11665,CRS-301,Cloud Security & Compliance,Compliance,2025-10-23,61,Failed,0
EMP-11665,CRS-301,Cloud Security & Compliance,Compliance,2025-11-11,86,Completed,3000
EMP-11665,CRS-102,Python for Data Engineering,Tech,2024-10-19,87,Completed,2500
EMP-13037,CRS-201,Agile Project Management,Leadership,2025-07-18,97,Completed,1200
EMP-12564,CRS-102,Python for Data Engineering,Tech,2025-03-02,83,Completed,2500
EMP-13391,CRS-103,Power BI DAX Masterclass,Tech,2025-11-14,79,Completed,2000
EMP-13391,CRS-201,Agile Project Management,Leadership,2023-01-06,87,Completed,1200
EMP-13391,CRS-301,Cloud Security & Compliance,Compliance,2023-02-15,96,Completed,3000
EMP-10375,CRS-202,Cross-Cultural Business Communication,Soft Skills,2026-03-12,89,Completed,800
EMP-10375,CRS-301,Cloud Security & Compliance,Compliance,2025-07-23,81,Completed,3000
EMP-11813,CRS-301,Cloud Security & Compliance,Compliance,2024-07-21,73,Completed,3000
EMP-11813,CRS-301,Cloud Security & Compliance,Compliance,2024-09-11,99,Completed,3000
EMP-11196,CRS-102,Python for Data Engineering,Tech,2023-07-25,99,Completed,2500
EMP-10133,CRS-202,Cross-Cultural Business Communication,Soft Skills,2024-05-15,94,Completed,800
EMP-10133,CRS-301,Cloud Security & Compliance,Compliance,2026-03-14,78,Completed,3000
EMP-14436,CRS-201,Agile Project Management,Leadership,2024-10-15,68,Failed,0
EMP-14436,CRS-201,Agile Project Management,Leadership,2024-10-30,86,Completed,1200
EMP-13421,CRS-301,Cloud Security & Compliance,Compliance,2024-06-23,90,Completed,3000
EMP-15617,CRS-302,Modern Data Stack Architecture,Tech,2025-06-03,85,Completed,4000
EMP-16163,CRS-302,Modern Data Stack Architecture,Tech,2025-04-20,75,Completed,4000
EMP-11608,CRS-302,Modern Data Stack Architecture,Tech,2024-06-28,97,Completed,4000
EMP-11608,CRS-202,Cross-Cultural Business Communication,Soft Skills,2025-09-24,100,Completed,800
EMP-12703,CRS-302,Modern Data Stack Architecture,Tech,2023-08-19,76,Completed,4000
EMP-11885,CRS-101,Advanced SQL & Performance Tuning,Tech,2023-04-15,51,Failed,0
EMP-11885,CRS-101,Advanced SQL & Performance Tuning,Tech,2023-05-20,95,Completed,1500
EMP-13112,CRS-201,Agile Project Management,Leadership,2024-04-13,89,Completed,1200
EMP-12014,CRS-101,Advanced SQL & Performance Tuning,Tech,2024-06-21,67,Failed,0
EMP-12014,CRS-101,Advanced SQL & Performance Tuning,Tech,2024-07-27,86,Completed,1500
EMP-14091,CRS-202,Cross-Cultural Business Communication,Soft Skills,2024-11-20,62,Failed,0
EMP-14091,CRS-202,Cross-Cultural Business Communication,Soft Skills,2024-12-25,83,Completed,800
EMP-14729,CRS-301,Cloud Security & Compliance,Compliance,2025-09-26,73,Completed,3000
EMP-14729,CRS-301,Cloud Security & Compliance,Compliance,2025-10-31,95,Completed,3000
EMP-14729,CRS-302,Modern Data Stack Architecture,Tech,2025-02-05,76,Completed,4000
EMP-12109,CRS-102,Python for Data Engineering,Tech,2023-10-24,81,Completed,2500
EMP-16054,CRS-101,Advanced SQL & Performance Tuning,Tech,2026-04-07,85,Completed,1500
EMP-14019,CRS-201,Agile Project Management,Leadership,2025-01-11,73,Completed,1200
EMP-14019,CRS-201,Agile Project Management,Leadership,2025-02-19,76,Completed,1200
EMP-13776,CRS-202,Cross-Cultural Business Communication,Soft Skills,2024-06-21,94,Completed,800
EMP-11379,CRS-102,Python for Data Engineering,Tech,2024-09-10,70,Completed,2500
EMP-11379,CRS-102,Python for Data Engineering,Tech,2024-10-23,78,Completed,2500
EMP-12886,CRS-302,Modern Data Stack Architecture,Tech,2026-04-29,90,Completed,4000
EMP-11387,CRS-201,Agile Project Management,Leadership,2026-04-23,93,Completed,1200
EMP-11147,CRS-102,Python for Data Engineering,Tech,2026-02-12,92,Completed,2500
EMP-11147,CRS-103,Power BI DAX Masterclass,Tech,2024-11-27,86,Completed,2000
EMP-11147,CRS-101,Advanced SQL & Performance Tuning,Tech,2025-10-19,81,Completed,1500
EMP-14001,CRS-101,Advanced SQL & Performance Tuning,Tech,2025-08-03,76,Completed,1500
EMP-11508,CRS-101,Advanced SQL & Performance Tuning,Tech,2023-06-09,81,Completed,1500
EMP-10482,CRS-302,Modern Data Stack Architecture,Tech,2023-03-22,84,Completed,4000
EMP-10278,CRS-201,Agile Project Management,Leadership,2026-03-22,85,Completed,1200
EMP-10278,CRS-202,Cross-Cultural Business Communication,Soft Skills,2026-05-08,100,Completed,800
EMP-10278,CRS-103,Power BI DAX Masterclass,Tech,2024-10-04,82,Completed,2000
EMP-10609,CRS-301,Cloud Security & Compliance,Compliance,2025-01-17,95,Completed,3000
EMP-10398,CRS-302,Modern Data Stack Architecture,Tech,2025-05-18,82,Completed,4000
EMP-10398,CRS-202,Cross-Cultural Business Communication,Soft Skills,2024-12-23,95,Completed,800
EMP-10053,CRS-103,Power BI DAX Masterclass,Tech,2023-04-04,71,Completed,2000
EMP-10053,CRS-103,Power BI DAX Masterclass,Tech,2023-04-26,92,Completed,2000
EMP-10053,CRS-301,Cloud Security & Compliance,Compliance,2026-01-07,78,Completed,3000
EMP-10053,CRS-302,Modern Data Stack Architecture,Tech,2024-03-13,95,Completed,4000
EMP-10053,CRS-201,Agile Project Management,Leadership,2023-08-07,56,Failed,0
EMP-10053,CRS-201,Agile Project Management,Leadership,2023-09-07,81,Completed,1200
EMP-13379,CRS-201,Agile Project Management,Leadership,2024-09-26,85,Completed,1200
EMP-14498,CRS-102,Python for Data Engineering,Tech,2024-10-04,92,Completed,2500
EMP-14498,CRS-201,Agile Project Management,Leadership,2026-03-08,84,Completed,1200
EMP-14498,CRS-301,Cloud Security & Compliance,Compliance,2023-05-09,86,Completed,3000
EMP-14498,CRS-302,Modern Data Stack Architecture,Tech,2024-02-06,50,Failed,0
EMP-14498,CRS-302,Modern Data Stack Architecture,Tech,2024-03-20,96,Completed,4000
EMP-11896,CRS-302,Modern Data Stack Architecture,Tech,2025-06-13,87,Completed,4000
EMP-11896,CRS-103,Power BI DAX Masterclass,Tech,2025-03-09,86,Completed,2000
EMP-16947,CRS-102,Python for Data Engineering,Tech,2024-04-30,95,Completed,2500
EMP-16947,CRS-301,Cloud Security & Compliance,Compliance,2024-06-25,74,Completed,3000
EMP-16947,CRS-301,Cloud Security & Compliance,Compliance,2024-08-11,87,Completed,3000
EMP-16947,CRS-201,Agile Project Management,Leadership,2025-05-28,68,Failed,0
EMP-16947,CRS-201,Agile Project Management,Leadership,2025-06-19,96,Completed,1200
EMP-11238,CRS-102,Python for Data Engineering,Tech,2023-12-07,78,Completed,2500
EMP-10075,CRS-302,Modern Data Stack Architecture,Tech,2023-11-22,72,Completed,4000
EMP-10075,CRS-302,Modern Data Stack Architecture,Tech,2024-01-12,90,Completed,4000
EMP-16981,CRS-202,Cross-Cultural Business Communication,Soft Skills,2023-10-28,95,Completed,800
EMP-16981,CRS-302,Modern Data Stack Architecture,Tech,2024-09-18,94,Completed,4000
EMP-14143,CRS-103,Power BI DAX Masterclass,Tech,2024-07-12,99,Completed,2000
EMP-13736,CRS-103,Power BI DAX Masterclass,Tech,2024-10-11,79,Completed,2000
EMP-16202,CRS-101,Advanced SQL & Performance Tuning,Tech,2025-12-26,72,Completed,1500
EMP-16202,CRS-101,Advanced SQL & Performance Tuning,Tech,2026-02-06,81,Completed,1500
EMP-10496,CRS-101,Advanced SQL & Performance Tuning,Tech,2024-11-23,71,Completed,1500
EMP-10496,CRS-101,Advanced SQL & Performance Tuning,Tech,2025-01-17,95,Completed,1500
EMP-10496,CRS-301,Cloud Security & Compliance,Compliance,2026-01-10,92,Completed,3000
EMP-15625,CRS-301,Cloud Security & Compliance,Compliance,2025-05-28,79,Completed,3000
EMP-13997,CRS-103,Power BI DAX Masterclass,Tech,2023-06-14,82,Completed,2000
EMP-13997,CRS-201,Agile Project Management,Leadership,2023-12-06,50,Failed,0
EMP-13997,CRS-201,Agile Project Management,Leadership,2024-01-31,91,Completed,1200
EMP-16760,CRS-102,Python for Data Engineering,Tech,2024-10-24,71,Completed,2500
EMP-16760,CRS-102,Python for Data Engineering,Tech,2024-11-14,80,Completed,2500
EMP-10055,CRS-202,Cross-Cultural Business Communication,Soft Skills,2024-02-29,70,Completed,800
EMP-10055,CRS-202,Cross-Cultural Business Communication,Soft Skills,2024-04-15,90,Completed,800
EMP-13370,CRS-201,Agile Project Management,Leadership,2025-09-15,93,Completed,1200
EMP-13370,CRS-103,Power BI DAX Masterclass,Tech,2025-05-13,65,Failed,0
EMP-13370,CRS-103,Power BI DAX Masterclass,Tech,2025-06-30,82,Completed,2000
EMP-13370,CRS-302,Modern Data Stack Architecture,Tech,2025-08-10,74,Completed,4000
EMP-13370,CRS-302,Modern Data Stack Architecture,Tech,2025-09-16,75,Completed,4000
EMP-10098,CRS-301,Cloud Security & Compliance,Compliance,2025-09-15,90,Completed,3000
EMP-10138,CRS-201,Agile Project Management,Leadership,2026-01-22,97,Completed,1200
EMP-10138,CRS-102,Python for Data Engineering,Tech,2026-02-22,91,Completed,2500
EMP-10138,CRS-101,Advanced SQL & Performance Tuning,Tech,2025-10-23,96,Completed,1500
EMP-10138,CRS-103,Power BI DAX Masterclass,Tech,2023-04-02,98,Completed,2000
EMP-15166,CRS-302,Modern Data Stack Architecture,Tech,2024-09-01,95,Completed,4000
EMP-12349,CRS-201,Agile Project Management,Leadership,2023-08-12,68,Failed,0
EMP-12349,CRS-201,Agile Project Management,Leadership,2023-08-28,85,Completed,1200
EMP-12349,CRS-103,Power BI DAX Masterclass,Tech,2024-04-17,69,Failed,0
EMP-12349,CRS-103,Power BI DAX Masterclass,Tech,2024-05-17,100,Completed,2000
EMP-10141,CRS-101,Advanced SQL & Performance Tuning,Tech,2025-09-23,77,Completed,1500
EMP-10141,CRS-202,Cross-Cultural Business Communication,Soft Skills,2024-11-19,92,Completed,800
EMP-15722,CRS-101,Advanced SQL & Performance Tuning,Tech,2023-09-10,72,Completed,1500
EMP-15722,CRS-101,Advanced SQL & Performance Tuning,Tech,2023-10-17,92,Completed,1500
EMP-14876,CRS-102,Python for Data Engineering,Tech,2026-01-20,88,Completed,2500
EMP-14876,CRS-201,Agile Project Management,Leadership,2023-01-23,78,Completed,1200
EMP-11469,CRS-102,Python for Data Engineering,Tech,2025-03-26,94,Completed,2500
EMP-11469,CRS-101,Advanced SQL & Performance Tuning,Tech,2023-12-18,62,Failed,0
EMP-11469,CRS-101,Advanced SQL & Performance Tuning,Tech,2024-01-12,78,Completed,1500
EMP-11469,CRS-202,Cross-Cultural Business Communication,Soft Skills,2025-05-17,93,Completed,800
EMP-11469,CRS-302,Modern Data Stack Architecture,Tech,2023-02-21,92,Completed,4000
EMP-16545,CRS-103,Power BI DAX Masterclass,Tech,2025-11-19,74,Completed,2000
EMP-16545,CRS-103,Power BI DAX Masterclass,Tech,2026-01-10,82,Completed,2000
EMP-10790,CRS-103,Power BI DAX Masterclass,Tech,2026-01-21,94,Completed,2000
EMP-11220,CRS-301,Cloud Security & Compliance,Compliance,2023-06-19,83,Completed,3000
EMP-14279,CRS-302,Modern Data Stack Architecture,Tech,2024-10-30,85,Completed,4000
EMP-15075,CRS-201,Agile Project Management,Leadership,2024-12-07,70,Completed,1200
EMP-15075,CRS-201,Agile Project Management,Leadership,2024-12-26,84,Completed,1200
EMP-15075,CRS-202,Cross-Cultural Business Communication,Soft Skills,2023-04-07,74,Completed,800
EMP-15075,CRS-202,Cross-Cultural Business Communication,Soft Skills,2023-05-06,81,Completed,800
EMP-15075,CRS-102,Python for Data Engineering,Tech,2023-06-27,80,Completed,2500
EMP-15825,CRS-202,Cross-Cultural Business Communication,Soft Skills,2024-03-27,95,Completed,800
EMP-15825,CRS-301,Cloud Security & Compliance,Compliance,2026-05-19,73,Completed,3000
EMP-15825,CRS-201,Agile Project Management,Leadership,2023-06-16,65,Failed,0
EMP-15825,CRS-201,Agile Project Management,Leadership,2023-07-02,86,Completed,1200
EMP-15825,CRS-101,Advanced SQL & Performance Tuning,Tech,2025-04-21,84,Completed,1500
EMP-12904,CRS-103,Power BI DAX Masterclass,Tech,2024-06-03,70,Completed,2000
EMP-12904,CRS-103,Power BI DAX Masterclass,Tech,2024-07-12,83,Completed,2000
EMP-12904,CRS-101,Advanced SQL & Performance Tuning,Tech,2026-01-12,94,Completed,1500
EMP-12904,CRS-102,Python for Data Engineering,Tech,2026-02-11,80,Completed,2500
EMP-12190,CRS-202,Cross-Cultural Business Communication,Soft Skills,2024-06-14,94,Completed,800
EMP-13252,CRS-201,Agile Project Management,Leadership,2025-08-09,63,Failed,0
EMP-13252,CRS-201,Agile Project Management,Leadership,2025-09-16,83,Completed,1200
EMP-13252,CRS-302,Modern Data Stack Architecture,Tech,2024-04-04,80,Completed,4000
EMP-14265,CRS-301,Cloud Security & Compliance,Compliance,2025-07-20,57,Failed,0
EMP-14265,CRS-301,Cloud Security & Compliance,Compliance,2025-09-02,99,Completed,3000
EMP-14265,CRS-202,Cross-Cultural Business Communication,Soft Skills,2024-04-29,77,Completed,800
EMP-13057,CRS-302,Modern Data Stack Architecture,Tech,2025-05-10,80,Completed,4000
EMP-14712,CRS-103,Power BI DAX Masterclass,Tech,2024-09-10,78,Completed,2000
EMP-14712,CRS-302,Modern Data Stack Architecture,Tech,2023-03-30,79,Completed,4000
EMP-14712,CRS-101,Advanced SQL & Performance Tuning,Tech,2025-06-17,56,Failed,0
EMP-14712,CRS-101,Advanced SQL & Performance Tuning,Tech,2025-07-06,86,Completed,1500
EMP-14712,CRS-202,Cross-Cultural Business Communication,Soft Skills,2025-03-03,97,Completed,800
EMP-13761,CRS-201,Agile Project Management,Leadership,2023-04-16,89,Completed,1200
EMP-11993,CRS-103,Power BI DAX Masterclass,Tech,2024-09-04,83,Completed,2000
EMP-11993,CRS-202,Cross-Cultural Business Communication,Soft Skills,2023-08-04,71,Completed,800
EMP-11993,CRS-202,Cross-Cultural Business Communication,Soft Skills,2023-09-23,90,Completed,800
EMP-11851,CRS-201,Agile Project Management,Leadership,2025-01-11,91,Completed,1200
EMP-16701,CRS-201,Agile Project Management,Leadership,2023-11-03,88,Completed,1200
EMP-16260,CRS-201,Agile Project Management,Leadership,2026-03-26,79,Completed,1200
EMP-14359,CRS-301,Cloud Security & Compliance,Compliance,2023-02-20,56,Failed,0
EMP-14359,CRS-301,Cloud Security & Compliance,Compliance,2023-04-07,83,Completed,3000
EMP-14734,CRS-201,Agile Project Management,Leadership,2023-01-24,82,Completed,1200
EMP-14734,CRS-202,Cross-Cultural Business Communication,Soft Skills,2026-05-08,99,Completed,800
EMP-14734,CRS-103,Power BI DAX Masterclass,Tech,2025-04-15,76,Completed,2000
EMP-14734,CRS-302,Modern Data Stack Architecture,Tech,2025-04-19,67,Failed,0
EMP-14734,CRS-302,Modern Data Stack Architecture,Tech,2025-05-31,89,Completed,4000
EMP-13321,CRS-201,Agile Project Management,Leadership,2025-08-17,94,Completed,1200
EMP-13321,CRS-202,Cross-Cultural Business Communication,Soft Skills,2026-03-12,98,Completed,800
EMP-13321,CRS-103,Power BI DAX Masterclass,Tech,2023-10-23,77,Completed,2000
EMP-13107,CRS-301,Cloud Security & Compliance,Compliance,2023-05-23,71,Completed,3000
EMP-13107,CRS-301,Cloud Security & Compliance,Compliance,2023-06-21,86,Completed,3000
EMP-13107,CRS-201,Agile Project Management,Leadership,2023-09-10,87,Completed,1200
EMP-14258,CRS-301,Cloud Security & Compliance,Compliance,2023-03-08,87,Completed,3000
EMP-13900,CRS-102,Python for Data Engineering,Tech,2024-02-18,77,Completed,2500
EMP-13900,CRS-103,Power BI DAX Masterclass,Tech,2024-05-10,51,Failed,0
EMP-13900,CRS-103,Power BI DAX Masterclass,Tech,2024-07-02,93,Completed,2000
EMP-15673,CRS-103,Power BI DAX Masterclass,Tech,2023-02-16,96,Completed,2000
EMP-15673,CRS-302,Modern Data Stack Architecture,Tech,2023-02-26,88,Completed,4000
EMP-15673,CRS-201,Agile Project Management,Leadership,2024-06-13,91,Completed,1200
EMP-10078,CRS-103,Power BI DAX Masterclass,Tech,2023-09-25,80,Completed,2000
EMP-11404,CRS-103,Power BI DAX Masterclass,Tech,2024-09-17,74,Completed,2000
EMP-11404,CRS-103,Power BI DAX Masterclass,Tech,2024-10-16,90,Completed,2000
EMP-11404,CRS-102,Python for Data Engineering,Tech,2023-04-10,95,Completed,2500
EMP-11404,CRS-202,Cross-Cultural Business Communication,Soft Skills,2024-06-26,86,Completed,800
EMP-10678,CRS-103,Power BI DAX Masterclass,Tech,2025-09-07,60,Failed,0
EMP-10678,CRS-103,Power BI DAX Masterclass,Tech,2025-10-28,95,Completed,2000
EMP-10678,CRS-202,Cross-Cultural Business Communication,Soft Skills,2025-12-01,78,Completed,800
EMP-16150,CRS-103,Power BI DAX Masterclass,Tech,2023-10-21,66,Failed,0
EMP-16150,CRS-103,Power BI DAX Masterclass,Tech,2023-11-19,89,Completed,2000
EMP-13555,CRS-103,Power BI DAX Masterclass,Tech,2023-09-28,80,Completed,2000
EMP-14590,CRS-302,Modern Data Stack Architecture,Tech,2025-05-18,86,Completed,4000
EMP-14443,CRS-201,Agile Project Management,Leadership,2023-02-26,71,Completed,1200
EMP-14443,CRS-201,Agile Project Management,Leadership,2023-04-18,79,Completed,1200
EMP-10349,CRS-102,Python for Data Engineering,Tech,2023-06-03,71,Completed,2500
EMP-10349,CRS-102,Python for Data Engineering,Tech,2023-06-22,94,Completed,2500
EMP-11883,CRS-103,Power BI DAX Masterclass,Tech,2024-03-03,94,Completed,2000
EMP-11883,CRS-202,Cross-Cultural Business Communication,Soft Skills,2023-09-27,95,Completed,800
EMP-11883,CRS-201,Agile Project Management,Leadership,2025-12-10,75,Completed,1200
EMP-11883,CRS-301,Cloud Security & Compliance,Compliance,2025-11-29,76,Completed,3000
EMP-11732,CRS-103,Power BI DAX Masterclass,Tech,2024-09-26,81,Completed,2000
EMP-11732,CRS-102,Python for Data Engineering,Tech,2023-12-22,68,Failed,0
EMP-11732,CRS-102,Python for Data Engineering,Tech,2024-02-16,93,Completed,2500
EMP-13896,CRS-103,Power BI DAX Masterclass,Tech,2023-08-24,70,Completed,2000
EMP-13896,CRS-103,Power BI DAX Masterclass,Tech,2023-09-18,92,Completed,2000
EMP-12221,CRS-101,Advanced SQL & Performance Tuning,Tech,2023-01-10,50,Failed,0
EMP-12221,CRS-101,Advanced SQL & Performance Tuning,Tech,2023-01-26,80,Completed,1500
EMP-12221,CRS-201,Agile Project Management,Leadership,2025-12-15,79,Completed,1200
EMP-10382,CRS-101,Advanced SQL & Performance Tuning,Tech,2023-10-29,93,Completed,1500
EMP-10610,CRS-101,Advanced SQL & Performance Tuning,Tech,2025-09-28,79,Completed,1500
EMP-10610,CRS-301,Cloud Security & Compliance,Compliance,2024-07-10,82,Completed,3000
EMP-12297,CRS-102,Python for Data Engineering,Tech,2023-05-20,97,Completed,2500
EMP-10270,CRS-102,Python for Data Engineering,Tech,2025-08-13,90,Completed,2500
EMP-15998,CRS-103,Power BI DAX Masterclass,Tech,2025-04-10,84,Completed,2000
EMP-15998,CRS-102,Python for Data Engineering,Tech,2023-12-16,77,Completed,2500
EMP-15826,CRS-201,Agile Project Management,Leadership,2025-12-30,79,Completed,1200
EMP-14179,CRS-302,Modern Data Stack Architecture,Tech,2023-01-28,100,Completed,4000
EMP-14179,CRS-102,Python for Data Engineering,Tech,2025-10-07,98,Completed,2500
EMP-14179,CRS-301,Cloud Security & Compliance,Compliance,2026-02-11,82,Completed,3000
EMP-15465,CRS-201,Agile Project Management,Leadership,2023-06-30,80,Completed,1200
EMP-15465,CRS-101,Advanced SQL & Performance Tuning,Tech,2026-05-02,54,Failed,0
EMP-14620,CRS-301,Cloud Security & Compliance,Compliance,2025-12-24,86,Completed,3000
EMP-14903,CRS-201,Agile Project Management,Leadership,2023-07-15,71,Completed,1200
EMP-14903,CRS-201,Agile Project Management,Leadership,2023-09-03,88,Completed,1200
EMP-14903,CRS-101,Advanced SQL & Performance Tuning,Tech,2025-10-13,97,Completed,1500
EMP-10631,CRS-101,Advanced SQL & Performance Tuning,Tech,2023-09-22,72,Completed,1500
EMP-10631,CRS-101,Advanced SQL & Performance Tuning,Tech,2023-10-08,78,Completed,1500
EMP-10631,CRS-202,Cross-Cultural Business Communication,Soft Skills,2026-02-25,87,Completed,800
EMP-16884,CRS-102,Python for Data Engineering,Tech,2024-04-09,88,Completed,2500
EMP-11331,CRS-103,Power BI DAX Masterclass,Tech,2026-03-24,94,Completed,2000
EMP-11970,CRS-102,Python for Data Engineering,Tech,2026-04-30,80,Completed,2500
EMP-13188,CRS-103,Power BI DAX Masterclass,Tech,2023-06-08,96,Completed,2000
EMP-13188,CRS-302,Modern Data Stack Architecture,Tech,2026-05-22,72,Completed,4000
EMP-13188,CRS-101,Advanced SQL & Performance Tuning,Tech,2023-02-09,80,Completed,1500
EMP-12718,CRS-301,Cloud Security & Compliance,Compliance,2023-08-15,99,Completed,3000
EMP-13145,CRS-201,Agile Project Management,Leadership,2026-04-08,75,Completed,1200
EMP-13145,CRS-102,Python for Data Engineering,Tech,2024-12-09,72,Completed,2500
EMP-13145,CRS-102,Python for Data Engineering,Tech,2025-01-26,82,Completed,2500
EMP-14200,CRS-102,Python for Data Engineering,Tech,2026-03-23,93,Completed,2500
EMP-14200,CRS-103,Power BI DAX Masterclass,Tech,2025-06-08,85,Completed,2000
EMP-10643,CRS-103,Power BI DAX Masterclass,Tech,2024-09-18,90,Completed,2000
EMP-10643,CRS-102,Python for Data Engineering,Tech,2024-09-15,98,Completed,2500
EMP-14103,CRS-202,Cross-Cultural Business Communication,Soft Skills,2025-02-09,61,Failed,0
EMP-14103,CRS-202,Cross-Cultural Business Communication,Soft Skills,2025-03-20,99,Completed,800
EMP-12834,CRS-103,Power BI DAX Masterclass,Tech,2025-11-27,96,Completed,2000
EMP-12834,CRS-102,Python for Data Engineering,Tech,2026-03-16,94,Completed,2500
EMP-15963,CRS-202,Cross-Cultural Business Communication,Soft Skills,2023-02-08,74,Completed,800
EMP-15963,CRS-202,Cross-Cultural Business Communication,Soft Skills,2023-03-31,88,Completed,800
EMP-10801,CRS-301,Cloud Security & Compliance,Compliance,2023-01-20,72,Completed,3000
EMP-10801,CRS-301,Cloud Security & Compliance,Compliance,2023-02-25,90,Completed,3000
EMP-10801,CRS-101,Advanced SQL & Performance Tuning,Tech,2024-04-12,65,Failed,0
EMP-10801,CRS-101,Advanced SQL & Performance Tuning,Tech,2024-05-06,87,Completed,1500
EMP-10801,CRS-302,Modern Data Stack Architecture,Tech,2025-02-21,74,Completed,4000
EMP-10801,CRS-302,Modern Data Stack Architecture,Tech,2025-04-14,79,Completed,4000
EMP-10801,CRS-103,Power BI DAX Masterclass,Tech,2023-03-09,83,Completed,2000
EMP-13581,CRS-202,Cross-Cultural Business Communication,Soft Skills,2023-06-23,99,Completed,800
EMP-11902,CRS-101,Advanced SQL & Performance Tuning,Tech,2025-08-13,73,Completed,1500
EMP-11902,CRS-101,Advanced SQL & Performance Tuning,Tech,2025-09-03,99,Completed,1500
EMP-11902,CRS-301,Cloud Security & Compliance,Compliance,2025-07-31,96,Completed,3000
EMP-11902,CRS-103,Power BI DAX Masterclass,Tech,2024-09-28,78,Completed,2000
EMP-11902,CRS-102,Python for Data Engineering,Tech,2024-11-03,88,Completed,2500
EMP-16133,CRS-101,Advanced SQL & Performance Tuning,Tech,2023-05-15,66,Failed,0
EMP-16133,CRS-101,Advanced SQL & Performance Tuning,Tech,2023-07-07,100,Completed,1500
EMP-12791,CRS-103,Power BI DAX Masterclass,Tech,2025-12-16,84,Completed,2000
EMP-16736,CRS-202,Cross-Cultural Business Communication,Soft Skills,2026-01-08,96,Completed,800
EMP-12674,CRS-302,Modern Data Stack Architecture,Tech,2025-05-04,99,Completed,4000
EMP-12674,CRS-103,Power BI DAX Masterclass,Tech,2025-09-03,81,Completed,2000
EMP-10243,CRS-302,Modern Data Stack Architecture,Tech,2023-12-07,94,Completed,4000
EMP-10243,CRS-102,Python for Data Engineering,Tech,2024-09-08,93,Completed,2500
EMP-15777,CRS-101,Advanced SQL & Performance Tuning,Tech,2023-03-29,74,Completed,1500
EMP-15777,CRS-101,Advanced SQL & Performance Tuning,Tech,2023-04-13,93,Completed,1500
EMP-15134,CRS-301,Cloud Security & Compliance,Compliance,2023-04-24,79,Completed,3000
EMP-14020,CRS-302,Modern Data Stack Architecture,Tech,2024-09-30,74,Completed,4000
EMP-14020,CRS-302,Modern Data Stack Architecture,Tech,2024-11-14,82,Completed,4000
EMP-11869,CRS-301,Cloud Security & Compliance,Compliance,2024-06-16,92,Completed,3000
EMP-11869,CRS-103,Power BI DAX Masterclass,Tech,2023-12-27,73,Completed,2000
EMP-11869,CRS-103,Power BI DAX Masterclass,Tech,2024-02-10,94,Completed,2000
EMP-11869,CRS-302,Modern Data Stack Architecture,Tech,2023-10-22,93,Completed,4000
EMP-12915,CRS-302,Modern Data Stack Architecture,Tech,2024-02-07,100,Completed,4000
EMP-12915,CRS-103,Power BI DAX Masterclass,Tech,2026-03-22,62,Failed,0
EMP-12915,CRS-103,Power BI DAX Masterclass,Tech,2026-04-25,81,Completed,2000
EMP-12915,CRS-202,Cross-Cultural Business Communication,Soft Skills,2026-04-23,95,Completed,800
EMP-12915,CRS-102,Python for Data Engineering,Tech,2024-12-11,86,Completed,2500
EMP-13076,CRS-103,Power BI DAX Masterclass,Tech,2024-02-10,96,Completed,2000
EMP-13076,CRS-201,Agile Project Management,Leadership,2025-11-12,98,Completed,1200
EMP-15362,CRS-201,Agile Project Management,Leadership,2024-04-21,80,Completed,1200
EMP-10761,CRS-301,Cloud Security & Compliance,Compliance,2024-01-06,83,Completed,3000
EMP-10761,CRS-102,Python for Data Engineering,Tech,2024-01-02,79,Completed,2500
EMP-10761,CRS-101,Advanced SQL & Performance Tuning,Tech,2024-06-03,90,Completed,1500
EMP-15761,CRS-301,Cloud Security & Compliance,Compliance,2025-07-28,71,Completed,3000
EMP-15761,CRS-301,Cloud Security & Compliance,Compliance,2025-09-02,76,Completed,3000
EMP-12400,CRS-101,Advanced SQL & Performance Tuning,Tech,2025-03-29,74,Completed,1500
EMP-12400,CRS-101,Advanced SQL & Performance Tuning,Tech,2025-04-20,85,Completed,1500
EMP-16723,CRS-101,Advanced SQL & Performance Tuning,Tech,2025-09-25,81,Completed,1500
EMP-14247,CRS-302,Modern Data Stack Architecture,Tech,2025-10-18,95,Completed,4000
EMP-10352,CRS-301,Cloud Security & Compliance,Compliance,2023-11-08,98,Completed,3000
EMP-10352,CRS-302,Modern Data Stack Architecture,Tech,2024-09-04,82,Completed,4000
EMP-10352,CRS-101,Advanced SQL & Performance Tuning,Tech,2023-06-11,89,Completed,1500
EMP-10352,CRS-103,Power BI DAX Masterclass,Tech,2025-02-01,74,Completed,2000
EMP-10352,CRS-103,Power BI DAX Masterclass,Tech,2025-03-19,100,Completed,2000
EMP-15729,CRS-201,Agile Project Management,Leadership,2026-04-15,97,Completed,1200
EMP-15729,CRS-202,Cross-Cultural Business Communication,Soft Skills,2024-12-08,81,Completed,800
EMP-15729,CRS-101,Advanced SQL & Performance Tuning,Tech,2024-04-02,89,Completed,1500
EMP-14775,CRS-101,Advanced SQL & Performance Tuning,Tech,2023-08-14,92,Completed,1500
EMP-14775,CRS-202,Cross-Cultural Business Communication,Soft Skills,2024-10-05,85,Completed,800
EMP-14775,CRS-201,Agile Project Management,Leadership,2025-03-14,95,Completed,1200
EMP-15194,CRS-301,Cloud Security & Compliance,Compliance,2025-04-18,70,Completed,3000
EMP-15194,CRS-301,Cloud Security & Compliance,Compliance,2025-05-29,78,Completed,3000
EMP-15194,CRS-302,Modern Data Stack Architecture,Tech,2025-04-20,97,Completed,4000
EMP-15194,CRS-102,Python for Data Engineering,Tech,2026-01-03,98,Completed,2500
EMP-15194,CRS-103,Power BI DAX Masterclass,Tech,2025-06-04,57,Failed,0
EMP-15194,CRS-103,Power BI DAX Masterclass,Tech,2025-06-18,89,Completed,2000
EMP-16749,CRS-101,Advanced SQL & Performance Tuning,Tech,2024-10-02,79,Completed,1500
EMP-11010,CRS-202,Cross-Cultural Business Communication,Soft Skills,2025-02-28,95,Completed,800
EMP-12921,CRS-202,Cross-Cultural Business Communication,Soft Skills,2025-08-01,79,Completed,800
EMP-12921,CRS-201,Agile Project Management,Leadership,2024-03-17,70,Completed,1200
EMP-12921,CRS-201,Agile Project Management,Leadership,2024-05-02,76,Completed,1200
EMP-10302,CRS-202,Cross-Cultural Business Communication,Soft Skills,2023-08-12,72,Completed,800
EMP-10302,CRS-202,Cross-Cultural Business Communication,Soft Skills,2023-09-21,98,Completed,800
EMP-10302,CRS-101,Advanced SQL & Performance Tuning,Tech,2023-07-16,93,Completed,1500
EMP-15144,CRS-302,Modern Data Stack Architecture,Tech,2025-11-17,86,Completed,4000
EMP-14840,CRS-102,Python for Data Engineering,Tech,2024-07-29,62,Failed,0
EMP-14840,CRS-102,Python for Data Engineering,Tech,2024-08-27,92,Completed,2500
EMP-14840,CRS-101,Advanced SQL & Performance Tuning,Tech,2025-12-07,83,Completed,1500
EMP-10632,CRS-202,Cross-Cultural Business Communication,Soft Skills,2024-12-22,86,Completed,800
EMP-14209,CRS-201,Agile Project Management,Leadership,2026-05-05,81,Completed,1200
EMP-12916,CRS-201,Agile Project Management,Leadership,2025-03-30,87,Completed,1200
EMP-12916,CRS-103,Power BI DAX Masterclass,Tech,2025-02-17,75,Completed,2000
EMP-15096,CRS-102,Python for Data Engineering,Tech,2025-09-26,55,Failed,0
EMP-15096,CRS-102,Python for Data Engineering,Tech,2025-11-19,92,Completed,2500
EMP-12597,CRS-301,Cloud Security & Compliance,Compliance,2024-08-17,74,Completed,3000
EMP-12597,CRS-301,Cloud Security & Compliance,Compliance,2024-09-29,81,Completed,3000
EMP-14718,CRS-103,Power BI DAX Masterclass,Tech,2023-02-06,86,Completed,2000
EMP-13030,CRS-302,Modern Data Stack Architecture,Tech,2025-12-28,71,Completed,4000
EMP-13030,CRS-302,Modern Data Stack Architecture,Tech,2026-02-18,89,Completed,4000
EMP-13030,CRS-101,Advanced SQL & Performance Tuning,Tech,2025-12-01,88,Completed,1500
EMP-11596,CRS-101,Advanced SQL & Performance Tuning,Tech,2024-06-06,79,Completed,1500
EMP-11596,CRS-301,Cloud Security & Compliance,Compliance,2024-02-23,84,Completed,3000
EMP-15793,CRS-201,Agile Project Management,Leadership,2024-06-23,71,Completed,1200
EMP-15793,CRS-201,Agile Project Management,Leadership,2024-07-31,91,Completed,1200
EMP-15318,CRS-201,Agile Project Management,Leadership,2025-02-02,97,Completed,1200
EMP-15318,CRS-302,Modern Data Stack Architecture,Tech,2025-10-03,72,Completed,4000
EMP-15318,CRS-302,Modern Data Stack Architecture,Tech,2025-11-08,88,Completed,4000
EMP-15005,CRS-301,Cloud Security & Compliance,Compliance,2026-05-29,96,Completed,3000
EMP-14447,CRS-102,Python for Data Engineering,Tech,2025-06-17,88,Completed,2500
EMP-14447,CRS-101,Advanced SQL & Performance Tuning,Tech,2023-02-03,74,Completed,1500
EMP-14447,CRS-101,Advanced SQL & Performance Tuning,Tech,2023-03-11,88,Completed,1500
EMP-14447,CRS-202,Cross-Cultural Business Communication,Soft Skills,2024-11-09,77,Completed,800
EMP-14447,CRS-301,Cloud Security & Compliance,Compliance,2025-09-03,95,Completed,3000
EMP-16026,CRS-101,Advanced SQL & Performance Tuning,Tech,2025-10-11,67,Failed,0
EMP-16026,CRS-101,Advanced SQL & Performance Tuning,Tech,2025-11-04,88,Completed,1500
EMP-16026,CRS-201,Agile Project Management,Leadership,2023-08-09,79,Completed,1200
EMP-15538,CRS-101,Advanced SQL & Performance Tuning,Tech,2023-10-22,58,Failed,0
EMP-15538,CRS-101,Advanced SQL & Performance Tuning,Tech,2023-11-28,84,Completed,1500
EMP-15538,CRS-302,Modern Data Stack Architecture,Tech,2024-11-21,70,Completed,4000
EMP-15538,CRS-302,Modern Data Stack Architecture,Tech,2024-12-26,84,Completed,4000
EMP-11263,CRS-101,Advanced SQL & Performance Tuning,Tech,2023-03-16,88,Completed,1500
EMP-11263,CRS-202,Cross-Cultural Business Communication,Soft Skills,2024-03-03,97,Completed,800
EMP-11822,CRS-102,Python for Data Engineering,Tech,2025-11-10,74,Completed,2500
EMP-11822,CRS-102,Python for Data Engineering,Tech,2025-11-30,87,Completed,2500
EMP-11822,CRS-202,Cross-Cultural Business Communication,Soft Skills,2024-03-15,76,Completed,800
EMP-14356,CRS-102,Python for Data Engineering,Tech,2024-03-26,51,Failed,0
EMP-14356,CRS-102,Python for Data Engineering,Tech,2024-04-14,84,Completed,2500
EMP-14356,CRS-202,Cross-Cultural Business Communication,Soft Skills,2024-04-02,75,Completed,800
EMP-14238,CRS-102,Python for Data Engineering,Tech,2025-10-04,73,Completed,2500
EMP-14238,CRS-102,Python for Data Engineering,Tech,2025-11-23,93,Completed,2500
EMP-14238,CRS-101,Advanced SQL & Performance Tuning,Tech,2025-04-25,78,Completed,1500
EMP-14915,CRS-202,Cross-Cultural Business Communication,Soft Skills,2025-10-13,56,Failed,0
EMP-14915,CRS-202,Cross-Cultural Business Communication,Soft Skills,2025-12-04,100,Completed,800
EMP-10419,CRS-102,Python for Data Engineering,Tech,2024-11-20,84,Completed,2500
EMP-16875,CRS-101,Advanced SQL & Performance Tuning,Tech,2023-12-06,54,Failed,0
EMP-16875,CRS-101,Advanced SQL & Performance Tuning,Tech,2024-01-03,84,Completed,1500
EMP-16875,CRS-302,Modern Data Stack Architecture,Tech,2023-03-21,82,Completed,4000
EMP-15054,CRS-302,Modern Data Stack Architecture,Tech,2023-07-29,55,Failed,0
EMP-15054,CRS-302,Modern Data Stack Architecture,Tech,2023-09-04,91,Completed,4000
EMP-16982,CRS-101,Advanced SQL & Performance Tuning,Tech,2023-07-29,97,Completed,1500
EMP-16982,CRS-103,Power BI DAX Masterclass,Tech,2025-11-04,50,Failed,0
EMP-16982,CRS-103,Power BI DAX Masterclass,Tech,2025-12-13,88,Completed,2000
EMP-15276,CRS-202,Cross-Cultural Business Communication,Soft Skills,2023-08-24,76,Completed,800
EMP-11839,CRS-202,Cross-Cultural Business Communication,Soft Skills,2024-08-24,85,Completed,800
EMP-16675,CRS-202,Cross-Cultural Business Communication,Soft Skills,2025-02-20,56,Failed,0
EMP-16675,CRS-202,Cross-Cultural Business Communication,Soft Skills,2025-03-14,90,Completed,800
EMP-12273,CRS-103,Power BI DAX Masterclass,Tech,2026-02-03,79,Completed,2000
EMP-12099,CRS-102,Python for Data Engineering,Tech,2024-06-15,74,Completed,2500
EMP-12099,CRS-102,Python for Data Engineering,Tech,2024-08-02,87,Completed,2500
EMP-16825,CRS-101,Advanced SQL & Performance Tuning,Tech,2024-05-15,77,Completed,1500
EMP-10424,CRS-101,Advanced SQL & Performance Tuning,Tech,2024-04-08,96,Completed,1500
EMP-10108,CRS-202,Cross-Cultural Business Communication,Soft Skills,2023-03-06,82,Completed,800
EMP-10368,CRS-302,Modern Data Stack Architecture,Tech,2024-06-23,89,Completed,4000
EMP-10368,CRS-101,Advanced SQL & Performance Tuning,Tech,2026-03-21,70,Completed,1500
EMP-10368,CRS-101,Advanced SQL & Performance Tuning,Tech,2026-04-05,83,Completed,1500
EMP-11450,CRS-302,Modern Data Stack Architecture,Tech,2023-07-09,88,Completed,4000
EMP-12271,CRS-101,Advanced SQL & Performance Tuning,Tech,2026-04-03,74,Completed,1500
EMP-12271,CRS-101,Advanced SQL & Performance Tuning,Tech,2026-05-11,96,Completed,1500
EMP-14132,CRS-102,Python for Data Engineering,Tech,2025-09-22,87,Completed,2500
EMP-14132,CRS-103,Power BI DAX Masterclass,Tech,2024-03-08,72,Completed,2000
EMP-14132,CRS-103,Power BI DAX Masterclass,Tech,2024-04-05,83,Completed,2000
EMP-16383,CRS-101,Advanced SQL & Performance Tuning,Tech,2024-02-10,52,Failed,0
EMP-16383,CRS-101,Advanced SQL & Performance Tuning,Tech,2024-03-30,95,Completed,1500
EMP-12450,CRS-101,Advanced SQL & Performance Tuning,Tech,2024-12-01,92,Completed,1500
EMP-13214,CRS-301,Cloud Security & Compliance,Compliance,2023-08-26,97,Completed,3000
EMP-11329,CRS-103,Power BI DAX Masterclass,Tech,2025-07-11,86,Completed,2000
EMP-14096,CRS-301,Cloud Security & Compliance,Compliance,2024-07-16,95,Completed,3000
EMP-16018,CRS-101,Advanced SQL & Performance Tuning,Tech,2024-08-29,84,Completed,1500
EMP-15313,CRS-102,Python for Data Engineering,Tech,2023-08-03,95,Completed,2500
EMP-14220,CRS-201,Agile Project Management,Leadership,2024-10-06,74,Completed,1200
EMP-14220,CRS-201,Agile Project Management,Leadership,2024-10-29,89,Completed,1200
EMP-14220,CRS-103,Power BI DAX Masterclass,Tech,2024-11-02,89,Completed,2000
EMP-16243,CRS-301,Cloud Security & Compliance,Compliance,2024-07-02,77,Completed,3000
EMP-16526,CRS-201,Agile Project Management,Leadership,2023-01-08,100,Completed,1200
EMP-16526,CRS-103,Power BI DAX Masterclass,Tech,2026-05-31,92,Completed,2000
EMP-16526,CRS-301,Cloud Security & Compliance,Compliance,2024-08-14,75,Completed,3000
EMP-16526,CRS-302,Modern Data Stack Architecture,Tech,2025-04-08,59,Failed,0
EMP-16526,CRS-302,Modern Data Stack Architecture,Tech,2025-05-16,75,Completed,4000
EMP-13192,CRS-201,Agile Project Management,Leadership,2025-07-12,77,Completed,1200
EMP-14860,CRS-202,Cross-Cultural Business Communication,Soft Skills,2024-12-13,99,Completed,800
EMP-14860,CRS-101,Advanced SQL & Performance Tuning,Tech,2024-05-09,91,Completed,1500
EMP-12969,CRS-202,Cross-Cultural Business Communication,Soft Skills,2026-05-19,90,Completed,800
EMP-13692,CRS-101,Advanced SQL & Performance Tuning,Tech,2023-12-06,77,Completed,1500
EMP-14629,CRS-103,Power BI DAX Masterclass,Tech,2023-02-13,78,Completed,2000
EMP-13708,CRS-201,Agile Project Management,Leadership,2026-02-23,94,Completed,1200
EMP-13708,CRS-302,Modern Data Stack Architecture,Tech,2026-04-10,88,Completed,4000
EMP-13708,CRS-202,Cross-Cultural Business Communication,Soft Skills,2024-05-31,72,Completed,800
EMP-13708,CRS-202,Cross-Cultural Business Communication,Soft Skills,2024-07-25,82,Completed,800
EMP-13708,CRS-103,Power BI DAX Masterclass,Tech,2025-04-10,70,Completed,2000
EMP-13708,CRS-103,Power BI DAX Masterclass,Tech,2025-05-23,100,Completed,2000
EMP-14007,CRS-302,Modern Data Stack Architecture,Tech,2023-05-28,85,Completed,4000
EMP-14790,CRS-102,Python for Data Engineering,Tech,2025-09-11,88,Completed,2500
EMP-14790,CRS-301,Cloud Security & Compliance,Compliance,2026-05-04,95,Completed,3000
EMP-12343,CRS-101,Advanced SQL & Performance Tuning,Tech,2023-08-15,52,Failed,0
EMP-12343,CRS-101,Advanced SQL & Performance Tuning,Tech,2023-10-13,99,Completed,1500
EMP-12343,CRS-201,Agile Project Management,Leadership,2025-05-16,71,Completed,1200
EMP-12343,CRS-201,Agile Project Management,Leadership,2025-05-31,80,Completed,1200
EMP-12343,CRS-202,Cross-Cultural Business Communication,Soft Skills,2023-07-10,79,Completed,800
EMP-12343,CRS-302,Modern Data Stack Architecture,Tech,2024-12-31,97,Completed,4000
EMP-12135,CRS-102,Python for Data Engineering,Tech,2024-04-20,91,Completed,2500
EMP-15093,CRS-202,Cross-Cultural Business Communication,Soft Skills,2025-04-13,81,Completed,800
EMP-12808,CRS-101,Advanced SQL & Performance Tuning,Tech,2025-09-10,96,Completed,1500
EMP-16704,CRS-102,Python for Data Engineering,Tech,2023-01-03,79,Completed,2500
EMP-14025,CRS-202,Cross-Cultural Business Communication,Soft Skills,2025-02-26,81,Completed,800
EMP-14025,CRS-102,Python for Data Engineering,Tech,2025-03-01,100,Completed,2500
EMP-16445,CRS-302,Modern Data Stack Architecture,Tech,2025-07-23,73,Completed,4000
EMP-16445,CRS-302,Modern Data Stack Architecture,Tech,2025-08-19,93,Completed,4000
EMP-11102,CRS-302,Modern Data Stack Architecture,Tech,2024-07-13,85,Completed,4000
EMP-11102,CRS-201,Agile Project Management,Leadership,2023-11-08,95,Completed,1200
EMP-11102,CRS-102,Python for Data Engineering,Tech,2026-02-21,97,Completed,2500
EMP-11234,CRS-301,Cloud Security & Compliance,Compliance,2023-11-11,91,Completed,3000
EMP-11234,CRS-102,Python for Data Engineering,Tech,2026-02-07,64,Failed,0
EMP-11234,CRS-102,Python for Data Engineering,Tech,2026-04-06,77,Completed,2500
EMP-11234,CRS-202,Cross-Cultural Business Communication,Soft Skills,2024-05-09,88,Completed,800
EMP-16971,CRS-302,Modern Data Stack Architecture,Tech,2025-09-13,82,Completed,4000
EMP-16552,CRS-101,Advanced SQL & Performance Tuning,Tech,2025-01-18,87,Completed,1500
EMP-15619,CRS-102,Python for Data Engineering,Tech,2024-10-16,64,Failed,0
EMP-15619,CRS-102,Python for Data Engineering,Tech,2024-12-14,78,Completed,2500
EMP-14151,CRS-103,Power BI DAX Masterclass,Tech,2023-02-20,92,Completed,2000
EMP-10685,CRS-102,Python for Data Engineering,Tech,2024-06-22,79,Completed,2500
EMP-10685,CRS-103,Power BI DAX Masterclass,Tech,2026-04-28,92,Completed,2000
EMP-11781,CRS-103,Power BI DAX Masterclass,Tech,2024-11-02,61,Failed,0
EMP-11781,CRS-103,Power BI DAX Masterclass,Tech,2024-11-30,94,Completed,2000
EMP-11131,CRS-103,Power BI DAX Masterclass,Tech,2023-09-28,92,Completed,2000
EMP-11131,CRS-301,Cloud Security & Compliance,Compliance,2023-07-22,82,Completed,3000
EMP-11725,CRS-102,Python for Data Engineering,Tech,2024-10-21,89,Completed,2500
EMP-11725,CRS-103,Power BI DAX Masterclass,Tech,2023-04-23,70,Completed,2000
EMP-11725,CRS-103,Power BI DAX Masterclass,Tech,2023-05-18,87,Completed,2000
EMP-14962,CRS-101,Advanced SQL & Performance Tuning,Tech,2023-04-24,96,Completed,1500
EMP-14962,CRS-302,Modern Data Stack Architecture,Tech,2023-06-01,72,Completed,4000
EMP-14962,CRS-302,Modern Data Stack Architecture,Tech,2023-07-14,81,Completed,4000
EMP-14962,CRS-301,Cloud Security & Compliance,Compliance,2026-02-24,95,Completed,3000
EMP-14962,CRS-202,Cross-Cultural Business Communication,Soft Skills,2025-11-19,74,Completed,800
EMP-14962,CRS-202,Cross-Cultural Business Communication,Soft Skills,2025-12-17,75,Completed,800
EMP-11984,CRS-301,Cloud Security & Compliance,Compliance,2026-02-12,74,Completed,3000
EMP-11984,CRS-301,Cloud Security & Compliance,Compliance,2026-03-10,91,Completed,3000
EMP-13206,CRS-301,Cloud Security & Compliance,Compliance,2023-04-15,97,Completed,3000
EMP-13206,CRS-201,Agile Project Management,Leadership,2023-09-19,91,Completed,1200
EMP-13206,CRS-202,Cross-Cultural Business Communication,Soft Skills,2023-05-31,78,Completed,800
EMP-10316,CRS-201,Agile Project Management,Leadership,2025-08-12,90,Completed,1200
EMP-10316,CRS-301,Cloud Security & Compliance,Compliance,2025-01-13,93,Completed,3000
EMP-11480,CRS-102,Python for Data Engineering,Tech,2025-12-22,74,Completed,2500
EMP-11480,CRS-102,Python for Data Engineering,Tech,2026-01-06,88,Completed,2500
EMP-11480,CRS-101,Advanced SQL & Performance Tuning,Tech,2024-03-12,86,Completed,1500
EMP-16767,CRS-103,Power BI DAX Masterclass,Tech,2023-09-06,65,Failed,0
EMP-16767,CRS-103,Power BI DAX Masterclass,Tech,2023-10-30,95,Completed,2000
EMP-14360,CRS-102,Python for Data Engineering,Tech,2025-04-26,58,Failed,0
EMP-14360,CRS-102,Python for Data Engineering,Tech,2025-06-19,88,Completed,2500
EMP-14360,CRS-101,Advanced SQL & Performance Tuning,Tech,2026-05-29,83,Completed,1500
EMP-14360,CRS-302,Modern Data Stack Architecture,Tech,2024-10-10,69,Failed,0
EMP-14360,CRS-302,Modern Data Stack Architecture,Tech,2024-11-22,88,Completed,4000
EMP-14360,CRS-202,Cross-Cultural Business Communication,Soft Skills,2024-07-14,96,Completed,800
EMP-11011,CRS-202,Cross-Cultural Business Communication,Soft Skills,2023-05-19,93,Completed,800
EMP-12953,CRS-103,Power BI DAX Masterclass,Tech,2023-10-14,74,Completed,2000
EMP-12953,CRS-103,Power BI DAX Masterclass,Tech,2023-12-07,100,Completed,2000
EMP-14699,CRS-201,Agile Project Management,Leadership,2023-07-28,82,Completed,1200
EMP-15142,CRS-202,Cross-Cultural Business Communication,Soft Skills,2024-06-16,97,Completed,800
EMP-12433,CRS-302,Modern Data Stack Architecture,Tech,2023-12-05,80,Completed,4000
EMP-16495,CRS-302,Modern Data Stack Architecture,Tech,2024-06-12,91,Completed,4000
EMP-16495,CRS-103,Power BI DAX Masterclass,Tech,2024-05-23,94,Completed,2000
EMP-14110,CRS-202,Cross-Cultural Business Communication,Soft Skills,2023-08-26,79,Completed,800
EMP-14110,CRS-101,Advanced SQL & Performance Tuning,Tech,2024-03-31,71,Completed,1500
EMP-14110,CRS-101,Advanced SQL & Performance Tuning,Tech,2024-04-15,94,Completed,1500
EMP-16974,CRS-101,Advanced SQL & Performance Tuning,Tech,2026-02-24,65,Failed,0
EMP-16974,CRS-101,Advanced SQL & Performance Tuning,Tech,2026-03-31,85,Completed,1500
EMP-16974,CRS-103,Power BI DAX Masterclass,Tech,2024-12-13,91,Completed,2000
EMP-10439,CRS-302,Modern Data Stack Architecture,Tech,2025-03-06,94,Completed,4000
EMP-10439,CRS-301,Cloud Security & Compliance,Compliance,2025-09-07,71,Completed,3000
EMP-10439,CRS-301,Cloud Security & Compliance,Compliance,2025-10-13,93,Completed,3000
EMP-14945,CRS-102,Python for Data Engineering,Tech,2023-02-02,100,Completed,2500
EMP-11248,CRS-102,Python for Data Engineering,Tech,2023-08-27,75,Completed,2500
EMP-10028,CRS-201,Agile Project Management,Leadership,2023-10-26,80,Completed,1200
EMP-10028,CRS-301,Cloud Security & Compliance,Compliance,2023-05-29,67,Failed,0
EMP-10028,CRS-301,Cloud Security & Compliance,Compliance,2023-07-21,85,Completed,3000
EMP-10028,CRS-101,Advanced SQL & Performance Tuning,Tech,2024-12-06,88,Completed,1500
EMP-10028,CRS-102,Python for Data Engineering,Tech,2025-09-29,94,Completed,2500
EMP-13887,CRS-302,Modern Data Stack Architecture,Tech,2026-03-15,89,Completed,4000
EMP-15903,CRS-302,Modern Data Stack Architecture,Tech,2023-05-19,100,Completed,4000
EMP-15903,CRS-202,Cross-Cultural Business Communication,Soft Skills,2023-10-27,93,Completed,800
EMP-15903,CRS-103,Power BI DAX Masterclass,Tech,2023-06-24,72,Completed,2000
EMP-15903,CRS-103,Power BI DAX Masterclass,Tech,2023-07-21,87,Completed,2000
EMP-15903,CRS-301,Cloud Security & Compliance,Compliance,2025-07-22,76,Completed,3000
EMP-11361,CRS-103,Power BI DAX Masterclass,Tech,2025-03-15,97,Completed,2000
EMP-13448,CRS-103,Power BI DAX Masterclass,Tech,2026-02-11,93,Completed,2000
EMP-14905,CRS-101,Advanced SQL & Performance Tuning,Tech,2023-01-30,71,Completed,1500
EMP-14905,CRS-101,Advanced SQL & Performance Tuning,Tech,2023-02-28,76,Completed,1500
EMP-14079,CRS-202,Cross-Cultural Business Communication,Soft Skills,2023-10-27,100,Completed,800
EMP-14079,CRS-301,Cloud Security & Compliance,Compliance,2024-06-01,74,Completed,3000
EMP-14079,CRS-301,Cloud Security & Compliance,Compliance,2024-06-29,80,Completed,3000
EMP-13294,CRS-101,Advanced SQL & Performance Tuning,Tech,2025-12-04,66,Failed,0
EMP-13294,CRS-101,Advanced SQL & Performance Tuning,Tech,2026-01-27,89,Completed,1500
EMP-13294,CRS-201,Agile Project Management,Leadership,2024-04-15,81,Completed,1200
EMP-16700,CRS-103,Power BI DAX Masterclass,Tech,2023-11-02,70,Completed,2000
EMP-16700,CRS-103,Power BI DAX Masterclass,Tech,2023-11-16,77,Completed,2000
EMP-11350,CRS-302,Modern Data Stack Architecture,Tech,2026-02-01,74,Completed,4000
EMP-11350,CRS-302,Modern Data Stack Architecture,Tech,2026-03-03,96,Completed,4000
EMP-11350,CRS-101,Advanced SQL & Performance Tuning,Tech,2023-05-23,91,Completed,1500
EMP-11804,CRS-301,Cloud Security & Compliance,Compliance,2025-05-30,90,Completed,3000
EMP-11372,CRS-202,Cross-Cultural Business Communication,Soft Skills,2024-11-01,61,Failed,0
EMP-11372,CRS-202,Cross-Cultural Business Communication,Soft Skills,2024-12-30,75,Completed,800
EMP-16955,CRS-103,Power BI DAX Masterclass,Tech,2023-06-15,51,Failed,0
EMP-16955,CRS-103,Power BI DAX Masterclass,Tech,2023-07-18,97,Completed,2000
EMP-13341,CRS-103,Power BI DAX Masterclass,Tech,2023-09-21,83,Completed,2000
EMP-13341,CRS-301,Cloud Security & Compliance,Compliance,2024-03-01,70,Completed,3000
EMP-13341,CRS-301,Cloud Security & Compliance,Compliance,2024-03-15,89,Completed,3000
EMP-13374,CRS-102,Python for Data Engineering,Tech,2024-10-21,74,Completed,2500
EMP-13374,CRS-102,Python for Data Engineering,Tech,2024-12-07,82,Completed,2500
EMP-16498,CRS-102,Python for Data Engineering,Tech,2024-07-10,98,Completed,2500
EMP-12667,CRS-201,Agile Project Management,Leadership,2024-11-08,56,Failed,0
EMP-12667,CRS-201,Agile Project Management,Leadership,2024-12-19,99,Completed,1200
EMP-12435,CRS-302,Modern Data Stack Architecture,Tech,2023-03-03,73,Completed,4000
EMP-12435,CRS-302,Modern Data Stack Architecture,Tech,2023-05-01,87,Completed,4000
EMP-12435,CRS-202,Cross-Cultural Business Communication,Soft Skills,2024-03-28,83,Completed,800
EMP-10558,CRS-202,Cross-Cultural Business Communication,Soft Skills,2026-02-17,93,Completed,800
EMP-10558,CRS-201,Agile Project Management,Leadership,2023-01-19,76,Completed,1200
EMP-11231,CRS-103,Power BI DAX Masterclass,Tech,2024-06-01,52,Failed,0
EMP-11231,CRS-103,Power BI DAX Masterclass,Tech,2024-06-21,88,Completed,2000
EMP-15017,CRS-202,Cross-Cultural Business Communication,Soft Skills,2025-08-08,70,Completed,800
EMP-15017,CRS-202,Cross-Cultural Business Communication,Soft Skills,2025-09-09,84,Completed,800
EMP-16117,CRS-103,Power BI DAX Masterclass,Tech,2023-02-26,80,Completed,2000
EMP-16117,CRS-202,Cross-Cultural Business Communication,Soft Skills,2023-07-14,83,Completed,800
EMP-14610,CRS-201,Agile Project Management,Leadership,2023-12-15,70,Completed,1200
EMP-14610,CRS-201,Agile Project Management,Leadership,2024-01-16,78,Completed,1200
EMP-14610,CRS-301,Cloud Security & Compliance,Compliance,2023-09-01,70,Completed,3000
EMP-14610,CRS-301,Cloud Security & Compliance,Compliance,2023-09-16,95,Completed,3000
EMP-12848,CRS-302,Modern Data Stack Architecture,Tech,2026-03-19,73,Completed,4000
EMP-12848,CRS-302,Modern Data Stack Architecture,Tech,2026-04-14,78,Completed,4000
EMP-12848,CRS-201,Agile Project Management,Leadership,2024-11-06,92,Completed,1200
EMP-15719,CRS-102,Python for Data Engineering,Tech,2023-11-30,91,Completed,2500
EMP-11963,CRS-101,Advanced SQL & Performance Tuning,Tech,2025-10-27,76,Completed,1500
EMP-11963,CRS-103,Power BI DAX Masterclass,Tech,2025-06-30,77,Completed,2000
EMP-15930,CRS-101,Advanced SQL & Performance Tuning,Tech,2024-09-18,82,Completed,1500
EMP-10728,CRS-302,Modern Data Stack Architecture,Tech,2024-02-11,69,Failed,0
EMP-10728,CRS-302,Modern Data Stack Architecture,Tech,2024-03-02,77,Completed,4000
EMP-15854,CRS-103,Power BI DAX Masterclass,Tech,2023-11-22,80,Completed,2000
EMP-16408,CRS-102,Python for Data Engineering,Tech,2025-08-06,92,Completed,2500
EMP-16961,CRS-201,Agile Project Management,Leadership,2024-03-28,84,Completed,1200
EMP-16961,CRS-101,Advanced SQL & Performance Tuning,Tech,2026-04-18,50,Failed,0
EMP-16961,CRS-101,Advanced SQL & Performance Tuning,Tech,2026-05-24,100,Completed,1500
EMP-11194,CRS-302,Modern Data Stack Architecture,Tech,2026-04-29,73,Completed,4000
EMP-11194,CRS-202,Cross-Cultural Business Communication,Soft Skills,2023-05-19,96,Completed,800
EMP-11194,CRS-101,Advanced SQL & Performance Tuning,Tech,2023-12-31,98,Completed,1500
EMP-14415,CRS-103,Power BI DAX Masterclass,Tech,2026-05-06,71,Completed,2000
EMP-14415,CRS-301,Cloud Security & Compliance,Compliance,2026-02-28,84,Completed,3000
EMP-14415,CRS-302,Modern Data Stack Architecture,Tech,2025-10-12,89,Completed,4000
EMP-14415,CRS-202,Cross-Cultural Business Communication,Soft Skills,2023-06-30,91,Completed,800
EMP-14801,CRS-202,Cross-Cultural Business Communication,Soft Skills,2026-01-27,70,Completed,800
EMP-14801,CRS-202,Cross-Cultural Business Communication,Soft Skills,2026-03-03,89,Completed,800
EMP-12593,CRS-102,Python for Data Engineering,Tech,2025-06-24,80,Completed,2500
EMP-16086,CRS-101,Advanced SQL & Performance Tuning,Tech,2023-01-02,88,Completed,1500
EMP-16086,CRS-201,Agile Project Management,Leadership,2024-12-31,88,Completed,1200
EMP-12359,CRS-302,Modern Data Stack Architecture,Tech,2023-12-10,73,Completed,4000
EMP-12359,CRS-302,Modern Data Stack Architecture,Tech,2024-01-05,87,Completed,4000
EMP-12359,CRS-101,Advanced SQL & Performance Tuning,Tech,2025-12-04,94,Completed,1500
EMP-12359,CRS-103,Power BI DAX Masterclass,Tech,2023-01-16,76,Completed,2000
EMP-13203,CRS-301,Cloud Security & Compliance,Compliance,2023-05-25,91,Completed,3000
EMP-10993,CRS-202,Cross-Cultural Business Communication,Soft Skills,2024-04-10,91,Completed,800
EMP-10993,CRS-302,Modern Data Stack Architecture,Tech,2025-10-12,82,Completed,4000
EMP-11335,CRS-301,Cloud Security & Compliance,Compliance,2026-03-17,94,Completed,3000
EMP-11335,CRS-102,Python for Data Engineering,Tech,2026-03-28,74,Completed,2500
EMP-11335,CRS-102,Python for Data Engineering,Tech,2026-05-21,85,Completed,2500
EMP-11541,CRS-101,Advanced SQL & Performance Tuning,Tech,2024-03-08,91,Completed,1500
EMP-11541,CRS-102,Python for Data Engineering,Tech,2026-01-12,91,Completed,2500
EMP-16678,CRS-202,Cross-Cultural Business Communication,Soft Skills,2025-11-14,86,Completed,800
EMP-16678,CRS-103,Power BI DAX Masterclass,Tech,2026-01-23,94,Completed,2000
EMP-16678,CRS-302,Modern Data Stack Architecture,Tech,2026-03-24,82,Completed,4000
EMP-14285,CRS-202,Cross-Cultural Business Communication,Soft Skills,2023-01-18,85,Completed,800
EMP-13219,CRS-202,Cross-Cultural Business Communication,Soft Skills,2024-08-31,80,Completed,800
EMP-13219,CRS-302,Modern Data Stack Architecture,Tech,2024-06-01,59,Failed,0
EMP-13219,CRS-302,Modern Data Stack Architecture,Tech,2024-06-17,89,Completed,4000
EMP-11610,CRS-302,Modern Data Stack Architecture,Tech,2023-12-15,74,Completed,4000
EMP-11610,CRS-302,Modern Data Stack Architecture,Tech,2024-01-19,84,Completed,4000
EMP-11496,CRS-103,Power BI DAX Masterclass,Tech,2024-12-27,73,Completed,2000
EMP-11496,CRS-103,Power BI DAX Masterclass,Tech,2025-01-11,100,Completed,2000
EMP-11496,CRS-201,Agile Project Management,Leadership,2024-06-14,80,Completed,1200
EMP-15156,CRS-102,Python for Data Engineering,Tech,2024-11-05,68,Failed,0
EMP-15156,CRS-102,Python for Data Engineering,Tech,2024-12-27,97,Completed,2500
EMP-15156,CRS-202,Cross-Cultural Business Communication,Soft Skills,2026-03-18,81,Completed,800
EMP-15156,CRS-301,Cloud Security & Compliance,Compliance,2024-10-05,86,Completed,3000
EMP-14230,CRS-201,Agile Project Management,Leadership,2026-02-04,82,Completed,1200
EMP-14230,CRS-103,Power BI DAX Masterclass,Tech,2024-09-25,79,Completed,2000
EMP-14230,CRS-302,Modern Data Stack Architecture,Tech,2025-09-28,71,Completed,4000
EMP-14230,CRS-302,Modern Data Stack Architecture,Tech,2025-11-22,96,Completed,4000
EMP-12310,CRS-301,Cloud Security & Compliance,Compliance,2025-08-12,100,Completed,3000
EMP-10819,CRS-301,Cloud Security & Compliance,Compliance,2024-10-09,90,Completed,3000
EMP-10819,CRS-302,Modern Data Stack Architecture,Tech,2025-10-04,87,Completed,4000
EMP-10819,CRS-102,Python for Data Engineering,Tech,2026-04-10,74,Completed,2500
EMP-12426,CRS-103,Power BI DAX Masterclass,Tech,2023-01-28,98,Completed,2000
EMP-12426,CRS-302,Modern Data Stack Architecture,Tech,2026-04-06,89,Completed,4000
EMP-15016,CRS-103,Power BI DAX Masterclass,Tech,2024-04-04,94,Completed,2000
EMP-15016,CRS-301,Cloud Security & Compliance,Compliance,2023-10-11,80,Completed,3000
EMP-15016,CRS-101,Advanced SQL & Performance Tuning,Tech,2025-07-28,80,Completed,1500
EMP-15016,CRS-102,Python for Data Engineering,Tech,2024-11-08,79,Completed,2500
EMP-10737,CRS-202,Cross-Cultural Business Communication,Soft Skills,2023-04-20,74,Completed,800
EMP-10737,CRS-202,Cross-Cultural Business Communication,Soft Skills,2023-05-19,83,Completed,800
EMP-15298,CRS-101,Advanced SQL & Performance Tuning,Tech,2024-08-21,95,Completed,1500
EMP-14116,CRS-202,Cross-Cultural Business Communication,Soft Skills,2024-10-04,81,Completed,800
EMP-14116,CRS-102,Python for Data Engineering,Tech,2023-03-27,54,Failed,0
EMP-14116,CRS-102,Python for Data Engineering,Tech,2023-04-17,90,Completed,2500
EMP-14116,CRS-103,Power BI DAX Masterclass,Tech,2024-05-30,76,Completed,2000
EMP-16996,CRS-302,Modern Data Stack Architecture,Tech,2025-01-08,78,Completed,4000
EMP-10111,CRS-101,Advanced SQL & Performance Tuning,Tech,2023-08-09,88,Completed,1500
EMP-10111,CRS-102,Python for Data Engineering,Tech,2026-05-07,100,Completed,2500
EMP-13904,CRS-301,Cloud Security & Compliance,Compliance,2023-01-30,63,Failed,0
EMP-13904,CRS-301,Cloud Security & Compliance,Compliance,2023-03-10,78,Completed,3000
EMP-12979,CRS-102,Python for Data Engineering,Tech,2024-04-30,81,Completed,2500
EMP-12979,CRS-302,Modern Data Stack Architecture,Tech,2024-08-03,87,Completed,4000
EMP-12979,CRS-202,Cross-Cultural Business Communication,Soft Skills,2024-05-23,99,Completed,800
EMP-11891,CRS-302,Modern Data Stack Architecture,Tech,2024-11-27,68,Failed,0
EMP-11891,CRS-302,Modern Data Stack Architecture,Tech,2025-01-06,81,Completed,4000
EMP-14067,CRS-201,Agile Project Management,Leadership,2025-10-20,85,Completed,1200
EMP-14067,CRS-101,Advanced SQL & Performance Tuning,Tech,2026-05-25,99,Completed,1500
EMP-15241,CRS-102,Python for Data Engineering,Tech,2025-09-26,97,Completed,2500
EMP-10859,CRS-202,Cross-Cultural Business Communication,Soft Skills,2024-06-22,63,Failed,0
EMP-10859,CRS-202,Cross-Cultural Business Communication,Soft Skills,2024-07-17,97,Completed,800
EMP-10859,CRS-101,Advanced SQL & Performance Tuning,Tech,2024-05-15,88,Completed,1500
EMP-14515,CRS-302,Modern Data Stack Architecture,Tech,2025-05-18,70,Completed,4000
EMP-14515,CRS-302,Modern Data Stack Architecture,Tech,2025-07-14,80,Completed,4000
EMP-14515,CRS-102,Python for Data Engineering,Tech,2023-11-03,88,Completed,2500
EMP-13268,CRS-301,Cloud Security & Compliance,Compliance,2023-08-02,94,Completed,3000
EMP-13268,CRS-101,Advanced SQL & Performance Tuning,Tech,2025-06-03,70,Completed,1500
EMP-13268,CRS-101,Advanced SQL & Performance Tuning,Tech,2025-06-21,85,Completed,1500
EMP-13268,CRS-201,Agile Project Management,Leadership,2023-08-09,55,Failed,0
EMP-13268,CRS-201,Agile Project Management,Leadership,2023-09-29,81,Completed,1200
EMP-16283,CRS-202,Cross-Cultural Business Communication,Soft Skills,2023-03-09,83,Completed,800
EMP-14705,CRS-101,Advanced SQL & Performance Tuning,Tech,2023-06-01,90,Completed,1500
EMP-14705,CRS-201,Agile Project Management,Leadership,2024-05-01,88,Completed,1200
EMP-14705,CRS-102,Python for Data Engineering,Tech,2023-05-29,75,Completed,2500
EMP-14521,CRS-301,Cloud Security & Compliance,Compliance,2023-10-28,70,Completed,3000
EMP-14521,CRS-301,Cloud Security & Compliance,Compliance,2023-11-25,75,Completed,3000
EMP-10284,CRS-102,Python for Data Engineering,Tech,2023-12-21,71,Completed,2500
EMP-10284,CRS-102,Python for Data Engineering,Tech,2024-02-08,79,Completed,2500
EMP-14770,CRS-202,Cross-Cultural Business Communication,Soft Skills,2025-06-29,75,Completed,800
EMP-14770,CRS-102,Python for Data Engineering,Tech,2023-04-21,79,Completed,2500
EMP-14770,CRS-201,Agile Project Management,Leadership,2024-10-25,93,Completed,1200
EMP-13473,CRS-302,Modern Data Stack Architecture,Tech,2023-10-25,82,Completed,4000
EMP-13473,CRS-102,Python for Data Engineering,Tech,2023-11-22,96,Completed,2500
EMP-13473,CRS-202,Cross-Cultural Business Communication,Soft Skills,2023-02-22,75,Completed,800
EMP-13260,CRS-101,Advanced SQL & Performance Tuning,Tech,2024-06-13,92,Completed,1500
EMP-13260,CRS-103,Power BI DAX Masterclass,Tech,2025-10-27,68,Failed,0
EMP-13260,CRS-103,Power BI DAX Masterclass,Tech,2025-11-27,90,Completed,2000
EMP-15703,CRS-302,Modern Data Stack Architecture,Tech,2026-03-08,96,Completed,4000
EMP-14243,CRS-201,Agile Project Management,Leadership,2024-06-27,74,Completed,1200
EMP-14243,CRS-201,Agile Project Management,Leadership,2024-07-27,85,Completed,1200
EMP-12757,CRS-201,Agile Project Management,Leadership,2024-03-21,87,Completed,1200
EMP-12046,CRS-201,Agile Project Management,Leadership,2026-01-26,67,Failed,0
EMP-12046,CRS-201,Agile Project Management,Leadership,2026-02-09,100,Completed,1200
EMP-15308,CRS-202,Cross-Cultural Business Communication,Soft Skills,2025-05-03,85,Completed,800
EMP-15308,CRS-103,Power BI DAX Masterclass,Tech,2023-04-19,63,Failed,0
EMP-15308,CRS-103,Power BI DAX Masterclass,Tech,2023-06-11,91,Completed,2000
EMP-15696,CRS-201,Agile Project Management,Leadership,2026-01-22,74,Completed,1200
EMP-15696,CRS-201,Agile Project Management,Leadership,2026-02-08,100,Completed,1200
EMP-15696,CRS-102,Python for Data Engineering,Tech,2026-05-11,86,Completed,2500
EMP-14568,CRS-201,Agile Project Management,Leadership,2023-05-26,62,Failed,0
EMP-14568,CRS-201,Agile Project Management,Leadership,2023-06-10,75,Completed,1200
EMP-16123,CRS-302,Modern Data Stack Architecture,Tech,2025-10-06,90,Completed,4000
EMP-14846,CRS-103,Power BI DAX Masterclass,Tech,2025-03-03,87,Completed,2000
EMP-12698,CRS-101,Advanced SQL & Performance Tuning,Tech,2025-04-02,79,Completed,1500
EMP-12698,CRS-301,Cloud Security & Compliance,Compliance,2026-03-28,61,Failed,0
EMP-12698,CRS-301,Cloud Security & Compliance,Compliance,2026-05-10,93,Completed,3000
EMP-14666,CRS-101,Advanced SQL & Performance Tuning,Tech,2024-06-21,87,Completed,1500
EMP-14666,CRS-102,Python for Data Engineering,Tech,2024-05-02,91,Completed,2500
EMP-12930,CRS-201,Agile Project Management,Leadership,2023-02-06,88,Completed,1200
EMP-16189,CRS-202,Cross-Cultural Business Communication,Soft Skills,2025-12-05,70,Completed,800
EMP-16189,CRS-202,Cross-Cultural Business Communication,Soft Skills,2025-12-26,90,Completed,800
EMP-16189,CRS-301,Cloud Security & Compliance,Compliance,2023-01-03,94,Completed,3000
EMP-16189,CRS-103,Power BI DAX Masterclass,Tech,2025-03-30,97,Completed,2000
EMP-16189,CRS-101,Advanced SQL & Performance Tuning,Tech,2025-01-21,71,Completed,1500
EMP-16189,CRS-101,Advanced SQL & Performance Tuning,Tech,2025-03-17,78,Completed,1500
EMP-14528,CRS-101,Advanced SQL & Performance Tuning,Tech,2024-08-07,79,Completed,1500
EMP-14528,CRS-201,Agile Project Management,Leadership,2025-05-19,88,Completed,1200
EMP-16822,CRS-201,Agile Project Management,Leadership,2025-07-16,90,Completed,1200
EMP-14912,CRS-301,Cloud Security & Compliance,Compliance,2023-04-20,60,Failed,0
EMP-14912,CRS-301,Cloud Security & Compliance,Compliance,2023-06-09,75,Completed,3000
EMP-14997,CRS-201,Agile Project Management,Leadership,2023-04-15,85,Completed,1200
EMP-14044,CRS-301,Cloud Security & Compliance,Compliance,2023-12-28,50,Failed,0
EMP-14044,CRS-301,Cloud Security & Compliance,Compliance,2024-02-02,96,Completed,3000
EMP-14546,CRS-201,Agile Project Management,Leadership,2023-12-01,92,Completed,1200
EMP-12385,CRS-101,Advanced SQL & Performance Tuning,Tech,2023-01-25,89,Completed,1500
EMP-11642,CRS-202,Cross-Cultural Business Communication,Soft Skills,2026-05-20,78,Completed,800
EMP-15912,CRS-301,Cloud Security & Compliance,Compliance,2024-11-14,97,Completed,3000
EMP-15912,CRS-302,Modern Data Stack Architecture,Tech,2024-10-20,97,Completed,4000
EMP-15874,CRS-103,Power BI DAX Masterclass,Tech,2024-06-05,81,Completed,2000
EMP-15037,CRS-301,Cloud Security & Compliance,Compliance,2024-06-12,71,Completed,3000
EMP-15037,CRS-301,Cloud Security & Compliance,Compliance,2024-07-21,84,Completed,3000
EMP-15037,CRS-202,Cross-Cultural Business Communication,Soft Skills,2023-08-20,94,Completed,800
EMP-16518,CRS-101,Advanced SQL & Performance Tuning,Tech,2025-01-20,98,Completed,1500
EMP-13563,CRS-201,Agile Project Management,Leadership,2024-04-15,95,Completed,1200
EMP-14112,CRS-301,Cloud Security & Compliance,Compliance,2026-05-30,82,Completed,3000
EMP-14112,CRS-202,Cross-Cultural Business Communication,Soft Skills,2025-02-10,96,Completed,800
EMP-11714,CRS-302,Modern Data Stack Architecture,Tech,2023-07-01,79,Completed,4000
EMP-12227,CRS-103,Power BI DAX Masterclass,Tech,2025-12-02,89,Completed,2000
EMP-10151,CRS-101,Advanced SQL & Performance Tuning,Tech,2024-07-12,68,Failed,0
EMP-10151,CRS-101,Advanced SQL & Performance Tuning,Tech,2024-07-29,81,Completed,1500
EMP-10151,CRS-103,Power BI DAX Masterclass,Tech,2024-11-22,82,Completed,2000
EMP-13239,CRS-301,Cloud Security & Compliance,Compliance,2025-06-28,78,Completed,3000
EMP-13239,CRS-103,Power BI DAX Masterclass,Tech,2026-03-02,88,Completed,2000
EMP-11473,CRS-103,Power BI DAX Masterclass,Tech,2025-02-04,57,Failed,0
EMP-11473,CRS-103,Power BI DAX Masterclass,Tech,2025-03-18,98,Completed,2000
EMP-12874,CRS-101,Advanced SQL & Performance Tuning,Tech,2023-07-05,99,Completed,1500
EMP-12874,CRS-302,Modern Data Stack Architecture,Tech,2025-01-31,100,Completed,4000
EMP-13668,CRS-201,Agile Project Management,Leadership,2025-11-13,87,Completed,1200
EMP-16089,CRS-202,Cross-Cultural Business Communication,Soft Skills,2023-12-06,77,Completed,800
EMP-16089,CRS-102,Python for Data Engineering,Tech,2026-03-27,73,Completed,2500
EMP-16089,CRS-102,Python for Data Engineering,Tech,2026-04-23,76,Completed,2500
EMP-14259,CRS-201,Agile Project Management,Leadership,2024-07-17,70,Completed,1200
EMP-14259,CRS-201,Agile Project Management,Leadership,2024-08-02,79,Completed,1200
EMP-14259,CRS-301,Cloud Security & Compliance,Compliance,2023-10-30,78,Completed,3000
EMP-14259,CRS-102,Python for Data Engineering,Tech,2025-10-11,70,Completed,2500
EMP-14259,CRS-102,Python for Data Engineering,Tech,2025-11-15,84,Completed,2500
EMP-13999,CRS-102,Python for Data Engineering,Tech,2025-11-24,99,Completed,2500
EMP-13999,CRS-202,Cross-Cultural Business Communication,Soft Skills,2023-07-28,74,Completed,800
EMP-13999,CRS-202,Cross-Cultural Business Communication,Soft Skills,2023-08-29,90,Completed,800
EMP-12614,CRS-103,Power BI DAX Masterclass,Tech,2025-07-04,59,Failed,0
EMP-12614,CRS-103,Power BI DAX Masterclass,Tech,2025-07-29,93,Completed,2000
EMP-12614,CRS-202,Cross-Cultural Business Communication,Soft Skills,2024-05-22,64,Failed,0
EMP-12614,CRS-202,Cross-Cultural Business Communication,Soft Skills,2024-07-21,92,Completed,800
EMP-12614,CRS-301,Cloud Security & Compliance,Compliance,2024-05-31,95,Completed,3000
EMP-12614,CRS-302,Modern Data Stack Architecture,Tech,2023-06-15,58,Failed,0
EMP-12614,CRS-302,Modern Data Stack Architecture,Tech,2023-07-10,90,Completed,4000
EMP-14661,CRS-101,Advanced SQL & Performance Tuning,Tech,2024-07-09,61,Failed,0
EMP-14661,CRS-101,Advanced SQL & Performance Tuning,Tech,2024-08-03,88,Completed,1500
EMP-14137,CRS-302,Modern Data Stack Architecture,Tech,2025-05-26,99,Completed,4000
EMP-10448,CRS-201,Agile Project Management,Leadership,2026-01-14,84,Completed,1200
EMP-10448,CRS-202,Cross-Cultural Business Communication,Soft Skills,2024-11-08,78,Completed,800
EMP-15148,CRS-201,Agile Project Management,Leadership,2024-08-26,77,Completed,1200
EMP-11017,CRS-202,Cross-Cultural Business Communication,Soft Skills,2023-10-06,92,Completed,800
EMP-12694,CRS-101,Advanced SQL & Performance Tuning,Tech,2024-11-03,83,Completed,1500
EMP-12723,CRS-301,Cloud Security & Compliance,Compliance,2023-05-12,76,Completed,3000
EMP-11455,CRS-202,Cross-Cultural Business Communication,Soft Skills,2023-08-16,96,Completed,800
EMP-11455,CRS-302,Modern Data Stack Architecture,Tech,2025-12-17,95,Completed,4000
EMP-11455,CRS-101,Advanced SQL & Performance Tuning,Tech,2026-05-22,83,Completed,1500
EMP-10682,CRS-201,Agile Project Management,Leadership,2023-05-24,83,Completed,1200
EMP-10682,CRS-101,Advanced SQL & Performance Tuning,Tech,2025-04-03,54,Failed,0
EMP-10682,CRS-101,Advanced SQL & Performance Tuning,Tech,2025-05-02,76,Completed,1500
EMP-14439,CRS-302,Modern Data Stack Architecture,Tech,2024-11-17,78,Completed,4000
EMP-14439,CRS-201,Agile Project Management,Leadership,2024-10-09,73,Completed,1200
EMP-14439,CRS-201,Agile Project Management,Leadership,2024-10-31,97,Completed,1200
EMP-14439,CRS-101,Advanced SQL & Performance Tuning,Tech,2023-09-25,90,Completed,1500
EMP-14439,CRS-301,Cloud Security & Compliance,Compliance,2024-05-09,71,Completed,3000
EMP-14439,CRS-301,Cloud Security & Compliance,Compliance,2024-06-20,96,Completed,3000
EMP-12510,CRS-301,Cloud Security & Compliance,Compliance,2025-10-04,87,Completed,3000
EMP-10182,CRS-103,Power BI DAX Masterclass,Tech,2025-07-24,83,Completed,2000
EMP-10182,CRS-302,Modern Data Stack Architecture,Tech,2023-05-09,74,Completed,4000
EMP-10182,CRS-302,Modern Data Stack Architecture,Tech,2023-06-05,92,Completed,4000
EMP-12307,CRS-201,Agile Project Management,Leadership,2024-01-16,98,Completed,1200
EMP-12307,CRS-202,Cross-Cultural Business Communication,Soft Skills,2023-04-08,62,Failed,0
EMP-12307,CRS-202,Cross-Cultural Business Communication,Soft Skills,2023-06-05,84,Completed,800
EMP-12643,CRS-302,Modern Data Stack Architecture,Tech,2025-11-11,86,Completed,4000
EMP-16438,CRS-201,Agile Project Management,Leadership,2024-10-29,72,Completed,1200
EMP-16438,CRS-201,Agile Project Management,Leadership,2024-11-13,80,Completed,1200
EMP-12650,CRS-202,Cross-Cultural Business Communication,Soft Skills,2025-12-05,55,Failed,0
EMP-12650,CRS-202,Cross-Cultural Business Communication,Soft Skills,2025-12-29,96,Completed,800
EMP-12650,CRS-301,Cloud Security & Compliance,Compliance,2025-12-07,82,Completed,3000
EMP-11637,CRS-103,Power BI DAX Masterclass,Tech,2024-07-12,88,Completed,2000
EMP-13083,CRS-302,Modern Data Stack Architecture,Tech,2023-12-26,86,Completed,4000
EMP-13083,CRS-103,Power BI DAX Masterclass,Tech,2025-12-26,84,Completed,2000
EMP-11359,CRS-101,Advanced SQL & Performance Tuning,Tech,2024-05-11,91,Completed,1500
EMP-15100,CRS-302,Modern Data Stack Architecture,Tech,2026-01-11,97,Completed,4000
EMP-15100,CRS-202,Cross-Cultural Business Communication,Soft Skills,2023-07-06,76,Completed,800
EMP-13980,CRS-102,Python for Data Engineering,Tech,2025-12-07,63,Failed,0
EMP-13980,CRS-102,Python for Data Engineering,Tech,2026-01-18,98,Completed,2500
EMP-13980,CRS-201,Agile Project Management,Leadership,2025-09-11,67,Failed,0
EMP-13980,CRS-201,Agile Project Management,Leadership,2025-10-29,97,Completed,1200
EMP-13980,CRS-301,Cloud Security & Compliance,Compliance,2024-11-23,55,Failed,0
EMP-13980,CRS-301,Cloud Security & Compliance,Compliance,2025-01-05,98,Completed,3000
EMP-10434,CRS-101,Advanced SQL & Performance Tuning,Tech,2024-05-13,70,Completed,1500
EMP-10434,CRS-101,Advanced SQL & Performance Tuning,Tech,2024-06-26,89,Completed,1500
EMP-15406,CRS-302,Modern Data Stack Architecture,Tech,2025-06-15,100,Completed,4000
EMP-15406,CRS-103,Power BI DAX Masterclass,Tech,2025-04-12,91,Completed,2000
EMP-10404,CRS-103,Power BI DAX Masterclass,Tech,2025-01-24,77,Completed,2000
EMP-10404,CRS-301,Cloud Security & Compliance,Compliance,2025-05-20,76,Completed,3000
EMP-10404,CRS-302,Modern Data Stack Architecture,Tech,2023-09-22,85,Completed,4000
EMP-11060,CRS-101,Advanced SQL & Performance Tuning,Tech,2024-11-08,80,Completed,1500
EMP-11060,CRS-103,Power BI DAX Masterclass,Tech,2026-04-11,65,Failed,0
EMP-11060,CRS-103,Power BI DAX Masterclass,Tech,2026-05-03,99,Completed,2000
EMP-10910,CRS-301,Cloud Security & Compliance,Compliance,2023-09-17,87,Completed,3000
EMP-15645,CRS-201,Agile Project Management,Leadership,2023-12-01,71,Completed,1200
EMP-15645,CRS-201,Agile Project Management,Leadership,2023-12-24,85,Completed,1200
EMP-15645,CRS-101,Advanced SQL & Performance Tuning,Tech,2024-12-01,79,Completed,1500
EMP-15645,CRS-103,Power BI DAX Masterclass,Tech,2025-12-03,93,Completed,2000
EMP-16746,CRS-202,Cross-Cultural Business Communication,Soft Skills,2025-07-27,51,Failed,0
EMP-16746,CRS-202,Cross-Cultural Business Communication,Soft Skills,2025-09-05,90,Completed,800
EMP-16746,CRS-201,Agile Project Management,Leadership,2026-02-16,97,Completed,1200
EMP-12125,CRS-202,Cross-Cultural Business Communication,Soft Skills,2025-05-12,82,Completed,800
EMP-15023,CRS-202,Cross-Cultural Business Communication,Soft Skills,2025-03-11,82,Completed,800
EMP-14680,CRS-103,Power BI DAX Masterclass,Tech,2025-11-20,93,Completed,2000
EMP-16031,CRS-102,Python for Data Engineering,Tech,2024-02-29,92,Completed,2500
